scenario_id,scarcity_level,size_class,n_emergencies,n_warehouses,n_ground_truth_critical,solver_status,solver_message,is_proven_optimum,objective_value,best_bound,mip_gap,mip_node_count,critical_required,critical_fulfilled,critical_unmet,cdc,analytical_optimum,matches_analytical_optimum,max_integrality_deviation,total_required,total_fulfilled_solver_dependent,tdc_solver_dependent,number_variables,number_constraints,model_build_time_seconds,solver_time_seconds,total_milp_time_seconds
DEV-0001,HIGH,SMALL,6,3,2,0,Optimization terminated successfully. (HiGHS Status 7: Optimal),True,1922.0,1922.0,0.0,1,1945,1922,23,0.9881748071979435,1922,True,0.0,4701,1922,0.40884918102531376,54,27,0.00015410000924021006,0.00678719999268651,0.00694130000192672
DEV-0002,HIGH,MEDIUM,8,2,6,0,Optimization terminated successfully. (HiGHS Status 7: Optimal),True,4584.0,4584.0,0.0,1,6943,4584,2359,0.6602333285323347,4584,True,0.0,8352,4584,0.5488505747126436,48,30,0.00015020000864751637,0.003937500005122274,0.0040877000137697905
DEV-0003,MODERATE,MEDIUM,8,3,1,0,Optimization terminated successfully. (HiGHS Status 7: Optimal),True,338.0,338.0,0.0,0,338,338,0,1.0,338,True,0.0,5000,338,0.0676,72,33,0.00017599997227080166,0.0007920000061858445,0.0009679999784566462
DEV-0004,HIGH,SMALL,5,2,1,0,Optimization terminated successfully. (HiGHS Status 7: Optimal),True,684.0,684.0,0.0,0,684,684,0,1.0,684,True,0.0,4748,684,0.14406065711878685,30,21,0.00013390000094659626,0.0006735000060871243,0.0008074000070337206
DEV-0005,HIGH,SMALL,5,5,1,0,Optimization terminated successfully. (HiGHS Status 7: Optimal),True,266.0,266.0,0.0,0,266,266,0,1.0,266,True,0.0,2581,266,0.1030608291359938,75,30,0.00015770000754855573,0.0008134000236168504,0.0009711000311654061
DEV-0006,HIGH,LARGE,22,2,7,0,Optimization terminated successfully. (HiGHS Status 7: Optimal),True,5389.0,5389.0,0.0,1,5389,5389,0,1.0,5389,True,0.0,18076,5389,0.29813011728258465,132,72,0.00019869999960064888,0.005530700000235811,0.00572939999983646
DEV-0007,HIGH,MEDIUM,8,5,1,0,Optimization terminated successfully. (HiGHS Status 7: Optimal),True,1208.0,1208.0,0.0,0,1208,1208,0,1.0,1208,True,0.0,6485,1208,0.18627602158828066,120,39,0.00018629999249242246,0.0009024000028148293,0.0010886999953072518
DEV-0008,HIGH,LARGE,18,3,3,0,Optimization terminated successfully. (HiGHS Status 7: Optimal),True,1367.0,1367.0,0.0,0,1367,1367,0,1.0,1367,True,0.0,12958,1367,0.10549467510418274,162,63,0.00021129997912794352,0.0010409000096842647,0.0012521999888122082
DEV-0009,LOW,LARGE,25,2,1,0,Optimization terminated successfully. (HiGHS Status 7: Optimal),True,1384.0,1384.0,0.0,0,1384,1384,0,1.0,1384,True,0.0,20215,1384,0.068464011872372,150,81,0.00021169998217374086,0.0009787000017240644,0.0011903999838978052
DEV-0010,MODERATE,LARGE,27,5,2,0,Optimization terminated successfully. (HiGHS Status 7: Optimal),True,3881.0,3881.0,0.0,1,3881,3881,0,1.0,3881,True,0.0,17409,3881,0.22293066804526396,405,96,0.0003434999962337315,0.006476499984273687,0.0068199999805074185
DEV-0011,HIGH,SMALL,6,2,1,0,Optimization terminated successfully. (HiGHS Status 7: Optimal),True,627.0,627.0,0.0,0,627,627,0,1.0,627,True,0.0,4353,627,0.14403859407305306,36,24,0.00014290001126937568,0.0007124999829102308,0.0008553999941796064
DEV-0012,MODERATE,MEDIUM,8,5,1,0,Optimization terminated successfully. (HiGHS Status 7: Optimal),True,271.0,271.0,0.0,0,271,271,0,1.0,271,True,0.0,6328,271,0.04282553729456384,120,39,0.00018060000729747117,0.0008964999869931489,0.00107709999429062
DEV-0013,MODERATE,SMALL,3,5,1,0,Optimization terminated successfully. (HiGHS Status 7: Optimal),True,102.0,102.0,0.0,0,102,102,0,1.0,102,True,0.0,1127,102,0.09050576752440107,45,24,0.00013979998766444623,0.0007236000092234462,0.0008633999968878925
DEV-0014,HIGH,MEDIUM,11,5,3,0,Optimization terminated successfully. (HiGHS Status 7: Optimal),True,1644.0,1644.0,0.0,1,1644,1644,0,1.0,1644,True,0.0,6269,1644,0.2622427819428936,165,48,0.00020119998953305185,0.0037369000201579183,0.00393810000969097
DEV-0015,MODERATE,LARGE,22,4,4,0,Optimization terminated successfully. (HiGHS Status 7: Optimal),True,4357.0,4357.0,0.0,0,4357,4357,0,1.0,4357,True,0.0,14478,4357,0.30093935626467744,264,78,0.00026030000299215317,0.0013103999954182655,0.0015706999984104186
DEV-0016,MODERATE,LARGE,24,4,1,0,Optimization terminated successfully. (HiGHS Status 7: Optimal),True,1399.0,1399.0,0.0,0,1399,1399,0,1.0,1399,True,0.0,21991,1399,0.06361693420035469,288,84,0.0002741999924182892,0.0013094000169076025,0.0015836000093258917
DEV-0017,MODERATE,MEDIUM,8,2,2,0,Optimization terminated successfully. (HiGHS Status 7: Optimal),True,1606.0,1606.0,0.0,0,1606,1606,0,1.0,1606,True,0.0,5859,1606,0.27410820959208054,48,30,0.00014709998504258692,0.0007441999914590269,0.0008912999765016139
DEV-0018,MODERATE,MEDIUM,14,2,2,0,Optimization terminated successfully. (HiGHS Status 7: Optimal),True,932.0,932.0,0.0,0,932,932,0,1.0,932,True,0.0,8380,932,0.11121718377088305,84,48,0.0001680999994277954,0.0009271000162698328,0.0010952000156976283
DEV-0019,HIGH,SMALL,4,4,1,0,Optimization terminated successfully. (HiGHS Status 7: Optimal),True,364.0,364.0,0.0,0,369,364,5,0.986449864498645,364,True,0.0,2759,364,0.1319318593693367,48,24,0.00015330000314861536,0.0007630000181961805,0.0009163000213447958
DEV-0020,MODERATE,SMALL,6,5,1,0,Optimization terminated successfully. (HiGHS Status 7: Optimal),True,1566.0,1566.0,0.0,0,1566,1566,0,1.0,1566,True,0.0,5839,1566,0.2681966090083919,90,33,0.00016580001101829112,0.0008198999857995659,0.000985699996817857
DEV-0021,HIGH,LARGE,22,3,5,0,Optimization terminated successfully. (HiGHS Status 7: Optimal),True,4765.0,4765.0,0.0,1,4765,4765,0,1.0,4765,True,0.0,20752,4765,0.22961642251349268,198,75,0.000225499999942258,0.003823000006377697,0.004048500006319955
DEV-0022,MODERATE,LARGE,24,4,7,0,Optimization terminated successfully. (HiGHS Status 7: Optimal),True,5055.0,5055.0,0.0,1,5055,5055,0,1.0,5055,True,0.0,15978,5055,0.31637251220428086,288,84,0.00028600002406165004,0.0037925999786239117,0.004078600002685562
DEV-0023,HIGH,SMALL,6,4,2,0,Optimization terminated successfully. (HiGHS Status 7: Optimal),True,1867.0,1867.0,0.0,1,2172,1867,305,0.8595764272559853,1867,True,0.0,6102,1867,0.3059652572926909,72,30,0.00015999999595806003,0.004205300007015467,0.004365300002973527
DEV-0024,MODERATE,MEDIUM,9,2,1,0,Optimization terminated successfully. (HiGHS Status 7: Optimal),True,1215.0,1215.0,0.0,0,1215,1215,0,1.0,1215,True,0.0,6466,1215,0.18790596968759665,54,33,0.00015139998868107796,0.0008267000084742904,0.0009780999971553683
DEV-0025,MODERATE,SMALL,5,3,1,0,Optimization terminated successfully. (HiGHS Status 7: Optimal),True,1578.0,1578.0,0.0,0,1578,1578,0,1.0,1578,True,0.0,4842,1578,0.32589838909541513,45,24,0.00014180000289343297,0.0007452999998349696,0.0008871000027284026
DEV-0026,MODERATE,LARGE,28,5,6,0,Optimization terminated successfully. (HiGHS Status 7: Optimal),True,3235.0,3235.0,0.0,0,3235,3235,0,1.0,3235,True,0.0,18537,3235,0.17451583319846792,420,99,0.0003394999948795885,0.0016827000072225928,0.0020222000021021813
DEV-0027,HIGH,MEDIUM,13,3,2,0,Optimization terminated successfully. (HiGHS Status 7: Optimal),True,1644.0,1644.0,0.0,1,1831,1644,187,0.8978700163844894,1644,True,0.0,10080,1644,0.1630952380952381,117,48,0.00018509998335503042,0.007079200004227459,0.00726429998758249
DEV-0028,HIGH,SMALL,3,2,1,0,Optimization terminated successfully. (HiGHS Status 7: Optimal),True,1134.0,1134.0,0.0,0,1617,1134,483,0.7012987012987013,1134,True,0.0,1707,1134,0.664323374340949,18,15,0.00013260002015158534,0.0006424000021070242,0.0007750000222586095
DEV-0029,HIGH,MEDIUM,14,3,3,0,Optimization terminated successfully. (HiGHS Status 7: Optimal),True,1182.0,1182.0,0.0,1,1182,1182,0,1.0,1182,True,0.0,7487,1182,0.15787364765593695,126,51,0.00019180000526830554,0.006020500004524365,0.006212300009792671
DEV-0030,MODERATE,MEDIUM,12,5,1,0,Optimization terminated successfully. (HiGHS Status 7: Optimal),True,932.0,932.0,0.0,0,932,932,0,1.0,932,True,0.0,7427,932,0.12548808401777298,180,51,0.00021460000425577164,0.0010611999896354973,0.001275799993891269
DEV-0031,HIGH,SMALL,3,4,1,0,Optimization terminated successfully. (HiGHS Status 7: Optimal),True,1097.0,1097.0,0.0,0,1190,1097,93,0.9218487394957983,1097,True,0.0,1975,1097,0.5554430379746835,36,21,0.00013669999316334724,0.0006865000177640468,0.000823200010927394
DEV-0032,HIGH,SMALL,6,2,1,0,Optimization terminated successfully. (HiGHS Status 7: Optimal),True,106.0,106.0,0.0,0,106,106,0,1.0,106,True,0.0,2105,106,0.0503562945368171,36,24,0.0001348000077996403,0.0006674999895039946,0.0008022999973036349
DEV-0033,MODERATE,SMALL,3,2,1,0,Optimization terminated successfully. (HiGHS Status 7: Optimal),True,333.0,333.0,0.0,0,333,333,0,1.0,333,True,0.0,706,333,0.471671388101983,18,15,0.0001246000174432993,0.0006771999760530889,0.0008017999934963882
DEV-0034,HIGH,SMALL,4,4,1,0,Optimization terminated successfully. (HiGHS Status 7: Optimal),True,630.0,630.0,0.0,0,630,630,0,1.0,630,True,0.0,2167,630,0.29072450392247345,48,24,0.00014180000289343297,0.0007140999950934201,0.0008558999979868531
DEV-0035,HIGH,LARGE,21,5,1,0,Optimization terminated successfully. (HiGHS Status 7: Optimal),True,1512.0,1512.0,0.0,0,1512,1512,0,1.0,1512,True,0.0,14302,1512,0.10571947979303593,315,78,0.00030529999639838934,0.001340300019364804,0.0016456000157631934
DEV-0036,LOW,MEDIUM,8,5,1,0,Optimization terminated successfully. (HiGHS Status 7: Optimal),True,103.0,103.0,0.0,0,103,103,0,1.0,103,True,0.0,7347,103,0.014019327616714304,120,39,0.00019370001973584294,0.0008778999908827245,0.0010716000106185675
DEV-0037,MODERATE,MEDIUM,13,4,6,0,Optimization terminated successfully. (HiGHS Status 7: Optimal),True,5001.0,5001.0,0.0,1,5001,5001,0,1.0,5001,True,0.0,8170,5001,0.6121175030599755,156,51,0.00020559999393299222,0.0032936999923549592,0.0034992999862879515
DEV-0038,MODERATE,SMALL,4,5,1,0,Optimization terminated successfully. (HiGHS Status 7: Optimal),True,680.0,680.0,0.0,0,680,680,0,1.0,680,True,0.0,3075,680,0.22113821138211381,60,27,0.00015129998791962862,0.0007935999892652035,0.0009448999771848321
DEV-0039,MODERATE,LARGE,27,5,6,0,Optimization terminated successfully. (HiGHS Status 7: Optimal),True,3507.0,3507.0,0.0,0,3507,3507,0,1.0,3507,True,0.0,16150,3507,0.21715170278637771,405,96,0.00033459998667240143,0.0019048000103794038,0.0022393999970518053
DEV-0040,HIGH,MEDIUM,12,4,3,0,Optimization terminated successfully. (HiGHS Status 7: Optimal),True,1851.0,1851.0,0.0,1,1856,1851,5,0.9973060344827587,1851,True,0.0,7547,1851,0.2452630184179144,144,48,0.00021309999283403158,0.00429959999746643,0.004512699990300462
DEV-0041,MODERATE,SMALL,3,4,2,0,Optimization terminated successfully. (HiGHS Status 7: Optimal),True,1309.0,1309.0,0.0,1,1309,1309,0,1.0,1309,True,0.0,2789,1309,0.4693438508425959,36,21,0.0001404000213369727,0.005898699979297817,0.0060391000006347895
DEV-0042,MODERATE,SMALL,4,3,2,0,Optimization terminated successfully. (HiGHS Status 7: Optimal),True,1866.0,1866.0,0.0,1,1881,1866,15,0.9920255183413078,1866,True,0.0,2658,1866,0.7020316027088036,36,21,0.0001362999901175499,0.006977200013352558,0.007113500003470108
DEV-0043,HIGH,MEDIUM,14,4,2,0,Optimization terminated successfully. (HiGHS Status 7: Optimal),True,2185.0,2185.0,0.0,1,2185,2185,0,1.0,2185,True,0.0,7883,2185,0.27717873905873397,168,54,0.00021200001356191933,0.005083500000182539,0.0052955000137444586
DEV-0044,MODERATE,MEDIUM,8,3,2,0,Optimization terminated successfully. (HiGHS Status 7: Optimal),True,294.0,294.0,0.0,0,294,294,0,1.0,294,True,0.0,4560,294,0.06447368421052632,72,33,0.0001598999951966107,0.0008181000011973083,0.000977999996393919
DEV-0045,MODERATE,MEDIUM,11,3,2,0,Optimization terminated successfully. (HiGHS Status 7: Optimal),True,770.0,770.0,0.0,0,770,770,0,1.0,770,True,0.0,8146,770,0.0945249202062362,99,42,0.0001756999990902841,0.0008475999929942191,0.0010232999920845032
DEV-0046,MODERATE,LARGE,30,2,1,0,Optimization terminated successfully. (HiGHS Status 7: Optimal),True,738.0,738.0,0.0,0,738,738,0,1.0,738,True,0.0,27084,738,0.02724856003544528,180,96,0.00022759998682886362,0.0010566000128164887,0.0012841999996453524
DEV-0047,MODERATE,SMALL,6,2,2,0,Optimization terminated successfully. (HiGHS Status 7: Optimal),True,742.0,742.0,0.0,0,742,742,0,1.0,742,True,0.0,5233,742,0.14179247085801644,36,24,0.00013619998935610056,0.0007170000171754509,0.0008532000065315515
DEV-0048,HIGH,LARGE,25,4,9,0,Optimization terminated successfully. (HiGHS Status 7: Optimal),True,5451.0,5451.0,0.0,1,5451,5451,0,1.0,5451,True,0.0,16455,5451,0.33126709206927984,300,87,0.0002809000143315643,0.003438599989749491,0.0037195000040810555
DEV-0049,MODERATE,LARGE,19,4,2,0,Optimization terminated successfully. (HiGHS Status 7: Optimal),True,1538.0,1538.0,0.0,0,1538,1538,0,1.0,1538,True,0.0,8498,1538,0.1809837608849141,228,69,0.00024350002058781683,0.0011801999935414642,0.001423700014129281
DEV-0050,HIGH,SMALL,4,5,1,0,Optimization terminated successfully. (HiGHS Status 7: Optimal),True,150.0,150.0,0.0,0,150,150,0,1.0,150,True,0.0,2811,150,0.05336179295624333,60,27,0.0001548999862279743,0.0007511000148952007,0.000906000001123175
DEV-0051,LOW,MEDIUM,14,2,1,0,Optimization terminated successfully. (HiGHS Status 7: Optimal),True,1254.0,1254.0,0.0,0,1254,1254,0,1.0,1254,True,0.0,8531,1254,0.14699331848552338,84,48,0.00017270000535063446,0.0008052999910432845,0.000977999996393919
DEV-0052,MODERATE,LARGE,18,5,1,0,Optimization terminated successfully. (HiGHS Status 7: Optimal),True,6.0,6.0,0.0,0,6,6,0,1.0,6,True,0.0,12950,6,0.0004633204633204633,270,69,0.00026560001424513757,0.0012372999917715788,0.0015029000060167164
DEV-0053,MODERATE,LARGE,19,5,3,0,Optimization terminated successfully. (HiGHS Status 7: Optimal),True,2078.0,2078.0,0.0,1,2078,2078,0,1.0,2078,True,0.0,10041,2078,0.20695149885469574,285,72,0.0002651000104378909,0.005431300000054762,0.005696400010492653
DEV-0054,MODERATE,MEDIUM,12,4,1,0,Optimization terminated successfully. (HiGHS Status 7: Optimal),True,1906.0,1906.0,0.0,0,1906,1906,0,1.0,1906,True,0.0,8966,1906,0.2125808610305599,144,48,0.00020300000323913991,0.0009716000058688223,0.0011746000091079623
DEV-0055,MODERATE,MEDIUM,9,4,1,0,Optimization terminated successfully. (HiGHS Status 7: Optimal),True,216.0,216.0,0.0,0,216,216,0,1.0,216,True,0.0,5451,216,0.03962575674188222,108,39,0.00017680000746622682,0.0008640000014565885,0.0010408000089228153
DEV-0056,HIGH,LARGE,21,5,2,0,Optimization terminated successfully. (HiGHS Status 7: Optimal),True,1453.0,1453.0,0.0,0,1453,1453,0,1.0,1453,True,0.0,15110,1453,0.09616148246194574,315,78,0.0002823999966494739,0.001361000002361834,0.001643399999011308
DEV-0057,HIGH,LARGE,29,5,5,0,Optimization terminated successfully. (HiGHS Status 7: Optimal),True,2937.0,2937.0,0.0,1,2937,2937,0,1.0,2937,True,0.0,18002,2937,0.16314853905121654,435,102,0.00037120000342838466,0.005869399989023805,0.006240599992452189
DEV-0058,HIGH,LARGE,27,3,3,0,Optimization terminated successfully. (HiGHS Status 7: Optimal),True,1849.0,1849.0,0.0,0,1849,1849,0,1.0,1849,True,0.0,15244,1849,0.12129362372080818,243,90,0.0002565000031609088,0.001213699986692518,0.0014701999898534268
DEV-0059,MODERATE,SMALL,6,5,1,0,Optimization terminated successfully. (HiGHS Status 7: Optimal),True,979.0,979.0,0.0,0,979,979,0,1.0,979,True,0.0,3439,979,0.28467577784239606,90,33,0.0001660000125411898,0.000815200008219108,0.0009812000207602978
DEV-0060,MODERATE,LARGE,28,2,1,0,Optimization terminated successfully. (HiGHS Status 7: Optimal),True,928.0,928.0,0.0,0,928,928,0,1.0,928,True,0.0,20942,928,0.04431286410084997,168,90,0.00021999998716637492,0.0010476000024937093,0.0012675999896600842
DEV-0061,HIGH,LARGE,26,5,3,0,Optimization terminated successfully. (HiGHS Status 7: Optimal),True,2202.0,2202.0,0.0,1,2202,2202,0,1.0,2202,True,0.0,16311,2202,0.13500091962479308,390,93,0.00032160000409930944,0.005197099992074072,0.005518699996173382
DEV-0062,MODERATE,LARGE,27,3,1,0,Optimization terminated successfully. (HiGHS Status 7: Optimal),True,15.0,15.0,0.0,0,15,15,0,1.0,15,True,0.0,18596,15,0.0008066250806625081,243,90,0.0002901000261772424,0.00120009999955073,0.0014902000257279724
DEV-0063,HIGH,MEDIUM,12,4,4,0,Optimization terminated successfully. (HiGHS Status 7: Optimal),True,3161.0,3161.0,0.0,1,3183,3161,22,0.9930882814954446,3161,True,0.0,10113,3161,0.31256798180559675,144,48,0.00020069998572580516,0.0035229999921284616,0.0037236999778542668
DEV-0064,HIGH,SMALL,3,5,1,0,Optimization terminated successfully. (HiGHS Status 7: Optimal),True,382.0,382.0,0.0,0,751,382,369,0.5086551264980027,382,True,0.0,950,382,0.40210526315789474,45,24,0.000142400007462129,0.0007172999903559685,0.0008596999978180975
DEV-0065,LOW,MEDIUM,12,3,2,0,Optimization terminated successfully. (HiGHS Status 7: Optimal),True,1456.0,1456.0,0.0,0,1456,1456,0,1.0,1456,True,0.0,9470,1456,0.15374868004223866,108,45,0.00017640000442042947,0.000873900018632412,0.0010503000230528414
DEV-0066,MODERATE,SMALL,6,5,1,0,Optimization terminated successfully. (HiGHS Status 7: Optimal),True,248.0,248.0,0.0,0,248,248,0,1.0,248,True,0.0,4491,248,0.05522155421955021,90,33,0.00016670001787133515,0.0008108000038191676,0.0009775000216905028
DEV-0067,HIGH,LARGE,26,2,10,0,Optimization terminated successfully. (HiGHS Status 7: Optimal),True,5548.0,5548.0,0.0,1,6017,5548,469,0.9220541798238324,5548,True,0.0,16617,5548,0.3338749473430824,156,84,0.00021200001356191933,0.004019899992272258,0.004231900005834177
DEV-0068,HIGH,LARGE,26,5,11,0,Optimization terminated successfully. (HiGHS Status 7: Optimal),True,7011.0,7011.0,0.0,1,7408,7011,397,0.9464092872570194,7011,True,0.0,16760,7011,0.41831742243436754,390,93,0.0003265999839641154,0.003448000003118068,0.0037745999870821834
DEV-0069,HIGH,SMALL,5,5,1,0,Optimization terminated successfully. (HiGHS Status 7: Optimal),True,2048.0,2048.0,0.0,0,2257,2048,209,0.9073992024811697,2048,True,0.0,5038,2048,0.40651052004763794,75,30,0.0001677999971434474,0.0007892999856267124,0.0009570999827701598
DEV-0070,HIGH,SMALL,5,3,1,0,Optimization terminated successfully. (HiGHS Status 7: Optimal),True,2283.0,2283.0,0.0,0,2283,2283,0,1.0,2283,True,0.0,6678,2283,0.3418688230008985,45,24,0.00014940000255592167,0.0007341000018641353,0.0008835000044200569
DEV-0071,MODERATE,MEDIUM,12,2,1,0,Optimization terminated successfully. (HiGHS Status 7: Optimal),True,984.0,984.0,0.0,0,984,984,0,1.0,984,True,0.0,5608,984,0.1754636233951498,72,42,0.00016679998952895403,0.0007731000077910721,0.0009398999973200262
DEV-0072,HIGH,LARGE,19,3,3,0,Optimization terminated successfully. (HiGHS Status 7: Optimal),True,2582.0,2582.0,0.0,0,2582,2582,0,1.0,2582,True,0.0,12333,2582,0.20935700964890944,171,66,0.0002196999848820269,0.001042899995809421,0.0012625999806914479
DEV-0073,MODERATE,MEDIUM,11,2,2,0,Optimization terminated successfully. (HiGHS Status 7: Optimal),True,748.0,748.0,0.0,0,748,748,0,1.0,748,True,0.0,10143,748,0.07374544020506753,66,39,0.0001576000067871064,0.0007736000115983188,0.0009312000183854252
DEV-0074,HIGH,SMALL,4,3,1,0,Optimization terminated successfully. (HiGHS Status 7: Optimal),True,1912.0,1912.0,0.0,0,1973,1912,61,0.9690826153066396,1912,True,0.0,3640,1912,0.5252747252747253,36,21,0.00013259999104775488,0.0007007000094745308,0.0008333000005222857
DEV-0075,LOW,SMALL,4,4,1,0,Optimization terminated successfully. (HiGHS Status 7: Optimal),True,145.0,145.0,0.0,0,145,145,0,1.0,145,True,0.0,2705,145,0.053604436229205174,48,24,0.00014019999071024358,0.0006982999911997467,0.0008384999819099903
DEV-0076,HIGH,SMALL,5,5,1,0,Optimization terminated successfully. (HiGHS Status 7: Optimal),True,771.0,771.0,0.0,0,777,771,6,0.9922779922779923,771,True,0.0,3780,771,0.20396825396825397,75,30,0.00015470001380890608,0.0007618000090587884,0.0009165000228676945
DEV-0077,HIGH,LARGE,24,3,7,0,Optimization terminated successfully. (HiGHS Status 7: Optimal),True,5297.0,5297.0,0.0,1,5297,5297,0,1.0,5297,True,0.0,14882,5297,0.35593334229270257,216,81,0.00023629999486729503,0.003848599997581914,0.004084899992449209
DEV-0078,HIGH,LARGE,23,2,2,0,Optimization terminated successfully. (HiGHS Status 7: Optimal),True,2209.0,2209.0,0.0,0,2209,2209,0,1.0,2209,True,0.0,14069,2209,0.1570118700689459,138,75,0.00020549999317154288,0.0009765999857336283,0.0011820999789051712
DEV-0079,MODERATE,SMALL,5,5,2,0,Optimization terminated successfully. (HiGHS Status 7: Optimal),True,2653.0,2653.0,0.0,1,2653,2653,0,1.0,2653,True,0.0,4755,2653,0.5579390115667718,75,30,0.00016120000509545207,0.0038877000042703003,0.004048900009365752
DEV-0080,HIGH,MEDIUM,13,3,3,0,Optimization terminated successfully. (HiGHS Status 7: Optimal),True,3366.0,3366.0,0.0,1,3366,3366,0,1.0,3366,True,0.0,13174,3366,0.25550326400485807,117,48,0.0002550000208429992,0.008340200001839548,0.008595200022682548
DEV-0081,MODERATE,LARGE,23,2,3,0,Optimization terminated successfully. (HiGHS Status 7: Optimal),True,2379.0,2379.0,0.0,0,2379,2379,0,1.0,2379,True,0.0,19681,2379,0.12087800416645496,138,75,0.00023110001347959042,0.0009817999962251633,0.0012129000097047538
DEV-0082,HIGH,MEDIUM,10,2,1,0,Optimization terminated successfully. (HiGHS Status 7: Optimal),True,1697.0,1697.0,0.0,0,1697,1697,0,1.0,1697,True,0.0,9642,1697,0.17600082970338105,60,36,0.00016429999959655106,0.0007566999993287027,0.0009209999989252537
DEV-0083,MODERATE,LARGE,19,3,4,0,Optimization terminated successfully. (HiGHS Status 7: Optimal),True,3718.0,3718.0,0.0,0,3718,3718,0,1.0,3718,True,0.0,13337,3718,0.27877333733223364,171,66,0.00021689999266527593,0.0010397000005468726,0.0012565999932121485
DEV-0084,HIGH,MEDIUM,14,3,2,0,Optimization terminated successfully. (HiGHS Status 7: Optimal),True,559.0,559.0,0.0,1,559,559,0,1.0,559,True,0.0,8520,559,0.06561032863849765,126,51,0.0002044999855570495,0.007220700004836544,0.007425199990393594
DEV-0085,LOW,MEDIUM,13,4,5,0,Optimization terminated successfully. (HiGHS Status 7: Optimal),True,2826.0,2826.0,0.0,0,2826,2826,0,1.0,2826,True,0.0,9465,2826,0.29857369255150557,156,51,0.00020780001068487763,0.0010714000090956688,0.0012792000197805464
DEV-0086,HIGH,MEDIUM,14,3,3,0,Optimization terminated successfully. (HiGHS Status 7: Optimal),True,1151.0,1151.0,0.0,0,1151,1151,0,1.0,1151,True,0.0,9987,1151,0.11524982477220387,126,51,0.00018770000315271318,0.0009474999969825149,0.001135200000135228
DEV-0087,MODERATE,MEDIUM,9,4,1,0,Optimization terminated successfully. (HiGHS Status 7: Optimal),True,350.0,350.0,0.0,0,350,350,0,1.0,350,True,0.0,7010,350,0.04992867332382311,108,39,0.0001748999929986894,0.0008663000189699233,0.0010412000119686127
DEV-0088,HIGH,SMALL,3,5,1,0,Optimization terminated successfully. (HiGHS Status 7: Optimal),True,1250.0,1250.0,0.0,0,1250,1250,0,1.0,1250,True,0.0,3623,1250,0.34501794093292854,45,24,0.0001382000045850873,0.0007115000043995678,0.0008497000089846551
DEV-0089,HIGH,LARGE,20,4,10,0,Optimization terminated successfully. (HiGHS Status 7: Optimal),True,5550.0,5550.0,0.0,1,7816,5550,2266,0.7100818833162743,5550,True,0.0,12508,5550,0.4437160217460825,240,72,0.0002606000052765012,0.0030769000004511327,0.003337500005727634
DEV-0090,HIGH,LARGE,25,4,7,0,Optimization terminated successfully. (HiGHS Status 7: Optimal),True,5935.0,5935.0,0.0,1,5935,5935,0,1.0,5935,True,0.0,20101,5935,0.29525894234117706,300,87,0.00029670001822523773,0.003417300002183765,0.003714000020409003
DEV-0091,HIGH,SMALL,5,3,1,0,Optimization terminated successfully. (HiGHS Status 7: Optimal),True,17.0,17.0,0.0,0,17,17,0,1.0,17,True,0.0,3335,17,0.005097451274362818,45,24,0.00014600000577047467,0.0007377000001724809,0.0008837000059429556
DEV-0092,LOW,LARGE,18,5,1,0,Optimization terminated successfully. (HiGHS Status 7: Optimal),True,461.0,461.0,0.0,0,461,461,0,1.0,461,True,0.0,8196,461,0.05624694973157638,270,69,0.0002606000052765012,0.0012619999761227518,0.001522599981399253
DEV-0093,MODERATE,SMALL,3,5,1,0,Optimization terminated successfully. (HiGHS Status 7: Optimal),True,346.0,346.0,0.0,0,346,346,0,1.0,346,True,0.0,2645,346,0.13081285444234406,45,24,0.00014200000441633165,0.0007471000135410577,0.0008891000179573894
DEV-0094,MODERATE,SMALL,5,2,1,0,Optimization terminated successfully. (HiGHS Status 7: Optimal),True,6.0,6.0,0.0,0,6,6,0,1.0,6,True,0.0,1962,6,0.0030581039755351682,30,21,0.00013050000416114926,0.0006770000036340207,0.00080750000779517
DEV-0095,MODERATE,SMALL,4,2,1,0,Optimization terminated successfully. (HiGHS Status 7: Optimal),True,1384.0,1384.0,0.0,0,1384,1384,0,1.0,1384,True,0.0,2793,1384,0.49552452559971355,24,18,0.00013380000018514693,0.0006653000018559396,0.0007991000020410866
DEV-0096,HIGH,MEDIUM,9,3,1,0,Optimization terminated successfully. (HiGHS Status 7: Optimal),True,1587.0,1587.0,0.0,0,1587,1587,0,1.0,1587,True,0.0,5643,1587,0.2812333864965444,81,36,0.00016070000128820539,0.0007983999967109412,0.0009590999979991466
DEV-0097,MODERATE,MEDIUM,9,5,2,0,Optimization terminated successfully. (HiGHS Status 7: Optimal),True,862.0,862.0,0.0,0,862,862,0,1.0,862,True,0.0,6904,862,0.12485515643105446,135,42,0.0001871999993454665,0.0009384000150021166,0.001125600014347583
DEV-0098,HIGH,SMALL,5,2,1,0,Optimization terminated successfully. (HiGHS Status 7: Optimal),True,21.0,21.0,0.0,0,27,21,6,0.7777777777777778,21,True,0.0,1811,21,0.011595803423522915,30,21,0.00013199998647905886,0.0006674000178463757,0.0007994000043254346
DEV-0099,MODERATE,MEDIUM,8,3,2,0,Optimization terminated successfully. (HiGHS Status 7: Optimal),True,1507.0,1507.0,0.0,0,1507,1507,0,1.0,1507,True,0.0,5059,1507,0.29788495750148253,72,33,0.00015300000086426735,0.0008003000111784786,0.000953300012042746
DEV-0100,LOW,SMALL,5,3,1,0,Optimization terminated successfully. (HiGHS Status 7: Optimal),True,3.0,3.0,0.0,0,3,3,0,1.0,3,True,0.0,2690,3,0.0011152416356877324,45,24,0.00013760000001639128,0.0007094999891705811,0.0008470999891869724
DEV-0101,HIGH,LARGE,26,4,6,0,Optimization terminated successfully. (HiGHS Status 7: Optimal),True,3745.0,3745.0,0.0,0,3745,3745,0,1.0,3745,True,0.0,20475,3745,0.1829059829059829,312,90,0.00028849998489022255,0.0013900000194553286,0.0016785000043455511
DEV-0102,MODERATE,MEDIUM,11,4,3,0,Optimization terminated successfully. (HiGHS Status 7: Optimal),True,2220.0,2220.0,0.0,0,2220,2220,0,1.0,2220,True,0.0,10500,2220,0.21142857142857144,132,45,0.00018689999706111848,0.0009597000025678426,0.001146599999628961
DEV-0103,HIGH,LARGE,29,4,6,0,Optimization terminated successfully. (HiGHS Status 7: Optimal),True,3383.0,3383.0,0.0,1,3383,3383,0,1.0,3383,True,0.0,21936,3383,0.15422137126185267,348,99,0.0003524000057950616,0.005134700011694804,0.005487100017489865
DEV-0104,MODERATE,MEDIUM,9,4,2,0,Optimization terminated successfully. (HiGHS Status 7: Optimal),True,1671.0,1671.0,0.0,1,1671,1671,0,1.0,1671,True,0.0,7186,1671,0.2325354856665739,108,39,0.00018179998733103275,0.006143500009784475,0.006325299997115508
DEV-0105,HIGH,LARGE,30,5,4,0,Optimization terminated successfully. (HiGHS Status 7: Optimal),True,3221.0,3221.0,0.0,1,3221,3221,0,1.0,3221,True,0.0,21323,3221,0.15105754349763167,450,105,0.00036959999124519527,0.005871100001968443,0.006240699993213639
DEV-0106,HIGH,LARGE,29,5,14,0,Optimization terminated successfully. (HiGHS Status 7: Optimal),True,9780.0,9780.0,0.0,1,11229,9780,1449,0.8709591236975688,9780,True,0.0,22102,9780,0.44249389195547917,435,102,0.0003825000021606684,0.003584099991712719,0.003966599993873388
DEV-0107,HIGH,LARGE,23,5,3,0,Optimization terminated successfully. (HiGHS Status 7: Optimal),True,1943.0,1943.0,0.0,1,1943,1943,0,1.0,1943,True,0.0,12087,1943,0.16075122031935138,345,84,0.0003115000145044178,0.005414899991592392,0.00572640000609681
DEV-0108,HIGH,LARGE,25,2,3,0,Optimization terminated successfully. (HiGHS Status 7: Optimal),True,1175.0,1175.0,0.0,0,1175,1175,0,1.0,1175,True,0.0,19003,1175,0.06183234226174814,150,81,0.00021930001094006002,0.000993099994957447,0.001212400005897507
DEV-0109,MODERATE,MEDIUM,11,4,4,0,Optimization terminated successfully. (HiGHS Status 7: Optimal),True,2506.0,2506.0,0.0,1,2506,2506,0,1.0,2506,True,0.0,7593,2506,0.33004082707757143,132,45,0.00019039999460801482,0.004876499995589256,0.005066899990197271
DEV-0110,MODERATE,SMALL,5,5,3,0,Optimization terminated successfully. (HiGHS Status 7: Optimal),True,1228.0,1228.0,0.0,1,1240,1228,12,0.9903225806451613,1228,True,0.0,2225,1228,0.5519101123595506,75,30,0.00015960002201609313,0.005416599975433201,0.005576199997449294
DEV-0111,HIGH,SMALL,6,5,1,0,Optimization terminated successfully. (HiGHS Status 7: Optimal),True,4.0,4.0,0.0,0,4,4,0,1.0,4,True,0.0,2879,4,0.0013893713094824591,90,33,0.00017480002134107053,0.0008181000011973083,0.0009929000225383788
DEV-0112,MODERATE,SMALL,5,4,1,0,Optimization terminated successfully. (HiGHS Status 7: Optimal),True,663.0,663.0,0.0,0,663,663,0,1.0,663,True,0.0,3195,663,0.20751173708920187,60,27,0.00015559999155811965,0.0007591000176034868,0.0009147000091616064
DEV-0113,MODERATE,MEDIUM,12,5,2,0,Optimization terminated successfully. (HiGHS Status 7: Optimal),True,1274.0,1274.0,0.0,0,1274,1274,0,1.0,1274,True,0.0,6456,1274,0.1973358116480793,180,51,0.0002185999765060842,0.0010544000251684338,0.001273000001674518
DEV-0114,HIGH,SMALL,3,5,1,0,Optimization terminated successfully. (HiGHS Status 7: Optimal),True,247.0,247.0,0.0,0,247,247,0,1.0,247,True,0.0,2573,247,0.0959968907889623,45,24,0.0001401000190526247,0.0007395999855361879,0.0008797000045888126
DEV-0115,LOW,SMALL,6,5,1,0,Optimization terminated successfully. (HiGHS Status 7: Optimal),True,1744.0,1744.0,0.0,0,1744,1744,0,1.0,1744,True,0.0,6510,1744,0.2678955453149002,90,33,0.00016399999731220305,0.0008137999975588173,0.0009777999948710203
DEV-0116,HIGH,SMALL,6,4,1,0,Optimization terminated successfully. (HiGHS Status 7: Optimal),True,147.0,147.0,0.0,0,147,147,0,1.0,147,True,0.0,4115,147,0.03572296476306197,72,30,0.00015380000695586205,0.0007699000125285238,0.0009237000194843858
DEV-0117,LOW,SMALL,3,2,1,0,Optimization terminated successfully. (HiGHS Status 7: Optimal),True,522.0,522.0,0.0,0,522,522,0,1.0,522,True,0.0,1330,522,0.3924812030075188,18,15,0.00012549999519251287,0.0007155999774113297,0.0008410999726038426
DEV-0118,MODERATE,LARGE,26,4,3,0,Optimization terminated successfully. (HiGHS Status 7: Optimal),True,1598.0,1598.0,0.0,0,1598,1598,0,1.0,1598,True,0.0,14518,1598,0.11007025761124122,312,90,0.00042019999818876386,0.0014303999778348953,0.0018505999760236591
DEV-0119,MODERATE,SMALL,3,2,3,0,Optimization terminated successfully. (HiGHS Status 7: Optimal),True,2922.0,2922.0,0.0,1,3110,2922,188,0.9395498392282958,2922,True,0.0,3110,2922,0.9395498392282958,18,15,0.0001294999965466559,0.006113400013418868,0.006242900009965524
DEV-0120,HIGH,SMALL,3,3,1,0,Optimization terminated successfully. (HiGHS Status 7: Optimal),True,680.0,680.0,0.0,0,841,680,161,0.8085612366230678,680,True,0.0,1960,680,0.3469387755102041,27,18,0.0001323999895248562,0.0006857000116724521,0.0008181000011973083
DEV-0121,HIGH,SMALL,3,3,1,0,Optimization terminated successfully. (HiGHS Status 7: Optimal),True,979.0,979.0,0.0,0,1472,979,493,0.6650815217391305,979,True,0.0,2300,979,0.4256521739130435,27,18,0.0001314000110141933,0.000673100003041327,0.0008045000140555203
DEV-0122,HIGH,MEDIUM,12,5,1,0,Optimization terminated successfully. (HiGHS Status 7: Optimal),True,336.0,336.0,0.0,0,336,336,0,1.0,336,True,0.0,8534,336,0.03937192406843215,180,51,0.00020929999300278723,0.0010086999973282218,0.001217999990331009
DEV-0123,LOW,MEDIUM,10,2,1,0,Optimization terminated successfully. (HiGHS Status 7: Optimal),True,1742.0,1742.0,0.0,0,1742,1742,0,1.0,1742,True,0.0,8037,1742,0.21674754261540377,60,36,0.00015239999629557133,0.000753400003304705,0.0009057999996002764
DEV-0124,MODERATE,MEDIUM,8,5,3,0,Optimization terminated successfully. (HiGHS Status 7: Optimal),True,1856.0,1856.0,0.0,1,1856,1856,0,1.0,1856,True,0.0,4656,1856,0.39862542955326463,120,39,0.00017819998902268708,0.0033005000150296837,0.003478700004052371
DEV-0125,MODERATE,MEDIUM,9,3,1,0,Optimization terminated successfully. (HiGHS Status 7: Optimal),True,230.0,230.0,0.0,0,230,230,0,1.0,230,True,0.0,4191,230,0.05487950369840133,81,36,0.00028279999969527125,0.0008693000127095729,0.0011521000124048442
DEV-0126,MODERATE,LARGE,27,5,5,0,Optimization terminated successfully. (HiGHS Status 7: Optimal),True,3297.0,3297.0,0.0,0,3297,3297,0,1.0,3297,True,0.0,21314,3297,0.15468706014825936,405,96,0.00034329999471083283,0.0016412999830208719,0.0019845999777317047
DEV-0127,HIGH,LARGE,27,3,3,0,Optimization terminated successfully. (HiGHS Status 7: Optimal),True,813.0,813.0,0.0,0,813,813,0,1.0,813,True,0.0,17619,813,0.046143367955048524,243,90,0.00025599999935366213,0.0012168000102974474,0.0014728000096511096
DEV-0128,HIGH,MEDIUM,8,4,1,0,Optimization terminated successfully. (HiGHS Status 7: Optimal),True,14.0,14.0,0.0,0,14,14,0,1.0,14,True,0.0,6461,14,0.0021668472372697724,96,36,0.00017889999435283244,0.0008646000060252845,0.001043500000378117
DEV-0129,HIGH,MEDIUM,14,4,1,0,Optimization terminated successfully. (HiGHS Status 7: Optimal),True,316.0,316.0,0.0,0,316,316,0,1.0,316,True,0.0,8531,316,0.037041378501934126,168,54,0.00020899999071843922,0.0010049999982584268,0.001213999988976866
DEV-0130,HIGH,SMALL,3,4,1,0,Optimization terminated successfully. (HiGHS Status 7: Optimal),True,448.0,448.0,0.0,0,819,448,371,0.5470085470085471,448,True,0.0,1719,448,0.2606166375799884,36,21,0.00013449997641146183,0.0006769000028725713,0.0008113999792840332
DEV-0131,MODERATE,MEDIUM,12,5,3,0,Optimization terminated successfully. (HiGHS Status 7: Optimal),True,3016.0,3016.0,0.0,1,3016,3016,0,1.0,3016,True,0.0,7641,3016,0.3947127339353488,180,51,0.00020799998310394585,0.003574700007447973,0.0037826999905519187
DEV-0132,MODERATE,LARGE,24,4,2,0,Optimization terminated successfully. (HiGHS Status 7: Optimal),True,2067.0,2067.0,0.0,0,2067,2067,0,1.0,2067,True,0.0,19509,2067,0.1059510994925419,288,84,0.00027459999546408653,0.0013069999986328185,0.001581599994096905
DEV-0133,HIGH,LARGE,18,4,5,0,Optimization terminated successfully. (HiGHS Status 7: Optimal),True,3333.0,3333.0,0.0,1,3333,3333,0,1.0,3333,True,0.0,15506,3333,0.21494905197987876,216,66,0.0002395999908912927,0.004079599981196225,0.004319199972087517
DEV-0134,HIGH,LARGE,26,2,4,0,Optimization terminated successfully. (HiGHS Status 7: Optimal),True,920.0,920.0,0.0,0,920,920,0,1.0,920,True,0.0,17286,920,0.053222260789077866,156,84,0.0002986000035889447,0.0014583000156562775,0.0017569000192452222
DEV-0135,LOW,MEDIUM,10,5,2,0,Optimization terminated successfully. (HiGHS Status 7: Optimal),True,592.0,592.0,0.0,0,592,592,0,1.0,592,True,0.0,6649,592,0.08903594525492556,150,45,0.0002516999957151711,0.0010769000218715519,0.001328600017586723
DEV-0136,HIGH,LARGE,20,5,5,0,Optimization terminated successfully. (HiGHS Status 7: Optimal),True,1424.0,1424.0,0.0,1,1424,1424,0,1.0,1424,True,0.0,8552,1424,0.166510757717493,300,75,0.0002759000053629279,0.0037520999903790653,0.004027999995741993
DEV-0137,HIGH,LARGE,28,5,1,0,Optimization terminated successfully. (HiGHS Status 7: Optimal),True,675.0,675.0,0.0,0,675,675,0,1.0,675,True,0.0,21851,675,0.03089103473525239,420,99,0.0003559000033419579,0.001607799989869818,0.001963699993211776
DEV-0138,HIGH,MEDIUM,13,4,2,0,Optimization terminated successfully. (HiGHS Status 7: Optimal),True,260.0,260.0,0.0,0,260,260,0,1.0,260,True,0.0,6061,260,0.04289721168124072,156,51,0.00020829998538829386,0.0010068000119645149,0.0012150999973528087
DEV-0139,HIGH,SMALL,3,5,1,0,Optimization terminated successfully. (HiGHS Status 7: Optimal),True,879.0,879.0,0.0,0,1357,879,478,0.6477523949889462,879,True,0.0,1934,879,0.4544984488107549,45,24,0.00014369998825713992,0.0007193000055849552,0.0008629999938420951
DEV-0140,MODERATE,SMALL,4,3,1,0,Optimization terminated successfully. (HiGHS Status 7: Optimal),True,192.0,192.0,0.0,0,192,192,0,1.0,192,True,0.0,1073,192,0.17893755824790308,36,21,0.00013339999713934958,0.0006982999911997467,0.0008316999883390963
DEV-0141,MODERATE,LARGE,30,3,4,0,Optimization terminated successfully. (HiGHS Status 7: Optimal),True,1132.0,1132.0,0.0,0,1132,1132,0,1.0,1132,True,0.0,18648,1132,0.060703560703560706,270,99,0.00027180000324733555,0.0013482999929692596,0.0016200999962165952
DEV-0142,MODERATE,LARGE,19,4,6,0,Optimization terminated successfully. (HiGHS Status 7: Optimal),True,3362.0,3362.0,0.0,1,3362,3362,0,1.0,3362,True,0.0,14626,3362,0.22986462464105017,228,69,0.00024480000138282776,0.004594800004269928,0.0048396000056527555
DEV-0143,HIGH,LARGE,25,5,8,0,Optimization terminated successfully. (HiGHS Status 7: Optimal),True,3222.0,3222.0,0.0,1,3222,3222,0,1.0,3222,True,0.0,15619,3222,0.20628721429028746,375,90,0.0003436999977566302,0.0035822000063490123,0.0039259000041056424
DEV-0144,MODERATE,LARGE,20,4,1,0,Optimization terminated successfully. (HiGHS Status 7: Optimal),True,174.0,174.0,0.0,0,174,174,0,1.0,174,True,0.0,15721,174,0.011067998218942816,240,72,0.00026640002033673227,0.0011876999924425036,0.0014541000127792358
DEV-0145,MODERATE,MEDIUM,9,3,7,0,Optimization terminated successfully. (HiGHS Status 7: Optimal),True,3782.0,3782.0,0.0,1,3782,3782,0,1.0,3782,True,0.0,4873,3782,0.7761132772419455,81,36,0.00017260000458918512,0.003294499998446554,0.003467100003035739
DEV-0146,MODERATE,MEDIUM,13,4,2,0,Optimization terminated successfully. (HiGHS Status 7: Optimal),True,1591.0,1591.0,0.0,0,1591,1591,0,1.0,1591,True,0.0,7449,1591,0.21358571620351724,156,51,0.00020429998403415084,0.0011749000113923103,0.001379199995426461
DEV-0147,MODERATE,SMALL,3,4,2,0,Optimization terminated successfully. (HiGHS Status 7: Optimal),True,2225.0,2225.0,0.0,1,2341,2225,116,0.9504485262708244,2225,True,0.0,2914,2225,0.7635552505147564,36,21,0.000145500001963228,0.004798800015123561,0.004944300017086789
DEV-0148,HIGH,SMALL,3,2,1,0,Optimization terminated successfully. (HiGHS Status 7: Optimal),True,116.0,116.0,0.0,0,186,116,70,0.6236559139784946,116,True,0.0,810,116,0.14320987654320988,18,15,0.00013210001634433866,0.0006634999881498516,0.0007956000044941902
DEV-0149,LOW,SMALL,6,5,2,0,Optimization terminated successfully. (HiGHS Status 7: Optimal),True,2985.0,2985.0,0.0,1,2985,2985,0,1.0,2985,True,0.0,6110,2985,0.4885433715220949,90,33,0.00016609998419880867,0.005404499999713153,0.005570599983911961
DEV-0150,MODERATE,LARGE,23,3,7,0,Optimization terminated successfully. (HiGHS Status 7: Optimal),True,5108.0,5108.0,0.0,0,5108,5108,0,1.0,5108,True,0.0,16127,5108,0.3167359087244993,207,78,0.00023790000705048442,0.0012085999769624323,0.0014464999840129167
DEV-0151,HIGH,MEDIUM,13,2,4,0,Optimization terminated successfully. (HiGHS Status 7: Optimal),True,2053.0,2053.0,0.0,1,2140,2053,87,0.9593457943925233,2053,True,0.0,6075,2053,0.3379423868312757,78,45,0.0001714999962132424,0.005734900012612343,0.005906400008825585
DEV-0152,LOW,MEDIUM,14,3,1,0,Optimization terminated successfully. (HiGHS Status 7: Optimal),True,393.0,393.0,0.0,0,393,393,0,1.0,393,True,0.0,7382,393,0.05323760498509889,126,51,0.00019680001423694193,0.00092299998505041,0.001119799999287352
DEV-0153,MODERATE,MEDIUM,9,5,1,0,Optimization terminated successfully. (HiGHS Status 7: Optimal),True,248.0,248.0,0.0,0,248,248,0,1.0,248,True,0.0,4221,248,0.05875384979862592,135,42,0.0001886999816633761,0.0009125999931711704,0.0011012999748345464
DEV-0154,HIGH,SMALL,6,5,1,0,Optimization terminated successfully. (HiGHS Status 7: Optimal),True,1801.0,1801.0,0.0,0,2100,1801,299,0.8576190476190476,1801,True,0.0,5137,1801,0.35059373175004865,90,33,0.000162499985890463,0.000812400016002357,0.00097490000189282
DEV-0155,HIGH,LARGE,30,4,8,0,Optimization terminated successfully. (HiGHS Status 7: Optimal),True,5122.0,5122.0,0.0,1,5122,5122,0,1.0,5122,True,0.0,18118,5122,0.28270228502042166,360,102,0.0003192999865859747,0.003448300005402416,0.0037675999919883907
DEV-0156,HIGH,MEDIUM,8,5,2,0,Optimization terminated successfully. (HiGHS Status 7: Optimal),True,2057.0,2057.0,0.0,1,2647,2057,590,0.7771061579146203,2057,True,0.0,6531,2057,0.3149594242841831,120,39,0.00018400000408291817,0.003960100002586842,0.00414410000666976
DEV-0157,MODERATE,SMALL,3,4,1,0,Optimization terminated successfully. (HiGHS Status 7: Optimal),True,463.0,463.0,0.0,0,463,463,0,1.0,463,True,0.0,1641,463,0.28214503351614867,36,21,0.00013770000077784061,0.000849799980642274,0.0009874999814201146
DEV-0158,LOW,LARGE,28,2,1,0,Optimization terminated successfully. (HiGHS Status 7: Optimal),True,1166.0,1166.0,0.0,0,1166,1166,0,1.0,1166,True,0.0,18850,1166,0.06185676392572944,168,90,0.00022529999841935933,0.0010304000170435756,0.001255700015462935
DEV-0159,HIGH,SMALL,3,4,2,0,Optimization terminated successfully. (HiGHS Status 7: Optimal),True,787.0,787.0,0.0,0,992,787,205,0.7933467741935484,787,True,0.0,1376,787,0.5719476744186046,36,21,0.00013569998554885387,0.0007061000214889646,0.0008418000070378184
DEV-0160,HIGH,SMALL,3,4,1,0,Optimization terminated successfully. (HiGHS Status 7: Optimal),True,21.0,21.0,0.0,0,21,21,0,1.0,21,True,0.0,1297,21,0.016191210485736313,36,21,0.00013359999866224825,0.0006661000079475343,0.0007997000066097826
DEV-0161,MODERATE,LARGE,28,5,4,0,Optimization terminated successfully. (HiGHS Status 7: Optimal),True,2896.0,2896.0,0.0,0,2896,2896,0,1.0,2896,True,0.0,16259,2896,0.1781167353465773,420,99,0.00034100000630132854,0.0016141999803949147,0.0019551999866962433
DEV-0162,LOW,LARGE,25,3,8,0,Optimization terminated successfully. (HiGHS Status 7: Optimal),True,3322.0,3322.0,0.0,0,3322,3322,0,1.0,3322,True,0.0,15653,3322,0.2122276879831342,225,84,0.00024270001449622214,0.0011768999975174665,0.0014196000120136887
DEV-0163,HIGH,SMALL,4,2,1,0,Optimization terminated successfully. (HiGHS Status 7: Optimal),True,210.0,210.0,0.0,0,210,210,0,1.0,210,True,0.0,2401,210,0.08746355685131195,24,18,0.00012909999350085855,0.0006639000202994794,0.0007930000138003379
DEV-0164,HIGH,MEDIUM,10,2,2,0,Optimization terminated successfully. (HiGHS Status 7: Optimal),True,1440.0,1440.0,0.0,0,1440,1440,0,1.0,1440,True,0.0,7199,1440,0.2000277816363384,60,36,0.00014990000636316836,0.0007612999761477113,0.0009111999825108796
DEV-0165,HIGH,LARGE,27,5,3,0,Optimization terminated successfully. (HiGHS Status 7: Optimal),True,3109.0,3109.0,0.0,1,3109,3109,0,1.0,3109,True,0.0,18890,3109,0.16458443620963473,405,96,0.00033480001729913056,0.004705800005467609,0.005040600022766739
DEV-0166,HIGH,MEDIUM,12,2,2,0,Optimization terminated successfully. (HiGHS Status 7: Optimal),True,3543.0,3543.0,0.0,1,3543,3543,0,1.0,3543,True,0.0,11047,3543,0.3207205576174527,72,42,0.0001638999965507537,0.006848099990747869,0.007011999987298623
DEV-0167,MODERATE,MEDIUM,11,4,2,0,Optimization terminated successfully. (HiGHS Status 7: Optimal),True,2131.0,2131.0,0.0,1,2131,2131,0,1.0,2131,True,0.0,7809,2131,0.2728902548341657,132,45,0.00020820001373067498,0.0061150999972596765,0.0063233000109903514
DEV-0168,HIGH,MEDIUM,9,4,1,0,Optimization terminated successfully. (HiGHS Status 7: Optimal),True,8.0,8.0,0.0,0,8,8,0,1.0,8,True,0.0,3142,8,0.002546148949713558,108,39,0.00017679997836239636,0.0008834000036586076,0.001060199982021004
DEV-0169,HIGH,SMALL,6,3,1,0,Optimization terminated successfully. (HiGHS Status 7: Optimal),True,1222.0,1222.0,0.0,0,1222,1222,0,1.0,1222,True,0.0,5275,1222,0.23165876777251185,54,27,0.00014739998732693493,0.0007592000183649361,0.000906600005691871
DEV-0170,MODERATE,LARGE,22,5,2,0,Optimization terminated successfully. (HiGHS Status 7: Optimal),True,882.0,882.0,0.0,0,882,882,0,1.0,882,True,0.0,17770,882,0.04963421496904896,330,81,0.0002919999824371189,0.0015032000083010644,0.0017951999907381833
DEV-0171,HIGH,SMALL,6,4,2,0,Optimization terminated successfully. (HiGHS Status 7: Optimal),True,862.0,862.0,0.0,1,1226,862,364,0.7030995106035889,862,True,0.0,2977,862,0.289553241518307,72,30,0.00016110000433400273,0.00487589999102056,0.005036999995354563
DEV-0172,MODERATE,MEDIUM,10,2,2,0,Optimization terminated successfully. (HiGHS Status 7: Optimal),True,37.0,37.0,0.0,0,37,37,0,1.0,37,True,0.0,7371,37,0.005019671686338353,60,36,0.00015800000983290374,0.0007747999916318804,0.0009328000014647841
DEV-0173,MODERATE,SMALL,3,2,1,0,Optimization terminated successfully. (HiGHS Status 7: Optimal),True,1081.0,1081.0,0.0,0,1081,1081,0,1.0,1081,True,0.0,1711,1081,0.6317942723553478,18,15,0.00012589999823831022,0.0006652000010944903,0.0007910999993328005
DEV-0174,HIGH,MEDIUM,9,3,1,0,Optimization terminated successfully. (HiGHS Status 7: Optimal),True,1024.0,1024.0,0.0,0,1024,1024,0,1.0,1024,True,0.0,7415,1024,0.13809844908968308,81,36,0.0001604999997653067,0.0007908999978099018,0.0009513999975752085
DEV-0175,LOW,SMALL,5,4,1,0,Optimization terminated successfully. (HiGHS Status 7: Optimal),True,745.0,745.0,0.0,0,745,745,0,1.0,745,True,0.0,3375,745,0.22074074074074074,60,27,0.00014769998961128294,0.0007476999890059233,0.0008953999786172062
DEV-0176,HIGH,LARGE,26,3,12,0,Optimization terminated successfully. (HiGHS Status 7: Optimal),True,6434.0,6434.0,0.0,1,6455,6434,21,0.9967467079783114,6434,True,0.0,14712,6434,0.4373300706905927,234,87,0.00024750002194195986,0.00325209999573417,0.00349960001767613
DEV-0177,LOW,SMALL,6,5,1,0,Optimization terminated successfully. (HiGHS Status 7: Optimal),True,349.0,349.0,0.0,0,349,349,0,1.0,349,True,0.0,4245,349,0.08221436984687869,90,33,0.00016870000399649143,0.0008406999986618757,0.0010094000026583672
DEV-0178,HIGH,SMALL,4,5,1,0,Optimization terminated successfully. (HiGHS Status 7: Optimal),True,1126.0,1126.0,0.0,0,1563,1126,437,0.7204094689699296,1126,True,0.0,2199,1126,0.5120509322419281,60,27,0.00014749998808838427,0.0007348000071942806,0.0008822999952826649
DEV-0179,MODERATE,MEDIUM,11,5,2,0,Optimization terminated successfully. (HiGHS Status 7: Optimal),True,1179.0,1179.0,0.0,0,1179,1179,0,1.0,1179,True,0.0,6607,1179,0.17844710155895263,165,48,0.00020439998479560018,0.001131800003349781,0.0013361999881453812
DEV-0180,MODERATE,MEDIUM,12,4,1,0,Optimization terminated successfully. (HiGHS Status 7: Optimal),True,806.0,806.0,0.0,0,806,806,0,1.0,806,True,0.0,6547,806,0.1231098212921949,144,48,0.00019710001652128994,0.0009621999925002456,0.0011593000090215355
DEV-0181,LOW,LARGE,23,4,1,0,Optimization terminated successfully. (HiGHS Status 7: Optimal),True,6.0,6.0,0.0,0,6,6,0,1.0,6,True,0.0,13529,6,0.00044349175844482226,276,81,0.00026560001424513757,0.0012545999779831618,0.0015201999922282994
DEV-0182,HIGH,MEDIUM,12,5,1,0,Optimization terminated successfully. (HiGHS Status 7: Optimal),True,1515.0,1515.0,0.0,0,1515,1515,0,1.0,1515,True,0.0,6804,1515,0.222663139329806,180,51,0.0002111000067088753,0.001041300012730062,0.0012524000194389373
DEV-0183,MODERATE,SMALL,3,2,1,0,Optimization terminated successfully. (HiGHS Status 7: Optimal),True,1316.0,1316.0,0.0,0,1316,1316,0,1.0,1316,True,0.0,2629,1316,0.500570559147965,18,15,0.00012480001896619797,0.0006479000148829073,0.0007727000338491052
DEV-0184,MODERATE,MEDIUM,12,5,1,0,Optimization terminated successfully. (HiGHS Status 7: Optimal),True,1187.0,1187.0,0.0,0,1187,1187,0,1.0,1187,True,0.0,10730,1187,0.11062441752096924,180,51,0.00021210001432336867,0.0010202999983448535,0.0012324000126682222
DEV-0185,HIGH,LARGE,28,5,1,0,Optimization terminated successfully. (HiGHS Status 7: Optimal),True,395.0,395.0,0.0,0,395,395,0,1.0,395,True,0.0,19282,395,0.02048542682294368,420,99,0.0003422000154387206,0.0015719999792054296,0.0019141999946441501
DEV-0186,HIGH,LARGE,22,3,1,0,Optimization terminated successfully. (HiGHS Status 7: Optimal),True,1107.0,1107.0,0.0,0,1107,1107,0,1.0,1107,True,0.0,15171,1107,0.072968162942456,198,75,0.0002789999998640269,0.0010959999926853925,0.0013749999925494194
DEV-0187,HIGH,SMALL,5,3,1,0,Optimization terminated successfully. (HiGHS Status 7: Optimal),True,472.0,472.0,0.0,0,472,472,0,1.0,472,True,0.0,4196,472,0.1124880838894185,45,24,0.00014300001203082502,0.0007399999885819852,0.0008830000006128103
DEV-0188,MODERATE,MEDIUM,8,2,2,0,Optimization terminated successfully. (HiGHS Status 7: Optimal),True,1493.0,1493.0,0.0,0,1493,1493,0,1.0,1493,True,0.0,6495,1493,0.22986913010007698,48,30,0.00014489999739453197,0.0007370999956037849,0.0008819999929983169
DEV-0189,HIGH,SMALL,3,3,1,0,Optimization terminated successfully. (HiGHS Status 7: Optimal),True,1211.0,1211.0,0.0,0,1332,1211,121,0.9091591591591591,1211,True,0.0,2018,1211,0.6000991080277502,27,18,0.00012919999426230788,0.0006478000141214579,0.0007770000083837658
DEV-0190,HIGH,LARGE,18,3,1,0,Optimization terminated successfully. (HiGHS Status 7: Optimal),True,253.0,253.0,0.0,0,253,253,0,1.0,253,True,0.0,12128,253,0.020860817941952506,162,63,0.00020599999697878957,0.0010308999917469919,0.0012368999887257814
DEV-0191,HIGH,MEDIUM,13,5,1,0,Optimization terminated successfully. (HiGHS Status 7: Optimal),True,384.0,384.0,0.0,0,384,384,0,1.0,384,True,0.0,7783,384,0.049338301426185276,195,54,0.0002170999941881746,0.0010714000090956688,0.0012885000032838434
DEV-0192,HIGH,SMALL,6,3,2,0,Optimization terminated successfully. (HiGHS Status 7: Optimal),True,1960.0,1960.0,0.0,1,1960,1960,0,1.0,1960,True,0.0,4601,1960,0.42599434905455336,54,27,0.00014370001736097038,0.005697299988241866,0.005841000005602837
DEV-0193,HIGH,LARGE,23,5,4,0,Optimization terminated successfully. (HiGHS Status 7: Optimal),True,2461.0,2461.0,0.0,1,2461,2461,0,1.0,2461,True,0.0,17253,2461,0.14264185938677332,345,84,0.00030460002017207444,0.004213499982142821,0.004518100002314895
DEV-0194,HIGH,LARGE,23,4,3,0,Optimization terminated successfully. (HiGHS Status 7: Optimal),True,1240.0,1240.0,0.0,1,1240,1240,0,1.0,1240,True,0.0,16824,1240,0.07370423204945316,276,81,0.0002741999924182892,0.005704799987142906,0.005978999979561195
DEV-0195,MODERATE,MEDIUM,14,3,2,0,Optimization terminated successfully. (HiGHS Status 7: Optimal),True,1121.0,1121.0,0.0,0,1121,1121,0,1.0,1121,True,0.0,12294,1121,0.09118269074345209,126,51,0.00028139998903498054,0.0009860999998636544,0.001267499988898635
DEV-0196,MODERATE,MEDIUM,8,4,1,0,Optimization terminated successfully. (HiGHS Status 7: Optimal),True,1622.0,1622.0,0.0,0,1622,1622,0,1.0,1622,True,0.0,6767,1622,0.2396926259790158,96,36,0.00016870000399649143,0.0008413999748881906,0.001010099978884682
DEV-0197,MODERATE,MEDIUM,11,5,2,0,Optimization terminated successfully. (HiGHS Status 7: Optimal),True,989.0,989.0,0.0,1,989,989,0,1.0,989,True,0.0,5444,989,0.1816678912564291,165,48,0.00020409998251125216,0.005592200002865866,0.005796299985377118
DEV-0198,HIGH,SMALL,4,4,1,0,Optimization terminated successfully. (HiGHS Status 7: Optimal),True,1308.0,1308.0,0.0,0,1868,1308,560,0.7002141327623126,1308,True,0.0,2972,1308,0.44010767160161507,48,24,0.0001453000004403293,0.0007331999950110912,0.0008784999954514205
DEV-0199,MODERATE,SMALL,4,2,2,0,Optimization terminated successfully. (HiGHS Status 7: Optimal),True,1517.0,1517.0,0.0,0,1517,1517,0,1.0,1517,True,0.0,3494,1517,0.4341728677733257,24,18,0.00012959999730810523,0.0006735999777447432,0.0008031999750528485
DEV-0200,HIGH,MEDIUM,10,3,1,0,Optimization terminated successfully. (HiGHS Status 7: Optimal),True,1064.0,1064.0,0.0,0,1064,1064,0,1.0,1064,True,0.0,6307,1064,0.16870144284128746,90,39,0.0001689000055193901,0.0008167999912984669,0.000985699996817857
DEV-0201,HIGH,SMALL,6,4,1,0,Optimization terminated successfully. (HiGHS Status 7: Optimal),True,518.0,518.0,0.0,0,518,518,0,1.0,518,True,0.0,5244,518,0.09877955758962624,72,30,0.00015559999155811965,0.0007600999961141497,0.0009156999876722693
DEV-0202,MODERATE,MEDIUM,11,3,1,0,Optimization terminated successfully. (HiGHS Status 7: Optimal),True,1465.0,1465.0,0.0,0,1465,1465,0,1.0,1465,True,0.0,8635,1465,0.1696583671105964,99,42,0.00017179999849759042,0.0008421999809797853,0.0010139999794773757
DEV-0203,HIGH,LARGE,23,3,3,0,Optimization terminated successfully. (HiGHS Status 7: Optimal),True,1256.0,1256.0,0.0,0,1256,1256,0,1.0,1256,True,0.0,15850,1256,0.07924290220820189,207,78,0.00023220002185553312,0.0011112000211142004,0.0013434000429697335
DEV-0204,HIGH,SMALL,3,3,1,0,Optimization terminated successfully. (HiGHS Status 7: Optimal),True,819.0,819.0,0.0,0,1567,819,748,0.5226547543075941,819,True,0.0,2020,819,0.4054455445544555,27,18,0.00012920002336613834,0.0006591999845113605,0.0007884000078774989
DEV-0205,HIGH,SMALL,3,2,2,0,Optimization terminated successfully. (HiGHS Status 7: Optimal),True,1086.0,1086.0,0.0,1,1174,1086,88,0.9250425894378195,1086,True,0.0,1957,1086,0.5549310168625448,18,15,0.0001233000075444579,0.009313999995356426,0.009437300002900884
DEV-0206,HIGH,LARGE,28,5,2,0,Optimization terminated successfully. (HiGHS Status 7: Optimal),True,1742.0,1742.0,0.0,0,1742,1742,0,1.0,1742,True,0.0,18601,1742,0.09365087898500081,420,99,0.0003527000080794096,0.001664000010350719,0.0020167000184301287
DEV-0207,HIGH,LARGE,23,5,3,0,Optimization terminated successfully. (HiGHS Status 7: Optimal),True,1980.0,1980.0,0.0,1,1980,1980,0,1.0,1980,True,0.0,18040,1980,0.10975609756097561,345,84,0.00030399998649954796,0.0061753000190947205,0.0064793000055942684
DEV-0208,HIGH,SMALL,4,3,1,0,Optimization terminated successfully. (HiGHS Status 7: Optimal),True,369.0,369.0,0.0,0,484,369,115,0.762396694214876,369,True,0.0,2994,369,0.12324649298597194,36,21,0.00014099999680183828,0.0007010000117588788,0.0008420000085607171
DEV-0209,MODERATE,MEDIUM,14,2,1,0,Optimization terminated successfully. (HiGHS Status 7: Optimal),True,375.0,375.0,0.0,0,375,375,0,1.0,375,True,0.0,9878,375,0.03796315043531079,84,48,0.0001728000061120838,0.0008125000167638063,0.0009853000228758901
DEV-0210,MODERATE,SMALL,4,5,1,0,Optimization terminated successfully. (HiGHS Status 7: Optimal),True,604.0,604.0,0.0,0,604,604,0,1.0,604,True,0.0,2752,604,0.2194767441860465,60,27,0.0001514999894425273,0.0007732000085525215,0.0009246999979950488
DEV-0211,HIGH,LARGE,20,5,2,0,Optimization terminated successfully. (HiGHS Status 7: Optimal),True,1805.0,1805.0,0.0,1,1805,1805,0,1.0,1805,True,0.0,14847,1805,0.12157338182797872,300,75,0.00027489999774843454,0.005994399980409071,0.006269299978157505
DEV-0212,MODERATE,MEDIUM,11,4,1,0,Optimization terminated successfully. (HiGHS Status 7: Optimal),True,1448.0,1448.0,0.0,0,1448,1448,0,1.0,1448,True,0.0,6439,1448,0.2248796396956049,132,45,0.0001941000227816403,0.0009338000090792775,0.0011279000318609178
DEV-0213,MODERATE,MEDIUM,9,4,2,0,Optimization terminated successfully. (HiGHS Status 7: Optimal),True,2463.0,2463.0,0.0,1,2463,2463,0,1.0,2463,True,0.0,6432,2463,0.3829291044776119,108,39,0.00017829998978413641,0.00614420001511462,0.006322500004898757
DEV-0214,MODERATE,LARGE,28,2,3,0,Optimization terminated successfully. (HiGHS Status 7: Optimal),True,1757.0,1757.0,0.0,0,1757,1757,0,1.0,1757,True,0.0,18749,1757,0.09371166462211318,168,90,0.00022730001364834607,0.0010449999826960266,0.0012722999963443726
DEV-0215,HIGH,MEDIUM,10,4,1,0,Optimization terminated successfully. (HiGHS Status 7: Optimal),True,306.0,306.0,0.0,0,306,306,0,1.0,306,True,0.0,9375,306,0.03264,120,42,0.0001846000086516142,0.0009008999913930893,0.0010855000000447035
DEV-0216,MODERATE,SMALL,3,5,1,0,Optimization terminated successfully. (HiGHS Status 7: Optimal),True,1825.0,1825.0,0.0,0,1825,1825,0,1.0,1825,True,0.0,3245,1825,0.5624036979969184,45,24,0.00013940001372247934,0.0007143999973777682,0.0008538000111002475
DEV-0217,HIGH,SMALL,3,4,2,0,Optimization terminated successfully. (HiGHS Status 7: Optimal),True,413.0,413.0,0.0,0,559,413,146,0.738819320214669,413,True,0.0,1194,413,0.3458961474036851,36,21,0.00013339999713934958,0.0007015000155661255,0.0008349000127054751
DEV-0218,HIGH,SMALL,5,2,1,0,Optimization terminated successfully. (HiGHS Status 7: Optimal),True,1564.0,1564.0,0.0,0,1564,1564,0,1.0,1564,True,0.0,3579,1564,0.4369935736239173,30,21,0.00013689999468624592,0.0006710999878123403,0.0008079999824985862
DEV-0219,MODERATE,MEDIUM,9,3,3,0,Optimization terminated successfully. (HiGHS Status 7: Optimal),True,2062.0,2062.0,0.0,0,2062,2062,0,1.0,2062,True,0.0,7991,2062,0.25804029533224876,81,36,0.0001604999997653067,0.0008242999901995063,0.000984799989964813
DEV-0220,HIGH,SMALL,3,5,1,0,Optimization terminated successfully. (HiGHS Status 7: Optimal),True,276.0,276.0,0.0,0,276,276,0,1.0,276,True,0.0,1332,276,0.2072072072072072,45,24,0.00013840000610798597,0.0007166999857872725,0.0008550999918952584
DEV-0221,MODERATE,LARGE,24,3,9,0,Optimization terminated successfully. (HiGHS Status 7: Optimal),True,9092.0,9092.0,0.0,1,9092,9092,0,1.0,9092,True,0.0,18756,9092,0.48475154617189165,216,81,0.00023800000781193376,0.004273400001693517,0.004511400009505451
DEV-0222,HIGH,LARGE,21,2,2,0,Optimization terminated successfully. (HiGHS Status 7: Optimal),True,888.0,888.0,0.0,0,888,888,0,1.0,888,True,0.0,15206,888,0.05839800078916217,126,69,0.00019779999274760485,0.0009288000001106411,0.001126599992858246
DEV-0223,MODERATE,MEDIUM,9,5,1,0,Optimization terminated successfully. (HiGHS Status 7: Optimal),True,700.0,700.0,0.0,0,700,700,0,1.0,700,True,0.0,6574,700,0.10648007301490721,135,42,0.0001891000138130039,0.0010897000029217452,0.001278800016734749
DEV-0224,MODERATE,MEDIUM,9,2,1,0,Optimization terminated successfully. (HiGHS Status 7: Optimal),True,1417.0,1417.0,0.0,0,1417,1417,0,1.0,1417,True,0.0,6514,1417,0.21753147067853854,54,33,0.0001587000151630491,0.0007356999849434942,0.0008944000001065433
DEV-0225,MODERATE,MEDIUM,11,5,1,0,Optimization terminated successfully. (HiGHS Status 7: Optimal),True,482.0,482.0,0.0,0,482,482,0,1.0,482,True,0.0,7248,482,0.06650110375275939,165,48,0.00020890001906082034,0.0010129000002052635,0.0012218000192660838
DEV-0226,HIGH,MEDIUM,9,2,2,0,Optimization terminated successfully. (HiGHS Status 7: Optimal),True,583.0,583.0,0.0,1,583,583,0,1.0,583,True,0.0,5190,583,0.11233140655105973,54,33,0.0001534000039100647,0.008174699993105605,0.00832809999701567
DEV-0227,HIGH,LARGE,30,5,1,0,Optimization terminated successfully. (HiGHS Status 7: Optimal),True,1614.0,1614.0,0.0,0,1614,1614,0,1.0,1614,True,0.0,20453,1614,0.07891262895418764,450,105,0.0003638999769464135,0.0016846999933477491,0.0020485999702941626
DEV-0228,HIGH,SMALL,5,3,2,0,Optimization terminated successfully. (HiGHS Status 7: Optimal),True,840.0,840.0,0.0,0,840,840,0,1.0,840,True,0.0,2397,840,0.3504380475594493,45,24,0.00014219997683539987,0.0007298999989870936,0.0008720999758224934
DEV-0229,MODERATE,LARGE,20,2,4,0,Optimization terminated successfully. (HiGHS Status 7: Optimal),True,1440.0,1440.0,0.0,0,1440,1440,0,1.0,1440,True,0.0,8528,1440,0.16885553470919323,120,66,0.00019049999536946416,0.0009054999973159283,0.0010959999926853925
DEV-0230,MODERATE,MEDIUM,11,3,1,0,Optimization terminated successfully. (HiGHS Status 7: Optimal),True,138.0,138.0,0.0,0,138,138,0,1.0,138,True,0.0,11006,138,0.012538615300745048,99,42,0.00024029999622143805,0.0008910000033210963,0.0011312999995425344
DEV-0231,HIGH,SMALL,4,2,2,0,Optimization terminated successfully. (HiGHS Status 7: Optimal),True,1935.0,1935.0,0.0,1,2911,1935,976,0.664720027481965,1935,True,0.0,5083,1935,0.380680700373795,24,18,0.0001286999904550612,0.006844500021543354,0.006973200011998415
DEV-0232,LOW,LARGE,25,2,2,0,Optimization terminated successfully. (HiGHS Status 7: Optimal),True,1173.0,1173.0,0.0,0,1173,1173,0,1.0,1173,True,0.0,16359,1173,0.07170364936732074,150,81,0.00021440000273287296,0.0009985000069718808,0.0012129000097047538
DEV-0233,HIGH,SMALL,6,2,2,0,Optimization terminated successfully. (HiGHS Status 7: Optimal),True,595.0,595.0,0.0,0,595,595,0,1.0,595,True,0.0,2659,595,0.2237683339601354,36,24,0.00014519999967887998,0.0007072000007610768,0.0008524000004399568
DEV-0234,MODERATE,SMALL,6,3,1,0,Optimization terminated successfully. (HiGHS Status 7: Optimal),True,146.0,146.0,0.0,0,146,146,0,1.0,146,True,0.0,5579,146,0.02616956443807134,54,27,0.00014790002023801208,0.0007436000159941614,0.0008915000362321734
DEV-0235,HIGH,LARGE,19,5,1,0,Optimization terminated successfully. (HiGHS Status 7: Optimal),True,729.0,729.0,0.0,0,729,729,0,1.0,729,True,0.0,11536,729,0.06319348127600555,285,72,0.0002764999808277935,0.0012682000233326107,0.0015447000041604042
DEV-0236,MODERATE,SMALL,4,2,1,0,Optimization terminated successfully. (HiGHS Status 7: Optimal),True,1755.0,1755.0,0.0,0,1755,1755,0,1.0,1755,True,0.0,5136,1755,0.34170560747663553,24,18,0.00012939999578520656,0.0006677000201307237,0.0007971000159159303
DEV-0237,HIGH,LARGE,28,4,1,0,Optimization terminated successfully. (HiGHS Status 7: Optimal),True,1369.0,1369.0,0.0,0,1369,1369,0,1.0,1369,True,0.0,20708,1369,0.06610971605176744,336,96,0.0002978999982587993,0.0013948999985586852,0.0016927999968174845
DEV-0238,HIGH,LARGE,19,4,4,0,Optimization terminated successfully. (HiGHS Status 7: Optimal),True,3094.0,3094.0,0.0,1,3094,3094,0,1.0,3094,True,0.0,13593,3094,0.22761715588906054,228,69,0.0002793000021483749,0.004402299993671477,0.004681599995819852
DEV-0239,MODERATE,MEDIUM,13,4,3,0,Optimization terminated successfully. (HiGHS Status 7: Optimal),True,470.0,470.0,0.0,0,470,470,0,1.0,470,True,0.0,8108,470,0.05796743956586088,156,51,0.00021199998445808887,0.0010059000051114708,0.0012178999895695597
DEV-0240,HIGH,LARGE,19,4,3,0,Optimization terminated successfully. (HiGHS Status 7: Optimal),True,1105.0,1105.0,0.0,1,1105,1105,0,1.0,1105,True,0.0,11183,1105,0.09881069480461414,228,69,0.00023809997946955264,0.007948600017698482,0.008186699997168034
DEV-0241,MODERATE,MEDIUM,10,4,2,0,Optimization terminated successfully. (HiGHS Status 7: Optimal),True,1208.0,1208.0,0.0,0,1208,1208,0,1.0,1208,True,0.0,10926,1208,0.11056196229178107,120,42,0.00018780000391416252,0.0009512999968137592,0.0011391000007279217
DEV-0242,MODERATE,LARGE,22,4,2,0,Optimization terminated successfully. (HiGHS Status 7: Optimal),True,1223.0,1223.0,0.0,0,1223,1223,0,1.0,1223,True,0.0,15133,1223,0.08081675807837177,264,78,0.00039739999920129776,0.0012650999997276813,0.001662499998928979
DEV-0243,HIGH,LARGE,26,2,2,0,Optimization terminated successfully. (HiGHS Status 7: Optimal),True,1874.0,1874.0,0.0,0,1874,1874,0,1.0,1874,True,0.0,20429,1874,0.09173234127955357,156,84,0.00022050002007745206,0.0009935999987646937,0.0012141000188421458
DEV-0244,MODERATE,SMALL,5,2,1,0,Optimization terminated successfully. (HiGHS Status 7: Optimal),True,309.0,309.0,0.0,0,309,309,0,1.0,309,True,0.0,2899,309,0.1065884787857882,30,21,0.00013749999925494194,0.0006818000110797584,0.0008193000103347003
DEV-0245,HIGH,MEDIUM,9,4,1,0,Optimization terminated successfully. (HiGHS Status 7: Optimal),True,17.0,17.0,0.0,0,17,17,0,1.0,17,True,0.0,6416,17,0.002649625935162095,108,39,0.00017319998005405068,0.0008451000030618161,0.0010182999831158668
DEV-0246,HIGH,SMALL,3,3,1,0,Optimization terminated successfully. (HiGHS Status 7: Optimal),True,1588.0,1588.0,0.0,0,1588,1588,0,1.0,1588,True,0.0,4220,1588,0.376303317535545,27,18,0.00012790001346729696,0.0006639000202994794,0.0007918000337667763
DEV-0247,HIGH,LARGE,19,2,1,0,Optimization terminated successfully. (HiGHS Status 7: Optimal),True,757.0,757.0,0.0,0,757,757,0,1.0,757,True,0.0,14800,757,0.05114864864864865,114,63,0.00018770000315271318,0.0008968999900389463,0.0010845999931916595
DEV-0248,MODERATE,MEDIUM,9,4,1,0,Optimization terminated successfully. (HiGHS Status 7: Optimal),True,1343.0,1343.0,0.0,0,1343,1343,0,1.0,1343,True,0.0,6552,1343,0.20497557997557997,108,39,0.00018350000027567148,0.0008690000104252249,0.0010525000107008964
DEV-0249,HIGH,MEDIUM,8,3,1,0,Optimization terminated successfully. (HiGHS Status 7: Optimal),True,2.0,2.0,0.0,0,2,2,0,1.0,2,True,0.0,4850,2,0.0004123711340206186,72,33,0.00016190001042559743,0.0007597999938298017,0.0009217000042553991
DEV-0250,LOW,LARGE,21,2,1,0,Optimization terminated successfully. (HiGHS Status 7: Optimal),True,1012.0,1012.0,0.0,0,1012,1012,0,1.0,1012,True,0.0,20050,1012,0.05047381546134663,126,69,0.0002010999887716025,0.0008985000022221357,0.0010995999909937382
DEV-0251,MODERATE,LARGE,22,2,1,0,Optimization terminated successfully. (HiGHS Status 7: Optimal),True,1412.0,1412.0,0.0,0,1412,1412,0,1.0,1412,True,0.0,15962,1412,0.0884600927202105,132,72,0.00019719998817890882,0.0009164000221062452,0.001113600010285154
DEV-0252,HIGH,LARGE,24,5,6,0,Optimization terminated successfully. (HiGHS Status 7: Optimal),True,2700.0,2700.0,0.0,1,2700,2700,0,1.0,2700,True,0.0,14680,2700,0.18392370572207084,360,87,0.0003040000156033784,0.004455499991308898,0.004759500006912276
DEV-0253,HIGH,LARGE,25,2,2,0,Optimization terminated successfully. (HiGHS Status 7: Optimal),True,1074.0,1074.0,0.0,0,1074,1074,0,1.0,1074,True,0.0,20539,1074,0.0522907639125566,150,81,0.000238799984799698,0.0009932999964803457,0.0012320999812800437
DEV-0254,MODERATE,LARGE,25,3,6,0,Optimization terminated successfully. (HiGHS Status 7: Optimal),True,6285.0,6285.0,0.0,0,6285,6285,0,1.0,6285,True,0.0,22768,6285,0.27604532677442023,225,84,0.00024330001906491816,0.0012181000201962888,0.001461400039261207
DEV-0255,HIGH,MEDIUM,13,5,2,0,Optimization terminated successfully. (HiGHS Status 7: Optimal),True,2417.0,2417.0,0.0,1,2417,2417,0,1.0,2417,True,0.0,10117,2417,0.23890481367994465,195,54,0.00022089999401941895,0.0046996999881230295,0.004920599982142448
DEV-0256,HIGH,SMALL,6,5,1,0,Optimization terminated successfully. (HiGHS Status 7: Optimal),True,181.0,181.0,0.0,0,183,181,2,0.9890710382513661,181,True,0.0,2299,181,0.07872988255763376,90,33,0.00016759999562054873,0.0008230000094044954,0.000990600005025044
DEV-0257,MODERATE,LARGE,27,3,7,0,Optimization terminated successfully. (HiGHS Status 7: Optimal),True,4154.0,4154.0,0.0,0,4154,4154,0,1.0,4154,True,0.0,14849,4154,0.2797494780793319,243,90,0.0002565000031609088,0.0012558999878820032,0.001512399991042912
DEV-0258,HIGH,MEDIUM,8,4,1,0,Optimization terminated successfully. (HiGHS Status 7: Optimal),True,1387.0,1387.0,0.0,0,1387,1387,0,1.0,1387,True,0.0,6780,1387,0.20457227138643067,96,36,0.0001750000228639692,0.0008334999729413539,0.0010084999958053231
DEV-0259,HIGH,LARGE,19,4,5,0,Optimization terminated successfully. (HiGHS Status 7: Optimal),True,2651.0,2651.0,0.0,1,2651,2651,0,1.0,2651,True,0.0,15510,2651,0.17092198581560283,228,69,0.00024389999452978373,0.0041846999956760556,0.004428599990205839
DEV-0260,MODERATE,SMALL,5,4,2,0,Optimization terminated successfully. (HiGHS Status 7: Optimal),True,118.0,118.0,0.0,0,118,118,0,1.0,118,True,0.0,1893,118,0.06233491811938722,60,27,0.00015269999857991934,0.0007767999777570367,0.000929499976336956
DEV-0261,MODERATE,MEDIUM,11,2,1,0,Optimization terminated successfully. (HiGHS Status 7: Optimal),True,1633.0,1633.0,0.0,0,1633,1633,0,1.0,1633,True,0.0,7538,1633,0.2166357123905545,66,39,0.00015890001668594778,0.00077039998723194,0.0009293000039178878
DEV-0262,LOW,LARGE,29,3,1,0,Optimization terminated successfully. (HiGHS Status 7: Optimal),True,1140.0,1140.0,0.0,0,1140,1140,0,1.0,1140,True,0.0,20193,1140,0.056455207250037144,261,96,0.0002671999973244965,0.00122819998068735,0.0014953999780118465
DEV-0263,MODERATE,SMALL,4,2,1,0,Optimization terminated successfully. (HiGHS Status 7: Optimal),True,168.0,168.0,0.0,0,168,168,0,1.0,168,True,0.0,1007,168,0.16683217477656406,24,18,0.00013269999180920422,0.0006754999922122806,0.0008081999840214849
DEV-0264,MODERATE,LARGE,20,2,1,0,Optimization terminated successfully. (HiGHS Status 7: Optimal),True,1353.0,1353.0,0.0,0,1353,1353,0,1.0,1353,True,0.0,15472,1353,0.08744829369183041,120,66,0.00019019999308511615,0.0008948000031523407,0.0010849999962374568
DEV-0265,HIGH,LARGE,20,3,8,0,Optimization terminated successfully. (HiGHS Status 7: Optimal),True,4969.0,4969.0,0.0,1,4969,4969,0,1.0,4969,True,0.0,10588,4969,0.469304873441632,180,69,0.00022449999232776463,0.003376000007847324,0.0036005000001750886
DEV-0266,LOW,SMALL,5,2,2,0,Optimization terminated successfully. (HiGHS Status 7: Optimal),True,2700.0,2700.0,0.0,0,2700,2700,0,1.0,2700,True,0.0,3872,2700,0.6973140495867769,30,21,0.00013699999544769526,0.0007153000042308122,0.0008522999996785074
DEV-0267,MODERATE,SMALL,6,3,2,0,Optimization terminated successfully. (HiGHS Status 7: Optimal),True,1065.0,1065.0,0.0,0,1065,1065,0,1.0,1065,True,0.0,3127,1065,0.34058202750239847,54,27,0.00014650000957772136,0.0007405999931506813,0.0008871000027284026
DEV-0268,LOW,SMALL,3,2,2,0,Optimization terminated successfully. (HiGHS Status 7: Optimal),True,2290.0,2290.0,0.0,1,2290,2290,0,1.0,2290,True,0.0,3222,2290,0.7107386716325264,18,15,0.00012549999519251287,0.008098599995719269,0.008224099990911782
DEV-0269,MODERATE,MEDIUM,13,2,1,0,Optimization terminated successfully. (HiGHS Status 7: Optimal),True,1264.0,1264.0,0.0,0,1264,1264,0,1.0,1264,True,0.0,11401,1264,0.11086746776598544,78,45,0.00017240000306628644,0.0008097999962046742,0.0009821999992709607
DEV-0270,HIGH,LARGE,21,2,3,0,Optimization terminated successfully. (HiGHS Status 7: Optimal),True,3182.0,3182.0,0.0,0,3182,3182,0,1.0,3182,True,0.0,18076,3182,0.17603452091170613,126,69,0.00019799999427050352,0.0009309000161010772,0.0011289000103715807
DEV-0271,HIGH,SMALL,6,4,1,0,Optimization terminated successfully. (HiGHS Status 7: Optimal),True,1328.0,1328.0,0.0,0,1480,1328,152,0.8972972972972973,1328,True,0.0,3676,1328,0.36126224156692055,72,30,0.00016190001042559743,0.0007670999912079424,0.0009290000016335398
DEV-0272,HIGH,SMALL,3,3,1,0,Optimization terminated successfully. (HiGHS Status 7: Optimal),True,1901.0,1901.0,0.0,0,2022,1901,121,0.940158259149357,1901,True,0.0,3553,1901,0.5350408105826062,27,18,0.0001351999817416072,0.000670000008540228,0.0008051999902818352
DEV-0273,HIGH,SMALL,4,4,1,0,Optimization terminated successfully. (HiGHS Status 7: Optimal),True,552.0,552.0,0.0,0,552,552,0,1.0,552,True,0.0,2015,552,0.2739454094292804,48,24,0.00014089999604038894,0.0007272000075317919,0.0008681000035721809
DEV-0274,HIGH,LARGE,29,3,1,0,Optimization terminated successfully. (HiGHS Status 7: Optimal),True,423.0,423.0,0.0,0,423,423,0,1.0,423,True,0.0,18590,423,0.02275416890801506,261,96,0.0002673999988473952,0.0012305999989621341,0.0014979999978095293
DEV-0275,MODERATE,SMALL,5,4,1,0,Optimization terminated successfully. (HiGHS Status 7: Optimal),True,2073.0,2073.0,0.0,0,2073,2073,0,1.0,2073,True,0.0,5546,2073,0.3737829065993509,60,27,0.00014799999189563096,0.000759899994591251,0.000907899986486882
DEV-0276,HIGH,LARGE,24,5,1,0,Optimization terminated successfully. (HiGHS Status 7: Optimal),True,626.0,626.0,0.0,0,626,626,0,1.0,626,True,0.0,11925,626,0.05249475890985325,360,87,0.000308599992422387,0.0015056999982334673,0.0018142999906558543
DEV-0277,HIGH,SMALL,4,3,1,0,Optimization terminated successfully. (HiGHS Status 7: Optimal),True,642.0,642.0,0.0,0,642,642,0,1.0,642,True,0.0,2248,642,0.28558718861209964,36,21,0.00013599998783320189,0.0006930000090505928,0.0008289999968837947
DEV-0278,MODERATE,SMALL,3,4,1,0,Optimization terminated successfully. (HiGHS Status 7: Optimal),True,21.0,21.0,0.0,0,21,21,0,1.0,21,True,0.0,805,21,0.02608695652173913,36,21,0.00013410000246949494,0.0006719999946653843,0.0008060999971348792
DEV-0279,HIGH,LARGE,25,2,10,0,Optimization terminated successfully. (HiGHS Status 7: Optimal),True,7211.0,7211.0,0.0,1,7211,7211,0,1.0,7211,True,0.0,19683,7211,0.3663567545597724,150,81,0.0003139000036753714,0.004725899983895943,0.005039799987571314
DEV-0280,HIGH,MEDIUM,11,4,4,0,Optimization terminated successfully. (HiGHS Status 7: Optimal),True,3844.0,3844.0,0.0,1,3844,3844,0,1.0,3844,True,0.0,8948,3844,0.4295932051855163,132,45,0.00019359998987056315,0.0033801000099629164,0.0035736999998334795
DEV-0281,HIGH,MEDIUM,12,3,1,0,Optimization terminated successfully. (HiGHS Status 7: Optimal),True,331.0,331.0,0.0,0,331,331,0,1.0,331,True,0.0,10684,331,0.03098090602770498,108,45,0.00018289999570697546,0.0008900999964680523,0.0010729999921750277
DEV-0282,HIGH,SMALL,6,2,2,0,Optimization terminated successfully. (HiGHS Status 7: Optimal),True,1133.0,1133.0,0.0,1,1518,1133,385,0.7463768115942029,1133,True,0.0,2579,1133,0.4393175649476541,36,24,0.0001385000068694353,0.008107700006803498,0.008246200013672933
DEV-0283,MODERATE,MEDIUM,14,4,1,0,Optimization terminated successfully. (HiGHS Status 7: Optimal),True,993.0,993.0,0.0,0,993,993,0,1.0,993,True,0.0,10723,993,0.09260468152569244,168,54,0.00021749999723397195,0.0010183000122196972,0.0012358000094536692
DEV-0284,HIGH,LARGE,21,5,5,0,Optimization terminated successfully. (HiGHS Status 7: Optimal),True,5039.0,5039.0,0.0,1,5039,5039,0,1.0,5039,True,0.0,16039,5039,0.31417170646549036,315,78,0.00028840001323260367,0.0037585999816656113,0.004046999994898215
DEV-0285,HIGH,LARGE,24,4,1,0,Optimization terminated successfully. (HiGHS Status 7: Optimal),True,976.0,976.0,0.0,0,976,976,0,1.0,976,True,0.0,15203,976,0.06419785568637769,288,84,0.000274300022283569,0.0012892999802716076,0.0015636000025551766
DEV-0286,HIGH,LARGE,26,3,6,0,Optimization terminated successfully. (HiGHS Status 7: Optimal),True,6872.0,6872.0,0.0,1,6872,6872,0,1.0,6872,True,0.0,20887,6872,0.3290084741705367,234,87,0.00025560002541169524,0.0035555000067688525,0.0038111000321805477
DEV-0287,MODERATE,MEDIUM,13,3,1,0,Optimization terminated successfully. (HiGHS Status 7: Optimal),True,565.0,565.0,0.0,0,565,565,0,1.0,565,True,0.0,9279,565,0.060890182131695225,117,48,0.0001889999839477241,0.0009289000008720905,0.0011178999848198146
DEV-0288,MODERATE,LARGE,20,4,4,0,Optimization terminated successfully. (HiGHS Status 7: Optimal),True,2941.0,2941.0,0.0,0,2941,2941,0,1.0,2941,True,0.0,13093,2941,0.22462384480256625,240,72,0.00024900000425986946,0.001284099998883903,0.0015331000031437725
DEV-0289,HIGH,LARGE,20,3,4,0,Optimization terminated successfully. (HiGHS Status 7: Optimal),True,2374.0,2374.0,0.0,1,2374,2374,0,1.0,2374,True,0.0,12431,2374,0.19097417745957687,180,69,0.00023720000172033906,0.005380200018407777,0.005617400020128116
DEV-0290,HIGH,SMALL,5,4,1,0,Optimization terminated successfully. (HiGHS Status 7: Optimal),True,313.0,313.0,0.0,0,313,313,0,1.0,313,True,0.0,6202,313,0.05046759109964528,60,27,0.0001540999801363796,0.0007697000110056251,0.0009237999911420047
DEV-0291,MODERATE,LARGE,24,3,6,0,Optimization terminated successfully. (HiGHS Status 7: Optimal),True,3431.0,3431.0,0.0,0,3431,3431,0,1.0,3431,True,0.0,16307,3431,0.21040044152817808,216,81,0.0002395999908912927,0.0011740000045392662,0.001413599995430559
DEV-0292,HIGH,SMALL,3,5,1,0,Optimization terminated successfully. (HiGHS Status 7: Optimal),True,1079.0,1079.0,0.0,0,1455,1079,376,0.7415807560137457,1079,True,0.0,2483,1079,0.43455497382198954,45,24,0.00014220000593923032,0.0007279999845195562,0.0008701999904587865
DEV-0293,MODERATE,MEDIUM,8,3,1,0,Optimization terminated successfully. (HiGHS Status 7: Optimal),True,13.0,13.0,0.0,0,13,13,0,1.0,13,True,0.0,5206,13,0.0024971187091817133,72,33,0.00015750000602565706,0.0008000999805517495,0.0009575999865774065
DEV-0294,HIGH,SMALL,3,3,1,0,Optimization terminated successfully. (HiGHS Status 7: Optimal),True,9.0,9.0,0.0,0,9,9,0,1.0,9,True,0.0,1164,9,0.007731958762886598,27,18,0.00012989999959245324,0.000673700007610023,0.0008036000072024763
DEV-0295,HIGH,MEDIUM,12,2,6,0,Optimization terminated successfully. (HiGHS Status 7: Optimal),True,3396.0,3396.0,0.0,1,3396,3396,0,1.0,3396,True,0.0,9015,3396,0.3767054908485857,72,42,0.0001632000203244388,0.005802100000437349,0.005965300020761788
DEV-0296,MODERATE,LARGE,26,2,6,0,Optimization terminated successfully. (HiGHS Status 7: Optimal),True,5193.0,5193.0,0.0,0,5193,5193,0,1.0,5193,True,0.0,22424,5193,0.23158223332144132,156,84,0.0002206000208389014,0.0010240999981760979,0.0012447000190149993
DEV-0297,MODERATE,MEDIUM,9,4,1,0,Optimization terminated successfully. (HiGHS Status 7: Optimal),True,984.0,984.0,0.0,0,984,984,0,1.0,984,True,0.0,8414,984,0.11694794390301878,108,39,0.00019680001423694193,0.0008744999940972775,0.0010713000083342195
DEV-0298,MODERATE,SMALL,3,4,1,0,Optimization terminated successfully. (HiGHS Status 7: Optimal),True,1451.0,1451.0,0.0,0,1451,1451,0,1.0,1451,True,0.0,2846,1451,0.5098383696416022,36,21,0.00013569998554885387,0.0007244999869726598,0.0008601999725215137
DEV-0299,MODERATE,LARGE,26,5,4,0,Optimization terminated successfully. (HiGHS Status 7: Optimal),True,2165.0,2165.0,0.0,0,2165,2165,0,1.0,2165,True,0.0,14273,2165,0.15168499964968823,390,93,0.0003243999963160604,0.0016116999904625118,0.0019360999867785722
DEV-0300,MODERATE,LARGE,23,2,11,0,Optimization terminated successfully. (HiGHS Status 7: Optimal),True,3988.0,3988.0,0.0,0,3988,3988,0,1.0,3988,True,0.0,12499,3988,0.31906552524201937,138,75,0.00020490001770667732,0.0010073999874293804,0.0012123000051360577
DEV-0301,LOW,SMALL,3,2,1,0,Optimization terminated successfully. (HiGHS Status 7: Optimal),True,549.0,549.0,0.0,0,549,549,0,1.0,549,True,0.0,1803,549,0.30449251247920134,18,15,0.00013249999028630555,0.0006451999943237752,0.0007776999846100807
DEV-0302,HIGH,MEDIUM,13,2,2,0,Optimization terminated successfully. (HiGHS Status 7: Optimal),True,1182.0,1182.0,0.0,1,1271,1182,89,0.9299763965381589,1182,True,0.0,5600,1182,0.21107142857142858,78,45,0.0001640999980736524,0.00827930000377819,0.008443400001851842
DEV-0303,MODERATE,SMALL,5,3,2,0,Optimization terminated successfully. (HiGHS Status 7: Optimal),True,1995.0,1995.0,0.0,1,1995,1995,0,1.0,1995,True,0.0,3964,1995,0.5032795156407669,45,24,0.0001453000004403293,0.006763699988368899,0.006908999988809228
DEV-0304,HIGH,MEDIUM,12,2,1,0,Optimization terminated successfully. (HiGHS Status 7: Optimal),True,466.0,466.0,0.0,0,466,466,0,1.0,466,True,0.0,6510,466,0.07158218125960061,72,42,0.00016609998419880867,0.0008029000018723309,0.0009689999860711396
DEV-0305,HIGH,SMALL,3,5,1,0,Optimization terminated successfully. (HiGHS Status 7: Optimal),True,1121.0,1121.0,0.0,0,1596,1121,475,0.7023809523809523,1121,True,0.0,2680,1121,0.41828358208955224,45,24,0.00014250000822357833,0.0007119999791029841,0.0008544999873265624
DEV-0306,HIGH,LARGE,29,3,8,0,Optimization terminated successfully. (HiGHS Status 7: Optimal),True,7394.0,7394.0,0.0,1,7394,7394,0,1.0,7394,True,0.0,24118,7394,0.30657600132680984,261,96,0.0002671999973244965,0.0033946000039577484,0.003661800001282245
DEV-0307,MODERATE,LARGE,24,2,5,0,Optimization terminated successfully. (HiGHS Status 7: Optimal),True,4182.0,4182.0,0.0,0,4182,4182,0,1.0,4182,True,0.0,22763,4182,0.1837191934279313,144,78,0.00021940001170150936,0.0011003999970853329,0.0013198000087868422
DEV-0308,LOW,SMALL,3,3,1,0,Optimization terminated successfully. (HiGHS Status 7: Optimal),True,638.0,638.0,0.0,0,638,638,0,1.0,638,True,0.0,2738,638,0.23301680058436816,27,18,0.00013380000018514693,0.0006955999997444451,0.000829399999929592
DEV-0309,MODERATE,SMALL,6,5,1,0,Optimization terminated successfully. (HiGHS Status 7: Optimal),True,302.0,302.0,0.0,0,302,302,0,1.0,302,True,0.0,3834,302,0.07876890975482524,90,33,0.00017290000687353313,0.0008225000055972487,0.0009954000124707818
DEV-0310,HIGH,LARGE,19,3,1,0,Optimization terminated successfully. (HiGHS Status 7: Optimal),True,1563.0,1563.0,0.0,0,1563,1563,0,1.0,1563,True,0.0,12957,1563,0.12062977541097476,171,66,0.00021659999038092792,0.0010320000001229346,0.0012485999905038625
DEV-0311,HIGH,MEDIUM,13,2,1,0,Optimization terminated successfully. (HiGHS Status 7: Optimal),True,185.0,185.0,0.0,0,185,185,0,1.0,185,True,0.0,9474,185,0.01952712687354866,78,45,0.00016530000721104443,0.0007866999949328601,0.0009520000021439046
DEV-0312,MODERATE,SMALL,6,4,1,0,Optimization terminated successfully. (HiGHS Status 7: Optimal),True,276.0,276.0,0.0,0,276,276,0,1.0,276,True,0.0,3776,276,0.07309322033898305,72,30,0.0001564999984111637,0.0007636000227648765,0.0009201000211760402
DEV-0313,MODERATE,SMALL,4,3,2,0,Optimization terminated successfully. (HiGHS Status 7: Optimal),True,2280.0,2280.0,0.0,1,2280,2280,0,1.0,2280,True,0.0,3131,2280,0.7282018524433088,36,21,0.0001328999933321029,0.0048781999794300646,0.0050110999727621675
DEV-0314,MODERATE,SMALL,4,3,1,0,Optimization terminated successfully. (HiGHS Status 7: Optimal),True,843.0,843.0,0.0,0,843,843,0,1.0,843,True,0.0,3451,843,0.2442770211532889,36,21,0.0001391999830957502,0.0007218999962788075,0.0008610999793745577
DEV-0315,LOW,MEDIUM,10,3,2,0,Optimization terminated successfully. (HiGHS Status 7: Optimal),True,1707.0,1707.0,0.0,0,1707,1707,0,1.0,1707,True,0.0,5105,1707,0.3343780607247796,90,39,0.0001703999878372997,0.0008470999891869724,0.001017499977024272
DEV-0316,HIGH,LARGE,19,2,3,0,Optimization terminated successfully. (HiGHS Status 7: Optimal),True,2846.0,2846.0,0.0,1,2846,2846,0,1.0,2846,True,0.0,14176,2846,0.20076185101580135,114,63,0.00018859998090192676,0.006319600011920556,0.006508199992822483
DEV-0317,HIGH,MEDIUM,12,5,1,0,Optimization terminated successfully. (HiGHS Status 7: Optimal),True,744.0,744.0,0.0,0,744,744,0,1.0,744,True,0.0,8956,744,0.08307280035730237,180,51,0.0002169000217691064,0.001051500003086403,0.0012684000248555094
DEV-0318,HIGH,SMALL,4,2,1,0,Optimization terminated successfully. (HiGHS Status 7: Optimal),True,1902.0,1902.0,0.0,0,1902,1902,0,1.0,1902,True,0.0,3819,1902,0.49803613511390415,24,18,0.00013080000644549727,0.000683599995682016,0.0008144000021275133
DEV-0319,MODERATE,SMALL,4,4,1,0,Optimization terminated successfully. (HiGHS Status 7: Optimal),True,1206.0,1206.0,0.0,0,1206,1206,0,1.0,1206,True,0.0,2409,1206,0.5006226650062267,48,24,0.00014360001659952104,0.0007479000196326524,0.0008915000362321734
DEV-0320,MODERATE,LARGE,20,4,4,0,Optimization terminated successfully. (HiGHS Status 7: Optimal),True,3675.0,3675.0,0.0,0,3675,3675,0,1.0,3675,True,0.0,16574,3675,0.22173283456015447,240,72,0.00024750002194195986,0.0012543999764602631,0.001501899998402223
DEV-0321,LOW,SMALL,4,4,1,0,Optimization terminated successfully. (HiGHS Status 7: Optimal),True,14.0,14.0,0.0,0,14,14,0,1.0,14,True,0.0,1841,14,0.0076045627376425855,48,24,0.00014200000441633165,0.0007307000050786883,0.0008727000094950199
DEV-0322,LOW,MEDIUM,12,3,2,0,Optimization terminated successfully. (HiGHS Status 7: Optimal),True,602.0,602.0,0.0,0,602,602,0,1.0,602,True,0.0,6330,602,0.09510268562401264,108,45,0.00018690002616494894,0.0008621000160928816,0.0010490000422578305
DEV-0323,MODERATE,SMALL,4,3,1,0,Optimization terminated successfully. (HiGHS Status 7: Optimal),True,1411.0,1411.0,0.0,0,1411,1411,0,1.0,1411,True,0.0,3764,1411,0.3748671625929862,36,21,0.00013540001236833632,0.0006933000113349408,0.0008287000237032771
DEV-0324,LOW,SMALL,5,4,1,0,Optimization terminated successfully. (HiGHS Status 7: Optimal),True,448.0,448.0,0.0,0,448,448,0,1.0,448,True,0.0,3643,448,0.12297556958550646,60,27,0.000152299995534122,0.0007397999870590866,0.0008920999825932086
DEV-0325,LOW,SMALL,3,3,1,0,Optimization terminated successfully. (HiGHS Status 7: Optimal),True,30.0,30.0,0.0,0,30,30,0,1.0,30,True,0.0,2665,30,0.01125703564727955,27,18,0.00012790001346729696,0.0006715000199619681,0.000799400033429265
DEV-0326,HIGH,SMALL,6,3,3,0,Optimization terminated successfully. (HiGHS Status 7: Optimal),True,1815.0,1815.0,0.0,1,1815,1815,0,1.0,1815,True,0.0,4252,1815,0.4268579492003763,54,27,0.0001432000135537237,0.006048099981853738,0.006191299995407462
DEV-0327,LOW,SMALL,4,4,1,0,Optimization terminated successfully. (HiGHS Status 7: Optimal),True,208.0,208.0,0.0,0,208,208,0,1.0,208,True,0.0,2605,208,0.07984644913627639,48,24,0.00014540000120177865,0.0007393999840132892,0.0008847999852150679
DEV-0328,HIGH,LARGE,22,2,2,0,Optimization terminated successfully. (HiGHS Status 7: Optimal),True,1675.0,1675.0,0.0,0,1675,1675,0,1.0,1675,True,0.0,12839,1675,0.13046187397772413,132,72,0.00020179999410174787,0.0009473000245634466,0.0011491000186651945
DEV-0329,HIGH,MEDIUM,13,5,2,0,Optimization terminated successfully. (HiGHS Status 7: Optimal),True,2824.0,2824.0,0.0,1,2824,2824,0,1.0,2824,True,0.0,8191,2824,0.3447686485166646,195,54,0.00022190000163391232,0.004699200013419613,0.004921100015053526
DEV-0330,MODERATE,LARGE,28,4,3,0,Optimization terminated successfully. (HiGHS Status 7: Optimal),True,2779.0,2779.0,0.0,0,2779,2779,0,1.0,2779,True,0.0,13387,2779,0.20758945245387317,336,96,0.0003042000171262771,0.0014547999890055507,0.0017590000061318278
DEV-0331,HIGH,MEDIUM,14,2,6,0,Optimization terminated successfully. (HiGHS Status 7: Optimal),True,4788.0,4788.0,0.0,1,5675,4788,887,0.8437004405286344,4788,True,0.0,12924,4788,0.37047353760445684,84,48,0.0001700999855529517,0.003968100005295128,0.004138199990848079
DEV-0332,MODERATE,MEDIUM,11,4,3,0,Optimization terminated successfully. (HiGHS Status 7: Optimal),True,3716.0,3716.0,0.0,0,3716,3716,0,1.0,3716,True,0.0,9219,3716,0.40308059442455796,132,45,0.00019459999748505652,0.0009592999995220453,0.0011538999970071018
DEV-0333,LOW,LARGE,28,5,3,0,Optimization terminated successfully. (HiGHS Status 7: Optimal),True,1571.0,1571.0,0.0,0,1571,1571,0,1.0,1571,True,0.0,19620,1571,0.08007135575942916,420,99,0.0003493999829515815,0.0016256000089924783,0.0019749999919440597
DEV-0334,HIGH,LARGE,29,2,3,0,Optimization terminated successfully. (HiGHS Status 7: Optimal),True,2036.0,2036.0,0.0,0,2036,2036,0,1.0,2036,True,0.0,24344,2036,0.08363457114689452,174,93,0.00023089998285286129,0.0010887000244110823,0.0013196000072639436
DEV-0335,HIGH,SMALL,3,4,1,0,Optimization terminated successfully. (HiGHS Status 7: Optimal),True,1095.0,1095.0,0.0,0,1955,1095,860,0.5601023017902813,1095,True,0.0,2963,1095,0.3695578805264934,36,21,0.0001351999817416072,0.0007098000205587596,0.0008450000023003668
DEV-0336,MODERATE,LARGE,25,4,3,0,Optimization terminated successfully. (HiGHS Status 7: Optimal),True,4713.0,4713.0,0.0,0,4713,4713,0,1.0,4713,True,0.0,22009,4713,0.21413967013494478,300,87,0.00028300000121816993,0.0013666000158991665,0.0016496000171173364
DEV-0337,HIGH,MEDIUM,11,3,1,0,Optimization terminated successfully. (HiGHS Status 7: Optimal),True,574.0,574.0,0.0,0,574,574,0,1.0,574,True,0.0,3834,574,0.1497130933750652,99,42,0.00017070001922547817,0.0008505000150762498,0.001021200034301728
DEV-0338,LOW,SMALL,5,3,1,0,Optimization terminated successfully. (HiGHS Status 7: Optimal),True,1540.0,1540.0,0.0,0,1540,1540,0,1.0,1540,True,0.0,3228,1540,0.4770755885997522,45,24,0.00014089999604038894,0.0007226000016089529,0.0008634999976493418
DEV-0339,HIGH,MEDIUM,10,3,1,0,Optimization terminated successfully. (HiGHS Status 7: Optimal),True,523.0,523.0,0.0,0,523,523,0,1.0,523,True,0.0,10096,523,0.0518026941362916,90,39,0.00016739999409765005,0.000818300002720207,0.000985699996817857
DEV-0340,HIGH,LARGE,27,2,9,0,Optimization terminated successfully. (HiGHS Status 7: Optimal),True,5809.0,5809.0,0.0,1,5809,5809,0,1.0,5809,True,0.0,16209,5809,0.3583811462767598,162,87,0.0002170999941881746,0.003566400002455339,0.0037834999966435134
DEV-0341,HIGH,LARGE,24,4,4,0,Optimization terminated successfully. (HiGHS Status 7: Optimal),True,2344.0,2344.0,0.0,0,2344,2344,0,1.0,2344,True,0.0,17938,2344,0.1306723157542647,288,84,0.0002804999821819365,0.0014526000013574958,0.0017330999835394323
DEV-0342,LOW,MEDIUM,13,5,4,0,Optimization terminated successfully. (HiGHS Status 7: Optimal),True,3355.0,3355.0,0.0,0,3355,3355,0,1.0,3355,True,0.0,11943,3355,0.2809176923721008,195,54,0.00022300001000985503,0.0011471000034362078,0.0013701000134460628
DEV-0343,HIGH,LARGE,30,2,3,0,Optimization terminated successfully. (HiGHS Status 7: Optimal),True,702.0,702.0,0.0,0,702,702,0,1.0,702,True,0.0,20643,702,0.03400668507484377,180,96,0.00023680002777837217,0.0010790000087581575,0.0013158000365365297
DEV-0344,HIGH,MEDIUM,11,5,1,0,Optimization terminated successfully. (HiGHS Status 7: Optimal),True,98.0,98.0,0.0,0,98,98,0,1.0,98,True,0.0,5091,98,0.019249656256138285,165,48,0.00020619999850168824,0.0010073999874293804,0.0012135999859310687
DEV-0345,MODERATE,SMALL,5,3,1,0,Optimization terminated successfully. (HiGHS Status 7: Optimal),True,1207.0,1207.0,0.0,0,1207,1207,0,1.0,1207,True,0.0,2322,1207,0.5198105081826012,45,24,0.00013989998842589557,0.0007328999927267432,0.0008727999811526388
DEV-0346,LOW,SMALL,4,2,1,0,Optimization terminated successfully. (HiGHS Status 7: Optimal),True,1791.0,1791.0,0.0,0,1791,1791,0,1.0,1791,True,0.0,2984,1791,0.600201072386059,24,18,0.00013080000644549727,0.0006692000024486333,0.0008000000088941306
DEV-0347,HIGH,SMALL,3,3,2,0,Optimization terminated successfully. (HiGHS Status 7: Optimal),True,1467.0,1467.0,0.0,1,1467,1467,0,1.0,1467,True,0.0,3216,1467,0.45615671641791045,27,18,0.00012909999350085855,0.006830600003013387,0.006959699996514246
DEV-0348,MODERATE,LARGE,18,3,3,0,Optimization terminated successfully. (HiGHS Status 7: Optimal),True,1022.0,1022.0,0.0,0,1022,1022,0,1.0,1022,True,0.0,12989,1022,0.07868196165986605,162,63,0.00021639998885802925,0.0010032000136561692,0.0012196000025141984
DEV-0349,HIGH,LARGE,19,2,3,0,Optimization terminated successfully. (HiGHS Status 7: Optimal),True,1859.0,1859.0,0.0,0,1859,1859,0,1.0,1859,True,0.0,16591,1859,0.11204870110300766,114,63,0.00019019999308511615,0.0010159999947063625,0.0012061999877914786
DEV-0350,MODERATE,LARGE,29,4,1,0,Optimization terminated successfully. (HiGHS Status 7: Optimal),True,322.0,322.0,0.0,0,322,322,0,1.0,322,True,0.0,19817,322,0.016248675379724478,348,99,0.00034080000477842987,0.0014375000027939677,0.0017783000075723976
DEV-0351,LOW,LARGE,29,3,5,0,Optimization terminated successfully. (HiGHS Status 7: Optimal),True,2302.0,2302.0,0.0,0,2302,2302,0,1.0,2302,True,0.0,19632,2302,0.11725753871230644,261,96,0.00029769999673590064,0.001245200022822246,0.0015429000195581466
DEV-0352,HIGH,SMALL,6,5,2,0,Optimization terminated successfully. (HiGHS Status 7: Optimal),True,839.0,839.0,0.0,1,839,839,0,1.0,839,True,0.0,3067,839,0.2735572220410825,90,33,0.00016610001330263913,0.0037638999929185957,0.003930000006221235
DEV-0353,LOW,MEDIUM,12,3,2,0,Optimization terminated successfully. (HiGHS Status 7: Optimal),True,427.0,427.0,0.0,0,427,427,0,1.0,427,True,0.0,6197,427,0.06890430853638857,108,45,0.00018339999951422215,0.0009085000201594085,0.0010919000196736306
DEV-0354,HIGH,SMALL,5,4,1,0,Optimization terminated successfully. (HiGHS Status 7: Optimal),True,725.0,725.0,0.0,0,725,725,0,1.0,725,True,0.0,3702,725,0.19584008643976228,60,27,0.00015070001245476305,0.0007796999998390675,0.0009304000122938305
DEV-0355,MODERATE,LARGE,27,3,5,0,Optimization terminated successfully. (HiGHS Status 7: Optimal),True,3739.0,3739.0,0.0,0,3739,3739,0,1.0,3739,True,0.0,22440,3739,0.16662210338680927,243,90,0.0002565000031609088,0.0012331999896559864,0.0014896999928168952
DEV-0356,HIGH,MEDIUM,10,5,2,0,Optimization terminated successfully. (HiGHS Status 7: Optimal),True,1310.0,1310.0,0.0,1,1310,1310,0,1.0,1310,True,0.0,7500,1310,0.17466666666666666,150,45,0.00020360000780783594,0.005629299994325265,0.005832900002133101
DEV-0357,HIGH,LARGE,28,5,4,0,Optimization terminated successfully. (HiGHS Status 7: Optimal),True,5187.0,5187.0,0.0,1,5187,5187,0,1.0,5187,True,0.0,20893,5187,0.24826496912841622,420,99,0.00037980001070536673,0.004227599973091856,0.004607399983797222
DEV-0358,MODERATE,MEDIUM,9,5,1,0,Optimization terminated successfully. (HiGHS Status 7: Optimal),True,13.0,13.0,0.0,0,13,13,0,1.0,13,True,0.0,4790,13,0.0027139874739039666,135,42,0.0001936000189743936,0.0009302999824285507,0.0011239000014029443
DEV-0359,HIGH,MEDIUM,14,4,1,0,Optimization terminated successfully. (HiGHS Status 7: Optimal),True,1439.0,1439.0,0.0,0,1439,1439,0,1.0,1439,True,0.0,11116,1439,0.12945304066210866,168,54,0.00020730000687763095,0.0010145000123884529,0.0012218000192660838
DEV-0360,HIGH,LARGE,20,5,1,0,Optimization terminated successfully. (HiGHS Status 7: Optimal),True,1041.0,1041.0,0.0,0,1041,1041,0,1.0,1041,True,0.0,17119,1041,0.06080962673053333,300,75,0.00027550000231713057,0.0012939000152982771,0.0015694000176154077
DEV-0361,HIGH,SMALL,5,3,1,0,Optimization terminated successfully. (HiGHS Status 7: Optimal),True,908.0,908.0,0.0,0,908,908,0,1.0,908,True,0.0,4683,908,0.1938928037582746,45,24,0.00014099999680183828,0.0007085000106599182,0.0008495000074617565
DEV-0362,HIGH,LARGE,30,2,6,0,Optimization terminated successfully. (HiGHS Status 7: Optimal),True,3325.0,3325.0,0.0,0,3325,3325,0,1.0,3325,True,0.0,18121,3325,0.18348876993543403,180,96,0.00022879999596625566,0.0010697999969124794,0.001298599992878735
DEV-0363,MODERATE,MEDIUM,13,3,4,0,Optimization terminated successfully. (HiGHS Status 7: Optimal),True,590.0,590.0,0.0,0,590,590,0,1.0,590,True,0.0,5990,590,0.09849749582637729,117,48,0.0001855999871622771,0.0009301000100094825,0.0011156999971717596
DEV-0364,MODERATE,LARGE,27,3,4,0,Optimization terminated successfully. (HiGHS Status 7: Optimal),True,4785.0,4785.0,0.0,0,4785,4785,0,1.0,4785,True,0.0,23920,4785,0.20004180602006688,243,90,0.0002516999957151711,0.0013617000076919794,0.0016134000034071505
DEV-0365,MODERATE,SMALL,5,2,1,0,Optimization terminated successfully. (HiGHS Status 7: Optimal),True,897.0,897.0,0.0,0,897,897,0,1.0,897,True,0.0,4081,897,0.21979906885567263,30,21,0.00013890000991523266,0.000686099985614419,0.0008249999955296516
DEV-0366,HIGH,SMALL,3,4,1,0,Optimization terminated successfully. (HiGHS Status 7: Optimal),True,378.0,378.0,0.0,0,504,378,126,0.75,378,True,0.0,1736,378,0.21774193548387097,36,21,0.00017350001144222915,0.0006871999939903617,0.0008607000054325908
DEV-0367,MODERATE,MEDIUM,10,5,3,0,Optimization terminated successfully. (HiGHS Status 7: Optimal),True,3165.0,3165.0,0.0,1,3165,3165,0,1.0,3165,True,0.0,7072,3165,0.447539592760181,150,45,0.00019339998834766448,0.004328900016844273,0.004522300005191937
DEV-0368,LOW,SMALL,6,5,1,0,Optimization terminated successfully. (HiGHS Status 7: Optimal),True,323.0,323.0,0.0,0,323,323,0,1.0,323,True,0.0,3977,323,0.08121699773698768,90,33,0.00017140002455562353,0.0008334999729413539,0.0010048999974969774
DEV-0369,MODERATE,SMALL,3,5,1,0,Optimization terminated successfully. (HiGHS Status 7: Optimal),True,1211.0,1211.0,0.0,0,1211,1211,0,1.0,1211,True,0.0,2426,1211,0.4991755976916735,45,24,0.0001446999958716333,0.0007242999854497612,0.0008689999813213944
DEV-0370,MODERATE,LARGE,20,4,3,0,Optimization terminated successfully. (HiGHS Status 7: Optimal),True,1743.0,1743.0,0.0,0,1743,1743,0,1.0,1743,True,0.0,14888,1743,0.11707415368081676,240,72,0.000245599978370592,0.0012086000060662627,0.0014541999844368547
DEV-0371,MODERATE,MEDIUM,10,5,2,0,Optimization terminated successfully. (HiGHS Status 7: Optimal),True,748.0,748.0,0.0,0,748,748,0,1.0,748,True,0.0,4892,748,0.15290269828291086,150,45,0.00020150002092123032,0.0009963999909814447,0.001197900011902675
DEV-0372,HIGH,MEDIUM,8,3,2,0,Optimization terminated successfully. (HiGHS Status 7: Optimal),True,1887.0,1887.0,0.0,1,1887,1887,0,1.0,1887,True,0.0,4167,1887,0.4528437724982001,72,33,0.00015780000831000507,0.0070838000101502985,0.0072416000184603035
DEV-0373,MODERATE,LARGE,19,5,2,0,Optimization terminated successfully. (HiGHS Status 7: Optimal),True,1929.0,1929.0,0.0,0,1929,1929,0,1.0,1929,True,0.0,14772,1929,0.13058489033306256,285,72,0.00028020000900141895,0.0013147999998182058,0.0015950000088196248
DEV-0374,HIGH,MEDIUM,9,3,1,0,Optimization terminated successfully. (HiGHS Status 7: Optimal),True,262.0,262.0,0.0,0,262,262,0,1.0,262,True,0.0,7729,262,0.03389830508474576,81,36,0.00016589998267591,0.0008052000193856657,0.0009711000020615757
DEV-0375,MODERATE,MEDIUM,13,3,1,0,Optimization terminated successfully. (HiGHS Status 7: Optimal),True,328.0,328.0,0.0,0,328,328,0,1.0,328,True,0.0,10262,328,0.03196258039368544,117,48,0.0001826000225264579,0.0008774000161793083,0.0010600000387057662
DEV-0376,MODERATE,LARGE,30,2,6,0,Optimization terminated successfully. (HiGHS Status 7: Optimal),True,5833.0,5833.0,0.0,0,5833,5833,0,1.0,5833,True,0.0,21653,5833,0.26938530457673304,180,96,0.00022849999368190765,0.0010538999922573566,0.0012823999859392643
DEV-0377,HIGH,MEDIUM,13,2,2,0,Optimization terminated successfully. (HiGHS Status 7: Optimal),True,1320.0,1320.0,0.0,0,1320,1320,0,1.0,1320,True,0.0,8421,1320,0.1567509796936231,78,45,0.0001647000026423484,0.0008336000028066337,0.0009983000054489821
DEV-0378,MODERATE,SMALL,5,5,3,0,Optimization terminated successfully. (HiGHS Status 7: Optimal),True,3298.0,3298.0,0.0,1,3298,3298,0,1.0,3298,True,0.0,5502,3298,0.5994183933115231,75,30,0.00016270001651719213,0.003474100027233362,0.0036368000437505543
DEV-0379,MODERATE,LARGE,18,3,3,0,Optimization terminated successfully. (HiGHS Status 7: Optimal),True,3161.0,3161.0,0.0,0,3161,3161,0,1.0,3161,True,0.0,16350,3161,0.19333333333333333,162,63,0.00021329999435693026,0.0010449000110384077,0.001258200005395338
DEV-0380,HIGH,MEDIUM,14,5,8,0,Optimization terminated successfully. (HiGHS Status 7: Optimal),True,4408.0,4408.0,0.0,1,6116,4408,1708,0.7207325049051668,4408,True,0.0,11228,4408,0.39258995368721056,210,57,0.00023289999808184803,0.0029864999814890325,0.0032193999795708805
DEV-0381,MODERATE,MEDIUM,14,2,1,0,Optimization terminated successfully. (HiGHS Status 7: Optimal),True,141.0,141.0,0.0,0,141,141,0,1.0,141,True,0.0,9423,141,0.014963387456224133,84,48,0.0001762000028975308,0.000828799995360896,0.0010049999982584268
DEV-0382,MODERATE,SMALL,6,5,1,0,Optimization terminated successfully. (HiGHS Status 7: Optimal),True,877.0,877.0,0.0,0,877,877,0,1.0,877,True,0.0,5562,877,0.15767709457029846,90,33,0.00016719999257475138,0.0008265000069513917,0.000993699999526143
DEV-0383,HIGH,MEDIUM,9,3,1,0,Optimization terminated successfully. (HiGHS Status 7: Optimal),True,1063.0,1063.0,0.0,0,1063,1063,0,1.0,1063,True,0.0,7404,1063,0.14357104267963264,81,36,0.0001640999980736524,0.0008120999846141785,0.0009761999826878309
DEV-0384,HIGH,LARGE,27,2,5,0,Optimization terminated successfully. (HiGHS Status 7: Optimal),True,3805.0,3805.0,0.0,1,3805,3805,0,1.0,3805,True,0.0,17755,3805,0.21430582934384682,162,87,0.000229199999012053,0.006214799999725074,0.006443999998737127
DEV-0385,MODERATE,SMALL,3,3,1,0,Optimization terminated successfully. (HiGHS Status 7: Optimal),True,201.0,201.0,0.0,0,201,201,0,1.0,201,True,0.0,1976,201,0.10172064777327935,27,18,0.00013329999637790024,0.0007056999893393368,0.000838999985717237
DEV-0386,MODERATE,LARGE,19,2,2,0,Optimization terminated successfully. (HiGHS Status 7: Optimal),True,1754.0,1754.0,0.0,0,1754,1754,0,1.0,1754,True,0.0,13519,1754,0.1297433242103706,114,63,0.0001905999961309135,0.0009057999996002764,0.0010963999957311898
DEV-0387,HIGH,SMALL,5,4,2,0,Optimization terminated successfully. (HiGHS Status 7: Optimal),True,1590.0,1590.0,0.0,1,1590,1590,0,1.0,1590,True,0.0,3898,1590,0.4079014879425346,60,27,0.00014970000484026968,0.006154700007755309,0.006304400012595579
DEV-0388,MODERATE,SMALL,5,2,1,0,Optimization terminated successfully. (HiGHS Status 7: Optimal),True,837.0,837.0,0.0,0,837,837,0,1.0,837,True,0.0,4231,837,0.19782557315055543,30,21,0.00014070002362132072,0.0007050999847706407,0.0008458000083919615
DEV-0389,HIGH,MEDIUM,12,5,1,0,Optimization terminated successfully. (HiGHS Status 7: Optimal),True,947.0,947.0,0.0,0,947,947,0,1.0,947,True,0.0,8090,947,0.11705809641532756,180,51,0.00021520000882446766,0.0010305999894626439,0.0012457999982871115
DEV-0390,HIGH,SMALL,4,4,1,0,Optimization terminated successfully. (HiGHS Status 7: Optimal),True,1604.0,1604.0,0.0,0,1604,1604,0,1.0,1604,True,0.0,4109,1604,0.39036261864200533,48,24,0.00014509999891743064,0.0007294999959412962,0.0008745999948587269
DEV-0391,HIGH,SMALL,3,2,1,0,Optimization terminated successfully. (HiGHS Status 7: Optimal),True,341.0,341.0,0.0,0,740,341,399,0.4608108108108108,341,True,0.0,775,341,0.44,18,15,0.00013109997962601483,0.0006438000127673149,0.0007748999923933297
DEV-0392,HIGH,LARGE,26,5,2,0,Optimization terminated successfully. (HiGHS Status 7: Optimal),True,1621.0,1621.0,0.0,0,1621,1621,0,1.0,1621,True,0.0,19934,1621,0.08131835055683756,390,93,0.00032970000756904483,0.0015989000094123185,0.0019286000169813633
DEV-0393,HIGH,SMALL,5,5,1,0,Optimization terminated successfully. (HiGHS Status 7: Optimal),True,188.0,188.0,0.0,0,188,188,0,1.0,188,True,0.0,2479,188,0.07583703106091166,75,30,0.00016460000188089907,0.0007902999932412058,0.0009548999951221049
DEV-0394,HIGH,SMALL,4,3,1,0,Optimization terminated successfully. (HiGHS Status 7: Optimal),True,867.0,867.0,0.0,0,867,867,0,1.0,867,True,0.0,2145,867,0.4041958041958042,36,21,0.000135600013891235,0.0007000000041443855,0.0008356000180356205
DEV-0395,HIGH,MEDIUM,10,3,1,0,Optimization terminated successfully. (HiGHS Status 7: Optimal),True,1081.0,1081.0,0.0,0,1081,1081,0,1.0,1081,True,0.0,6415,1081,0.16851130163678876,90,39,0.0001705000177025795,0.0008231999818235636,0.000993699999526143
DEV-0396,MODERATE,SMALL,5,5,2,0,Optimization terminated successfully. (HiGHS Status 7: Optimal),True,1388.0,1388.0,0.0,1,1388,1388,0,1.0,1388,True,0.0,2888,1388,0.4806094182825485,75,30,0.00015559999155811965,0.004576600011205301,0.00473220000276342
DEV-0397,MODERATE,MEDIUM,10,5,2,0,Optimization terminated successfully. (HiGHS Status 7: Optimal),True,2879.0,2879.0,0.0,0,2879,2879,0,1.0,2879,True,0.0,9792,2879,0.294015522875817,150,45,0.00020020001102238894,0.0009995000145863742,0.001199700025608763
DEV-0398,HIGH,SMALL,3,4,1,0,Optimization terminated successfully. (HiGHS Status 7: Optimal),True,13.0,13.0,0.0,0,13,13,0,1.0,13,True,0.0,1082,13,0.012014787430683918,36,21,0.0001370999962091446,0.0006901999877300113,0.0008272999839391559
DEV-0399,HIGH,LARGE,25,4,5,0,Optimization terminated successfully. (HiGHS Status 7: Optimal),True,3261.0,3261.0,0.0,1,3261,3261,0,1.0,3261,True,0.0,15413,3261,0.2115746447803802,300,87,0.00028399997972883284,0.004422700003487989,0.004706699983216822
DEV-0400,LOW,SMALL,6,5,2,0,Optimization terminated successfully. (HiGHS Status 7: Optimal),True,1050.0,1050.0,0.0,0,1050,1050,0,1.0,1050,True,0.0,4315,1050,0.24333719582850522,90,33,0.00016720002167858183,0.0008623999892733991,0.001029600010951981
DEV-0401,LOW,MEDIUM,9,3,1,0,Optimization terminated successfully. (HiGHS Status 7: Optimal),True,179.0,179.0,0.0,0,179,179,0,1.0,179,True,0.0,4599,179,0.03892150467492933,81,36,0.00016319999122060835,0.0008082000131253153,0.0009714000043459237
DEV-0402,MODERATE,MEDIUM,12,4,1,0,Optimization terminated successfully. (HiGHS Status 7: Optimal),True,435.0,435.0,0.0,0,435,435,0,1.0,435,True,0.0,11409,435,0.038127793846962924,144,48,0.0001967000134754926,0.0009551999974064529,0.0011519000108819455
DEV-0403,MODERATE,LARGE,18,3,2,0,Optimization terminated successfully. (HiGHS Status 7: Optimal),True,1094.0,1094.0,0.0,0,1094,1094,0,1.0,1094,True,0.0,13066,1094,0.08372876167151386,162,63,0.0002406999992672354,0.0010081999935209751,0.0012488999927882105
DEV-0404,HIGH,MEDIUM,14,5,1,0,Optimization terminated successfully. (HiGHS Status 7: Optimal),True,784.0,784.0,0.0,0,784,784,0,1.0,784,True,0.0,9401,784,0.08339538346984364,210,57,0.00022650000755675137,0.0011000999948009849,0.0013266000023577362
DEV-0405,MODERATE,SMALL,5,4,1,0,Optimization terminated successfully. (HiGHS Status 7: Optimal),True,155.0,155.0,0.0,0,155,155,0,1.0,155,True,0.0,2200,155,0.07045454545454545,60,27,0.0001480000209994614,0.000915899989195168,0.0010639000101946294
DEV-0406,HIGH,MEDIUM,13,5,1,0,Optimization terminated successfully. (HiGHS Status 7: Optimal),True,29.0,29.0,0.0,0,29,29,0,1.0,29,True,0.0,7370,29,0.003934871099050203,195,54,0.00022739998530596495,0.0010667000024113804,0.0012940999877173454
DEV-0407,HIGH,SMALL,5,2,2,0,Optimization terminated successfully. (HiGHS Status 7: Optimal),True,1250.0,1250.0,0.0,1,1767,1250,517,0.7074136955291455,1250,True,0.0,3250,1250,0.38461538461538464,30,21,0.00013420000323094428,0.008182099991245195,0.00831629999447614
DEV-0408,MODERATE,MEDIUM,9,2,1,0,Optimization terminated successfully. (HiGHS Status 7: Optimal),True,558.0,558.0,0.0,0,558,558,0,1.0,558,True,0.0,4645,558,0.1201291711517761,54,33,0.00015310000162571669,0.0007511000148952007,0.0009042000165209174
DEV-0409,HIGH,MEDIUM,14,5,1,0,Optimization terminated successfully. (HiGHS Status 7: Optimal),True,10.0,10.0,0.0,0,10,10,0,1.0,10,True,0.0,6912,10,0.0014467592592592592,210,57,0.00022600000374950469,0.001115499995648861,0.0013414999993983656
DEV-0410,MODERATE,LARGE,28,4,2,0,Optimization terminated successfully. (HiGHS Status 7: Optimal),True,817.0,817.0,0.0,0,817,817,0,1.0,817,True,0.0,18367,817,0.04448195132574726,336,96,0.000305499997921288,0.0013971999869681895,0.0017026999848894775
DEV-0411,HIGH,SMALL,3,5,1,0,Optimization terminated successfully. (HiGHS Status 7: Optimal),True,491.0,491.0,0.0,0,491,491,0,1.0,491,True,0.0,2263,491,0.21696862571807335,45,24,0.0001412999990861863,0.0007333999965339899,0.0008746999956201762
DEV-0412,HIGH,MEDIUM,10,5,3,0,Optimization terminated successfully. (HiGHS Status 7: Optimal),True,2282.0,2282.0,0.0,1,2282,2282,0,1.0,2282,True,0.0,7749,2282,0.2944896115627823,150,45,0.00019730001804418862,0.006080799998017028,0.006278100016061217
DEV-0413,HIGH,MEDIUM,13,4,3,0,Optimization terminated successfully. (HiGHS Status 7: Optimal),True,1804.0,1804.0,0.0,1,1804,1804,0,1.0,1804,True,0.0,8580,1804,0.21025641025641026,156,51,0.00022149999858811498,0.005138800013810396,0.005360300012398511
DEV-0414,MODERATE,MEDIUM,9,5,3,0,Optimization terminated successfully. (HiGHS Status 7: Optimal),True,2112.0,2112.0,0.0,0,2112,2112,0,1.0,2112,True,0.0,7183,2112,0.29402756508422667,135,42,0.00019229997997172177,0.0009876000112853944,0.0011798999912571162
DEV-0415,HIGH,MEDIUM,9,3,1,0,Optimization terminated successfully. (HiGHS Status 7: Optimal),True,323.0,323.0,0.0,0,323,323,0,1.0,323,True,0.0,4314,323,0.07487250811312007,81,36,0.0001632999919820577,0.0008100999984890223,0.0009733999904710799
DEV-0416,MODERATE,LARGE,26,2,7,0,Optimization terminated successfully. (HiGHS Status 7: Optimal),True,5618.0,5618.0,0.0,0,5618,5618,0,1.0,5618,True,0.0,15908,5618,0.3531556449585114,156,84,0.00022109999554231763,0.00103420001687482,0.0012553000124171376
DEV-0417,HIGH,LARGE,20,2,6,0,Optimization terminated successfully. (HiGHS Status 7: Optimal),True,4920.0,4920.0,0.0,1,4920,4920,0,1.0,4920,True,0.0,17240,4920,0.2853828306264501,120,66,0.00019240000983700156,0.005875600007129833,0.006068000016966835
DEV-0418,HIGH,SMALL,6,5,1,0,Optimization terminated successfully. (HiGHS Status 7: Optimal),True,405.0,405.0,0.0,0,405,405,0,1.0,405,True,0.0,3630,405,0.1115702479338843,90,33,0.00017010001465678215,0.000821699999505654,0.0009918000141624361
DEV-0419,HIGH,SMALL,5,5,1,0,Optimization terminated successfully. (HiGHS Status 7: Optimal),True,359.0,359.0,0.0,0,359,359,0,1.0,359,True,0.0,4433,359,0.08098353259643583,75,30,0.00015740000526420772,0.0007885999802965671,0.0009459999855607748
DEV-0420,HIGH,SMALL,5,3,1,0,Optimization terminated successfully. (HiGHS Status 7: Optimal),True,1040.0,1040.0,0.0,0,1112,1040,72,0.935251798561151,1040,True,0.0,3780,1040,0.2751322751322751,45,24,0.00013929998385719955,0.0007241000130306929,0.0008633999968878925
DEV-0421,MODERATE,SMALL,4,2,1,0,Optimization terminated successfully. (HiGHS Status 7: Optimal),True,407.0,407.0,0.0,0,407,407,0,1.0,407,True,0.0,1407,407,0.2892679459843639,24,18,0.00012660000356845558,0.0006525999924633652,0.0007791999960318208
DEV-0422,HIGH,MEDIUM,11,4,1,0,Optimization terminated successfully. (HiGHS Status 7: Optimal),True,779.0,779.0,0.0,0,779,779,0,1.0,779,True,0.0,7776,779,0.10018004115226338,132,45,0.0001881999778561294,0.0009260000078938901,0.0011141999857500196
DEV-0423,HIGH,MEDIUM,8,3,1,0,Optimization terminated successfully. (HiGHS Status 7: Optimal),True,146.0,146.0,0.0,0,146,146,0,1.0,146,True,0.0,3652,146,0.039978094194961664,72,33,0.00015810001059435308,0.0008097000245470554,0.0009678000351414084
DEV-0424,HIGH,LARGE,20,5,5,0,Optimization terminated successfully. (HiGHS Status 7: Optimal),True,5608.0,5608.0,0.0,1,5608,5608,0,1.0,5608,True,0.0,19675,5608,0.28503176620076237,300,75,0.00028169999131932855,0.00421220000134781,0.004493899992667139
DEV-0425,MODERATE,LARGE,29,2,5,0,Optimization terminated successfully. (HiGHS Status 7: Optimal),True,3309.0,3309.0,0.0,0,3309,3309,0,1.0,3309,True,0.0,19646,3309,0.16843123282093048,174,93,0.0003288000007160008,0.0013237999810371548,0.0016525999817531556
DEV-0426,MODERATE,LARGE,27,2,3,0,Optimization terminated successfully. (HiGHS Status 7: Optimal),True,836.0,836.0,0.0,0,836,836,0,1.0,836,True,0.0,17341,836,0.04820944582204025,162,87,0.00024339999072253704,0.001048700010869652,0.001292100001592189
DEV-0427,MODERATE,SMALL,5,5,1,0,Optimization terminated successfully. (HiGHS Status 7: Optimal),True,473.0,473.0,0.0,0,473,473,0,1.0,473,True,0.0,3609,473,0.1310612357993904,75,30,0.0001618000096641481,0.0008018999942578375,0.0009637000039219856
DEV-0428,HIGH,LARGE,25,5,5,0,Optimization terminated successfully. (HiGHS Status 7: Optimal),True,4151.0,4151.0,0.0,1,4151,4151,0,1.0,4151,True,0.0,19246,4151,0.21568118050504,375,90,0.00032580000697635114,0.004037100006826222,0.004362900013802573
DEV-0429,MODERATE,LARGE,28,4,8,0,Optimization terminated successfully. (HiGHS Status 7: Optimal),True,6038.0,6038.0,0.0,1,6038,6038,0,1.0,6038,True,0.0,18341,6038,0.3292077858350144,336,96,0.0003288000007160008,0.0038667000189889222,0.004195500019704923
DEV-0430,HIGH,MEDIUM,14,4,1,0,Optimization terminated successfully. (HiGHS Status 7: Optimal),True,1426.0,1426.0,0.0,0,1426,1426,0,1.0,1426,True,0.0,9648,1426,0.14780265339966833,168,54,0.0002179000002797693,0.0010571000166237354,0.0012750000169035047
DEV-0431,HIGH,SMALL,3,3,1,0,Optimization terminated successfully. (HiGHS Status 7: Optimal),True,566.0,566.0,0.0,0,566,566,0,1.0,566,True,0.0,3060,566,0.18496732026143792,27,18,0.0001331999956164509,0.0007073000015225261,0.000840499997138977
DEV-0432,MODERATE,MEDIUM,14,2,3,0,Optimization terminated successfully. (HiGHS Status 7: Optimal),True,1148.0,1148.0,0.0,0,1148,1148,0,1.0,1148,True,0.0,11047,1148,0.1039196161853897,84,48,0.00017139999545179307,0.000822600006358698,0.000994000001810491
DEV-0433,HIGH,LARGE,24,5,2,0,Optimization terminated successfully. (HiGHS Status 7: Optimal),True,1615.0,1615.0,0.0,0,1615,1615,0,1.0,1615,True,0.0,22981,1615,0.07027544493277055,360,87,0.00031350000062957406,0.0014958999818190932,0.0018093999824486673
DEV-0434,HIGH,SMALL,6,4,1,0,Optimization terminated successfully. (HiGHS Status 7: Optimal),True,333.0,333.0,0.0,0,333,333,0,1.0,333,True,0.0,2143,333,0.1553896406906206,72,30,0.00016029999824240804,0.0008113000076264143,0.0009716000058688223
DEV-0435,HIGH,LARGE,25,3,4,0,Optimization terminated successfully. (HiGHS Status 7: Optimal),True,2089.0,2089.0,0.0,0,2089,2089,0,1.0,2089,True,0.0,15755,2089,0.13259282767375435,225,84,0.00024449999909847975,0.0012879999994765967,0.0015324999985750765
DEV-0436,HIGH,MEDIUM,12,4,2,0,Optimization terminated successfully. (HiGHS Status 7: Optimal),True,2115.0,2115.0,0.0,1,2115,2115,0,1.0,2115,True,0.0,8785,2115,0.24075128059191805,144,48,0.0001993000041693449,0.006517200003145263,0.0067165000073146075
DEV-0437,HIGH,SMALL,5,5,2,0,Optimization terminated successfully. (HiGHS Status 7: Optimal),True,1057.0,1057.0,0.0,1,1057,1057,0,1.0,1057,True,0.0,2841,1057,0.37205209433298136,75,30,0.00016150000737980008,0.0043605000246316195,0.0045220000320114195
DEV-0438,HIGH,MEDIUM,10,4,1,0,Optimization terminated successfully. (HiGHS Status 7: Optimal),True,1106.0,1106.0,0.0,0,1106,1106,0,1.0,1106,True,0.0,5483,1106,0.2017143899325187,120,42,0.00018770000315271318,0.000920199992833659,0.0011078999959863722
DEV-0439,MODERATE,SMALL,6,5,1,0,Optimization terminated successfully. (HiGHS Status 7: Optimal),True,506.0,506.0,0.0,0,506,506,0,1.0,506,True,0.0,3579,506,0.14138027381950266,90,33,0.00017690000822767615,0.0008254999993368983,0.0010024000075645745
DEV-0440,MODERATE,SMALL,6,2,2,0,Optimization terminated successfully. (HiGHS Status 7: Optimal),True,1292.0,1292.0,0.0,0,1292,1292,0,1.0,1292,True,0.0,4894,1292,0.2639967306906416,36,24,0.00014099999680183828,0.0006779999821446836,0.0008189999789465219
DEV-0441,MODERATE,MEDIUM,9,2,1,0,Optimization terminated successfully. (HiGHS Status 7: Optimal),True,1463.0,1463.0,0.0,0,1463,1463,0,1.0,1463,True,0.0,10317,1463,0.141804788213628,54,33,0.00015259999781847,0.0007180999964475632,0.0008706999942660332
DEV-0442,HIGH,SMALL,6,2,1,0,Optimization terminated successfully. (HiGHS Status 7: Optimal),True,316.0,316.0,0.0,0,316,316,0,1.0,316,True,0.0,6895,316,0.045830311820159536,36,24,0.00013359999866224825,0.0008281999907922,0.0009617999894544482
DEV-0443,HIGH,LARGE,27,5,5,0,Optimization terminated successfully. (HiGHS Status 7: Optimal),True,3531.0,3531.0,0.0,1,3531,3531,0,1.0,3531,True,0.0,21812,3531,0.1618833669539703,405,96,0.00036470001214183867,0.004214199987472966,0.004578899999614805
DEV-0444,LOW,SMALL,4,2,1,0,Optimization terminated successfully. (HiGHS Status 7: Optimal),True,191.0,191.0,0.0,0,191,191,0,1.0,191,True,0.0,3588,191,0.0532329988851728,24,18,0.00013380000018514693,0.0007103999960236251,0.0008441999962087721
DEV-0445,MODERATE,LARGE,29,4,2,0,Optimization terminated successfully. (HiGHS Status 7: Optimal),True,2248.0,2248.0,0.0,0,2248,2248,0,1.0,2248,True,0.0,18922,2248,0.11880350914279675,348,99,0.0003130999975837767,0.001464499975554645,0.0017775999731384218
DEV-0446,HIGH,LARGE,27,2,2,0,Optimization terminated successfully. (HiGHS Status 7: Optimal),True,9.0,9.0,0.0,0,9,9,0,1.0,9,True,0.0,17955,9,0.0005012531328320802,162,87,0.0002170999941881746,0.0010181000106967986,0.0012352000048849732
DEV-0447,LOW,LARGE,18,5,2,0,Optimization terminated successfully. (HiGHS Status 7: Optimal),True,1237.0,1237.0,0.0,0,1237,1237,0,1.0,1237,True,0.0,10688,1237,0.1157372754491018,270,69,0.0002555999963078648,0.0012744000123348087,0.0015300000086426735
DEV-0448,MODERATE,LARGE,19,5,2,0,Optimization terminated successfully. (HiGHS Status 7: Optimal),True,529.0,529.0,0.0,0,529,529,0,1.0,529,True,0.0,13947,529,0.03792930379293038,285,72,0.00026660002185963094,0.0012699999788310379,0.0015366000006906688
DEV-0449,HIGH,MEDIUM,12,2,3,0,Optimization terminated successfully. (HiGHS Status 7: Optimal),True,1883.0,1883.0,0.0,0,1883,1883,0,1.0,1883,True,0.0,8919,1883,0.21112232313039578,72,42,0.0001720000000204891,0.0008015000203158706,0.0009735000203363597
DEV-0450,MODERATE,MEDIUM,13,3,1,0,Optimization terminated successfully. (HiGHS Status 7: Optimal),True,115.0,115.0,0.0,0,115,115,0,1.0,115,True,0.0,8699,115,0.013219910334521209,117,48,0.00018269999418407679,0.0009865000029094517,0.0011691999970935285
DEV-0451,MODERATE,LARGE,21,4,4,0,Optimization terminated successfully. (HiGHS Status 7: Optimal),True,3641.0,3641.0,0.0,0,3641,3641,0,1.0,3641,True,0.0,16468,3641,0.22109545785766335,252,75,0.0002518000255804509,0.001278200012166053,0.001530000037746504
DEV-0452,MODERATE,MEDIUM,9,5,4,0,Optimization terminated successfully. (HiGHS Status 7: Optimal),True,1093.0,1093.0,0.0,1,1093,1093,0,1.0,1093,True,0.0,4012,1093,0.27243270189431706,135,42,0.0001922000083141029,0.004044400004204363,0.0042366000125184655
DEV-0453,MODERATE,SMALL,6,2,1,0,Optimization terminated successfully. (HiGHS Status 7: Optimal),True,294.0,294.0,0.0,0,294,294,0,1.0,294,True,0.0,2255,294,0.1303769401330377,36,24,0.0001391999830957502,0.0007026000239420682,0.0008418000070378184
DEV-0454,LOW,LARGE,21,2,3,0,Optimization terminated successfully. (HiGHS Status 7: Optimal),True,3071.0,3071.0,0.0,0,3071,3071,0,1.0,3071,True,0.0,17064,3071,0.17996952648851383,126,69,0.00019530000281520188,0.0009360999974887818,0.0011314000003039837
DEV-0455,HIGH,SMALL,3,5,1,0,Optimization terminated successfully. (HiGHS Status 7: Optimal),True,851.0,851.0,0.0,0,851,851,0,1.0,851,True,0.0,4150,851,0.20506024096385542,45,24,0.00014170000213198364,0.000714799971319735,0.0008564999734517187
DEV-0456,HIGH,MEDIUM,14,3,4,0,Optimization terminated successfully. (HiGHS Status 7: Optimal),True,564.0,564.0,0.0,0,564,564,0,1.0,564,True,0.0,7188,564,0.07846410684474124,126,51,0.0001908999984152615,0.0009371000051032752,0.0011280000035185367
DEV-0457,MODERATE,SMALL,3,3,1,0,Optimization terminated successfully. (HiGHS Status 7: Optimal),True,790.0,790.0,0.0,0,790,790,0,1.0,790,True,0.0,2013,790,0.39244908097367115,27,18,0.0001348000077996403,0.0006779000104870647,0.000812700018286705
DEV-0458,LOW,MEDIUM,8,4,1,0,Optimization terminated successfully. (HiGHS Status 7: Optimal),True,8.0,8.0,0.0,0,8,8,0,1.0,8,True,0.0,3970,8,0.0020151133501259445,96,36,0.00016700002015568316,0.0008338000043295324,0.0010008000244852155
DEV-0459,MODERATE,LARGE,20,5,7,0,Optimization terminated successfully. (HiGHS Status 7: Optimal),True,2673.0,2673.0,0.0,0,2673,2673,0,1.0,2673,True,0.0,10295,2673,0.25964060223409424,300,75,0.00027730001602321863,0.0013873999996576458,0.0016647000156808645
DEV-0460,HIGH,SMALL,6,3,1,0,Optimization terminated successfully. (HiGHS Status 7: Optimal),True,16.0,16.0,0.0,0,16,16,0,1.0,16,True,0.0,4024,16,0.003976143141153081,54,27,0.000145800004247576,0.0007532000017818063,0.0008990000060293823
DEV-0461,MODERATE,MEDIUM,8,5,1,0,Optimization terminated successfully. (HiGHS Status 7: Optimal),True,9.0,9.0,0.0,0,9,9,0,1.0,9,True,0.0,5964,9,0.0015090543259557343,120,39,0.00018030000501312315,0.0009594000002834946,0.0011397000052966177
DEV-0462,HIGH,MEDIUM,9,2,1,0,Optimization terminated successfully. (HiGHS Status 7: Optimal),True,588.0,588.0,0.0,0,597,588,9,0.9849246231155779,588,True,0.0,4112,588,0.14299610894941633,54,33,0.00014980000560171902,0.0007312999805435538,0.0008810999861452729
DEV-0463,HIGH,SMALL,6,4,2,0,Optimization terminated successfully. (HiGHS Status 7: Optimal),True,501.0,501.0,0.0,1,501,501,0,1.0,501,True,0.0,4313,501,0.11616044516577788,72,30,0.0001568000006955117,0.006691699993098155,0.006848499993793666
DEV-0464,MODERATE,SMALL,6,5,2,0,Optimization terminated successfully. (HiGHS Status 7: Optimal),True,1212.0,1212.0,0.0,1,1212,1212,0,1.0,1212,True,0.0,2479,1212,0.4889068172650262,90,33,0.00016649998724460602,0.004430200002389029,0.004596699989633635
DEV-0465,MODERATE,LARGE,22,5,9,0,Optimization terminated successfully. (HiGHS Status 7: Optimal),True,6873.0,6873.0,0.0,1,6873,6873,0,1.0,6873,True,0.0,16336,6873,0.4207272282076396,330,81,0.00029460000223480165,0.0032722000032663345,0.003566800005501136
DEV-0466,HIGH,MEDIUM,9,5,2,0,Optimization terminated successfully. (HiGHS Status 7: Optimal),True,1691.0,1691.0,0.0,1,1691,1691,0,1.0,1691,True,0.0,7276,1691,0.23240791643760308,135,42,0.00019790002261288464,0.003922399977454916,0.0041203000000678
DEV-0467,MODERATE,MEDIUM,10,3,2,0,Optimization terminated successfully. (HiGHS Status 7: Optimal),True,1956.0,1956.0,0.0,0,1956,1956,0,1.0,1956,True,0.0,7284,1956,0.2685337726523888,90,39,0.00016900000628083944,0.0008531000057701021,0.0010221000120509416
DEV-0468,HIGH,SMALL,3,2,1,0,Optimization terminated successfully. (HiGHS Status 7: Optimal),True,692.0,692.0,0.0,0,815,692,123,0.849079754601227,692,True,0.0,1838,692,0.3764961915125136,18,15,0.00012539999443106353,0.0006318000087048858,0.0007572000031359494
DEV-0469,HIGH,MEDIUM,13,5,3,0,Optimization terminated successfully. (HiGHS Status 7: Optimal),True,2187.0,2187.0,0.0,1,2187,2187,0,1.0,2187,True,0.0,9156,2187,0.23885976408912188,195,54,0.0002162999880965799,0.004339800012530759,0.004556100000627339
DEV-0470,HIGH,LARGE,30,2,2,0,Optimization terminated successfully. (HiGHS Status 7: Optimal),True,1823.0,1823.0,0.0,0,1823,1823,0,1.0,1823,True,0.0,21575,1823,0.08449594438006952,180,96,0.00022899999748915434,0.0010619000240694731,0.0012909000215586275
DEV-0471,MODERATE,MEDIUM,13,5,1,0,Optimization terminated successfully. (HiGHS Status 7: Optimal),True,374.0,374.0,0.0,0,374,374,0,1.0,374,True,0.0,10798,374,0.03463604371179848,195,54,0.00021849997574463487,0.0010651000193320215,0.0012835999950766563
DEV-0472,HIGH,LARGE,23,3,1,0,Optimization terminated successfully. (HiGHS Status 7: Optimal),True,695.0,695.0,0.0,0,695,695,0,1.0,695,True,0.0,20987,695,0.0331157383141945,207,78,0.0002313000150024891,0.0011091999767813832,0.0013404999917838722
DEV-0473,HIGH,SMALL,6,5,1,0,Optimization terminated successfully. (HiGHS Status 7: Optimal),True,276.0,276.0,0.0,0,276,276,0,1.0,276,True,0.0,2246,276,0.12288512911843277,90,33,0.00024029999622143805,0.0008828999998513609,0.001123199996072799
DEV-0474,MODERATE,SMALL,3,2,1,0,Optimization terminated successfully. (HiGHS Status 7: Optimal),True,581.0,581.0,0.0,0,581,581,0,1.0,581,True,0.0,2998,581,0.19379586390927284,18,15,0.00012849998893216252,0.0006545000069309026,0.0007829999958630651
DEV-0475,HIGH,MEDIUM,12,5,1,0,Optimization terminated successfully. (HiGHS Status 7: Optimal),True,1746.0,1746.0,0.0,0,1746,1746,0,1.0,1746,True,0.0,9051,1746,0.19290686112031818,180,51,0.00023330000112764537,0.0010473000002093613,0.0012806000013370067
DEV-0476,HIGH,SMALL,5,5,2,0,Optimization terminated successfully. (HiGHS Status 7: Optimal),True,851.0,851.0,0.0,1,853,851,2,0.9976553341148886,851,True,0.0,3747,851,0.22711502535361622,75,30,0.00015740000526420772,0.005890300002647564,0.0060477000079117715
DEV-0477,MODERATE,SMALL,3,2,1,0,Optimization terminated successfully. (HiGHS Status 7: Optimal),True,812.0,812.0,0.0,0,812,812,0,1.0,812,True,0.0,3371,812,0.2408780777217443,18,15,0.00012890002108179033,0.0006705999840050936,0.0007995000050868839
DEV-0478,MODERATE,SMALL,6,2,1,0,Optimization terminated successfully. (HiGHS Status 7: Optimal),True,889.0,889.0,0.0,0,889,889,0,1.0,889,True,0.0,2376,889,0.37415824915824913,36,24,0.00013719999697059393,0.0006962000043131411,0.000833400001283735
DEV-0479,MODERATE,MEDIUM,9,2,1,0,Optimization terminated successfully. (HiGHS Status 7: Optimal),True,425.0,425.0,0.0,0,425,425,0,1.0,425,True,0.0,9210,425,0.046145494028230184,54,33,0.0001466000103391707,0.0007316999835893512,0.0008782999939285219
DEV-0480,HIGH,MEDIUM,10,3,1,0,Optimization terminated successfully. (HiGHS Status 7: Optimal),True,2004.0,2004.0,0.0,0,2004,2004,0,1.0,2004,True,0.0,8034,2004,0.24943988050784166,90,39,0.0001655000087339431,0.0008207999926526099,0.000986300001386553
DEV-0481,HIGH,MEDIUM,8,5,2,0,Optimization terminated successfully. (HiGHS Status 7: Optimal),True,1542.0,1542.0,0.0,1,1542,1542,0,1.0,1542,True,0.0,7978,1542,0.1932815241915267,120,39,0.00017870002193376422,0.005746099981479347,0.005924800003413111
DEV-0482,HIGH,MEDIUM,11,3,1,0,Optimization terminated successfully. (HiGHS Status 7: Optimal),True,1052.0,1052.0,0.0,0,1052,1052,0,1.0,1052,True,0.0,8210,1052,0.12813641900121803,99,42,0.00017519999528303742,0.0008922000124584883,0.0010674000077415258
DEV-0483,MODERATE,SMALL,5,3,1,0,Optimization terminated successfully. (HiGHS Status 7: Optimal),True,382.0,382.0,0.0,0,382,382,0,1.0,382,True,0.0,3494,382,0.10933028048082427,45,24,0.0001412999990861863,0.0007336999988183379,0.0008749999979045242
DEV-0484,HIGH,MEDIUM,9,3,1,0,Optimization terminated successfully. (HiGHS Status 7: Optimal),True,6.0,6.0,0.0,0,6,6,0,1.0,6,True,0.0,8476,6,0.0007078810759792355,81,36,0.00015999999595806003,0.0008005999843589962,0.0009605999803170562
DEV-0485,HIGH,LARGE,20,3,2,0,Optimization terminated successfully. (HiGHS Status 7: Optimal),True,142.0,142.0,0.0,0,142,142,0,1.0,142,True,0.0,14760,142,0.00962059620596206,180,69,0.00021440000273287296,0.0010325000039301813,0.0012469000066630542
DEV-0486,MODERATE,MEDIUM,9,2,2,0,Optimization terminated successfully. (HiGHS Status 7: Optimal),True,689.0,689.0,0.0,0,689,689,0,1.0,689,True,0.0,5320,689,0.12951127819548872,54,33,0.00015359997632913291,0.0007470000127796084,0.0009005999891087413
DEV-0487,HIGH,MEDIUM,14,4,1,0,Optimization terminated successfully. (HiGHS Status 7: Optimal),True,846.0,846.0,0.0,0,846,846,0,1.0,846,True,0.0,8380,846,0.10095465393794749,168,54,0.0002106000029016286,0.0010073000157717615,0.0012179000186733902
DEV-0488,LOW,MEDIUM,14,2,1,0,Optimization terminated successfully. (HiGHS Status 7: Optimal),True,736.0,736.0,0.0,0,736,736,0,1.0,736,True,0.0,8927,736,0.08244651058586311,84,48,0.00016579998191446066,0.0008035000064410269,0.0009692999883554876
DEV-0489,HIGH,MEDIUM,10,4,2,0,Optimization terminated successfully. (HiGHS Status 7: Optimal),True,1485.0,1485.0,0.0,1,1485,1485,0,1.0,1485,True,0.0,6875,1485,0.216,120,42,0.00017869999282993376,0.006358099984936416,0.00653679997776635
DEV-0490,HIGH,LARGE,27,5,2,0,Optimization terminated successfully. (HiGHS Status 7: Optimal),True,880.0,880.0,0.0,0,880,880,0,1.0,880,True,0.0,20436,880,0.043061264435310234,405,96,0.00037050002720206976,0.0016039999900385737,0.0019745000172406435
DEV-0491,MODERATE,SMALL,5,3,2,0,Optimization terminated successfully. (HiGHS Status 7: Optimal),True,1974.0,1974.0,0.0,1,1974,1974,0,1.0,1974,True,0.0,4827,1974,0.4089496581727781,45,24,0.00014210000517778099,0.006690300011541694,0.006832400016719475
DEV-0492,HIGH,SMALL,5,4,2,0,Optimization terminated successfully. (HiGHS Status 7: Optimal),True,2125.0,2125.0,0.0,1,2195,2125,70,0.9681093394077449,2125,True,0.0,4293,2125,0.4949918471931051,60,27,0.00015740000526420772,0.004802100011147559,0.004959500016411766
DEV-0493,HIGH,LARGE,24,4,3,0,Optimization terminated successfully. (HiGHS Status 7: Optimal),True,2750.0,2750.0,0.0,1,2750,2750,0,1.0,2750,True,0.0,13730,2750,0.20029133284777859,288,84,0.0003994999860879034,0.006548300007125363,0.006947799993213266
DEV-0494,HIGH,SMALL,4,2,2,0,Optimization terminated successfully. (HiGHS Status 7: Optimal),True,1071.0,1071.0,0.0,0,1362,1071,291,0.7863436123348018,1071,True,0.0,2248,1071,0.476423487544484,24,18,0.00014000001829117537,0.0006736000068485737,0.000813600025139749
DEV-0495,MODERATE,MEDIUM,13,2,2,0,Optimization terminated successfully. (HiGHS Status 7: Optimal),True,309.0,309.0,0.0,0,309,309,0,1.0,309,True,0.0,9557,309,0.03233232185832374,78,45,0.0001644000003580004,0.0008060999971348792,0.0009704999974928796
DEV-0496,HIGH,MEDIUM,10,5,2,0,Optimization terminated successfully. (HiGHS Status 7: Optimal),True,1532.0,1532.0,0.0,1,1532,1532,0,1.0,1532,True,0.0,7552,1532,0.2028601694915254,150,45,0.00019550000433810055,0.0055312000040430576,0.005726700008381158
DEV-0497,HIGH,MEDIUM,8,3,3,0,Optimization terminated successfully. (HiGHS Status 7: Optimal),True,1905.0,1905.0,0.0,1,2827,1905,922,0.6738592147152458,1905,True,0.0,4483,1905,0.4249386571492304,72,33,0.00015959999291226268,0.00527600001078099,0.005435600003693253
DEV-0498,MODERATE,MEDIUM,11,4,2,0,Optimization terminated successfully. (HiGHS Status 7: Optimal),True,1463.0,1463.0,0.0,0,1463,1463,0,1.0,1463,True,0.0,9766,1463,0.14980544747081712,132,45,0.00019300001440569758,0.0009663000237196684,0.001159300038125366
DEV-0499,MODERATE,MEDIUM,12,2,1,0,Optimization terminated successfully. (HiGHS Status 7: Optimal),True,1377.0,1377.0,0.0,0,1377,1377,0,1.0,1377,True,0.0,10957,1377,0.12567308569864014,72,42,0.00016730002244003117,0.0007882999780122191,0.0009556000004522502
DEV-0500,HIGH,LARGE,22,5,2,0,Optimization terminated successfully. (HiGHS Status 7: Optimal),True,1453.0,1453.0,0.0,0,1453,1453,0,1.0,1453,True,0.0,19469,1453,0.07463146540654374,330,81,0.000295600009849295,0.0013967999839223921,0.0016923999937716872
DEV-0501,HIGH,MEDIUM,10,5,1,0,Optimization terminated successfully. (HiGHS Status 7: Optimal),True,943.0,943.0,0.0,0,943,943,0,1.0,943,True,0.0,6821,943,0.13824952353027414,150,45,0.00020439998479560018,0.000982900004601106,0.0011872999893967062
DEV-0502,HIGH,MEDIUM,9,5,3,0,Optimization terminated successfully. (HiGHS Status 7: Optimal),True,2576.0,2576.0,0.0,1,2576,2576,0,1.0,2576,True,0.0,7818,2576,0.3294960347915068,135,42,0.00018709999858401716,0.004001599998446181,0.004188699997030199
DEV-0503,HIGH,LARGE,20,3,2,0,Optimization terminated successfully. (HiGHS Status 7: Optimal),True,573.0,573.0,0.0,0,573,573,0,1.0,573,True,0.0,10370,573,0.055255544840887176,180,69,0.00021810000180266798,0.0010966999980155379,0.0013147999998182058
DEV-0504,MODERATE,SMALL,5,2,1,0,Optimization terminated successfully. (HiGHS Status 7: Optimal),True,324.0,324.0,0.0,0,324,324,0,1.0,324,True,0.0,3035,324,0.10675453047775947,30,21,0.00013860000763088465,0.0007398999878205359,0.0008784999954514205
DEV-0505,HIGH,LARGE,23,2,10,0,Optimization terminated successfully. (HiGHS Status 7: Optimal),True,9111.0,9111.0,0.0,1,9288,9111,177,0.9809431524547804,9111,True,0.0,17610,9111,0.5173764906303236,138,75,0.0002038000093307346,0.0033398999948985875,0.003543700004229322
DEV-0506,MODERATE,LARGE,29,5,4,0,Optimization terminated successfully. (HiGHS Status 7: Optimal),True,2949.0,2949.0,0.0,0,2949,2949,0,1.0,2949,True,0.0,24535,2949,0.12019563888322804,435,102,0.00035149999894201756,0.001711999997496605,0.0020634999964386225
DEV-0507,MODERATE,MEDIUM,8,5,2,0,Optimization terminated successfully. (HiGHS Status 7: Optimal),True,489.0,489.0,0.0,0,489,489,0,1.0,489,True,0.0,4472,489,0.10934704830053667,120,39,0.00018259999342262745,0.0009206999966409057,0.0011032999900635332
DEV-0508,MODERATE,LARGE,25,2,1,0,Optimization terminated successfully. (HiGHS Status 7: Optimal),True,1230.0,1230.0,0.0,0,1230,1230,0,1.0,1230,True,0.0,23567,1230,0.052191623880850344,150,81,0.00021609998657368124,0.0009781999979168177,0.001194299984490499
DEV-0509,LOW,LARGE,19,3,2,0,Optimization terminated successfully. (HiGHS Status 7: Optimal),True,1295.0,1295.0,0.0,0,1295,1295,0,1.0,1295,True,0.0,13286,1295,0.09747102212855638,171,66,0.00020969999604858458,0.0010125999979209155,0.0012222999939695
DEV-0510,MODERATE,LARGE,18,2,1,0,Optimization terminated successfully. (HiGHS Status 7: Optimal),True,1415.0,1415.0,0.0,0,1415,1415,0,1.0,1415,True,0.0,16909,1415,0.08368324560884736,108,60,0.00018169998656958342,0.0008785999962128699,0.0010602999827824533
DEV-0511,HIGH,LARGE,24,5,2,0,Optimization terminated successfully. (HiGHS Status 7: Optimal),True,667.0,667.0,0.0,0,667,667,0,1.0,667,True,0.0,14664,667,0.04548554282596836,360,87,0.00030280000646598637,0.0014681000029668212,0.0017709000094328076
DEV-0512,LOW,SMALL,5,2,1,0,Optimization terminated successfully. (HiGHS Status 7: Optimal),True,287.0,287.0,0.0,0,287,287,0,1.0,287,True,0.0,3543,287,0.08100479819362122,30,21,0.00013210001634433866,0.0007111000013537705,0.0008432000176981091
DEV-0513,MODERATE,SMALL,3,2,2,0,Optimization terminated successfully. (HiGHS Status 7: Optimal),True,911.0,911.0,0.0,1,911,911,0,1.0,911,True,0.0,931,911,0.9785177228786252,18,15,0.00012670000432990491,0.00801099999807775,0.008137700002407655
DEV-0514,MODERATE,LARGE,22,3,5,0,Optimization terminated successfully. (HiGHS Status 7: Optimal),True,3222.0,3222.0,0.0,0,3222,3222,0,1.0,3222,True,0.0,18076,3222,0.17824739986722726,198,75,0.00023269999655894935,0.0011282999766990542,0.0013609999732580036
DEV-0515,HIGH,SMALL,5,5,1,0,Optimization terminated successfully. (HiGHS Status 7: Optimal),True,1826.0,1826.0,0.0,0,1826,1826,0,1.0,1826,True,0.0,4116,1826,0.44363459669582117,75,30,0.0001635999942664057,0.0007916000031400472,0.0009551999974064529
DEV-0516,MODERATE,LARGE,20,5,3,0,Optimization terminated successfully. (HiGHS Status 7: Optimal),True,2461.0,2461.0,0.0,1,2461,2461,0,1.0,2461,True,0.0,13584,2461,0.18116902237926974,300,75,0.0002809999859891832,0.004932000010740012,0.005212999996729195
DEV-0517,MODERATE,LARGE,23,3,4,0,Optimization terminated successfully. (HiGHS Status 7: Optimal),True,2559.0,2559.0,0.0,0,2559,2559,0,1.0,2559,True,0.0,11418,2559,0.22411981082501314,207,78,0.00023820000933483243,0.001144199981354177,0.0013823999906890094
DEV-0518,HIGH,LARGE,22,3,3,0,Optimization terminated successfully. (HiGHS Status 7: Optimal),True,1925.0,1925.0,0.0,0,1925,1925,0,1.0,1925,True,0.0,17005,1925,0.11320199941193766,198,75,0.0003904000041075051,0.0011909000168088824,0.0015813000209163874
DEV-0519,HIGH,LARGE,22,2,3,0,Optimization terminated successfully. (HiGHS Status 7: Optimal),True,1853.0,1853.0,0.0,0,1853,1853,0,1.0,1853,True,0.0,14346,1853,0.12916492402063293,132,72,0.00021159998141229153,0.0009614000155124813,0.0011729999969247729
DEV-0520,MODERATE,LARGE,26,4,6,0,Optimization terminated successfully. (HiGHS Status 7: Optimal),True,3117.0,3117.0,0.0,1,3117,3117,0,1.0,3117,True,0.0,15674,3117,0.19886436136276636,312,90,0.0002941999991890043,0.004465300007723272,0.004759500006912276
DEV-0521,MODERATE,LARGE,24,4,3,0,Optimization terminated successfully. (HiGHS Status 7: Optimal),True,3495.0,3495.0,0.0,0,3495,3495,0,1.0,3495,True,0.0,21551,3495,0.16217344902788733,288,84,0.00027379998937249184,0.0013484999944921583,0.0016222999838646501
DEV-0522,HIGH,MEDIUM,9,3,1,0,Optimization terminated successfully. (HiGHS Status 7: Optimal),True,2195.0,2195.0,0.0,0,2195,2195,0,1.0,2195,True,0.0,9636,2195,0.22779161477791615,81,36,0.00016870000399649143,0.0008125000167638063,0.0009812000207602978
DEV-0523,MODERATE,MEDIUM,9,5,1,0,Optimization terminated successfully. (HiGHS Status 7: Optimal),True,1104.0,1104.0,0.0,0,1104,1104,0,1.0,1104,True,0.0,6299,1104,0.17526591522463883,135,42,0.00019380002049729228,0.0009395999950356781,0.0011334000155329704
DEV-0524,HIGH,MEDIUM,14,2,1,0,Optimization terminated successfully. (HiGHS Status 7: Optimal),True,431.0,431.0,0.0,0,431,431,0,1.0,431,True,0.0,9685,431,0.0445018069179143,84,48,0.00016960001084953547,0.0008471999899484217,0.0010168000007979572
DEV-0525,HIGH,LARGE,28,5,10,0,Optimization terminated successfully. (HiGHS Status 7: Optimal),True,9080.0,9080.0,0.0,1,9080,9080,0,1.0,9080,True,0.0,24704,9080,0.36755181347150256,420,99,0.00034260001848451793,0.0035327999794390053,0.003875399997923523
DEV-0526,HIGH,LARGE,30,5,3,0,Optimization terminated successfully. (HiGHS Status 7: Optimal),True,1043.0,1043.0,0.0,0,1043,1043,0,1.0,1043,True,0.0,26890,1043,0.038787653402751955,450,105,0.0003782999992836267,0.001728600007481873,0.0021069000067654997
DEV-0527,HIGH,SMALL,6,5,3,0,Optimization terminated successfully. (HiGHS Status 7: Optimal),True,1831.0,1831.0,0.0,1,2313,1831,482,0.7916126242974492,1831,True,0.0,4843,1831,0.37807144332025605,90,33,0.00016729999333620071,0.004073199990671128,0.004240499984007329
DEV-0528,HIGH,MEDIUM,11,2,1,0,Optimization terminated successfully. (HiGHS Status 7: Optimal),True,568.0,568.0,0.0,0,568,568,0,1.0,568,True,0.0,8367,568,0.06788574160392016,66,39,0.00016840000171214342,0.0007832999981474131,0.0009516999998595566
DEV-0529,MODERATE,SMALL,4,3,2,0,Optimization terminated successfully. (HiGHS Status 7: Optimal),True,1233.0,1233.0,0.0,1,1233,1233,0,1.0,1233,True,0.0,2186,1233,0.5640439158279963,36,21,0.00017820001812651753,0.0067251999862492085,0.006903400004375726
DEV-0530,HIGH,LARGE,28,2,2,0,Optimization terminated successfully. (HiGHS Status 7: Optimal),True,780.0,780.0,0.0,0,780,780,0,1.0,780,True,0.0,23625,780,0.03301587301587302,168,90,0.0003528999804984778,0.0013293999945744872,0.001682299975072965
DEV-0531,HIGH,MEDIUM,10,4,3,0,Optimization terminated successfully. (HiGHS Status 7: Optimal),True,2113.0,2113.0,0.0,1,2113,2113,0,1.0,2113,True,0.0,6977,2113,0.30285222875161244,120,42,0.00020539999241009355,0.0040794000087771565,0.00428480000118725
DEV-0532,HIGH,SMALL,3,3,1,0,Optimization terminated successfully. (HiGHS Status 7: Optimal),True,955.0,955.0,0.0,0,955,955,0,1.0,955,True,0.0,3449,955,0.2768918527109307,27,18,0.00013109997962601483,0.0006866000185254961,0.000817699998151511
DEV-0533,MODERATE,LARGE,28,3,5,0,Optimization terminated successfully. (HiGHS Status 7: Optimal),True,4100.0,4100.0,0.0,0,4100,4100,0,1.0,4100,True,0.0,22049,4100,0.18594947616671959,252,93,0.00025270000332966447,0.0012175000156275928,0.0014702000189572573
DEV-0534,HIGH,SMALL,4,5,2,0,Optimization terminated successfully. (HiGHS Status 7: Optimal),True,474.0,474.0,0.0,0,591,474,117,0.8020304568527918,474,True,0.0,1782,474,0.265993265993266,60,27,0.00015139998868107796,0.0007368999940808862,0.0008882999827619642
DEV-0535,MODERATE,MEDIUM,14,2,4,0,Optimization terminated successfully. (HiGHS Status 7: Optimal),True,3902.0,3902.0,0.0,0,3902,3902,0,1.0,3902,True,0.0,11559,3902,0.3375724543645644,84,48,0.00016390002565458417,0.0008153999806381762,0.0009793000062927604
DEV-0536,MODERATE,LARGE,24,3,9,0,Optimization terminated successfully. (HiGHS Status 7: Optimal),True,7211.0,7211.0,0.0,1,7211,7211,0,1.0,7211,True,0.0,14690,7211,0.4908781484002723,216,81,0.0002601000014692545,0.004099100013263524,0.004359200014732778
DEV-0537,HIGH,LARGE,30,2,5,0,Optimization terminated successfully. (HiGHS Status 7: Optimal),True,4755.0,4755.0,0.0,1,4755,4755,0,1.0,4755,True,0.0,22163,4755,0.2145467671344132,180,96,0.00022829999215900898,0.005720199987990782,0.005948499980149791
DEV-0538,LOW,LARGE,21,5,2,0,Optimization terminated successfully. (HiGHS Status 7: Optimal),True,1180.0,1180.0,0.0,0,1180,1180,0,1.0,1180,True,0.0,15324,1180,0.07700339336987731,315,78,0.0002919000107795,0.0013490999990608543,0.0016410000098403543
DEV-0539,HIGH,LARGE,21,5,1,0,Optimization terminated successfully. (HiGHS Status 7: Optimal),True,607.0,607.0,0.0,0,607,607,0,1.0,607,True,0.0,14513,607,0.04182457107420933,315,78,0.0002840000088326633,0.0013326999905984849,0.0016166999994311482
DEV-0540,HIGH,LARGE,21,3,2,0,Optimization terminated successfully. (HiGHS Status 7: Optimal),True,2178.0,2178.0,0.0,1,2178,2178,0,1.0,2178,True,0.0,10779,2178,0.20205956025605343,189,72,0.00022000001627020538,0.007319700001971796,0.0075397000182420015
DEV-0541,HIGH,LARGE,30,5,4,0,Optimization terminated successfully. (HiGHS Status 7: Optimal),True,2067.0,2067.0,0.0,0,2067,2067,0,1.0,2067,True,0.0,23679,2067,0.0872925376916255,450,105,0.00036100001307204366,0.0017534999933559448,0.0021145000064279884
DEV-0542,MODERATE,MEDIUM,8,4,1,0,Optimization terminated successfully. (HiGHS Status 7: Optimal),True,576.0,576.0,0.0,0,576,576,0,1.0,576,True,0.0,5904,576,0.0975609756097561,96,36,0.00016729999333620071,0.0008282999915536493,0.00099559998488985
DEV-0543,LOW,MEDIUM,10,3,1,0,Optimization terminated successfully. (HiGHS Status 7: Optimal),True,664.0,664.0,0.0,0,664,664,0,1.0,664,True,0.0,11101,664,0.05981443113233042,90,39,0.00016530000721104443,0.0008127999899443239,0.0009780999971553683
DEV-0544,HIGH,MEDIUM,9,5,2,0,Optimization terminated successfully. (HiGHS Status 7: Optimal),True,3059.0,3059.0,0.0,1,3059,3059,0,1.0,3059,True,0.0,8215,3059,0.37236762020693853,135,42,0.00018599999020807445,0.0038142999983392656,0.00400029998854734
DEV-0545,MODERATE,SMALL,5,3,2,0,Optimization terminated successfully. (HiGHS Status 7: Optimal),True,3199.0,3199.0,0.0,1,3199,3199,0,1.0,3199,True,0.0,6741,3199,0.4745586708203531,45,24,0.00014459999511018395,0.006684699998004362,0.006829299993114546
DEV-0546,LOW,MEDIUM,12,2,1,0,Optimization terminated successfully. (HiGHS Status 7: Optimal),True,560.0,560.0,0.0,0,560,560,0,1.0,560,True,0.0,8943,560,0.06261880800626188,72,42,0.00019380002049729228,0.0008249999955296516,0.001018800016026944
DEV-0547,HIGH,SMALL,3,2,1,0,Optimization terminated successfully. (HiGHS Status 7: Optimal),True,1491.0,1491.0,0.0,0,1491,1491,0,1.0,1491,True,0.0,4041,1491,0.36896807720861174,18,15,0.00012280000373721123,0.0006489999941550195,0.0007717999978922307
DEV-0548,HIGH,MEDIUM,14,2,6,0,Optimization terminated successfully. (HiGHS Status 7: Optimal),True,7017.0,7017.0,0.0,1,7784,7017,767,0.901464542651593,7017,True,0.0,15185,7017,0.46210075732630884,84,48,0.00016709999181330204,0.003976399981183931,0.004143499972997233
DEV-0549,MODERATE,SMALL,4,2,2,0,Optimization terminated successfully. (HiGHS Status 7: Optimal),True,2191.0,2191.0,0.0,1,2191,2191,0,1.0,2191,True,0.0,3367,2191,0.6507276507276507,24,18,0.0001314000110141933,0.006698399985907599,0.006829799996921793
DEV-0550,MODERATE,MEDIUM,10,2,2,0,Optimization terminated successfully. (HiGHS Status 7: Optimal),True,492.0,492.0,0.0,0,492,492,0,1.0,492,True,0.0,7899,492,0.06228636536270414,60,36,0.0001551999885123223,0.0007612000044900924,0.0009163999930024147
DEV-0551,LOW,LARGE,25,3,4,0,Optimization terminated successfully. (HiGHS Status 7: Optimal),True,3094.0,3094.0,0.0,0,3094,3094,0,1.0,3094,True,0.0,19105,3094,0.16194713425804763,225,84,0.00024530000519007444,0.0011501999979373068,0.0013955000031273812
DEV-0552,MODERATE,MEDIUM,8,4,2,0,Optimization terminated successfully. (HiGHS Status 7: Optimal),True,1635.0,1635.0,0.0,1,1635,1635,0,1.0,1635,True,0.0,4836,1635,0.3380893300248139,96,36,0.00016689999029040337,0.006402800005162135,0.006569699995452538
DEV-0553,MODERATE,SMALL,3,4,1,0,Optimization terminated successfully. (HiGHS Status 7: Optimal),True,572.0,572.0,0.0,0,572,572,0,1.0,572,True,0.0,2236,572,0.2558139534883721,36,21,0.00015130001702345908,0.0007055999885778874,0.0008569000056013465
DEV-0554,MODERATE,MEDIUM,14,4,5,0,Optimization terminated successfully. (HiGHS Status 7: Optimal),True,2395.0,2395.0,0.0,1,2395,2395,0,1.0,2395,True,0.0,9608,2395,0.2492714404662781,168,54,0.0002297000028192997,0.004043699998874217,0.004273400001693517
DEV-0555,HIGH,LARGE,23,5,4,0,Optimization terminated successfully. (HiGHS Status 7: Optimal),True,2312.0,2312.0,0.0,1,2312,2312,0,1.0,2312,True,0.0,15488,2312,0.14927685950413222,345,84,0.00029949998133815825,0.004137800016906112,0.004437299998244271
DEV-0556,MODERATE,LARGE,18,3,1,0,Optimization terminated successfully. (HiGHS Status 7: Optimal),True,178.0,178.0,0.0,0,178,178,0,1.0,178,True,0.0,11711,178,0.015199385193407907,162,63,0.00021689999266527593,0.001026200014166534,0.0012431000068318099
DEV-0557,HIGH,MEDIUM,9,3,2,0,Optimization terminated successfully. (HiGHS Status 7: Optimal),True,614.0,614.0,0.0,0,614,614,0,1.0,614,True,0.0,5596,614,0.10972122944960686,81,36,0.00016340002184733748,0.0008162000158336014,0.0009796000376809388
DEV-0558,MODERATE,MEDIUM,13,4,4,0,Optimization terminated successfully. (HiGHS Status 7: Optimal),True,2925.0,2925.0,0.0,0,2925,2925,0,1.0,2925,True,0.0,11994,2925,0.24387193596798398,156,51,0.00019860002794303,0.0010089999996125698,0.0012076000275555998
DEV-0559,MODERATE,LARGE,22,2,4,0,Optimization terminated successfully. (HiGHS Status 7: Optimal),True,3549.0,3549.0,0.0,0,3549,3549,0,1.0,3549,True,0.0,17886,3549,0.19842334786984234,132,72,0.00019619998056441545,0.0009424000163562596,0.001138599996920675
DEV-0560,MODERATE,MEDIUM,9,3,2,0,Optimization terminated successfully. (HiGHS Status 7: Optimal),True,2667.0,2667.0,0.0,0,2667,2667,0,1.0,2667,True,0.0,6976,2667,0.38231077981651373,81,36,0.00015929999062791467,0.0008161999867297709,0.0009754999773576856
DEV-0561,HIGH,LARGE,20,5,1,0,Optimization terminated successfully. (HiGHS Status 7: Optimal),True,642.0,642.0,0.0,0,642,642,0,1.0,642,True,0.0,18026,642,0.035615222456451795,300,75,0.000295000005280599,0.0013035000010859221,0.0015985000063665211
DEV-0562,LOW,SMALL,3,5,2,0,Optimization terminated successfully. (HiGHS Status 7: Optimal),True,794.0,794.0,0.0,1,794,794,0,1.0,794,True,0.0,2113,794,0.375769048745859,45,24,0.00013960001524537802,0.00554559999727644,0.005685200012521818
DEV-0563,MODERATE,LARGE,25,5,1,0,Optimization terminated successfully. (HiGHS Status 7: Optimal),True,380.0,380.0,0.0,0,380,380,0,1.0,380,True,0.0,18397,380,0.020655541664401804,375,90,0.00032190000638365746,0.001981899986276403,0.0023037999926600605
DEV-0564,MODERATE,MEDIUM,8,2,2,0,Optimization terminated successfully. (HiGHS Status 7: Optimal),True,683.0,683.0,0.0,0,683,683,0,1.0,683,True,0.0,5365,683,0.12730661696178938,48,30,0.00015730000450275838,0.0008865999989211559,0.0010439000034239143
DEV-0565,HIGH,MEDIUM,13,4,1,0,Optimization terminated successfully. (HiGHS Status 7: Optimal),True,807.0,807.0,0.0,0,807,807,0,1.0,807,True,0.0,10570,807,0.07634815515610217,156,51,0.00022610000451095402,0.0010130000009667128,0.0012391000054776669
DEV-0566,HIGH,SMALL,3,2,1,0,Optimization terminated successfully. (HiGHS Status 7: Optimal),True,517.0,517.0,0.0,0,517,517,0,1.0,517,True,0.0,4041,517,0.1279386290522148,18,15,0.00013420000323094428,0.0006533999985549599,0.0007876000017859042
DEV-0567,MODERATE,SMALL,6,5,1,0,Optimization terminated successfully. (HiGHS Status 7: Optimal),True,784.0,784.0,0.0,0,784,784,0,1.0,784,True,0.0,2554,784,0.3069694596711042,90,33,0.00018900001305155456,0.0008978999976534396,0.0010869000107049942
DEV-0568,HIGH,SMALL,3,3,1,0,Optimization terminated successfully. (HiGHS Status 7: Optimal),True,393.0,393.0,0.0,0,393,393,0,1.0,393,True,0.0,3085,393,0.1273905996758509,27,18,0.0001703999878372997,0.0006799999973736703,0.00085039998521097
DEV-0569,LOW,LARGE,23,4,2,0,Optimization terminated successfully. (HiGHS Status 7: Optimal),True,671.0,671.0,0.0,0,671,671,0,1.0,671,True,0.0,18156,671,0.036957479621061905,276,81,0.0002680000034160912,0.0012565999932121485,0.0015245999966282398
DEV-0570,HIGH,SMALL,5,2,3,0,Optimization terminated successfully. (HiGHS Status 7: Optimal),True,2221.0,2221.0,0.0,1,2670,2221,449,0.8318352059925094,2221,True,0.0,4017,2221,0.5529001742593975,30,21,0.0001340000017080456,0.006265199976041913,0.006399199977749959
DEV-0571,HIGH,SMALL,3,4,1,0,Optimization terminated successfully. (HiGHS Status 7: Optimal),True,19.0,19.0,0.0,0,19,19,0,1.0,19,True,0.0,917,19,0.020719738276990186,36,21,0.00013669999316334724,0.0006814000080339611,0.0008181000011973083
DEV-0572,MODERATE,MEDIUM,9,5,1,0,Optimization terminated successfully. (HiGHS Status 7: Optimal),True,606.0,606.0,0.0,0,606,606,0,1.0,606,True,0.0,5821,606,0.10410582374162515,135,42,0.00018740000086836517,0.0009908000065479428,0.001178200007416308
DEV-0573,LOW,MEDIUM,8,5,2,0,Optimization terminated successfully. (HiGHS Status 7: Optimal),True,2345.0,2345.0,0.0,0,2345,2345,0,1.0,2345,True,0.0,6422,2345,0.36515104328869513,120,39,0.0001832999987527728,0.0010099000064656138,0.0011932000052183867
DEV-0574,MODERATE,SMALL,3,2,2,0,Optimization terminated successfully. (HiGHS Status 7: Optimal),True,1259.0,1259.0,0.0,1,1259,1259,0,1.0,1259,True,0.0,1818,1259,0.6925192519251925,18,15,0.00012589999823831022,0.008105199987767264,0.008231099986005574
DEV-0575,HIGH,MEDIUM,10,4,2,0,Optimization terminated successfully. (HiGHS Status 7: Optimal),True,2293.0,2293.0,0.0,1,2293,2293,0,1.0,2293,True,0.0,6621,2293,0.34632230780848816,120,42,0.00018859998090192676,0.004232100007357076,0.004420699988259003
DEV-0576,MODERATE,MEDIUM,12,2,1,0,Optimization terminated successfully. (HiGHS Status 7: Optimal),True,245.0,245.0,0.0,0,245,245,0,1.0,245,True,0.0,8234,245,0.029754675734758318,72,42,0.00016460000188089907,0.0007912000000942498,0.0009558000019751489
DEV-0577,HIGH,MEDIUM,12,5,3,0,Optimization terminated successfully. (HiGHS Status 7: Optimal),True,1166.0,1166.0,0.0,1,1166,1166,0,1.0,1166,True,0.0,5717,1166,0.20395312226692322,180,51,0.00021989998640492558,0.004048800008604303,0.004268699995009229
DEV-0578,MODERATE,SMALL,3,4,1,0,Optimization terminated successfully. (HiGHS Status 7: Optimal),True,107.0,107.0,0.0,0,107,107,0,1.0,107,True,0.0,2326,107,0.04600171969045572,36,21,0.00014409999130293727,0.0007323000172618777,0.0008764000085648149
DEV-0579,HIGH,SMALL,3,4,1,0,Optimization terminated successfully. (HiGHS Status 7: Optimal),True,1356.0,1356.0,0.0,0,1697,1356,341,0.7990571596935769,1356,True,0.0,3487,1356,0.38887295669630056,36,21,0.00013679999392479658,0.0007019000186119229,0.0008387000125367194
DEV-0580,HIGH,SMALL,4,4,1,0,Optimization terminated successfully. (HiGHS Status 7: Optimal),True,1394.0,1394.0,0.0,0,1547,1394,153,0.9010989010989011,1394,True,0.0,3338,1394,0.41761533852606353,48,24,0.00014260000898502767,0.0006938000151421875,0.0008364000241272151
DEV-0581,MODERATE,LARGE,29,2,5,0,Optimization terminated successfully. (HiGHS Status 7: Optimal),True,2198.0,2198.0,0.0,0,2198,2198,0,1.0,2198,True,0.0,21108,2198,0.10413113511464847,174,93,0.00022489999537356198,0.0010369999799877405,0.0012618999753613025
DEV-0582,LOW,LARGE,25,4,12,0,Optimization terminated successfully. (HiGHS Status 7: Optimal),True,5666.0,5666.0,0.0,0,5666,5666,0,1.0,5666,True,0.0,13806,5666,0.4104012748080545,300,87,0.00028219999512657523,0.0014058999950066209,0.0016880999901331961
DEV-0583,MODERATE,LARGE,24,5,4,0,Optimization terminated successfully. (HiGHS Status 7: Optimal),True,2226.0,2226.0,0.0,0,2226,2226,0,1.0,2226,True,0.0,16230,2226,0.13715341959334565,360,87,0.000302400003420189,0.0015054999967105687,0.0018079000001307577
DEV-0584,HIGH,SMALL,3,4,1,0,Optimization terminated successfully. (HiGHS Status 7: Optimal),True,516.0,516.0,0.0,0,516,516,0,1.0,516,True,0.0,1147,516,0.44986922406277247,36,21,0.00013410000246949494,0.0006898000137880445,0.0008239000162575394
DEV-0585,HIGH,MEDIUM,11,2,1,0,Optimization terminated successfully. (HiGHS Status 7: Optimal),True,694.0,694.0,0.0,0,694,694,0,1.0,694,True,0.0,10522,694,0.06595704238737883,66,39,0.00015659999917261302,0.0007767000060994178,0.0009333000052720308
DEV-0586,HIGH,MEDIUM,13,3,4,0,Optimization terminated successfully. (HiGHS Status 7: Optimal),True,3113.0,3113.0,0.0,1,3124,3113,11,0.9964788732394366,3113,True,0.0,9658,3113,0.3223234624145786,117,48,0.00018200001795776188,0.004663400002755225,0.004845400020712987
DEV-0587,HIGH,LARGE,20,2,2,0,Optimization terminated successfully. (HiGHS Status 7: Optimal),True,1314.0,1314.0,0.0,0,1314,1314,0,1.0,1314,True,0.0,14471,1314,0.09080229424365974,120,66,0.00019520000205375254,0.0009265000117011368,0.0011217000137548894
DEV-0588,HIGH,LARGE,21,4,1,0,Optimization terminated successfully. (HiGHS Status 7: Optimal),True,281.0,281.0,0.0,0,281,281,0,1.0,281,True,0.0,15653,281,0.01795183032006644,252,75,0.00025370001094415784,0.0012123000051360577,0.0014660000160802156
DEV-0589,MODERATE,MEDIUM,12,2,3,0,Optimization terminated successfully. (HiGHS Status 7: Optimal),True,3003.0,3003.0,0.0,0,3003,3003,0,1.0,3003,True,0.0,9800,3003,0.30642857142857144,72,42,0.00016149997827596962,0.0007935000176075846,0.0009549999958835542
DEV-0590,HIGH,SMALL,5,2,1,0,Optimization terminated successfully. (HiGHS Status 7: Optimal),True,81.0,81.0,0.0,0,81,81,0,1.0,81,True,0.0,3032,81,0.02671503957783641,30,21,0.00013259999104775488,0.0006637000187765807,0.0007963000098243356
DEV-0591,MODERATE,LARGE,21,2,2,0,Optimization terminated successfully. (HiGHS Status 7: Optimal),True,2186.0,2186.0,0.0,0,2186,2186,0,1.0,2186,True,0.0,17110,2186,0.12776154295733488,126,69,0.00019270001212134957,0.0008948999748099595,0.001087599986931309
DEV-0592,HIGH,LARGE,28,2,6,0,Optimization terminated successfully. (HiGHS Status 7: Optimal),True,1041.0,1041.0,0.0,0,1041,1041,0,1.0,1041,True,0.0,15510,1041,0.06711798839458413,168,90,0.00021890000789426267,0.0010113999887835234,0.0012302999966777861
DEV-0593,MODERATE,LARGE,22,5,2,0,Optimization terminated successfully. (HiGHS Status 7: Optimal),True,1041.0,1041.0,0.0,0,1041,1041,0,1.0,1041,True,0.0,14593,1041,0.07133557184951689,330,81,0.000287900009425357,0.0014004000113345683,0.0016883000207599252
DEV-0594,MODERATE,MEDIUM,11,2,2,0,Optimization terminated successfully. (HiGHS Status 7: Optimal),True,961.0,961.0,0.0,0,961,961,0,1.0,961,True,0.0,6996,961,0.1373642081189251,66,39,0.00015709997387602925,0.0007705000170972198,0.0009275999909732491
DEV-0595,HIGH,SMALL,3,5,1,0,Optimization terminated successfully. (HiGHS Status 7: Optimal),True,101.0,101.0,0.0,0,101,101,0,1.0,101,True,0.0,697,101,0.1449067431850789,45,24,0.00013840000610798597,0.0007049000123515725,0.0008433000184595585
DEV-0596,HIGH,LARGE,20,3,3,0,Optimization terminated successfully. (HiGHS Status 7: Optimal),True,3756.0,3756.0,0.0,1,3756,3756,0,1.0,3756,True,0.0,13676,3756,0.2746417081017841,180,69,0.00021550001110881567,0.005448399984743446,0.005663899995852262
DEV-0597,MODERATE,SMALL,6,4,1,0,Optimization terminated successfully. (HiGHS Status 7: Optimal),True,11.0,11.0,0.0,0,11,11,0,1.0,11,True,0.0,2858,11,0.003848845346396081,72,30,0.00016560000949539244,0.0007895999879110605,0.0009551999974064529
DEV-0598,MODERATE,SMALL,4,5,1,0,Optimization terminated successfully. (HiGHS Status 7: Optimal),True,182.0,182.0,0.0,0,182,182,0,1.0,182,True,0.0,3974,182,0.04579768495218923,60,27,0.00014750001719221473,0.0007419000030495226,0.0008894000202417374
DEV-0599,LOW,SMALL,5,3,1,0,Optimization terminated successfully. (HiGHS Status 7: Optimal),True,955.0,955.0,0.0,0,955,955,0,1.0,955,True,0.0,4023,955,0.23738503604275416,45,24,0.00014399999054148793,0.0007083000091370195,0.0008522999996785074
DEV-0600,LOW,LARGE,18,5,1,0,Optimization terminated successfully. (HiGHS Status 7: Optimal),True,150.0,150.0,0.0,0,150,150,0,1.0,150,True,0.0,10499,150,0.014287074959519955,270,69,0.0002597999991849065,0.0012399000115692616,0.001499700010754168
DEV-0601,MODERATE,SMALL,6,2,2,0,Optimization terminated successfully. (HiGHS Status 7: Optimal),True,1184.0,1184.0,0.0,0,1184,1184,0,1.0,1184,True,0.0,4724,1184,0.2506350550381033,36,24,0.00013679999392479658,0.0007046000100672245,0.0008414000039920211
DEV-0602,HIGH,LARGE,29,4,5,0,Optimization terminated successfully. (HiGHS Status 7: Optimal),True,2909.0,2909.0,0.0,1,2909,2909,0,1.0,2909,True,0.0,21315,2909,0.136476659629369,348,99,0.000305800000205636,0.008320499997353181,0.008626299997558817
DEV-0603,HIGH,SMALL,5,3,1,0,Optimization terminated successfully. (HiGHS Status 7: Optimal),True,585.0,585.0,0.0,0,585,585,0,1.0,585,True,0.0,4500,585,0.13,45,24,0.0001616999797988683,0.0007205000147223473,0.0008821999945212156
DEV-0604,HIGH,MEDIUM,9,5,2,0,Optimization terminated successfully. (HiGHS Status 7: Optimal),True,1545.0,1545.0,0.0,1,1545,1545,0,1.0,1545,True,0.0,9393,1545,0.16448419035451933,135,42,0.0001880000054370612,0.0038705999904777855,0.004058599995914847
DEV-0605,MODERATE,SMALL,6,2,2,0,Optimization terminated successfully. (HiGHS Status 7: Optimal),True,672.0,672.0,0.0,0,672,672,0,1.0,672,True,0.0,4574,672,0.14691735898557062,36,24,0.00013929998385719955,0.0007075000030454248,0.0008467999869026244
DEV-0606,HIGH,MEDIUM,10,4,1,0,Optimization terminated successfully. (HiGHS Status 7: Optimal),True,354.0,354.0,0.0,0,354,354,0,1.0,354,True,0.0,5083,354,0.06964391107613614,120,42,0.00018100001034326851,0.0008945999725256115,0.00107559998286888
DEV-0607,HIGH,SMALL,4,2,1,0,Optimization terminated successfully. (HiGHS Status 7: Optimal),True,1263.0,1263.0,0.0,0,2003,1263,740,0.6305541687468796,1263,True,0.0,3492,1263,0.36168384879725085,24,18,0.00012680000509135425,0.0006554999854415655,0.0007822999905329198
DEV-0608,HIGH,LARGE,24,3,6,0,Optimization terminated successfully. (HiGHS Status 7: Optimal),True,3385.0,3385.0,0.0,1,3385,3385,0,1.0,3385,True,0.0,16985,3385,0.19929349425964085,216,81,0.00023380000493489206,0.003879399999277666,0.004113200004212558
DEV-0609,HIGH,MEDIUM,12,2,1,0,Optimization terminated successfully. (HiGHS Status 7: Optimal),True,375.0,375.0,0.0,0,375,375,0,1.0,375,True,0.0,7913,375,0.04739037027675976,72,42,0.00016399999731220305,0.0007894999871496111,0.0009534999844618142
DEV-0610,MODERATE,SMALL,6,3,1,0,Optimization terminated successfully. (HiGHS Status 7: Optimal),True,1094.0,1094.0,0.0,0,1094,1094,0,1.0,1094,True,0.0,3537,1094,0.309301668080294,54,27,0.00014570000348612666,0.0007507000118494034,0.00089640001533553
DEV-0611,HIGH,SMALL,6,4,1,0,Optimization terminated successfully. (HiGHS Status 7: Optimal),True,863.0,863.0,0.0,0,863,863,0,1.0,863,True,0.0,4280,863,0.2016355140186916,72,30,0.0002114999806508422,0.0008386000117752701,0.0010500999924261123
DEV-0612,LOW,MEDIUM,9,3,1,0,Optimization terminated successfully. (HiGHS Status 7: Optimal),True,358.0,358.0,0.0,0,358,358,0,1.0,358,True,0.0,8245,358,0.04342025469981807,81,36,0.0001638999965507537,0.0008023999980650842,0.0009662999946158379
DEV-0613,MODERATE,SMALL,4,3,1,0,Optimization terminated successfully. (HiGHS Status 7: Optimal),True,1311.0,1311.0,0.0,0,1311,1311,0,1.0,1311,True,0.0,4145,1311,0.3162846803377563,36,21,0.00013390000094659626,0.0006881000008434057,0.000822000001790002
DEV-0614,MODERATE,LARGE,29,5,2,0,Optimization terminated successfully. (HiGHS Status 7: Optimal),True,2277.0,2277.0,0.0,0,2277,2277,0,1.0,2277,True,0.0,17043,2277,0.13360323886639677,435,102,0.0003498000151012093,0.0016245999722741544,0.0019743999873753637
DEV-0615,MODERATE,LARGE,27,2,2,0,Optimization terminated successfully. (HiGHS Status 7: Optimal),True,328.0,328.0,0.0,0,328,328,0,1.0,328,True,0.0,16820,328,0.019500594530321047,162,87,0.00022289998014457524,0.000993699999526143,0.0012165999796707183
DEV-0616,MODERATE,LARGE,27,4,3,0,Optimization terminated successfully. (HiGHS Status 7: Optimal),True,2004.0,2004.0,0.0,0,2004,2004,0,1.0,2004,True,0.0,23206,2004,0.08635697664397139,324,93,0.00028979999478906393,0.0013709999911952764,0.0016607999859843403
DEV-0617,MODERATE,MEDIUM,13,5,1,0,Optimization terminated successfully. (HiGHS Status 7: Optimal),True,828.0,828.0,0.0,0,828,828,0,1.0,828,True,0.0,9834,828,0.08419768151311775,195,54,0.00021619998733513057,0.0010522000084165484,0.001268399995751679
DEV-0618,HIGH,MEDIUM,12,2,2,0,Optimization terminated successfully. (HiGHS Status 7: Optimal),True,1081.0,1081.0,0.0,0,1081,1081,0,1.0,1081,True,0.0,9529,1081,0.1134431734704586,72,42,0.0001655000087339431,0.0007750999939162284,0.0009406000026501715
DEV-0619,MODERATE,MEDIUM,11,2,1,0,Optimization terminated successfully. (HiGHS Status 7: Optimal),True,750.0,750.0,0.0,0,750,750,0,1.0,750,True,0.0,8462,750,0.08863152918931695,66,39,0.00015659999917261302,0.0007616999791935086,0.0009182999783661216
DEV-0620,MODERATE,SMALL,3,5,1,0,Optimization terminated successfully. (HiGHS Status 7: Optimal),True,16.0,16.0,0.0,0,16,16,0,1.0,16,True,0.0,3013,16,0.005310321938267508,45,24,0.00013810000382363796,0.0006969000096432865,0.0008350000134669244
DEV-0621,HIGH,MEDIUM,13,5,3,0,Optimization terminated successfully. (HiGHS Status 7: Optimal),True,2613.0,2613.0,0.0,1,2613,2613,0,1.0,2613,True,0.0,8753,2613,0.29852621958185765,195,54,0.0002133999951183796,0.0038444999954663217,0.004057899990584701
DEV-0622,MODERATE,LARGE,25,5,2,0,Optimization terminated successfully. (HiGHS Status 7: Optimal),True,1062.0,1062.0,0.0,0,1062,1062,0,1.0,1062,True,0.0,14786,1062,0.07182469903963208,375,90,0.0003212000010535121,0.0014903999981470406,0.0018115999992005527
DEV-0623,HIGH,LARGE,24,2,1,0,Optimization terminated successfully. (HiGHS Status 7: Optimal),True,834.0,834.0,0.0,0,834,834,0,1.0,834,True,0.0,16458,834,0.05067444403937295,144,78,0.00020700000459328294,0.0009667999984230846,0.0011738000030163676
DEV-0624,MODERATE,LARGE,24,4,2,0,Optimization terminated successfully. (HiGHS Status 7: Optimal),True,360.0,360.0,0.0,0,360,360,0,1.0,360,True,0.0,9965,360,0.03612644254892122,288,84,0.0002673999988473952,0.0012835999950766563,0.0015509999939240515
DEV-0625,LOW,SMALL,3,4,1,0,Optimization terminated successfully. (HiGHS Status 7: Optimal),True,1784.0,1784.0,0.0,0,1784,1784,0,1.0,1784,True,0.0,3801,1784,0.46935017100762955,36,21,0.00013269999180920422,0.0006916999991517514,0.0008243999909609556
DEV-0626,HIGH,LARGE,24,2,2,0,Optimization terminated successfully. (HiGHS Status 7: Optimal),True,1516.0,1516.0,0.0,0,1516,1516,0,1.0,1516,True,0.0,19838,1516,0.07641899385018651,144,78,0.00020569999469444156,0.0009637000039219856,0.0011693999986164272
DEV-0627,HIGH,MEDIUM,8,4,2,0,Optimization terminated successfully. (HiGHS Status 7: Optimal),True,1699.0,1699.0,0.0,1,1699,1699,0,1.0,1699,True,0.0,6725,1699,0.252639405204461,96,36,0.00016579998191446066,0.005046100006438792,0.005211899988353252
DEV-0628,HIGH,SMALL,3,2,1,0,Optimization terminated successfully. (HiGHS Status 7: Optimal),True,392.0,392.0,0.0,0,392,392,0,1.0,392,True,0.0,2042,392,0.19196865817825662,18,15,0.00013110000872984529,0.0006638999911956489,0.0007949999999254942
DEV-0629,HIGH,MEDIUM,10,4,3,0,Optimization terminated successfully. (HiGHS Status 7: Optimal),True,397.0,397.0,0.0,1,397,397,0,1.0,397,True,0.0,5098,397,0.07787367595135347,120,42,0.0001849000109359622,0.006098499987274408,0.0062833999982103705
DEV-0630,HIGH,SMALL,3,3,1,0,Optimization terminated successfully. (HiGHS Status 7: Optimal),True,1166.0,1166.0,0.0,0,1167,1166,1,0.9991431019708654,1166,True,0.0,2864,1166,0.40712290502793297,27,18,0.00013600001693703234,0.0006938999867998064,0.0008299000037368387
DEV-0631,HIGH,SMALL,5,5,1,0,Optimization terminated successfully. (HiGHS Status 7: Optimal),True,1335.0,1335.0,0.0,0,1335,1335,0,1.0,1335,True,0.0,3903,1335,0.3420445810914681,75,30,0.00015619999612681568,0.0007849999819882214,0.0009411999781150371
DEV-0632,LOW,LARGE,26,2,4,0,Optimization terminated successfully. (HiGHS Status 7: Optimal),True,4552.0,4552.0,0.0,0,4552,4552,0,1.0,4552,True,0.0,15815,4552,0.28782801138159975,156,84,0.00022409998928196728,0.000975200004177168,0.0011992999934591353
DEV-0633,HIGH,LARGE,26,4,3,0,Optimization terminated successfully. (HiGHS Status 7: Optimal),True,2354.0,2354.0,0.0,0,2354,2354,0,1.0,2354,True,0.0,21804,2354,0.1079618418638782,312,90,0.00031629999284632504,0.0013699000119231641,0.0016862000047694892
DEV-0634,MODERATE,MEDIUM,13,4,1,0,Optimization terminated successfully. (HiGHS Status 7: Optimal),True,1149.0,1149.0,0.0,0,1149,1149,0,1.0,1149,True,0.0,7714,1149,0.14894996110967074,156,51,0.00019749999046325684,0.0009569000103510916,0.0011544000008143485
DEV-0635,MODERATE,LARGE,22,2,2,0,Optimization terminated successfully. (HiGHS Status 7: Optimal),True,979.0,979.0,0.0,0,979,979,0,1.0,979,True,0.0,17469,979,0.056042131776289424,132,72,0.00019570000586099923,0.0009208999981638044,0.0011166000040248036
DEV-0636,HIGH,MEDIUM,11,3,1,0,Optimization terminated successfully. (HiGHS Status 7: Optimal),True,22.0,22.0,0.0,0,22,22,0,1.0,22,True,0.0,6465,22,0.003402938901778809,99,42,0.00016920000780373812,0.0008156999829225242,0.0009848999907262623
DEV-0637,MODERATE,LARGE,30,5,10,0,Optimization terminated successfully. (HiGHS Status 7: Optimal),True,7996.0,7996.0,0.0,1,7996,7996,0,1.0,7996,True,0.0,22052,7996,0.36259749682568476,450,105,0.0003559999749995768,0.003528600005665794,0.003884599980665371
DEV-0638,MODERATE,LARGE,22,5,1,0,Optimization terminated successfully. (HiGHS Status 7: Optimal),True,14.0,14.0,0.0,0,14,14,0,1.0,14,True,0.0,13286,14,0.001053740779768177,330,81,0.00030479999259114265,0.0013685000012628734,0.001673299993854016
DEV-0639,MODERATE,LARGE,27,5,4,0,Optimization terminated successfully. (HiGHS Status 7: Optimal),True,2125.0,2125.0,0.0,0,2125,2125,0,1.0,2125,True,0.0,19572,2125,0.10857347230737789,405,96,0.00033340000663883984,0.0016178000078070909,0.0019512000144459307
DEV-0640,MODERATE,LARGE,25,3,4,0,Optimization terminated successfully. (HiGHS Status 7: Optimal),True,2155.0,2155.0,0.0,0,2155,2155,0,1.0,2155,True,0.0,17010,2155,0.1266901822457378,225,84,0.0002513999934308231,0.0011539999977685511,0.0014053999911993742
DEV-0641,LOW,SMALL,5,5,1,0,Optimization terminated successfully. (HiGHS Status 7: Optimal),True,1229.0,1229.0,0.0,0,1229,1229,0,1.0,1229,True,0.0,4216,1229,0.29150853889943074,75,30,0.0001543999824207276,0.0007921000069472939,0.0009464999893680215
DEV-0642,MODERATE,MEDIUM,9,3,3,0,Optimization terminated successfully. (HiGHS Status 7: Optimal),True,2843.0,2843.0,0.0,1,2843,2843,0,1.0,2843,True,0.0,8177,2843,0.3476825241531124,81,36,0.00015970002277754247,0.005974899977445602,0.006134600000223145
DEV-0643,MODERATE,LARGE,21,3,10,0,Optimization terminated successfully. (HiGHS Status 7: Optimal),True,9920.0,9920.0,0.0,1,9920,9920,0,1.0,9920,True,0.0,18751,9920,0.5290384512825983,189,72,0.0002271000121254474,0.00317949999589473,0.0034066000080201775
DEV-0644,MODERATE,LARGE,20,3,1,0,Optimization terminated successfully. (HiGHS Status 7: Optimal),True,515.0,515.0,0.0,0,515,515,0,1.0,515,True,0.0,12475,515,0.04128256513026052,180,69,0.00021920001017861068,0.0010497999901417643,0.001269000000320375
DEV-0645,HIGH,LARGE,19,3,3,0,Optimization terminated successfully. (HiGHS Status 7: Optimal),True,3266.0,3266.0,0.0,1,3266,3266,0,1.0,3266,True,0.0,13958,3266,0.2339876773176673,171,66,0.00021769999875687063,0.0061234000022523105,0.006341100001009181
DEV-0646,MODERATE,MEDIUM,14,2,2,0,Optimization terminated successfully. (HiGHS Status 7: Optimal),True,2366.0,2366.0,0.0,0,2366,2366,0,1.0,2366,True,0.0,8536,2366,0.27717900656044986,84,48,0.0001731000083964318,0.000834699982078746,0.0010077999904751778
DEV-0647,HIGH,SMALL,6,4,1,0,Optimization terminated successfully. (HiGHS Status 7: Optimal),True,708.0,708.0,0.0,0,708,708,0,1.0,708,True,0.0,4147,708,0.1707258258982397,72,30,0.00016070000128820539,0.0007678999972995371,0.0009285999985877424
DEV-0648,MODERATE,SMALL,5,3,2,0,Optimization terminated successfully. (HiGHS Status 7: Optimal),True,1788.0,1788.0,0.0,1,1788,1788,0,1.0,1788,True,0.0,4547,1788,0.39322630305696066,45,24,0.0001396999869029969,0.0067937000130768865,0.006933399999979883
DEV-0649,MODERATE,SMALL,3,5,1,0,Optimization terminated successfully. (HiGHS Status 7: Optimal),True,1060.0,1060.0,0.0,0,1060,1060,0,1.0,1060,True,0.0,2094,1060,0.5062082139446036,45,24,0.0001435000158380717,0.0007239999831654131,0.0008674999990034848
DEV-0650,HIGH,SMALL,6,5,2,0,Optimization terminated successfully. (HiGHS Status 7: Optimal),True,1716.0,1716.0,0.0,1,1990,1716,274,0.8623115577889447,1716,True,0.0,5346,1716,0.32098765432098764,90,33,0.00016639998648315668,0.0043500000028871,0.004516399989370257
DEV-0651,HIGH,MEDIUM,10,2,4,0,Optimization terminated successfully. (HiGHS Status 7: Optimal),True,1425.0,1425.0,0.0,0,1425,1425,0,1.0,1425,True,0.0,6107,1425,0.23333879155067955,60,36,0.00015650002751499414,0.0007877000025473535,0.0009442000300623477
DEV-0652,MODERATE,MEDIUM,11,2,1,0,Optimization terminated successfully. (HiGHS Status 7: Optimal),True,13.0,13.0,0.0,0,13,13,0,1.0,13,True,0.0,8905,13,0.00145985401459854,66,39,0.00015789997996762395,0.0007620000105816871,0.000919899990549311
DEV-0653,HIGH,MEDIUM,12,2,3,0,Optimization terminated successfully. (HiGHS Status 7: Optimal),True,2433.0,2433.0,0.0,0,2433,2433,0,1.0,2433,True,0.0,9507,2433,0.25591669296307984,72,42,0.00015969999367371202,0.0007967999845277518,0.0009564999782014638
DEV-0654,HIGH,LARGE,24,4,2,0,Optimization terminated successfully. (HiGHS Status 7: Optimal),True,1338.0,1338.0,0.0,1,1338,1338,0,1.0,1338,True,0.0,14837,1338,0.09017995551661387,288,84,0.00026989998877979815,0.007549200003268197,0.007819099992047995
DEV-0655,MODERATE,SMALL,3,2,3,0,Optimization terminated successfully. (HiGHS Status 7: Optimal),True,2519.0,2519.0,0.0,1,2539,2519,20,0.9921228830248129,2519,True,0.0,2539,2519,0.9921228830248129,18,15,0.00013280002167448401,0.005290299974149093,0.005423099995823577
DEV-0656,HIGH,SMALL,3,5,2,0,Optimization terminated successfully. (HiGHS Status 7: Optimal),True,1417.0,1417.0,0.0,0,2378,1417,961,0.595878889823381,1417,True,0.0,2381,1417,0.5951280974380513,45,24,0.00014490002649836242,0.0007381000032182783,0.0008830000297166407
DEV-0657,MODERATE,LARGE,28,5,12,0,Optimization terminated successfully. (HiGHS Status 7: Optimal),True,9299.0,9299.0,0.0,1,9299,9299,0,1.0,9299,True,0.0,20301,9299,0.45805625338653266,420,99,0.0003493000112939626,0.003349699982209131,0.0036989999935030937
DEV-0658,HIGH,LARGE,29,5,10,0,Optimization terminated successfully. (HiGHS Status 7: Optimal),True,8046.0,8046.0,0.0,1,8197,8046,151,0.9815786263267049,8046,True,0.0,19284,8046,0.41723708774113255,435,102,0.00035659997956827283,0.0035176000092178583,0.003874199988786131
DEV-0659,HIGH,LARGE,19,3,2,0,Optimization terminated successfully. (HiGHS Status 7: Optimal),True,641.0,641.0,0.0,0,641,641,0,1.0,641,True,0.0,11112,641,0.05768538516918646,171,66,0.00022200000239536166,0.0010356999991927296,0.0012577000015880913
DEV-0660,MODERATE,LARGE,27,5,7,0,Optimization terminated successfully. (HiGHS Status 7: Optimal),True,4805.0,4805.0,0.0,0,4805,4805,0,1.0,4805,True,0.0,19499,4805,0.246422893481717,405,96,0.00033229999826289713,0.001648900011787191,0.001981200010050088
DEV-0661,MODERATE,LARGE,21,5,1,0,Optimization terminated successfully. (HiGHS Status 7: Optimal),True,380.0,380.0,0.0,0,380,380,0,1.0,380,True,0.0,14434,380,0.0263267285575724,315,78,0.00028059998294338584,0.0013427000085357577,0.0016232999914791435
DEV-0662,MODERATE,SMALL,5,5,1,0,Optimization terminated successfully. (HiGHS Status 7: Optimal),True,1512.0,1512.0,0.0,0,1512,1512,0,1.0,1512,True,0.0,5549,1512,0.27248152820327987,75,30,0.00015579999308101833,0.0007903999940026551,0.0009461999870836735
DEV-0663,HIGH,LARGE,26,2,2,0,Optimization terminated successfully. (HiGHS Status 7: Optimal),True,1933.0,1933.0,0.0,0,1933,1933,0,1.0,1933,True,0.0,21331,1933,0.09061928648445924,156,84,0.00021440000273287296,0.0010045999952126294,0.0012189999979455024
DEV-0664,HIGH,LARGE,20,2,1,0,Optimization terminated successfully. (HiGHS Status 7: Optimal),True,885.0,885.0,0.0,0,885,885,0,1.0,885,True,0.0,16305,885,0.05427782888684453,120,66,0.0001908999984152615,0.0009372000058647245,0.001128100004279986
DEV-0665,MODERATE,SMALL,6,3,1,0,Optimization terminated successfully. (HiGHS Status 7: Optimal),True,15.0,15.0,0.0,0,15,15,0,1.0,15,True,0.0,4998,15,0.003001200480192077,54,27,0.00014570000348612666,0.0007260999991558492,0.0008718000026419759
DEV-0666,LOW,MEDIUM,12,2,1,0,Optimization terminated successfully. (HiGHS Status 7: Optimal),True,1905.0,1905.0,0.0,0,1905,1905,0,1.0,1905,True,0.0,10741,1905,0.1773577879154641,72,42,0.00016110000433400273,0.0007715999963693321,0.0009327000007033348
DEV-0667,MODERATE,SMALL,3,5,1,0,Optimization terminated successfully. (HiGHS Status 7: Optimal),True,20.0,20.0,0.0,0,20,20,0,1.0,20,True,0.0,1013,20,0.019743336623889437,45,24,0.0001385000068694353,0.000690999993821606,0.0008295000006910414
DEV-0668,HIGH,MEDIUM,14,3,1,0,Optimization terminated successfully. (HiGHS Status 7: Optimal),True,212.0,212.0,0.0,0,212,212,0,1.0,212,True,0.0,9015,212,0.023516361619523016,126,51,0.00018939998699352145,0.000895800010766834,0.0010851999977603555
DEV-0669,MODERATE,MEDIUM,8,2,1,0,Optimization terminated successfully. (HiGHS Status 7: Optimal),True,904.0,904.0,0.0,0,904,904,0,1.0,904,True,0.0,6894,904,0.13112851755149404,48,30,0.0001438999897800386,0.0007012000132817775,0.0008451000030618161
DEV-0670,MODERATE,LARGE,26,4,3,0,Optimization terminated successfully. (HiGHS Status 7: Optimal),True,3296.0,3296.0,0.0,0,3296,3296,0,1.0,3296,True,0.0,15058,3296,0.21888697038119273,312,90,0.00028639999800361693,0.0014189999783411622,0.0017053999763447791
DEV-0671,MODERATE,MEDIUM,11,3,3,0,Optimization terminated successfully. (HiGHS Status 7: Optimal),True,3193.0,3193.0,0.0,1,3193,3193,0,1.0,3193,True,0.0,6842,3193,0.46667641040631397,99,42,0.00018019997514784336,0.006024800008162856,0.0062049999833106995
DEV-0672,HIGH,LARGE,23,4,1,0,Optimization terminated successfully. (HiGHS Status 7: Optimal),True,639.0,639.0,0.0,0,639,639,0,1.0,639,True,0.0,17425,639,0.036671449067431854,276,81,0.00026810000417754054,0.001247700012754649,0.0015158000169321895
DEV-0673,HIGH,MEDIUM,8,3,3,0,Optimization terminated successfully. (HiGHS Status 7: Optimal),True,856.0,856.0,0.0,1,856,856,0,1.0,856,True,0.0,5317,856,0.16099304118864022,72,33,0.00015889998758211732,0.006787999998778105,0.006946899986360222
DEV-0674,MODERATE,LARGE,24,4,8,0,Optimization terminated successfully. (HiGHS Status 7: Optimal),True,4498.0,4498.0,0.0,1,4498,4498,0,1.0,4498,True,0.0,12868,4498,0.3495492695057507,288,84,0.00037799999699927866,0.004322900000261143,0.0047008999972604215
DEV-0675,MODERATE,SMALL,3,3,1,0,Optimization terminated successfully. (HiGHS Status 7: Optimal),True,157.0,157.0,0.0,0,157,157,0,1.0,157,True,0.0,1180,157,0.13305084745762713,27,18,0.00013849997776560485,0.0006883000023663044,0.0008267999801319093
DEV-0676,MODERATE,SMALL,4,5,2,0,Optimization terminated successfully. (HiGHS Status 7: Optimal),True,1556.0,1556.0,0.0,1,1558,1556,2,0.9987163029525032,1556,True,0.0,2311,1556,0.6733016010385114,60,27,0.00015040001017041504,0.004303199995774776,0.004453600005945191
DEV-0677,MODERATE,LARGE,29,4,2,0,Optimization terminated successfully. (HiGHS Status 7: Optimal),True,2412.0,2412.0,0.0,0,2412,2412,0,1.0,2412,True,0.0,23637,2412,0.10204340652367051,348,99,0.0003145999799016863,0.0014496000076178461,0.0017641999875195324
DEV-0678,LOW,MEDIUM,14,5,4,0,Optimization terminated successfully. (HiGHS Status 7: Optimal),True,1051.0,1051.0,0.0,0,1051,1051,0,1.0,1051,True,0.0,11479,1051,0.09155849812701455,210,57,0.00023289999808184803,0.00113489999785088,0.001367799995932728
DEV-0679,MODERATE,SMALL,3,4,3,0,Optimization terminated successfully. (HiGHS Status 7: Optimal),True,1465.0,1465.0,0.0,1,1467,1465,2,0.9986366734832992,1465,True,0.0,1467,1465,0.9986366734832992,36,21,0.0001357999863103032,0.003964000003179535,0.0040997999894898385
DEV-0680,HIGH,SMALL,4,5,1,0,Optimization terminated successfully. (HiGHS Status 7: Optimal),True,885.0,885.0,0.0,0,1688,885,803,0.5242890995260664,885,True,0.0,2736,885,0.32346491228070173,60,27,0.0001542000100016594,0.0007501000072807074,0.0009043000172823668
DEV-0681,HIGH,SMALL,3,2,2,0,Optimization terminated successfully. (HiGHS Status 7: Optimal),True,943.0,943.0,0.0,1,1488,943,545,0.633736559139785,943,True,0.0,2337,943,0.40350877192982454,18,15,0.00012810001499019563,0.007848500012187287,0.007976600027177483
DEV-0682,MODERATE,MEDIUM,10,3,1,0,Optimization terminated successfully. (HiGHS Status 7: Optimal),True,882.0,882.0,0.0,0,882,882,0,1.0,882,True,0.0,4644,882,0.18992248062015504,90,39,0.00017159999697469175,0.000829399999929592,0.0010009999969042838
DEV-0683,LOW,MEDIUM,14,4,4,0,Optimization terminated successfully. (HiGHS Status 7: Optimal),True,1251.0,1251.0,0.0,0,1251,1251,0,1.0,1251,True,0.0,6988,1251,0.17902117916428162,168,54,0.00020740000763908029,0.0010430999973323196,0.0012505000049714
DEV-0684,MODERATE,MEDIUM,13,5,4,0,Optimization terminated successfully. (HiGHS Status 7: Optimal),True,1165.0,1165.0,0.0,0,1165,1165,0,1.0,1165,True,0.0,5809,1165,0.20055086934067826,195,54,0.0002170999941881746,0.0011322000063955784,0.001349300000583753
DEV-0685,HIGH,SMALL,6,4,1,0,Optimization terminated successfully. (HiGHS Status 7: Optimal),True,82.0,82.0,0.0,0,82,82,0,1.0,82,True,0.0,4961,82,0.01652892561983471,72,30,0.00016480000340379775,0.0007642000273335725,0.0009290000307373703
DEV-0686,MODERATE,LARGE,22,5,1,0,Optimization terminated successfully. (HiGHS Status 7: Optimal),True,533.0,533.0,0.0,0,533,533,0,1.0,533,True,0.0,19407,533,0.027464316999020973,330,81,0.00041959999362006783,0.0014161999861244112,0.001835799979744479
DEV-0687,MODERATE,MEDIUM,13,3,1,0,Optimization terminated successfully. (HiGHS Status 7: Optimal),True,399.0,399.0,0.0,0,399,399,0,1.0,399,True,0.0,9551,399,0.04177573029002199,117,48,0.00019230000907555223,0.0008778999908827245,0.0010701999999582767
DEV-0688,HIGH,LARGE,26,3,3,0,Optimization terminated successfully. (HiGHS Status 7: Optimal),True,1560.0,1560.0,0.0,0,1560,1560,0,1.0,1560,True,0.0,15757,1560,0.09900361743986799,234,87,0.00025090001872740686,0.0011684999917633832,0.00141940001049079
DEV-0689,HIGH,SMALL,6,5,1,0,Optimization terminated successfully. (HiGHS Status 7: Optimal),True,928.0,928.0,0.0,0,928,928,0,1.0,928,True,0.0,3758,928,0.24693986162852583,90,33,0.00016450000111944973,0.0008161999867297709,0.0009806999878492206
DEV-0690,MODERATE,SMALL,5,5,1,0,Optimization terminated successfully. (HiGHS Status 7: Optimal),True,13.0,13.0,0.0,0,13,13,0,1.0,13,True,0.0,1868,13,0.006959314775160599,75,30,0.00015539999003522098,0.0008127999899443239,0.0009681999799795449
DEV-0691,HIGH,MEDIUM,10,5,1,0,Optimization terminated successfully. (HiGHS Status 7: Optimal),True,67.0,67.0,0.0,0,67,67,0,1.0,67,True,0.0,5504,67,0.01217296511627907,150,45,0.0001951000012923032,0.0009509999945294112,0.0011460999958217144
DEV-0692,MODERATE,LARGE,26,3,4,0,Optimization terminated successfully. (HiGHS Status 7: Optimal),True,3636.0,3636.0,0.0,0,3636,3636,0,1.0,3636,True,0.0,13669,3636,0.2660033652790987,234,87,0.0002572000084910542,0.0012048000062350184,0.0014620000147260725
DEV-0693,LOW,MEDIUM,11,3,2,0,Optimization terminated successfully. (HiGHS Status 7: Optimal),True,1269.0,1269.0,0.0,0,1269,1269,0,1.0,1269,True,0.0,8227,1269,0.15424820712288806,99,42,0.0001799000019673258,0.0008433999901171774,0.0010232999920845032
DEV-0694,HIGH,LARGE,24,5,3,0,Optimization terminated successfully. (HiGHS Status 7: Optimal),True,1838.0,1838.0,0.0,1,1838,1838,0,1.0,1838,True,0.0,14241,1838,0.1290639702268099,360,87,0.0003240999940317124,0.0045482999994419515,0.004872399993473664
DEV-0695,MODERATE,LARGE,29,5,5,0,Optimization terminated successfully. (HiGHS Status 7: Optimal),True,2436.0,2436.0,0.0,0,2436,2436,0,1.0,2436,True,0.0,18411,2436,0.13231220466025745,435,102,0.00039289999403990805,0.0017189000209327787,0.0021118000149726868
DEV-0696,HIGH,SMALL,5,2,1,0,Optimization terminated successfully. (HiGHS Status 7: Optimal),True,1034.0,1034.0,0.0,0,1034,1034,0,1.0,1034,True,0.0,2229,1034,0.4638851502916106,30,21,0.00013449997641146183,0.0006966000073589385,0.0008310999837704003
DEV-0697,MODERATE,SMALL,5,5,3,0,Optimization terminated successfully. (HiGHS Status 7: Optimal),True,2251.0,2251.0,0.0,1,2251,2251,0,1.0,2251,True,0.0,3870,2251,0.5816537467700258,75,30,0.0001564999984111637,0.004526800010353327,0.0046833000087644905
DEV-0698,HIGH,MEDIUM,8,4,1,0,Optimization terminated successfully. (HiGHS Status 7: Optimal),True,821.0,821.0,0.0,0,821,821,0,1.0,821,True,0.0,8802,821,0.09327425585094297,96,36,0.0001753999968059361,0.0008504999859724194,0.0010258999827783555
DEV-0699,MODERATE,SMALL,4,3,1,0,Optimization terminated successfully. (HiGHS Status 7: Optimal),True,761.0,761.0,0.0,0,761,761,0,1.0,761,True,0.0,4227,761,0.18003312041637096,36,21,0.00013879998004995286,0.0006952000258024782,0.0008340000058524311
DEV-0700,HIGH,LARGE,22,5,1,0,Optimization terminated successfully. (HiGHS Status 7: Optimal),True,240.0,240.0,0.0,0,240,240,0,1.0,240,True,0.0,17166,240,0.013981125480601188,330,81,0.00030209997203201056,0.0013679000257980078,0.0016699999978300184
DEV-0701,MODERATE,LARGE,26,3,5,0,Optimization terminated successfully. (HiGHS Status 7: Optimal),True,5178.0,5178.0,0.0,0,5178,5178,0,1.0,5178,True,0.0,22481,5178,0.23032783239179752,234,87,0.0002586000191513449,0.001209999987622723,0.0014686000067740679
DEV-0702,MODERATE,MEDIUM,14,5,1,0,Optimization terminated successfully. (HiGHS Status 7: Optimal),True,1034.0,1034.0,0.0,0,1034,1034,0,1.0,1034,True,0.0,9841,1034,0.1050706229041764,210,57,0.0002230999816674739,0.0011067000159528106,0.0013297999976202846
DEV-0703,MODERATE,LARGE,25,4,3,0,Optimization terminated successfully. (HiGHS Status 7: Optimal),True,2434.0,2434.0,0.0,0,2434,2434,0,1.0,2434,True,0.0,19939,2434,0.12207232057776217,300,87,0.000284800014924258,0.0014751999988220632,0.0017600000137463212
DEV-0704,MODERATE,SMALL,5,3,1,0,Optimization terminated successfully. (HiGHS Status 7: Optimal),True,595.0,595.0,0.0,0,595,595,0,1.0,595,True,0.0,2871,595,0.20724486241727622,45,24,0.00014670001110062003,0.0007360999879892915,0.0008827999990899116
DEV-0705,HIGH,LARGE,22,2,4,0,Optimization terminated successfully. (HiGHS Status 7: Optimal),True,2207.0,2207.0,0.0,1,2207,2207,0,1.0,2207,True,0.0,9958,2207,0.22163084956818638,132,72,0.00020139999105595052,0.008232599997427315,0.008433999988483265
DEV-0706,HIGH,SMALL,4,4,1,0,Optimization terminated successfully. (HiGHS Status 7: Optimal),True,1572.0,1572.0,0.0,0,1738,1572,166,0.904487917146145,1572,True,0.0,3864,1572,0.40683229813664595,48,24,0.00014570000348612666,0.0007418000022880733,0.0008875000057742
DEV-0707,HIGH,SMALL,3,3,1,0,Optimization terminated successfully. (HiGHS Status 7: Optimal),True,138.0,138.0,0.0,0,138,138,0,1.0,138,True,0.0,1198,138,0.11519198664440734,27,18,0.00012879999121651053,0.000661700003547594,0.0007904999947641045
DEV-0708,HIGH,MEDIUM,11,4,1,0,Optimization terminated successfully. (HiGHS Status 7: Optimal),True,595.0,595.0,0.0,0,595,595,0,1.0,595,True,0.0,8109,595,0.07337526205450734,132,45,0.00019669998437166214,0.0009114000131376088,0.001108099997509271
DEV-0709,HIGH,LARGE,19,2,5,0,Optimization terminated successfully. (HiGHS Status 7: Optimal),True,4981.0,4981.0,0.0,1,4981,4981,0,1.0,4981,True,0.0,17401,4981,0.2862479167863916,114,63,0.00018970001838169992,0.0073299999930895865,0.007519700011471286
DEV-0710,HIGH,LARGE,18,3,2,0,Optimization terminated successfully. (HiGHS Status 7: Optimal),True,1342.0,1342.0,0.0,0,1342,1342,0,1.0,1342,True,0.0,7671,1342,0.17494459653239475,162,63,0.00022080002236180007,0.0010350999946240336,0.0012559000169858336
DEV-0711,MODERATE,SMALL,4,3,2,0,Optimization terminated successfully. (HiGHS Status 7: Optimal),True,2808.0,2808.0,0.0,1,2808,2808,0,1.0,2808,True,0.0,3407,2808,0.8241855004402701,36,21,0.00014220000593923032,0.008407799992710352,0.008549999998649582
DEV-0712,LOW,LARGE,30,5,14,0,Optimization terminated successfully. (HiGHS Status 7: Optimal),True,11664.0,11664.0,0.0,1,11664,11664,0,1.0,11664,True,0.0,22226,11664,0.5247907855664538,450,105,0.000381799996830523,0.003464600013103336,0.003846400009933859
DEV-0713,HIGH,LARGE,28,4,4,0,Optimization terminated successfully. (HiGHS Status 7: Optimal),True,3411.0,3411.0,0.0,1,3411,3411,0,1.0,3411,True,0.0,19341,3411,0.17636109818520243,336,96,0.0003043999895453453,0.00830890002544038,0.008613300014985725
DEV-0714,MODERATE,SMALL,5,5,2,0,Optimization terminated successfully. (HiGHS Status 7: Optimal),True,2245.0,2245.0,0.0,1,2245,2245,0,1.0,2245,True,0.0,6038,2245,0.3718118582312024,75,30,0.00016870000399649143,0.00454409999656491,0.004712800000561401
DEV-0715,MODERATE,LARGE,20,2,2,0,Optimization terminated successfully. (HiGHS Status 7: Optimal),True,2466.0,2466.0,0.0,0,2466,2466,0,1.0,2466,True,0.0,13108,2466,0.18812938663411657,120,66,0.0002841999812517315,0.0009411000064574182,0.0012252999877091497
DEV-0716,HIGH,LARGE,25,4,4,0,Optimization terminated successfully. (HiGHS Status 7: Optimal),True,4820.0,4820.0,0.0,1,4820,4820,0,1.0,4820,True,0.0,20610,4820,0.23386705482775352,300,87,0.0002832000027410686,0.0039004000136628747,0.004183600016403943
DEV-0717,HIGH,MEDIUM,13,2,1,0,Optimization terminated successfully. (HiGHS Status 7: Optimal),True,940.0,940.0,0.0,0,940,940,0,1.0,940,True,0.0,11100,940,0.08468468468468468,78,45,0.00016930000856518745,0.0007955000037327409,0.0009648000122979283
DEV-0718,HIGH,SMALL,4,3,1,0,Optimization terminated successfully. (HiGHS Status 7: Optimal),True,183.0,183.0,0.0,0,183,183,0,1.0,183,True,0.0,1513,183,0.1209517514871117,36,21,0.0001351999817416072,0.0006969000096432865,0.0008320999913848937
DEV-0719,MODERATE,MEDIUM,9,4,1,0,Optimization terminated successfully. (HiGHS Status 7: Optimal),True,211.0,211.0,0.0,0,211,211,0,1.0,211,True,0.0,7288,211,0.028951701427003294,108,39,0.00019710001652128994,0.0008501999836880714,0.0010473000002093613
DEV-0720,HIGH,LARGE,19,5,1,0,Optimization terminated successfully. (HiGHS Status 7: Optimal),True,1569.0,1569.0,0.0,0,1569,1569,0,1.0,1569,True,0.0,23299,1569,0.06734194600626636,285,72,0.0002725000085774809,0.001275199989322573,0.0015476999979000539
DEV-0721,MODERATE,SMALL,4,2,1,0,Optimization terminated successfully. (HiGHS Status 7: Optimal),True,28.0,28.0,0.0,0,28,28,0,1.0,28,True,0.0,3401,28,0.008232872684504558,24,18,0.00012860001879744232,0.000661700003547594,0.0007903000223450363
DEV-0722,HIGH,SMALL,6,3,1,0,Optimization terminated successfully. (HiGHS Status 7: Optimal),True,104.0,104.0,0.0,0,104,104,0,1.0,104,True,0.0,3980,104,0.02613065326633166,54,27,0.00014390001888386905,0.0007379000016953796,0.0008818000205792487
DEV-0723,MODERATE,MEDIUM,13,3,4,0,Optimization terminated successfully. (HiGHS Status 7: Optimal),True,3728.0,3728.0,0.0,1,3728,3728,0,1.0,3728,True,0.0,9599,3728,0.38837378893634755,117,48,0.00018010000349022448,0.0043409999925643206,0.004521099996054545
DEV-0724,HIGH,MEDIUM,13,3,1,0,Optimization terminated successfully. (HiGHS Status 7: Optimal),True,5.0,5.0,0.0,0,5,5,0,1.0,5,True,0.0,8844,5,0.0005653550429669833,117,48,0.00021589998505078256,0.0008837000059429556,0.0010995999909937382
DEV-0725,HIGH,SMALL,4,3,2,0,Optimization terminated successfully. (HiGHS Status 7: Optimal),True,665.0,665.0,0.0,0,1021,665,356,0.6513222331047992,665,True,0.0,1556,665,0.4273778920308483,36,21,0.000135900016175583,0.0006633999873884022,0.0007993000035639852
DEV-0726,MODERATE,LARGE,18,2,5,0,Optimization terminated successfully. (HiGHS Status 7: Optimal),True,4418.0,4418.0,0.0,0,4418,4418,0,1.0,4418,True,0.0,13677,4418,0.3230240549828179,108,60,0.00018780000391416252,0.0008857999928295612,0.0010735999967437238
DEV-0727,MODERATE,SMALL,3,3,1,0,Optimization terminated successfully. (HiGHS Status 7: Optimal),True,281.0,281.0,0.0,0,281,281,0,1.0,281,True,0.0,1181,281,0.23793395427603725,27,18,0.00013130001025274396,0.0006635999889113009,0.0007948999991640449
DEV-0728,HIGH,MEDIUM,10,4,2,0,Optimization terminated successfully. (HiGHS Status 7: Optimal),True,1349.0,1349.0,0.0,1,1349,1349,0,1.0,1349,True,0.0,6591,1349,0.20467303899256561,120,42,0.00018549998640082777,0.004958800011081621,0.005144299997482449
DEV-0729,HIGH,LARGE,22,4,2,0,Optimization terminated successfully. (HiGHS Status 7: Optimal),True,1596.0,1596.0,0.0,0,1596,1596,0,1.0,1596,True,0.0,16568,1596,0.0963302752293578,264,78,0.0002761000068858266,0.0012558999878820032,0.0015319999947678298
DEV-0730,HIGH,SMALL,6,2,2,0,Optimization terminated successfully. (HiGHS Status 7: Optimal),True,2992.0,2992.0,0.0,1,3137,2992,145,0.9537774944214218,2992,True,0.0,6102,2992,0.49033103900360536,36,24,0.00013800000306218863,0.0058259000070393085,0.005963900010101497
DEV-0731,MODERATE,MEDIUM,14,4,1,0,Optimization terminated successfully. (HiGHS Status 7: Optimal),True,18.0,18.0,0.0,0,18,18,0,1.0,18,True,0.0,6329,18,0.0028440511929214724,168,54,0.00021930001094006002,0.0010130000009667128,0.0012323000119067729
DEV-0732,HIGH,MEDIUM,14,4,1,0,Optimization terminated successfully. (HiGHS Status 7: Optimal),True,207.0,207.0,0.0,0,207,207,0,1.0,207,True,0.0,8040,207,0.025746268656716417,168,54,0.00020730000687763095,0.0010121999948751181,0.001219500001752749
DEV-0733,LOW,MEDIUM,8,5,2,0,Optimization terminated successfully. (HiGHS Status 7: Optimal),True,1888.0,1888.0,0.0,0,1888,1888,0,1.0,1888,True,0.0,7810,1888,0.24174135723431497,120,39,0.0001773000112734735,0.0009184000082314014,0.001095700019504875
DEV-0734,HIGH,SMALL,3,3,1,0,Optimization terminated successfully. (HiGHS Status 7: Optimal),True,666.0,666.0,0.0,0,1018,666,352,0.6542239685658153,666,True,0.0,1520,666,0.4381578947368421,27,18,0.00012859998969361186,0.00066230000811629,0.0007908999978099018
DEV-0735,MODERATE,SMALL,4,5,1,0,Optimization terminated successfully. (HiGHS Status 7: Optimal),True,812.0,812.0,0.0,0,812,812,0,1.0,812,True,0.0,3435,812,0.2363901018922853,60,27,0.00014899999951012433,0.000744799996027723,0.0008937999955378473
DEV-0736,HIGH,SMALL,6,4,1,0,Optimization terminated successfully. (HiGHS Status 7: Optimal),True,250.0,250.0,0.0,0,250,250,0,1.0,250,True,0.0,3984,250,0.06275100401606426,72,30,0.00015559999155811965,0.0007728000055067241,0.0009283999970648438
DEV-0737,LOW,LARGE,26,4,5,0,Optimization terminated successfully. (HiGHS Status 7: Optimal),True,3818.0,3818.0,0.0,0,3818,3818,0,1.0,3818,True,0.0,16071,3818,0.23757077966523552,312,90,0.0002874000056181103,0.0014192999806255102,0.0017066999862436205
DEV-0738,MODERATE,MEDIUM,14,3,1,0,Optimization terminated successfully. (HiGHS Status 7: Optimal),True,931.0,931.0,0.0,0,931,931,0,1.0,931,True,0.0,9151,931,0.10173751502568025,126,51,0.00018840000848285854,0.0009315999923273921,0.0011200000008102506
DEV-0739,HIGH,MEDIUM,13,3,2,0,Optimization terminated successfully. (HiGHS Status 7: Optimal),True,1735.0,1735.0,0.0,0,1735,1735,0,1.0,1735,True,0.0,11628,1735,0.14920880632954936,117,48,0.0001829999964684248,0.0009275999909732491,0.0011105999874416739
DEV-0740,HIGH,MEDIUM,11,3,2,0,Optimization terminated successfully. (HiGHS Status 7: Optimal),True,2504.0,2504.0,0.0,1,2504,2504,0,1.0,2504,True,0.0,9077,2504,0.27586206896551724,99,42,0.00017240000306628644,0.005885199992917478,0.0060575999959837645
DEV-0741,LOW,MEDIUM,11,5,2,0,Optimization terminated successfully. (HiGHS Status 7: Optimal),True,576.0,576.0,0.0,0,576,576,0,1.0,576,True,0.0,10816,576,0.05325443786982249,165,48,0.0002108000044245273,0.0010223999852314591,0.0012331999896559864
DEV-0742,MODERATE,MEDIUM,9,2,1,0,Optimization terminated successfully. (HiGHS Status 7: Optimal),True,336.0,336.0,0.0,0,336,336,0,1.0,336,True,0.0,7437,336,0.04517950786607503,54,33,0.000152900000102818,0.0008206999918911606,0.0009735999919939786
DEV-0743,LOW,LARGE,24,2,2,0,Optimization terminated successfully. (HiGHS Status 7: Optimal),True,2359.0,2359.0,0.0,0,2359,2359,0,1.0,2359,True,0.0,15759,2359,0.14969223935528905,144,78,0.00020640000002458692,0.0009605000086594373,0.0011669000086840242
DEV-0744,HIGH,SMALL,6,5,1,0,Optimization terminated successfully. (HiGHS Status 7: Optimal),True,661.0,661.0,0.0,0,808,661,147,0.818069306930693,661,True,0.0,4533,661,0.1458195455548202,90,33,0.00016500000492669642,0.0008069999748840928,0.0009719999798107892
DEV-0745,MODERATE,LARGE,24,5,1,0,Optimization terminated successfully. (HiGHS Status 7: Optimal),True,153.0,153.0,0.0,0,153,153,0,1.0,153,True,0.0,19986,153,0.007655358751125788,360,87,0.0003051000239793211,0.0014470999885816127,0.0017522000125609338
DEV-0746,MODERATE,SMALL,6,5,2,0,Optimization terminated successfully. (HiGHS Status 7: Optimal),True,1493.0,1493.0,0.0,1,1493,1493,0,1.0,1493,True,0.0,5395,1493,0.2767377201112141,90,33,0.00017350001144222915,0.004509899998083711,0.00468340000952594
DEV-0747,MODERATE,SMALL,3,3,1,0,Optimization terminated successfully. (HiGHS Status 7: Optimal),True,80.0,80.0,0.0,0,80,80,0,1.0,80,True,0.0,1427,80,0.05606166783461808,27,18,0.00013910001143813133,0.0006756999937351793,0.0008148000051733106
DEV-0748,MODERATE,MEDIUM,14,5,2,0,Optimization terminated successfully. (HiGHS Status 7: Optimal),True,1456.0,1456.0,0.0,0,1456,1456,0,1.0,1456,True,0.0,11636,1456,0.1251289102784462,210,57,0.0004151000175625086,0.0011489999887999147,0.0015641000063624233
DEV-0749,HIGH,MEDIUM,14,4,1,0,Optimization terminated successfully. (HiGHS Status 7: Optimal),True,217.0,217.0,0.0,0,217,217,0,1.0,217,True,0.0,9778,217,0.02219267743914911,168,54,0.00020979999681003392,0.0010190999892074615,0.0012288999860174954
DEV-0750,HIGH,LARGE,21,4,10,0,Optimization terminated successfully. (HiGHS Status 7: Optimal),True,4528.0,4528.0,0.0,1,7252,4528,2724,0.6243794815223387,4528,True,0.0,13876,4528,0.32631882386855,252,75,0.00025099999038502574,0.003069300000788644,0.0033202999911736697
DEV-0751,LOW,MEDIUM,14,3,2,0,Optimization terminated successfully. (HiGHS Status 7: Optimal),True,594.0,594.0,0.0,0,594,594,0,1.0,594,True,0.0,9885,594,0.060091047040971166,126,51,0.00019779999274760485,0.000923299987334758,0.0011210999800823629
DEV-0752,MODERATE,MEDIUM,13,2,1,0,Optimization terminated successfully. (HiGHS Status 7: Optimal),True,164.0,164.0,0.0,0,164,164,0,1.0,164,True,0.0,8144,164,0.02013752455795678,78,45,0.00016450000111944973,0.0007938999915495515,0.0009583999926690012
DEV-0753,MODERATE,MEDIUM,13,5,1,0,Optimization terminated successfully. (HiGHS Status 7: Optimal),True,672.0,672.0,0.0,0,672,672,0,1.0,672,True,0.0,7713,672,0.08712563204978607,195,54,0.00021769999875687063,0.0010623999987728894,0.00128009999752976
DEV-0754,HIGH,SMALL,4,2,1,0,Optimization terminated successfully. (HiGHS Status 7: Optimal),True,172.0,172.0,0.0,0,203,172,31,0.8472906403940886,172,True,0.0,1222,172,0.1407528641571195,24,18,0.00012810001499019563,0.0006608999974559993,0.0007890000124461949
DEV-0755,LOW,LARGE,28,2,13,0,Optimization terminated successfully. (HiGHS Status 7: Optimal),True,9352.0,9352.0,0.0,0,9352,9352,0,1.0,9352,True,0.0,20497,9352,0.4562618919841928,168,90,0.00021930001094006002,0.0010366000060457736,0.0012559000169858336
DEV-0756,HIGH,MEDIUM,11,5,1,0,Optimization terminated successfully. (HiGHS Status 7: Optimal),True,228.0,228.0,0.0,0,228,228,0,1.0,228,True,0.0,5751,228,0.0396452790818988,165,48,0.0002027000009547919,0.0009978000016417354,0.0012005000025965273
DEV-0757,LOW,LARGE,21,2,1,0,Optimization terminated successfully. (HiGHS Status 7: Optimal),True,212.0,212.0,0.0,0,212,212,0,1.0,212,True,0.0,15510,212,0.013668600902643456,126,69,0.00022869999520480633,0.000902900006622076,0.0011316000018268824
DEV-0758,HIGH,MEDIUM,8,3,2,0,Optimization terminated successfully. (HiGHS Status 7: Optimal),True,1736.0,1736.0,0.0,1,1736,1736,0,1.0,1736,True,0.0,5138,1736,0.33787465940054495,72,33,0.00015800000983290374,0.006974399992031977,0.00713240000186488
DEV-0759,HIGH,SMALL,3,3,1,0,Optimization terminated successfully. (HiGHS Status 7: Optimal),True,251.0,251.0,0.0,0,288,251,37,0.8715277777777778,251,True,0.0,1354,251,0.18537666174298376,27,18,0.00013520001084543765,0.0007225000008475035,0.0008577000116929412
DEV-0760,HIGH,SMALL,3,5,1,0,Optimization terminated successfully. (HiGHS Status 7: Optimal),True,99.0,99.0,0.0,0,99,99,0,1.0,99,True,0.0,728,99,0.13598901098901098,45,24,0.00013959998614154756,0.0007073000015225261,0.0008468999876640737
DEV-0761,MODERATE,SMALL,5,3,1,0,Optimization terminated successfully. (HiGHS Status 7: Optimal),True,1064.0,1064.0,0.0,0,1064,1064,0,1.0,1064,True,0.0,4778,1064,0.22268731686898283,45,24,0.00014139999984763563,0.0006976000149734318,0.0008390000148210675
DEV-0762,HIGH,LARGE,24,4,5,0,Optimization terminated successfully. (HiGHS Status 7: Optimal),True,1076.0,1076.0,0.0,1,1076,1076,0,1.0,1076,True,0.0,13303,1076,0.08088401112531007,288,84,0.00027779999072663486,0.004367599991383031,0.004645399982109666
DEV-0763,HIGH,LARGE,26,3,2,0,Optimization terminated successfully. (HiGHS Status 7: Optimal),True,1631.0,1631.0,0.0,0,1631,1631,0,1.0,1631,True,0.0,19318,1631,0.0844290299202816,234,87,0.0002570000069681555,0.001196700002765283,0.0014537000097334385
DEV-0764,MODERATE,MEDIUM,11,5,4,0,Optimization terminated successfully. (HiGHS Status 7: Optimal),True,735.0,735.0,0.0,1,735,735,0,1.0,735,True,0.0,5405,735,0.13598519888991675,165,48,0.00020360000780783594,0.004550699988612905,0.004754299996420741
DEV-0765,MODERATE,SMALL,5,3,1,0,Optimization terminated successfully. (HiGHS Status 7: Optimal),True,290.0,290.0,0.0,0,290,290,0,1.0,290,True,0.0,1317,290,0.2201974183750949,45,24,0.000145500001963228,0.0007256999961100519,0.0008711999980732799
DEV-0766,HIGH,SMALL,4,5,2,0,Optimization terminated successfully. (HiGHS Status 7: Optimal),True,1010.0,1010.0,0.0,0,1014,1010,4,0.9960552268244576,1010,True,0.0,3213,1010,0.31434796140678495,60,27,0.00015100001473911107,0.0007526999979745597,0.0009037000127136707
DEV-0767,MODERATE,LARGE,18,4,5,0,Optimization terminated successfully. (HiGHS Status 7: Optimal),True,5146.0,5146.0,0.0,1,5146,5146,0,1.0,5146,True,0.0,16877,5146,0.30491201042839366,216,66,0.00023179998970590532,0.004903199995169416,0.005134999984875321
DEV-0768,MODERATE,LARGE,23,2,10,0,Optimization terminated successfully. (HiGHS Status 7: Optimal),True,6392.0,6392.0,0.0,1,6392,6392,0,1.0,6392,True,0.0,10967,6392,0.5828394273730282,138,75,0.00020680000307038426,0.0050005000084638596,0.005207300011534244
DEV-0769,MODERATE,MEDIUM,9,2,1,0,Optimization terminated successfully. (HiGHS Status 7: Optimal),True,216.0,216.0,0.0,0,216,216,0,1.0,216,True,0.0,7625,216,0.028327868852459016,54,33,0.0001579000090714544,0.0007654000073671341,0.0009233000164385885
DEV-0770,LOW,SMALL,6,5,4,0,Optimization terminated successfully. (HiGHS Status 7: Optimal),True,5058.0,5058.0,0.0,1,5058,5058,0,1.0,5058,True,0.0,6213,5058,0.8140994688556253,90,33,0.00016700002015568316,0.0029147999885026366,0.0030818000086583197
DEV-0771,HIGH,MEDIUM,13,2,2,0,Optimization terminated successfully. (HiGHS Status 7: Optimal),True,1765.0,1765.0,0.0,0,1765,1765,0,1.0,1765,True,0.0,11153,1765,0.15825338473953196,78,45,0.00017250000382773578,0.0008388999849557877,0.0010113999887835234
DEV-0772,HIGH,SMALL,6,3,1,0,Optimization terminated successfully. (HiGHS Status 7: Optimal),True,526.0,526.0,0.0,0,526,526,0,1.0,526,True,0.0,4075,526,0.129079754601227,54,27,0.0001469000126235187,0.0007455000013578683,0.000892400013981387
DEV-0773,HIGH,SMALL,5,5,1,0,Optimization terminated successfully. (HiGHS Status 7: Optimal),True,878.0,878.0,0.0,0,909,878,31,0.9658965896589659,878,True,0.0,3343,878,0.26263834878851333,75,30,0.00015479998546652496,0.0007588000153191388,0.0009136000007856637
DEV-0774,HIGH,SMALL,5,2,1,0,Optimization terminated successfully. (HiGHS Status 7: Optimal),True,446.0,446.0,0.0,0,446,446,0,1.0,446,True,0.0,2504,446,0.1781150159744409,30,21,0.00013240001862868667,0.0006716999923810363,0.000804100011009723
DEV-0775,MODERATE,LARGE,28,2,2,0,Optimization terminated successfully. (HiGHS Status 7: Optimal),True,2324.0,2324.0,0.0,0,2324,2324,0,1.0,2324,True,0.0,20316,2324,0.11439259696790707,168,90,0.00021849997574463487,0.0010137000062968582,0.001232199982041493
DEV-0776,MODERATE,LARGE,27,5,2,0,Optimization terminated successfully. (HiGHS Status 7: Optimal),True,744.0,744.0,0.0,0,744,744,0,1.0,744,True,0.0,18602,744,0.03999569938716267,405,96,0.00033560002339072526,0.0016954999882727861,0.0020311000116635114
DEV-0777,HIGH,LARGE,29,2,2,0,Optimization terminated successfully. (HiGHS Status 7: Optimal),True,600.0,600.0,0.0,0,600,600,0,1.0,600,True,0.0,20111,600,0.02983441897469047,174,93,0.00022689998149871826,0.001033300010021776,0.0012601999915204942
DEV-0778,HIGH,LARGE,20,3,3,0,Optimization terminated successfully. (HiGHS Status 7: Optimal),True,2948.0,2948.0,0.0,1,2948,2948,0,1.0,2948,True,0.0,16218,2948,0.18177333826612405,180,69,0.00021609998657368124,0.005055299989180639,0.005271399975754321
DEV-0779,HIGH,MEDIUM,12,5,2,0,Optimization terminated successfully. (HiGHS Status 7: Optimal),True,1170.0,1170.0,0.0,1,1170,1170,0,1.0,1170,True,0.0,8836,1170,0.13241285649615211,180,51,0.00021649998961947858,0.006017100007738918,0.006233599997358397
DEV-0780,HIGH,MEDIUM,13,5,4,0,Optimization terminated successfully. (HiGHS Status 7: Optimal),True,5656.0,5656.0,0.0,1,6138,5656,482,0.9214727924405344,5656,True,0.0,13575,5656,0.41664825046040516,195,54,0.00022200000239536166,0.003613800014136359,0.0038358000165317208
DEV-0781,HIGH,SMALL,5,3,2,0,Optimization terminated successfully. (HiGHS Status 7: Optimal),True,2170.0,2170.0,0.0,1,2665,2170,495,0.8142589118198874,2170,True,0.0,4570,2170,0.474835886214442,45,24,0.00014640000881627202,0.004881399974692613,0.005027799983508885
DEV-0782,HIGH,SMALL,5,3,2,0,Optimization terminated successfully. (HiGHS Status 7: Optimal),True,1196.0,1196.0,0.0,1,1353,1196,157,0.8839615668883961,1196,True,0.0,3714,1196,0.32202477113624123,45,24,0.00014560000272467732,0.005608200008282438,0.005753800011007115
DEV-0783,MODERATE,LARGE,20,2,4,0,Optimization terminated successfully. (HiGHS Status 7: Optimal),True,2573.0,2573.0,0.0,0,2573,2573,0,1.0,2573,True,0.0,15999,2573,0.16082255140946308,120,66,0.00019459999748505652,0.0009313000191468745,0.001125900016631931
DEV-0784,HIGH,SMALL,3,4,1,0,Optimization terminated successfully. (HiGHS Status 7: Optimal),True,661.0,661.0,0.0,0,802,661,141,0.8241895261845387,661,True,0.0,1565,661,0.42236421725239615,36,21,0.0001345000055152923,0.0007101999945007265,0.0008447000000160187
DEV-0785,MODERATE,LARGE,30,3,4,0,Optimization terminated successfully. (HiGHS Status 7: Optimal),True,1798.0,1798.0,0.0,0,1798,1798,0,1.0,1798,True,0.0,23126,1798,0.0777479892761394,270,99,0.0002717000024858862,0.001278299983823672,0.0015499999863095582
DEV-0786,HIGH,SMALL,5,3,1,0,Optimization terminated successfully. (HiGHS Status 7: Optimal),True,728.0,728.0,0.0,0,729,728,1,0.9986282578875172,728,True,0.0,1912,728,0.3807531380753138,45,24,0.00014519999967887998,0.0007182999979704618,0.0008634999976493418
DEV-0787,HIGH,MEDIUM,11,3,4,0,Optimization terminated successfully. (HiGHS Status 7: Optimal),True,1856.0,1856.0,0.0,1,2014,1856,158,0.9215491559086395,1856,True,0.0,7267,1856,0.255401128388606,99,42,0.00017380001372657716,0.004583600006299093,0.0047574000200256705
DEV-0788,MODERATE,SMALL,3,5,2,0,Optimization terminated successfully. (HiGHS Status 7: Optimal),True,1173.0,1173.0,0.0,1,1173,1173,0,1.0,1173,True,0.0,2765,1173,0.42423146473779383,45,24,0.000145500001963228,0.005665999982738867,0.005811499984702095
DEV-0789,HIGH,LARGE,21,4,8,0,Optimization terminated successfully. (HiGHS Status 7: Optimal),True,6232.0,6232.0,0.0,1,6252,6232,20,0.9968010236724248,6232,True,0.0,14997,6232,0.41554977662199105,252,75,0.00025469998945482075,0.00318400000105612,0.0034386999905109406
DEV-0790,HIGH,SMALL,4,2,3,0,Optimization terminated successfully. (HiGHS Status 7: Optimal),True,1597.0,1597.0,0.0,1,2128,1597,531,0.7504699248120301,1597,True,0.0,2607,1597,0.6125815113156885,24,18,0.00014109999756328762,0.006987200002186,0.007128299999749288
DEV-0791,HIGH,LARGE,21,3,4,0,Optimization terminated successfully. (HiGHS Status 7: Optimal),True,3931.0,3931.0,0.0,1,3931,3931,0,1.0,3931,True,0.0,16172,3931,0.24307444966608954,189,72,0.0002305000089108944,0.00469509998220019,0.004925599991111085
DEV-0792,MODERATE,LARGE,22,5,3,0,Optimization terminated successfully. (HiGHS Status 7: Optimal),True,2545.0,2545.0,0.0,0,2545,2545,0,1.0,2545,True,0.0,18598,2545,0.13684267125497365,330,81,0.0002969999914057553,0.0014618000132031739,0.0017588000046089292
DEV-0793,MODERATE,MEDIUM,13,5,2,0,Optimization terminated successfully. (HiGHS Status 7: Optimal),True,1345.0,1345.0,0.0,0,1345,1345,0,1.0,1345,True,0.0,11017,1345,0.12208405191976036,195,54,0.00022170000011101365,0.0010962999949697405,0.0013179999950807542
DEV-0794,MODERATE,SMALL,6,4,1,0,Optimization terminated successfully. (HiGHS Status 7: Optimal),True,13.0,13.0,0.0,0,13,13,0,1.0,13,True,0.0,4344,13,0.002992633517495396,72,30,0.00015639999764971435,0.0007961000083014369,0.0009525000059511513
DEV-0795,MODERATE,SMALL,6,3,1,0,Optimization terminated successfully. (HiGHS Status 7: Optimal),True,409.0,409.0,0.0,0,409,409,0,1.0,409,True,0.0,4408,409,0.09278584392014519,54,27,0.000145500001963228,0.0007545999833382666,0.0009000999853014946
DEV-0796,HIGH,SMALL,4,3,1,0,Optimization terminated successfully. (HiGHS Status 7: Optimal),True,9.0,9.0,0.0,0,9,9,0,1.0,9,True,0.0,1906,9,0.00472193074501574,36,21,0.00013410000246949494,0.000683899997966364,0.000818000000435859
DEV-0797,MODERATE,SMALL,6,2,2,0,Optimization terminated successfully. (HiGHS Status 7: Optimal),True,1114.0,1114.0,0.0,0,1114,1114,0,1.0,1114,True,0.0,3406,1114,0.3270698766881973,36,24,0.00013520001084543765,0.0007080000068526715,0.0008432000176981091
DEV-0798,MODERATE,SMALL,4,4,2,0,Optimization terminated successfully. (HiGHS Status 7: Optimal),True,2574.0,2574.0,0.0,1,2574,2574,0,1.0,2574,True,0.0,4443,2574,0.5793382849426063,48,24,0.00013990001752972603,0.004248199984431267,0.004388100001960993
DEV-0799,HIGH,MEDIUM,8,5,2,0,Optimization terminated successfully. (HiGHS Status 7: Optimal),True,863.0,863.0,0.0,0,863,863,0,1.0,863,True,0.0,4822,863,0.17897138116963915,120,39,0.0001857000170275569,0.0009137000015471131,0.00109940001857467
DEV-0800,MODERATE,MEDIUM,8,4,1,0,Optimization terminated successfully. (HiGHS Status 7: Optimal),True,120.0,120.0,0.0,0,120,120,0,1.0,120,True,0.0,4126,120,0.029083858458555503,96,36,0.00017289997776970267,0.0008265000069513917,0.0009993999847210944
DEV-0801,MODERATE,MEDIUM,12,5,2,0,Optimization terminated successfully. (HiGHS Status 7: Optimal),True,712.0,712.0,0.0,0,712,712,0,1.0,712,True,0.0,10229,712,0.06960602209404634,180,51,0.0002263000060338527,0.0010887999960687011,0.0013151000021025538
DEV-0802,HIGH,MEDIUM,9,4,1,0,Optimization terminated successfully. (HiGHS Status 7: Optimal),True,1710.0,1710.0,0.0,0,1710,1710,0,1.0,1710,True,0.0,7299,1710,0.2342786683107275,108,39,0.0001753999968059361,0.0008680000028107315,0.0010433999996166676
DEV-0803,LOW,MEDIUM,9,2,3,0,Optimization terminated successfully. (HiGHS Status 7: Optimal),True,839.0,839.0,0.0,0,839,839,0,1.0,839,True,0.0,3959,839,0.21192220257640818,54,33,0.00014879999798722565,0.000736700021661818,0.0008855000196490437
DEV-0804,HIGH,LARGE,28,5,1,0,Optimization terminated successfully. (HiGHS Status 7: Optimal),True,303.0,303.0,0.0,0,303,303,0,1.0,303,True,0.0,23206,303,0.013056968025510644,420,99,0.0003395999956410378,0.0015995000139810145,0.0019391000096220523
DEV-0805,MODERATE,SMALL,5,4,1,0,Optimization terminated successfully. (HiGHS Status 7: Optimal),True,1663.0,1663.0,0.0,0,1663,1663,0,1.0,1663,True,0.0,3380,1663,0.4920118343195266,60,27,0.000148899998748675,0.0007591000176034868,0.0009080000163521618
DEV-0806,MODERATE,MEDIUM,8,3,3,0,Optimization terminated successfully. (HiGHS Status 7: Optimal),True,2063.0,2063.0,0.0,0,2063,2063,0,1.0,2063,True,0.0,5921,2063,0.3484208748522209,72,33,0.0001556000206619501,0.0008164000173565,0.0009720000380184501
DEV-0807,LOW,LARGE,24,3,2,0,Optimization terminated successfully. (HiGHS Status 7: Optimal),True,688.0,688.0,0.0,0,688,688,0,1.0,688,True,0.0,17561,688,0.0391777233642731,216,81,0.00024049999774433672,0.0011289000103715807,0.0013694000081159174
DEV-0808,HIGH,MEDIUM,11,2,2,0,Optimization terminated successfully. (HiGHS Status 7: Optimal),True,1971.0,1971.0,0.0,1,1971,1971,0,1.0,1971,True,0.0,7759,1971,0.25402758087382393,66,39,0.000166199984960258,0.008241400006227195,0.008407599991187453
DEV-0809,LOW,LARGE,30,4,10,0,Optimization terminated successfully. (HiGHS Status 7: Optimal),True,7992.0,7992.0,0.0,0,7992,7992,0,1.0,7992,True,0.0,19396,7992,0.4120437203547123,360,102,0.0003167999966535717,0.001577299990458414,0.0018940999871119857
DEV-0810,MODERATE,SMALL,3,3,2,0,Optimization terminated successfully. (HiGHS Status 7: Optimal),True,1670.0,1670.0,0.0,1,1670,1670,0,1.0,1670,True,0.0,2392,1670,0.6981605351170569,27,18,0.00013109997962601483,0.006866700015962124,0.006997799995588139
DEV-0811,HIGH,LARGE,20,3,11,0,Optimization terminated successfully. (HiGHS Status 7: Optimal),True,5135.0,5135.0,0.0,1,7817,5135,2682,0.6569016246641934,5135,True,0.0,11791,5135,0.4355016538037486,180,69,0.00022350001381710172,0.0031139000202529132,0.003337400034070015
DEV-0812,HIGH,SMALL,6,2,1,0,Optimization terminated successfully. (HiGHS Status 7: Optimal),True,1206.0,1206.0,0.0,0,1206,1206,0,1.0,1206,True,0.0,3876,1206,0.3111455108359133,36,24,0.00014639997971244156,0.0006980000180192292,0.0008443999977316707
DEV-0813,MODERATE,LARGE,30,5,7,0,Optimization terminated successfully. (HiGHS Status 7: Optimal),True,5084.0,5084.0,0.0,1,5084,5084,0,1.0,5084,True,0.0,24593,5084,0.2067254909933721,450,105,0.00039099997957237065,0.004499900009250268,0.004890899988822639
DEV-0814,LOW,LARGE,20,4,2,0,Optimization terminated successfully. (HiGHS Status 7: Optimal),True,1257.0,1257.0,0.0,0,1257,1257,0,1.0,1257,True,0.0,12211,1257,0.10293997215625256,240,72,0.00025339997955597937,0.001191400020616129,0.0014448000001721084
DEV-0815,MODERATE,SMALL,4,4,1,0,Optimization terminated successfully. (HiGHS Status 7: Optimal),True,19.0,19.0,0.0,0,19,19,0,1.0,19,True,0.0,455,19,0.041758241758241756,48,24,0.00014200000441633165,0.0007189000025391579,0.0008609000069554895
DEV-0816,MODERATE,LARGE,28,2,1,0,Optimization terminated successfully. (HiGHS Status 7: Optimal),True,1331.0,1331.0,0.0,0,1331,1331,0,1.0,1331,True,0.0,19924,1331,0.06680385464766112,168,90,0.00022229997557587922,0.0010245000012218952,0.0012467999767977744
DEV-0817,HIGH,SMALL,6,3,2,0,Optimization terminated successfully. (HiGHS Status 7: Optimal),True,2388.0,2388.0,0.0,1,3053,2388,665,0.7821814608581723,2388,True,0.0,4066,2388,0.5873093949827841,54,27,0.00014590000500902534,0.006596699997317046,0.006742600002326071
DEV-0818,HIGH,MEDIUM,13,2,2,0,Optimization terminated successfully. (HiGHS Status 7: Optimal),True,1528.0,1528.0,0.0,0,1528,1528,0,1.0,1528,True,0.0,10530,1528,0.14510921177587843,78,45,0.0001720000000204891,0.0008328999974764884,0.0010048999974969774
DEV-0819,MODERATE,MEDIUM,14,3,2,0,Optimization terminated successfully. (HiGHS Status 7: Optimal),True,3687.0,3687.0,0.0,0,3687,3687,0,1.0,3687,True,0.0,13067,3687,0.28216116935792457,126,51,0.0001914000022225082,0.0009446000040043145,0.0011360000062268227
DEV-0820,HIGH,MEDIUM,12,2,5,0,Optimization terminated successfully. (HiGHS Status 7: Optimal),True,3102.0,3102.0,0.0,1,3453,3102,351,0.8983492615117289,3102,True,0.0,7384,3102,0.42009750812567714,72,42,0.00016250001499429345,0.004653399984817952,0.004815899999812245
DEV-0821,MODERATE,LARGE,20,3,2,0,Optimization terminated successfully. (HiGHS Status 7: Optimal),True,1451.0,1451.0,0.0,0,1451,1451,0,1.0,1451,True,0.0,16227,1451,0.08941886978492636,180,69,0.000222400005441159,0.0010697999969124794,0.0012922000023536384
DEV-0822,HIGH,LARGE,29,2,8,0,Optimization terminated successfully. (HiGHS Status 7: Optimal),True,9824.0,9824.0,0.0,1,9824,9824,0,1.0,9824,True,0.0,26495,9824,0.37078694093225134,174,93,0.00022760001593269408,0.004075399978319183,0.004302999994251877
DEV-0823,HIGH,LARGE,24,2,1,0,Optimization terminated successfully. (HiGHS Status 7: Optimal),True,247.0,247.0,0.0,0,247,247,0,1.0,247,True,0.0,21656,247,0.011405615072035464,144,78,0.00021319999359548092,0.000981000019237399,0.00119420001283288
DEV-0824,HIGH,SMALL,3,3,1,0,Optimization terminated successfully. (HiGHS Status 7: Optimal),True,49.0,49.0,0.0,0,49,49,0,1.0,49,True,0.0,1698,49,0.028857479387514724,27,18,0.00013069997658021748,0.0007035000016912818,0.0008341999782714993
DEV-0825,HIGH,MEDIUM,12,3,4,0,Optimization terminated successfully. (HiGHS Status 7: Optimal),True,2503.0,2503.0,0.0,1,2927,2503,424,0.8551417833959686,2503,True,0.0,8117,2503,0.3083651595417026,108,45,0.00017839999054558575,0.00585970000247471,0.006038099993020296
DEV-0826,MODERATE,MEDIUM,10,3,2,0,Optimization terminated successfully. (HiGHS Status 7: Optimal),True,1806.0,1806.0,0.0,0,1806,1806,0,1.0,1806,True,0.0,11944,1806,0.15120562625586068,90,39,0.000172699976246804,0.0008600000001024455,0.0010326999763492495
DEV-0827,MODERATE,LARGE,21,2,7,0,Optimization terminated successfully. (HiGHS Status 7: Optimal),True,5033.0,5033.0,0.0,0,5033,5033,0,1.0,5033,True,0.0,12000,5033,0.41941666666666666,126,69,0.0001962000096682459,0.0009618999902158976,0.0011580999998841435
DEV-0828,LOW,LARGE,30,4,6,0,Optimization terminated successfully. (HiGHS Status 7: Optimal),True,6721.0,6721.0,0.0,0,6721,6721,0,1.0,6721,True,0.0,20485,6721,0.328093727117403,360,102,0.00032160000409930944,0.0015463999880012125,0.001867999992100522
DEV-0829,HIGH,SMALL,5,2,2,0,Optimization terminated successfully. (HiGHS Status 7: Optimal),True,1739.0,1739.0,0.0,1,1744,1739,5,0.9971330275229358,1739,True,0.0,4695,1739,0.3703940362087327,30,21,0.00013520001084543765,0.008127199980663136,0.008262399991508573
DEV-0830,LOW,MEDIUM,12,3,3,0,Optimization terminated successfully. (HiGHS Status 7: Optimal),True,2019.0,2019.0,0.0,0,2019,2019,0,1.0,2019,True,0.0,4981,2019,0.4053402931138326,108,45,0.00019719998817890882,0.000919899990549311,0.0011170999787282199
DEV-0831,MODERATE,MEDIUM,14,5,1,0,Optimization terminated successfully. (HiGHS Status 7: Optimal),True,7.0,7.0,0.0,0,7,7,0,1.0,7,True,0.0,11516,7,0.0006078499478985759,210,57,0.00022810001973994076,0.0010991999879479408,0.0013273000076878816
DEV-0832,MODERATE,MEDIUM,11,3,2,0,Optimization terminated successfully. (HiGHS Status 7: Optimal),True,2076.0,2076.0,0.0,0,2076,2076,0,1.0,2076,True,0.0,8227,2076,0.25233985656983104,99,42,0.00017409998690709472,0.0008622999885119498,0.0010363999754190445
DEV-0833,MODERATE,LARGE,25,2,3,0,Optimization terminated successfully. (HiGHS Status 7: Optimal),True,2106.0,2106.0,0.0,0,2106,2106,0,1.0,2106,True,0.0,22893,2106,0.0919931856899489,150,81,0.00021389999892562628,0.000977699994109571,0.0011915999930351973
DEV-0834,HIGH,LARGE,26,5,3,0,Optimization terminated successfully. (HiGHS Status 7: Optimal),True,2022.0,2022.0,0.0,1,2022,2022,0,1.0,2022,True,0.0,17049,2022,0.11859933133908147,390,93,0.0003311999898869544,0.005048000020906329,0.005379200010793284
DEV-0835,HIGH,MEDIUM,14,4,1,0,Optimization terminated successfully. (HiGHS Status 7: Optimal),True,1325.0,1325.0,0.0,0,1325,1325,0,1.0,1325,True,0.0,7984,1325,0.16595691382765532,168,54,0.0002334000018890947,0.0010722000151872635,0.0013056000170763582
DEV-0836,HIGH,LARGE,29,2,2,0,Optimization terminated successfully. (HiGHS Status 7: Optimal),True,1762.0,1762.0,0.0,0,1762,1762,0,1.0,1762,True,0.0,18934,1762,0.09306010351748178,174,93,0.00024750002194195986,0.001059599977452308,0.0013070999993942678
DEV-0837,HIGH,LARGE,19,4,4,0,Optimization terminated successfully. (HiGHS Status 7: Optimal),True,2200.0,2200.0,0.0,1,2200,2200,0,1.0,2200,True,0.0,12965,2200,0.16968762051677594,228,69,0.00023740000324323773,0.004227099998388439,0.004464500001631677
DEV-0838,HIGH,LARGE,24,2,3,0,Optimization terminated successfully. (HiGHS Status 7: Optimal),True,1922.0,1922.0,0.0,0,1922,1922,0,1.0,1922,True,0.0,18090,1922,0.1062465450525152,144,78,0.00021749999723397195,0.0009889999928418547,0.0012064999900758266
DEV-0839,MODERATE,MEDIUM,8,3,3,0,Optimization terminated successfully. (HiGHS Status 7: Optimal),True,2929.0,2929.0,0.0,1,2929,2929,0,1.0,2929,True,0.0,6375,2929,0.45945098039215687,72,33,0.00015819998225197196,0.005935199995292351,0.006093399977544323
DEV-0840,HIGH,LARGE,30,5,2,0,Optimization terminated successfully. (HiGHS Status 7: Optimal),True,1846.0,1846.0,0.0,0,1846,1846,0,1.0,1846,True,0.0,19958,1846,0.09249423789958913,450,105,0.0003952999832108617,0.0017446000128984451,0.002139899996109307
DEV-0841,HIGH,SMALL,4,4,1,0,Optimization terminated successfully. (HiGHS Status 7: Optimal),True,1333.0,1333.0,0.0,0,1333,1333,0,1.0,1333,True,0.0,5652,1333,0.23584571832979476,48,24,0.000146100006531924,0.0007297999982256442,0.0008759000047575682
DEV-0842,HIGH,LARGE,27,4,1,0,Optimization terminated successfully. (HiGHS Status 7: Optimal),True,1346.0,1346.0,0.0,0,1346,1346,0,1.0,1346,True,0.0,19279,1346,0.06981689921676436,324,93,0.0002970999921672046,0.001377999986289069,0.0016750999784562737
DEV-0843,LOW,SMALL,6,3,1,0,Optimization terminated successfully. (HiGHS Status 7: Optimal),True,177.0,177.0,0.0,0,177,177,0,1.0,177,True,0.0,4606,177,0.038428137212331744,54,27,0.0001483999949414283,0.0007444999937433749,0.0008928999886848032
DEV-0844,HIGH,LARGE,20,2,1,0,Optimization terminated successfully. (HiGHS Status 7: Optimal),True,683.0,683.0,0.0,0,683,683,0,1.0,683,True,0.0,16062,683,0.04252272444278421,120,66,0.00019489999976940453,0.0009037999843712896,0.0010986999841406941
DEV-0845,MODERATE,SMALL,4,5,4,0,Optimization terminated successfully. (HiGHS Status 7: Optimal),True,1801.0,1801.0,0.0,1,1833,1801,32,0.9825422804146209,1801,True,0.0,1833,1801,0.9825422804146209,60,27,0.00014879999798722565,0.0031356999825220555,0.003284499980509281
DEV-0846,MODERATE,SMALL,4,4,2,0,Optimization terminated successfully. (HiGHS Status 7: Optimal),True,703.0,703.0,0.0,1,703,703,0,1.0,703,True,0.0,1824,703,0.3854166666666667,48,24,0.00014650000957772136,0.006038899999111891,0.006185400008689612
DEV-0847,HIGH,MEDIUM,8,2,1,0,Optimization terminated successfully. (HiGHS Status 7: Optimal),True,29.0,29.0,0.0,0,29,29,0,1.0,29,True,0.0,5810,29,0.0049913941480206545,48,30,0.00014819999341852963,0.0007214999932330102,0.0008696999866515398
DEV-0848,HIGH,MEDIUM,8,4,2,0,Optimization terminated successfully. (HiGHS Status 7: Optimal),True,1734.0,1734.0,0.0,1,1844,1734,110,0.940347071583514,1734,True,0.0,6509,1734,0.26640036872023354,96,36,0.00017410001601092517,0.004890999989584088,0.0050651000055950135
DEV-0849,MODERATE,LARGE,29,4,4,0,Optimization terminated successfully. (HiGHS Status 7: Optimal),True,1761.0,1761.0,0.0,0,1761,1761,0,1.0,1761,True,0.0,19700,1761,0.08939086294416243,348,99,0.0003126000228803605,0.0014439999940805137,0.0017566000169608742
DEV-0850,MODERATE,SMALL,5,3,1,0,Optimization terminated successfully. (HiGHS Status 7: Optimal),True,195.0,195.0,0.0,0,195,195,0,1.0,195,True,0.0,2791,195,0.06986743102830527,45,24,0.00014319998444989324,0.0007146999996621162,0.0008578999841120094
DEV-0851,HIGH,MEDIUM,11,3,1,0,Optimization terminated successfully. (HiGHS Status 7: Optimal),True,218.0,218.0,0.0,0,218,218,0,1.0,218,True,0.0,11666,218,0.01868678210183439,99,42,0.00017440001829527318,0.0008687000081408769,0.00104310002643615
DEV-0852,HIGH,SMALL,4,5,1,0,Optimization terminated successfully. (HiGHS Status 7: Optimal),True,502.0,502.0,0.0,0,502,502,0,1.0,502,True,0.0,2539,502,0.19771563607719575,60,27,0.00014750001719221473,0.0007416000007651746,0.0008891000179573894
DEV-0853,MODERATE,SMALL,3,2,1,0,Optimization terminated successfully. (HiGHS Status 7: Optimal),True,771.0,771.0,0.0,0,771,771,0,1.0,771,True,0.0,2339,771,0.32962804617357844,18,15,0.0001244999875780195,0.0006686999986413866,0.0007931999862194061
DEV-0854,MODERATE,MEDIUM,8,5,1,0,Optimization terminated successfully. (HiGHS Status 7: Optimal),True,375.0,375.0,0.0,0,375,375,0,1.0,375,True,0.0,8211,375,0.04567044208987943,120,39,0.00017899999511428177,0.0008854000188875943,0.0010644000140018761
DEV-0855,HIGH,LARGE,29,4,5,0,Optimization terminated successfully. (HiGHS Status 7: Optimal),True,1839.0,1839.0,0.0,1,1839,1839,0,1.0,1839,True,0.0,22165,1839,0.08296864425896684,348,99,0.00030949999927543104,0.005512800009455532,0.005822300008730963
DEV-0856,HIGH,LARGE,21,5,2,0,Optimization terminated successfully. (HiGHS Status 7: Optimal),True,1968.0,1968.0,0.0,1,1968,1968,0,1.0,1968,True,0.0,15776,1968,0.12474645030425964,315,78,0.0002936999953817576,0.005938200018135831,0.006231900013517588
DEV-0857,MODERATE,MEDIUM,13,2,4,0,Optimization terminated successfully. (HiGHS Status 7: Optimal),True,3395.0,3395.0,0.0,0,3395,3395,0,1.0,3395,True,0.0,9591,3395,0.3539776874152852,78,45,0.0001703999878372997,0.0008271000115200877,0.0009974999993573874
DEV-0858,HIGH,SMALL,4,2,1,0,Optimization terminated successfully. (HiGHS Status 7: Optimal),True,1725.0,1725.0,0.0,0,1725,1725,0,1.0,1725,True,0.0,6182,1725,0.2790359107085086,24,18,0.00013199998647905886,0.0006670000148005784,0.0007990000012796372
DEV-0859,MODERATE,MEDIUM,14,5,4,0,Optimization terminated successfully. (HiGHS Status 7: Optimal),True,3251.0,3251.0,0.0,1,3251,3251,0,1.0,3251,True,0.0,11061,3251,0.2939155591718651,210,57,0.00022570000146515667,0.0037822999875061214,0.004007999988971278
DEV-0860,HIGH,MEDIUM,9,4,1,0,Optimization terminated successfully. (HiGHS Status 7: Optimal),True,682.0,682.0,0.0,0,682,682,0,1.0,682,True,0.0,6391,682,0.10671256454388985,108,39,0.0001818000164348632,0.000888100010342896,0.0010699000267777592
DEV-0861,HIGH,LARGE,26,3,3,0,Optimization terminated successfully. (HiGHS Status 7: Optimal),True,1521.0,1521.0,0.0,0,1521,1521,0,1.0,1521,True,0.0,20791,1521,0.07315665432158146,234,87,0.00025030001415871084,0.0011934000067412853,0.0014437000208999962
DEV-0862,HIGH,LARGE,25,4,4,0,Optimization terminated successfully. (HiGHS Status 7: Optimal),True,3305.0,3305.0,0.0,0,3305,3305,0,1.0,3305,True,0.0,22008,3305,0.1501726644856416,300,87,0.0002869000018108636,0.0013726999750360847,0.0016595999768469483
DEV-0863,MODERATE,SMALL,3,2,1,0,Optimization terminated successfully. (HiGHS Status 7: Optimal),True,1200.0,1200.0,0.0,0,1200,1200,0,1.0,1200,True,0.0,3088,1200,0.38860103626943004,18,15,0.00012599999899975955,0.0006508999795187265,0.000776899978518486
DEV-0864,LOW,SMALL,5,3,1,0,Optimization terminated successfully. (HiGHS Status 7: Optimal),True,496.0,496.0,0.0,0,496,496,0,1.0,496,True,0.0,3372,496,0.14709371293001186,45,24,0.00014030002057552338,0.0007110000005923212,0.0008513000211678445
DEV-0865,HIGH,MEDIUM,8,3,2,0,Optimization terminated successfully. (HiGHS Status 7: Optimal),True,592.0,592.0,0.0,0,592,592,0,1.0,592,True,0.0,4818,592,0.12287256122872561,72,33,0.00015539999003522098,0.0007699000125285238,0.0009253000025637448
DEV-0866,HIGH,MEDIUM,11,4,1,0,Optimization terminated successfully. (HiGHS Status 7: Optimal),True,294.0,294.0,0.0,0,294,294,0,1.0,294,True,0.0,8653,294,0.033976655495203976,132,45,0.00018619999173097312,0.0009024000028148293,0.0010885999945458025
DEV-0867,MODERATE,MEDIUM,12,5,1,0,Optimization terminated successfully. (HiGHS Status 7: Optimal),True,523.0,523.0,0.0,0,523,523,0,1.0,523,True,0.0,9718,523,0.053817657954311586,180,51,0.0002086999884340912,0.0010201999975834042,0.0012288999860174954
DEV-0868,HIGH,LARGE,18,4,2,0,Optimization terminated successfully. (HiGHS Status 7: Optimal),True,1242.0,1242.0,0.0,1,1242,1242,0,1.0,1242,True,0.0,13752,1242,0.09031413612565445,216,66,0.00023179998970590532,0.005427600000984967,0.005659399990690872
DEV-0869,MODERATE,SMALL,6,2,2,0,Optimization terminated successfully. (HiGHS Status 7: Optimal),True,706.0,706.0,0.0,0,706,706,0,1.0,706,True,0.0,6233,706,0.11326808920263115,36,24,0.00014659998123534024,0.0007166000141296536,0.0008631999953649938
DEV-0870,LOW,MEDIUM,12,4,1,0,Optimization terminated successfully. (HiGHS Status 7: Optimal),True,1893.0,1893.0,0.0,0,1893,1893,0,1.0,1893,True,0.0,9934,1893,0.19055768069257098,144,48,0.00021269998978823423,0.0009572000126354396,0.0011699000024236739
DEV-0871,HIGH,LARGE,22,4,5,0,Optimization terminated successfully. (HiGHS Status 7: Optimal),True,5228.0,5228.0,0.0,1,5228,5228,0,1.0,5228,True,0.0,18331,5228,0.2851999345371229,264,78,0.00026169998454861343,0.0034752000065054744,0.003736899991054088
DEV-0872,HIGH,LARGE,22,4,1,0,Optimization terminated successfully. (HiGHS Status 7: Optimal),True,1400.0,1400.0,0.0,0,1400,1400,0,1.0,1400,True,0.0,14998,1400,0.0933457794372583,264,78,0.0002668999950401485,0.0012396000092849135,0.001506500004325062
DEV-0873,MODERATE,LARGE,19,4,5,0,Optimization terminated successfully. (HiGHS Status 7: Optimal),True,4956.0,4956.0,0.0,0,4956,4956,0,1.0,4956,True,0.0,17583,4956,0.28186316328271627,228,69,0.00023789997794665396,0.0012178000179119408,0.0014556999958585948
DEV-0874,MODERATE,SMALL,4,2,1,0,Optimization terminated successfully. (HiGHS Status 7: Optimal),True,480.0,480.0,0.0,0,480,480,0,1.0,480,True,0.0,2914,480,0.16472203157172272,24,18,0.0001306000049225986,0.000669100001687184,0.0007997000066097826
DEV-0875,HIGH,LARGE,27,4,1,0,Optimization terminated successfully. (HiGHS Status 7: Optimal),True,960.0,960.0,0.0,0,960,960,0,1.0,960,True,0.0,15632,960,0.06141248720573183,324,93,0.0002956999815069139,0.0013513000158127397,0.0016469999973196536
DEV-0876,HIGH,SMALL,3,5,1,0,Optimization terminated successfully. (HiGHS Status 7: Optimal),True,1455.0,1455.0,0.0,0,1737,1455,282,0.8376511226252159,1455,True,0.0,4122,1455,0.3529839883551674,45,24,0.00013989998842589557,0.0007473000150639564,0.000887200003489852
DEV-0877,HIGH,LARGE,18,4,1,0,Optimization terminated successfully. (HiGHS Status 7: Optimal),True,352.0,352.0,0.0,0,352,352,0,1.0,352,True,0.0,12908,352,0.027269910133250697,216,66,0.00023070001043379307,0.001113900012569502,0.001344600023003295
DEV-0878,HIGH,LARGE,27,2,8,0,Optimization terminated successfully. (HiGHS Status 7: Optimal),True,7640.0,7640.0,0.0,1,7640,7640,0,1.0,7640,True,0.0,18228,7640,0.4191353960939214,162,87,0.00021840000408701599,0.0037988999974913895,0.0040173000015784055
DEV-0879,HIGH,LARGE,19,4,2,0,Optimization terminated successfully. (HiGHS Status 7: Optimal),True,2658.0,2658.0,0.0,1,2658,2658,0,1.0,2658,True,0.0,13860,2658,0.19177489177489176,228,69,0.00024359999224543571,0.006286299991188571,0.006529899983434007
DEV-0880,HIGH,MEDIUM,14,5,3,0,Optimization terminated successfully. (HiGHS Status 7: Optimal),True,2541.0,2541.0,0.0,1,2541,2541,0,1.0,2541,True,0.0,8766,2541,0.28986995208761124,210,57,0.00023320000036619604,0.005040699994424358,0.005273899994790554
DEV-0881,MODERATE,LARGE,18,3,1,0,Optimization terminated successfully. (HiGHS Status 7: Optimal),True,233.0,233.0,0.0,0,233,233,0,1.0,233,True,0.0,12189,233,0.019115596029206663,162,63,0.0002114000089932233,0.0011605999898165464,0.0013719999988097697
DEV-0882,HIGH,MEDIUM,11,2,5,0,Optimization terminated successfully. (HiGHS Status 7: Optimal),True,2698.0,2698.0,0.0,1,3767,2698,1069,0.7162198035572074,2698,True,0.0,8045,2698,0.3353635798632691,66,39,0.00016219998360611498,0.004788300022482872,0.004950500006088987
DEV-0883,LOW,LARGE,24,3,5,0,Optimization terminated successfully. (HiGHS Status 7: Optimal),True,3113.0,3113.0,0.0,0,3113,3113,0,1.0,3113,True,0.0,18698,3113,0.16648839448069314,216,81,0.0002513999934308231,0.0011615999974310398,0.001412999990861863
DEV-0884,MODERATE,SMALL,3,5,2,0,Optimization terminated successfully. (HiGHS Status 7: Optimal),True,620.0,620.0,0.0,1,620,620,0,1.0,620,True,0.0,1209,620,0.5128205128205128,45,24,0.0001399999891873449,0.005314000009093434,0.0054539999982807785
DEV-0885,MODERATE,LARGE,29,3,11,0,Optimization terminated successfully. (HiGHS Status 7: Optimal),True,7992.0,7992.0,0.0,1,7992,7992,0,1.0,7992,True,0.0,23439,7992,0.34097017790861384,261,96,0.00027609997778199613,0.004672000010032207,0.004948099987814203
DEV-0886,MODERATE,MEDIUM,14,4,3,0,Optimization terminated successfully. (HiGHS Status 7: Optimal),True,2107.0,2107.0,0.0,0,2107,2107,0,1.0,2107,True,0.0,11164,2107,0.1887316374059477,168,54,0.0002167999919038266,0.0010326000046916306,0.0012493999965954572
DEV-0887,LOW,SMALL,4,3,2,0,Optimization terminated successfully. (HiGHS Status 7: Optimal),True,2539.0,2539.0,0.0,1,2539,2539,0,1.0,2539,True,0.0,2957,2539,0.8586405140344944,36,21,0.0001351000100839883,0.006682500010356307,0.006817600020440295
DEV-0888,HIGH,SMALL,3,4,1,0,Optimization terminated successfully. (HiGHS Status 7: Optimal),True,745.0,745.0,0.0,0,798,745,53,0.9335839598997494,745,True,0.0,1848,745,0.40313852813852813,36,21,0.00013840000610798597,0.0006957000005058944,0.0008341000066138804
DEV-0889,MODERATE,SMALL,3,5,2,0,Optimization terminated successfully. (HiGHS Status 7: Optimal),True,2390.0,2390.0,0.0,1,2390,2390,0,1.0,2390,True,0.0,2951,2390,0.8098949508641139,45,24,0.0001469000126235187,0.004302999994251877,0.004449900006875396
DEV-0890,HIGH,MEDIUM,12,2,1,0,Optimization terminated successfully. (HiGHS Status 7: Optimal),True,535.0,535.0,0.0,0,535,535,0,1.0,535,True,0.0,7568,535,0.07069238900634249,72,42,0.00016590001177974045,0.0008650999807287008,0.0010309999925084412
DEV-0891,HIGH,MEDIUM,8,3,2,0,Optimization terminated successfully. (HiGHS Status 7: Optimal),True,1560.0,1560.0,0.0,0,1824,1560,264,0.8552631578947368,1560,True,0.0,4849,1560,0.32171581769436997,72,33,0.00016349999350495636,0.000835899991216138,0.0009993999847210944
DEV-0892,MODERATE,MEDIUM,11,2,1,0,Optimization terminated successfully. (HiGHS Status 7: Optimal),True,1075.0,1075.0,0.0,0,1075,1075,0,1.0,1075,True,0.0,9479,1075,0.11340858740373456,66,39,0.00017110002227127552,0.0007661999843548983,0.0009373000066261739
DEV-0893,HIGH,SMALL,5,5,1,0,Optimization terminated successfully. (HiGHS Status 7: Optimal),True,1086.0,1086.0,0.0,0,1086,1086,0,1.0,1086,True,0.0,3843,1086,0.282591725214676,75,30,0.00015399997937493026,0.0008061999978963286,0.0009601999772712588
DEV-0894,MODERATE,LARGE,27,2,3,0,Optimization terminated successfully. (HiGHS Status 7: Optimal),True,1851.0,1851.0,0.0,0,1851,1851,0,1.0,1851,True,0.0,22830,1851,0.08107752956636005,162,87,0.0002201999886892736,0.0010282000002916902,0.0012483999889809638
DEV-0895,HIGH,LARGE,30,4,1,0,Optimization terminated successfully. (HiGHS Status 7: Optimal),True,263.0,263.0,0.0,0,263,263,0,1.0,263,True,0.0,25664,263,0.01024781795511222,360,102,0.0003155999875161797,0.0014687000075355172,0.001784299995051697
DEV-0896,MODERATE,SMALL,5,3,1,0,Optimization terminated successfully. (HiGHS Status 7: Optimal),True,4.0,4.0,0.0,0,4,4,0,1.0,4,True,0.0,3430,4,0.0011661807580174927,45,24,0.00014039999223314226,0.0007233000069390982,0.0008636999991722405
DEV-0897,HIGH,SMALL,6,4,1,0,Optimization terminated successfully. (HiGHS Status 7: Optimal),True,3.0,3.0,0.0,0,3,3,0,1.0,3,True,0.0,2519,3,0.0011909487892020642,72,30,0.00015549999079667032,0.0007973999890964478,0.0009528999798931181
DEV-0898,HIGH,LARGE,23,3,5,0,Optimization terminated successfully. (HiGHS Status 7: Optimal),True,5034.0,5034.0,0.0,1,5034,5034,0,1.0,5034,True,0.0,18198,5034,0.2766238048137158,207,78,0.0002334000018890947,0.004455899994354695,0.00468929999624379
DEV-0899,HIGH,SMALL,4,2,1,0,Optimization terminated successfully. (HiGHS Status 7: Optimal),True,1465.0,1465.0,0.0,0,1465,1465,0,1.0,1465,True,0.0,4216,1465,0.34748576850094876,24,18,0.00013390000094659626,0.0006714999908581376,0.0008053999918047339
DEV-0900,HIGH,MEDIUM,10,5,1,0,Optimization terminated successfully. (HiGHS Status 7: Optimal),True,102.0,102.0,0.0,0,102,102,0,1.0,102,True,0.0,5553,102,0.018368449486763912,150,45,0.00020029998268000782,0.0010261000134050846,0.0012263999960850924
DEV-0901,MODERATE,SMALL,3,4,1,0,Optimization terminated successfully. (HiGHS Status 7: Optimal),True,516.0,516.0,0.0,0,516,516,0,1.0,516,True,0.0,1986,516,0.2598187311178248,36,21,0.0001385000068694353,0.0007152000034693629,0.0008537000103387982
DEV-0902,MODERATE,MEDIUM,10,3,3,0,Optimization terminated successfully. (HiGHS Status 7: Optimal),True,2264.0,2264.0,0.0,0,2264,2264,0,1.0,2264,True,0.0,8806,2264,0.2570974335680218,90,39,0.00016939998022280633,0.000873900018632412,0.0010432999988552183
DEV-0903,HIGH,MEDIUM,8,3,1,0,Optimization terminated successfully. (HiGHS Status 7: Optimal),True,658.0,658.0,0.0,0,658,658,0,1.0,658,True,0.0,6253,658,0.10522948984487446,72,33,0.000159399991389364,0.0007867000240366906,0.0009461000154260546
DEV-0904,MODERATE,SMALL,5,5,2,0,Optimization terminated successfully. (HiGHS Status 7: Optimal),True,2245.0,2245.0,0.0,1,2245,2245,0,1.0,2245,True,0.0,4249,2245,0.5283596140268298,75,30,0.0001579000090714544,0.0037727000017184764,0.003930600010789931
DEV-0905,HIGH,MEDIUM,13,4,1,0,Optimization terminated successfully. (HiGHS Status 7: Optimal),True,727.0,727.0,0.0,0,727,727,0,1.0,727,True,0.0,11073,727,0.06565519732683103,156,51,0.00020569999469444156,0.00106380000943318,0.0012695000041276217
DEV-0906,MODERATE,LARGE,20,4,1,0,Optimization terminated successfully. (HiGHS Status 7: Optimal),True,940.0,940.0,0.0,0,940,940,0,1.0,940,True,0.0,13760,940,0.06831395348837209,240,72,0.0002457000082358718,0.0012069999938830733,0.0014527000021189451
DEV-0907,HIGH,MEDIUM,11,2,2,0,Optimization terminated successfully. (HiGHS Status 7: Optimal),True,770.0,770.0,0.0,0,770,770,0,1.0,770,True,0.0,5795,770,0.13287316652286454,66,39,0.0001601999974809587,0.0007860000187065452,0.0009462000161875039
DEV-0908,HIGH,SMALL,4,5,1,0,Optimization terminated successfully. (HiGHS Status 7: Optimal),True,21.0,21.0,0.0,0,21,21,0,1.0,21,True,0.0,1923,21,0.0109204368174727,60,27,0.00014940000255592167,0.0007557999924756587,0.0009051999950315803
DEV-0909,HIGH,MEDIUM,8,5,1,0,Optimization terminated successfully. (HiGHS Status 7: Optimal),True,730.0,730.0,0.0,0,730,730,0,1.0,730,True,0.0,6983,730,0.10453959616210798,120,39,0.0001812000118661672,0.000908799993339926,0.0010900000052060932
DEV-0910,HIGH,MEDIUM,11,5,2,0,Optimization terminated successfully. (HiGHS Status 7: Optimal),True,626.0,626.0,0.0,1,626,626,0,1.0,626,True,0.0,5879,626,0.10648069399557748,165,48,0.00021440000273287296,0.0048451999900862575,0.00505959999281913
DEV-0911,HIGH,LARGE,22,4,2,0,Optimization terminated successfully. (HiGHS Status 7: Optimal),True,2665.0,2665.0,0.0,1,2665,2665,0,1.0,2665,True,0.0,14968,2665,0.1780464991982897,264,78,0.00028970002313144505,0.0058670000289566815,0.0061567000520881265
DEV-0912,HIGH,SMALL,5,5,2,0,Optimization terminated successfully. (HiGHS Status 7: Optimal),True,1165.0,1165.0,0.0,1,1165,1165,0,1.0,1165,True,0.0,5309,1165,0.21943868901864758,75,30,0.00017040001694113016,0.005885799997486174,0.006056200014427304
DEV-0913,HIGH,SMALL,4,3,1,0,Optimization terminated successfully. (HiGHS Status 7: Optimal),True,488.0,488.0,0.0,0,488,488,0,1.0,488,True,0.0,5492,488,0.08885651857246904,36,21,0.00019079999765381217,0.0008017999934963882,0.0009925999911502004
DEV-0914,MODERATE,LARGE,27,5,2,0,Optimization terminated successfully. (HiGHS Status 7: Optimal),True,2180.0,2180.0,0.0,0,2180,2180,0,1.0,2180,True,0.0,21584,2180,0.10100074128984433,405,96,0.000361100013833493,0.0016719000122975558,0.002033000026131049
DEV-0915,HIGH,MEDIUM,12,5,1,0,Optimization terminated successfully. (HiGHS Status 7: Optimal),True,141.0,141.0,0.0,0,141,141,0,1.0,141,True,0.0,12238,141,0.011521490439614316,180,51,0.00021359999664127827,0.0010559000074863434,0.0012695000041276217
DEV-0916,HIGH,MEDIUM,12,3,1,0,Optimization terminated successfully. (HiGHS Status 7: Optimal),True,10.0,10.0,0.0,0,10,10,0,1.0,10,True,0.0,9331,10,0.0010716964955524595,108,45,0.00018100001034326851,0.0008749999979045242,0.0010560000082477927
DEV-0917,HIGH,LARGE,29,2,2,0,Optimization terminated successfully. (HiGHS Status 7: Optimal),True,1214.0,1214.0,0.0,0,1214,1214,0,1.0,1214,True,0.0,19456,1214,0.06239720394736842,174,93,0.00022750001517124474,0.0010509999992791563,0.001278500014450401
DEV-0918,MODERATE,LARGE,18,3,6,0,Optimization terminated successfully. (HiGHS Status 7: Optimal),True,3668.0,3668.0,0.0,0,3668,3668,0,1.0,3668,True,0.0,14541,3668,0.25225225225225223,162,63,0.0002094999945256859,0.0010815999994520098,0.0012910999939776957
DEV-0919,HIGH,LARGE,25,3,4,0,Optimization terminated successfully. (HiGHS Status 7: Optimal),True,2083.0,2083.0,0.0,0,2083,2083,0,1.0,2083,True,0.0,18784,2083,0.11089224872231687,225,84,0.0002450999745633453,0.001205600012326613,0.0014506999868899584
DEV-0920,HIGH,MEDIUM,12,5,2,0,Optimization terminated successfully. (HiGHS Status 7: Optimal),True,1941.0,1941.0,0.0,1,1941,1941,0,1.0,1941,True,0.0,7656,1941,0.2535266457680251,180,51,0.00021070000366307795,0.004707900021458045,0.004918600025121123
DEV-0921,HIGH,LARGE,18,3,1,0,Optimization terminated successfully. (HiGHS Status 7: Optimal),True,417.0,417.0,0.0,0,417,417,0,1.0,417,True,0.0,15058,417,0.02769292070660114,162,63,0.00021580001339316368,0.0010157999931834638,0.0012316000065766275
DEV-0922,MODERATE,LARGE,24,3,2,0,Optimization terminated successfully. (HiGHS Status 7: Optimal),True,1646.0,1646.0,0.0,0,1646,1646,0,1.0,1646,True,0.0,17436,1646,0.09440238586831842,216,81,0.00023900001542642713,0.0012283000105526298,0.001467300025979057
DEV-0923,MODERATE,LARGE,27,2,4,0,Optimization terminated successfully. (HiGHS Status 7: Optimal),True,2673.0,2673.0,0.0,0,2673,2673,0,1.0,2673,True,0.0,18121,2673,0.14750841565035042,162,87,0.00022159999934956431,0.001029300008667633,0.0012509000080171973
DEV-0924,LOW,LARGE,25,2,4,0,Optimization terminated successfully. (HiGHS Status 7: Optimal),True,3552.0,3552.0,0.0,0,3552,3552,0,1.0,3552,True,0.0,16785,3552,0.21161751563896336,150,81,0.00021090000518597662,0.0009811000199988484,0.001192000025184825
DEV-0925,HIGH,MEDIUM,12,3,1,0,Optimization terminated successfully. (HiGHS Status 7: Optimal),True,759.0,759.0,0.0,0,759,759,0,1.0,759,True,0.0,12818,759,0.05921360586674988,108,45,0.0001756999990902841,0.0008592000231146812,0.0010349000222049654
DEV-0926,LOW,SMALL,3,5,1,0,Optimization terminated successfully. (HiGHS Status 7: Optimal),True,1499.0,1499.0,0.0,0,1499,1499,0,1.0,1499,True,0.0,2557,1499,0.5862338678138443,45,24,0.00013910001143813133,0.0007199000101536512,0.0008590000215917826
DEV-0927,HIGH,LARGE,24,3,5,0,Optimization terminated successfully. (HiGHS Status 7: Optimal),True,3104.0,3104.0,0.0,1,3104,3104,0,1.0,3104,True,0.0,15825,3104,0.19614533965244865,216,81,0.0002367999986745417,0.004945399996358901,0.005182199995033443
DEV-0928,LOW,MEDIUM,11,5,4,0,Optimization terminated successfully. (HiGHS Status 7: Optimal),True,2133.0,2133.0,0.0,0,2133,2133,0,1.0,2133,True,0.0,7685,2133,0.2775536759921926,165,48,0.0002108000044245273,0.001043199998093769,0.0012540000025182962
DEV-0929,HIGH,SMALL,5,5,1,0,Optimization terminated successfully. (HiGHS Status 7: Optimal),True,174.0,174.0,0.0,0,174,174,0,1.0,174,True,0.0,3356,174,0.05184743742550656,75,30,0.00015830001211725175,0.0007860999903641641,0.0009444000024814159
DEV-0930,MODERATE,SMALL,4,2,2,0,Optimization terminated successfully. (HiGHS Status 7: Optimal),True,1165.0,1165.0,0.0,1,1165,1165,0,1.0,1165,True,0.0,1364,1165,0.8541055718475073,24,18,0.00012959999730810523,0.006826099997851998,0.006955699995160103
DEV-0931,HIGH,MEDIUM,12,5,2,0,Optimization terminated successfully. (HiGHS Status 7: Optimal),True,197.0,197.0,0.0,1,197,197,0,1.0,197,True,0.0,8691,197,0.022667126912898402,180,51,0.00021429997286759317,0.005665800010319799,0.005880099983187392
DEV-0932,HIGH,SMALL,3,2,1,0,Optimization terminated successfully. (HiGHS Status 7: Optimal),True,883.0,883.0,0.0,0,883,883,0,1.0,883,True,0.0,2713,883,0.32546995945447843,18,15,0.00012889999197795987,0.000659200013615191,0.0007881000055931509
DEV-0933,MODERATE,SMALL,5,4,1,0,Optimization terminated successfully. (HiGHS Status 7: Optimal),True,154.0,154.0,0.0,0,154,154,0,1.0,154,True,0.0,1724,154,0.08932714617169374,60,27,0.00014990000636316836,0.00075559999095276,0.0009054999973159283
DEV-0934,HIGH,MEDIUM,9,5,3,0,Optimization terminated successfully. (HiGHS Status 7: Optimal),True,2546.0,2546.0,0.0,1,2546,2546,0,1.0,2546,True,0.0,8087,2546,0.3148262643749227,135,42,0.0001886999816633761,0.003686700016260147,0.003875399997923523
DEV-0935,HIGH,MEDIUM,14,4,1,0,Optimization terminated successfully. (HiGHS Status 7: Optimal),True,800.0,800.0,0.0,0,800,800,0,1.0,800,True,0.0,11492,800,0.06961364427427776,168,54,0.00022879999596625566,0.001048100006300956,0.0012769000022672117
DEV-0936,MODERATE,LARGE,22,2,2,0,Optimization terminated successfully. (HiGHS Status 7: Optimal),True,881.0,881.0,0.0,0,881,881,0,1.0,881,True,0.0,15594,881,0.05649608823906631,132,72,0.0002072000061161816,0.0009507999930065125,0.0011579999991226941
DEV-0937,MODERATE,SMALL,3,4,1,0,Optimization terminated successfully. (HiGHS Status 7: Optimal),True,1818.0,1818.0,0.0,0,1818,1818,0,1.0,1818,True,0.0,3799,1818,0.47854698604896023,36,21,0.00013689999468624592,0.0007092999876476824,0.0008461999823339283
DEV-0938,HIGH,MEDIUM,11,4,2,0,Optimization terminated successfully. (HiGHS Status 7: Optimal),True,2155.0,2155.0,0.0,1,2155,2155,0,1.0,2155,True,0.0,7541,2155,0.28577111788887416,132,45,0.00018930001533590257,0.005020899989176542,0.005210200004512444
DEV-0939,MODERATE,MEDIUM,13,5,4,0,Optimization terminated successfully. (HiGHS Status 7: Optimal),True,2697.0,2697.0,0.0,1,2697,2697,0,1.0,2697,True,0.0,9386,2697,0.2873428510547624,195,54,0.00022200000239536166,0.0038432000146713108,0.0040652000170666724
DEV-0940,HIGH,MEDIUM,8,2,1,0,Optimization terminated successfully. (HiGHS Status 7: Optimal),True,62.0,62.0,0.0,0,62,62,0,1.0,62,True,0.0,5046,62,0.012286959968291716,48,30,0.000149200001033023,0.000754999986384064,0.000904199987417087
DEV-0941,LOW,LARGE,24,3,3,0,Optimization terminated successfully. (HiGHS Status 7: Optimal),True,2928.0,2928.0,0.0,0,2928,2928,0,1.0,2928,True,0.0,17592,2928,0.1664392905866303,216,81,0.00023869998403824866,0.0011470000026747584,0.001385699986713007
DEV-0942,MODERATE,SMALL,6,2,1,0,Optimization terminated successfully. (HiGHS Status 7: Optimal),True,1157.0,1157.0,0.0,0,1157,1157,0,1.0,1157,True,0.0,4688,1157,0.24680034129692832,36,24,0.00019869999960064888,0.000741399999242276,0.0009400999988429248
DEV-0943,HIGH,MEDIUM,13,4,6,0,Optimization terminated successfully. (HiGHS Status 7: Optimal),True,4070.0,4070.0,0.0,1,5171,4070,1101,0.7870818023593116,4070,True,0.0,9294,4070,0.4379169356574134,156,51,0.00020749997929669917,0.0032982999982777983,0.0035057999775744975
DEV-0944,HIGH,LARGE,25,3,3,0,Optimization terminated successfully. (HiGHS Status 7: Optimal),True,801.0,801.0,0.0,0,801,801,0,1.0,801,True,0.0,18308,801,0.04375136552326852,225,84,0.00024789999588392675,0.0011659000010695308,0.0014137999969534576
DEV-0945,MODERATE,LARGE,19,3,3,0,Optimization terminated successfully. (HiGHS Status 7: Optimal),True,609.0,609.0,0.0,0,609,609,0,1.0,609,True,0.0,12463,609,0.04886463933242397,171,66,0.00021399999968707561,0.0010303999879397452,0.0012443999876268208
DEV-0946,HIGH,SMALL,6,5,2,0,Optimization terminated successfully. (HiGHS Status 7: Optimal),True,665.0,665.0,0.0,0,665,665,0,1.0,665,True,0.0,4774,665,0.13929618768328444,90,33,0.00016340002184733748,0.0008564000017940998,0.0010198000236414373
DEV-0947,HIGH,MEDIUM,13,5,1,0,Optimization terminated successfully. (HiGHS Status 7: Optimal),True,273.0,273.0,0.0,0,273,273,0,1.0,273,True,0.0,8639,273,0.0316008797314504,195,54,0.00021699999342672527,0.0010596000065561384,0.0012765999999828637
DEV-0948,LOW,SMALL,6,5,3,0,Optimization terminated successfully. (HiGHS Status 7: Optimal),True,1516.0,1516.0,0.0,1,1516,1516,0,1.0,1516,True,0.0,2384,1516,0.6359060402684564,90,33,0.00016530000721104443,0.0044729000073857605,0.004638200014596805
DEV-0949,MODERATE,LARGE,22,2,2,0,Optimization terminated successfully. (HiGHS Status 7: Optimal),True,978.0,978.0,0.0,0,978,978,0,1.0,978,True,0.0,8017,978,0.12199076961456905,132,72,0.00020060001406818628,0.0009471999946981668,0.0011478000087663531
DEV-0950,MODERATE,LARGE,18,2,1,0,Optimization terminated successfully. (HiGHS Status 7: Optimal),True,967.0,967.0,0.0,0,967,967,0,1.0,967,True,0.0,13524,967,0.0715025140490979,108,60,0.00027520000003278255,0.0009303000115323812,0.0012055000115651637
DEV-0951,MODERATE,LARGE,23,2,4,0,Optimization terminated successfully. (HiGHS Status 7: Optimal),True,4362.0,4362.0,0.0,0,4362,4362,0,1.0,4362,True,0.0,18201,4362,0.2396571616944124,138,75,0.00020730000687763095,0.0009868000051937997,0.0011941000120714307
DEV-0952,MODERATE,SMALL,3,3,1,0,Optimization terminated successfully. (HiGHS Status 7: Optimal),True,250.0,250.0,0.0,0,250,250,0,1.0,250,True,0.0,2569,250,0.0973141300116777,27,18,0.00012969999806955457,0.0006728999724145979,0.0008025999704841524
DEV-0953,LOW,LARGE,23,3,3,0,Optimization terminated successfully. (HiGHS Status 7: Optimal),True,4287.0,4287.0,0.0,0,4287,4287,0,1.0,4287,True,0.0,16356,4287,0.26210564930300806,207,78,0.00023360000341199338,0.0011360999778844416,0.001369699981296435
DEV-0954,HIGH,SMALL,5,3,1,0,Optimization terminated successfully. (HiGHS Status 7: Optimal),True,258.0,258.0,0.0,0,258,258,0,1.0,258,True,0.0,2917,258,0.08844703462461433,45,24,0.00014269998064264655,0.0007215999939944595,0.0008642999746371061
DEV-0955,MODERATE,MEDIUM,13,4,2,0,Optimization terminated successfully. (HiGHS Status 7: Optimal),True,106.0,106.0,0.0,0,106,106,0,1.0,106,True,0.0,9648,106,0.010986733001658375,156,51,0.0001999999803956598,0.000971800007391721,0.0011717999877873808
DEV-0956,MODERATE,LARGE,28,4,1,0,Optimization terminated successfully. (HiGHS Status 7: Optimal),True,1749.0,1749.0,0.0,0,1749,1749,0,1.0,1749,True,0.0,18664,1749,0.09370981568795542,336,96,0.00029949998133815825,0.0013960000069346279,0.0016954999882727861
DEV-0957,HIGH,MEDIUM,13,4,4,0,Optimization terminated successfully. (HiGHS Status 7: Optimal),True,3944.0,3944.0,0.0,1,4444,3944,500,0.8874887488748875,3944,True,0.0,12189,3944,0.32357043235704325,156,51,0.0002060999977402389,0.0038822999922558665,0.004088399989996105
DEV-0958,HIGH,SMALL,4,5,3,0,Optimization terminated successfully. (HiGHS Status 7: Optimal),True,1279.0,1279.0,0.0,1,1969,1279,690,0.6495683087861859,1279,True,0.0,2595,1279,0.4928709055876686,60,27,0.00014990000636316836,0.00548490000073798,0.005634800007101148
DEV-0959,HIGH,LARGE,24,5,3,0,Optimization terminated successfully. (HiGHS Status 7: Optimal),True,1748.0,1748.0,0.0,1,1748,1748,0,1.0,1748,True,0.0,15852,1748,0.1102699974766591,360,87,0.00031350000062957406,0.00538420001976192,0.005697700020391494
DEV-0960,HIGH,MEDIUM,9,2,3,0,Optimization terminated successfully. (HiGHS Status 7: Optimal),True,2704.0,2704.0,0.0,1,3015,2704,311,0.896849087893864,2704,True,0.0,7220,2704,0.3745152354570637,54,33,0.00015520001761615276,0.005524399981368333,0.005679599998984486
DEV-0961,HIGH,MEDIUM,14,2,2,0,Optimization terminated successfully. (HiGHS Status 7: Optimal),True,1580.0,1580.0,0.0,0,1580,1580,0,1.0,1580,True,0.0,14636,1580,0.10795299262093468,84,48,0.00018079997971653938,0.0008390000148210675,0.0010197999945376068
DEV-0962,HIGH,SMALL,4,4,1,0,Optimization terminated successfully. (HiGHS Status 7: Optimal),True,822.0,822.0,0.0,0,1361,822,539,0.6039676708302718,822,True,0.0,3078,822,0.26705653021442494,48,24,0.00021460000425577164,0.0007723000016994774,0.000986900005955249
DEV-0963,HIGH,MEDIUM,14,3,3,0,Optimization terminated successfully. (HiGHS Status 7: Optimal),True,1771.0,1771.0,0.0,1,1771,1771,0,1.0,1771,True,0.0,8482,1771,0.2087950954963452,126,51,0.0002266000083182007,0.005958499998087063,0.006185100006405264
DEV-0964,MODERATE,SMALL,6,2,1,0,Optimization terminated successfully. (HiGHS Status 7: Optimal),True,1328.0,1328.0,0.0,0,1328,1328,0,1.0,1328,True,0.0,5376,1328,0.24702380952380953,36,24,0.00013930001296103,0.0007082999800331891,0.0008475999929942191
DEV-0965,HIGH,LARGE,29,2,11,0,Optimization terminated successfully. (HiGHS Status 7: Optimal),True,7469.0,7469.0,0.0,1,7474,7469,5,0.9993310141824994,7469,True,0.0,17419,7469,0.42878466042826796,174,93,0.00022640000679530203,0.0034512999991420656,0.0036777000059373677
DEV-0966,HIGH,MEDIUM,14,2,2,0,Optimization terminated successfully. (HiGHS Status 7: Optimal),True,652.0,652.0,0.0,0,652,652,0,1.0,652,True,0.0,11561,652,0.05639650549260444,84,48,0.00017899999511428177,0.0008279999892693013,0.001006999984383583
DEV-0967,HIGH,MEDIUM,14,5,2,0,Optimization terminated successfully. (HiGHS Status 7: Optimal),True,838.0,838.0,0.0,0,838,838,0,1.0,838,True,0.0,9447,838,0.08870540912458982,210,57,0.00023359997430816293,0.001125300012063235,0.001358899986371398
DEV-0968,HIGH,SMALL,4,3,1,0,Optimization terminated successfully. (HiGHS Status 7: Optimal),True,29.0,29.0,0.0,0,29,29,0,1.0,29,True,0.0,3911,29,0.007414983380209665,36,21,0.00013669999316334724,0.0006942000181879848,0.0008309000113513321
DEV-0969,HIGH,LARGE,21,4,3,0,Optimization terminated successfully. (HiGHS Status 7: Optimal),True,3603.0,3603.0,0.0,1,3603,3603,0,1.0,3603,True,0.0,21383,3603,0.16849833980264697,252,75,0.00025099999038502574,0.005706299998564646,0.005957299988949671
DEV-0970,HIGH,LARGE,19,5,4,0,Optimization terminated successfully. (HiGHS Status 7: Optimal),True,3074.0,3074.0,0.0,1,3074,3074,0,1.0,3074,True,0.0,7823,3074,0.3929438834206826,285,72,0.0002716000017244369,0.003592599998228252,0.003864199999952689
DEV-0971,MODERATE,LARGE,26,3,2,0,Optimization terminated successfully. (HiGHS Status 7: Optimal),True,2619.0,2619.0,0.0,0,2619,2619,0,1.0,2619,True,0.0,18032,2619,0.14524179236912158,234,87,0.000252699974225834,0.0011787000112235546,0.0014313999854493886
DEV-0972,HIGH,LARGE,18,3,3,0,Optimization terminated successfully. (HiGHS Status 7: Optimal),True,660.0,660.0,0.0,0,660,660,0,1.0,660,True,0.0,14584,660,0.04525507405375754,162,63,0.0002130000211764127,0.0010049999982584268,0.0012180000194348395
DEV-0973,HIGH,LARGE,21,3,1,0,Optimization terminated successfully. (HiGHS Status 7: Optimal),True,330.0,330.0,0.0,0,330,330,0,1.0,330,True,0.0,15275,330,0.02160392798690671,189,72,0.00022349998471327126,0.0010725000174716115,0.0012960000021848828
DEV-0974,HIGH,LARGE,23,4,2,0,Optimization terminated successfully. (HiGHS Status 7: Optimal),True,1342.0,1342.0,0.0,0,1342,1342,0,1.0,1342,True,0.0,15484,1342,0.08667011108240764,276,81,0.00026599998818710446,0.0013918000040575862,0.0016577999922446907
DEV-0975,MODERATE,LARGE,24,3,1,0,Optimization terminated successfully. (HiGHS Status 7: Optimal),True,25.0,25.0,0.0,0,25,25,0,1.0,25,True,0.0,16639,25,0.0015024941402728528,216,81,0.00024049999774433672,0.0011762000212911516,0.0014167000190354884
DEV-0976,HIGH,LARGE,23,3,1,0,Optimization terminated successfully. (HiGHS Status 7: Optimal),True,78.0,78.0,0.0,0,78,78,0,1.0,78,True,0.0,13511,78,0.005773073791725261,207,78,0.00024399999529123306,0.0010921999928541481,0.0013361999881453812
DEV-0977,HIGH,LARGE,20,2,1,0,Optimization terminated successfully. (HiGHS Status 7: Optimal),True,1249.0,1249.0,0.0,0,1249,1249,0,1.0,1249,True,0.0,12804,1249,0.09754764136207435,120,66,0.00019230000907555223,0.0008971999923232943,0.0010895000013988465
DEV-0978,HIGH,LARGE,29,2,3,0,Optimization terminated successfully. (HiGHS Status 7: Optimal),True,1868.0,1868.0,0.0,0,1868,1868,0,1.0,1868,True,0.0,21886,1868,0.08535136617015443,174,93,0.00022679998073726892,0.0010399000020697713,0.0012666999828070402
DEV-0979,LOW,MEDIUM,12,5,1,0,Optimization terminated successfully. (HiGHS Status 7: Optimal),True,188.0,188.0,0.0,0,188,188,0,1.0,188,True,0.0,8457,188,0.02223010523826416,180,51,0.0002162999880965799,0.0010178000084124506,0.0012340999965090305
DEV-0980,HIGH,SMALL,4,5,1,0,Optimization terminated successfully. (HiGHS Status 7: Optimal),True,436.0,436.0,0.0,0,451,436,15,0.9667405764966741,436,True,0.0,3393,436,0.12849985263778368,60,27,0.0001466000103391707,0.0007117999775800854,0.0008583999879192561
DEV-0981,LOW,LARGE,18,4,3,0,Optimization terminated successfully. (HiGHS Status 7: Optimal),True,3562.0,3562.0,0.0,0,3562,3562,0,1.0,3562,True,0.0,14549,3562,0.2448278232180906,216,66,0.00023200002033263445,0.0011387999984435737,0.0013708000187762082
DEV-0982,HIGH,SMALL,4,5,2,0,Optimization terminated successfully. (HiGHS Status 7: Optimal),True,1201.0,1201.0,0.0,1,1242,1201,41,0.966988727858293,1201,True,0.0,3204,1201,0.3748439450686642,60,27,0.0001480000209994614,0.005547800014028326,0.005695800035027787
DEV-0983,LOW,SMALL,6,4,3,0,Optimization terminated successfully. (HiGHS Status 7: Optimal),True,961.0,961.0,0.0,1,961,961,0,1.0,961,True,0.0,2538,961,0.37864460204885736,72,30,0.00016170000890269876,0.006124599982285872,0.006286299991188571
DEV-0984,HIGH,LARGE,20,3,6,0,Optimization terminated successfully. (HiGHS Status 7: Optimal),True,3381.0,3381.0,0.0,1,3381,3381,0,1.0,3381,True,0.0,13421,3381,0.25191863497503914,180,69,0.00022459999308921397,0.003963499999372289,0.0041880999924615026
DEV-0985,MODERATE,MEDIUM,12,5,3,0,Optimization terminated successfully. (HiGHS Status 7: Optimal),True,872.0,872.0,0.0,0,872,872,0,1.0,872,True,0.0,6197,872,0.14071324834597385,180,51,0.00022190000163391232,0.0011000999948009849,0.0013219999964348972
DEV-0986,LOW,MEDIUM,12,5,2,0,Optimization terminated successfully. (HiGHS Status 7: Optimal),True,2118.0,2118.0,0.0,1,2118,2118,0,1.0,2118,True,0.0,6035,2118,0.35095277547638776,180,51,0.00024969998048618436,0.005918700015172362,0.006168399995658547
DEV-0987,MODERATE,SMALL,5,4,2,0,Optimization terminated successfully. (HiGHS Status 7: Optimal),True,1566.0,1566.0,0.0,1,1566,1566,0,1.0,1566,True,0.0,2529,1566,0.6192170818505338,60,27,0.00015559999155811965,0.004875600017840043,0.005031200009398162
DEV-0988,MODERATE,LARGE,22,5,1,0,Optimization terminated successfully. (HiGHS Status 7: Optimal),True,897.0,897.0,0.0,0,897,897,0,1.0,897,True,0.0,11609,897,0.07726763717805152,330,81,0.0003282999969087541,0.0014442999963648617,0.0017725999932736158
DEV-0989,HIGH,MEDIUM,8,2,1,0,Optimization terminated successfully. (HiGHS Status 7: Optimal),True,5.0,5.0,0.0,0,5,5,0,1.0,5,True,0.0,4138,5,0.001208313194780087,48,30,0.0001511000155005604,0.000738300004741177,0.0008894000202417374
DEV-0990,LOW,MEDIUM,9,4,1,0,Optimization terminated successfully. (HiGHS Status 7: Optimal),True,1015.0,1015.0,0.0,0,1015,1015,0,1.0,1015,True,0.0,8567,1015,0.11847788023812303,108,39,0.00017770001431927085,0.0008758000039961189,0.0010535000183153898
DEV-0991,HIGH,SMALL,4,2,1,0,Optimization terminated successfully. (HiGHS Status 7: Optimal),True,937.0,937.0,0.0,0,1057,937,120,0.8864711447492905,937,True,0.0,1960,937,0.47806122448979593,24,18,0.00012919999426230788,0.0006789000181015581,0.000808100012363866
DEV-0992,HIGH,MEDIUM,12,2,2,0,Optimization terminated successfully. (HiGHS Status 7: Optimal),True,456.0,456.0,0.0,0,456,456,0,1.0,456,True,0.0,10064,456,0.04531001589825119,72,42,0.00016229998436756432,0.0007854000141378492,0.0009476999985054135
DEV-0993,HIGH,SMALL,5,4,2,0,Optimization terminated successfully. (HiGHS Status 7: Optimal),True,1396.0,1396.0,0.0,1,1483,1396,87,0.9413351314902225,1396,True,0.0,4511,1396,0.3094657503879406,60,27,0.00015089998487383127,0.006279199995333329,0.00643009998020716
DEV-0994,HIGH,SMALL,4,3,1,0,Optimization terminated successfully. (HiGHS Status 7: Optimal),True,110.0,110.0,0.0,0,266,110,156,0.41353383458646614,110,True,0.0,2219,110,0.04957187922487607,36,21,0.0001419000036548823,0.0007290999928954989,0.0008709999965503812
DEV-0995,LOW,MEDIUM,10,2,2,0,Optimization terminated successfully. (HiGHS Status 7: Optimal),True,1437.0,1437.0,0.0,0,1437,1437,0,1.0,1437,True,0.0,6985,1437,0.20572655690765926,60,36,0.00015589999384246767,0.0007655000081285834,0.0009214000019710511
DEV-0996,MODERATE,LARGE,24,4,1,0,Optimization terminated successfully. (HiGHS Status 7: Optimal),True,385.0,385.0,0.0,0,385,385,0,1.0,385,True,0.0,19403,385,0.019842292429005825,288,84,0.0003423999878577888,0.0012876999971922487,0.0016300999850500375
DEV-0997,MODERATE,SMALL,6,3,1,0,Optimization terminated successfully. (HiGHS Status 7: Optimal),True,702.0,702.0,0.0,0,702,702,0,1.0,702,True,0.0,3656,702,0.19201312910284463,54,27,0.00014579997514374554,0.0007646000012755394,0.0009103999764192849
DEV-0998,HIGH,LARGE,27,3,2,0,Optimization terminated successfully. (HiGHS Status 7: Optimal),True,1740.0,1740.0,0.0,0,1740,1740,0,1.0,1740,True,0.0,23600,1740,0.07372881355932204,243,90,0.0002521999995224178,0.0012157000019215047,0.0014679000014439225
DEV-0999,HIGH,LARGE,20,4,3,0,Optimization terminated successfully. (HiGHS Status 7: Optimal),True,2215.0,2215.0,0.0,1,2215,2215,0,1.0,2215,True,0.0,19613,2215,0.11293529801662162,240,72,0.0002513999934308231,0.004645700013497844,0.004897100006928667
DEV-1000,MODERATE,LARGE,19,2,9,0,Optimization terminated successfully. (HiGHS Status 7: Optimal),True,9644.0,9644.0,0.0,0,9644,9644,0,1.0,9644,True,0.0,18702,9644,0.5156667736071009,114,63,0.00020199999562464654,0.0010264000156894326,0.0012284000113140792
DEV-1001,HIGH,SMALL,3,4,2,0,Optimization terminated successfully. (HiGHS Status 7: Optimal),True,1190.0,1190.0,0.0,0,1649,1190,459,0.7216494845360825,1190,True,0.0,2843,1190,0.41857193105874074,36,21,0.0001467999827582389,0.0007204000139608979,0.0008671999967191368
DEV-1002,MODERATE,LARGE,23,3,1,0,Optimization terminated successfully. (HiGHS Status 7: Optimal),True,1085.0,1085.0,0.0,0,1085,1085,0,1.0,1085,True,0.0,21136,1085,0.05133421650264951,207,78,0.00023689999943599105,0.0011177000124007463,0.0013546000118367374
DEV-1003,LOW,MEDIUM,10,2,2,0,Optimization terminated successfully. (HiGHS Status 7: Optimal),True,1402.0,1402.0,0.0,0,1402,1402,0,1.0,1402,True,0.0,7526,1402,0.1862875365399947,60,36,0.0001537000061944127,0.0007501999789383262,0.000903899985132739
DEV-1004,HIGH,SMALL,5,3,1,0,Optimization terminated successfully. (HiGHS Status 7: Optimal),True,248.0,248.0,0.0,0,248,248,0,1.0,248,True,0.0,2572,248,0.09642301710730948,45,24,0.00014039999223314226,0.0007173999911174178,0.0008577999833505601
DEV-1005,HIGH,LARGE,25,5,3,0,Optimization terminated successfully. (HiGHS Status 7: Optimal),True,2154.0,2154.0,0.0,1,2154,2154,0,1.0,2154,True,0.0,16817,2154,0.12808467622049116,375,90,0.0003148999821860343,0.00556489999871701,0.005879799980903044
DEV-1006,HIGH,LARGE,25,3,5,0,Optimization terminated successfully. (HiGHS Status 7: Optimal),True,4082.0,4082.0,0.0,1,4082,4082,0,1.0,4082,True,0.0,21254,4082,0.19205796555942412,225,84,0.0002468999882694334,0.005697100015822798,0.005944000004092231
DEV-1007,MODERATE,LARGE,18,3,6,0,Optimization terminated successfully. (HiGHS Status 7: Optimal),True,4994.0,4994.0,0.0,1,4994,4994,0,1.0,4994,True,0.0,12780,4994,0.3907668231611894,162,63,0.00021329999435693026,0.003980099980253726,0.0041933999746106565
DEV-1008,MODERATE,LARGE,18,4,7,0,Optimization terminated successfully. (HiGHS Status 7: Optimal),True,5878.0,5878.0,0.0,1,5878,5878,0,1.0,5878,True,0.0,13733,5878,0.4280200975751839,216,66,0.000242199981585145,0.003103499999269843,0.003345699980854988
DEV-1009,HIGH,SMALL,4,3,1,0,Optimization terminated successfully. (HiGHS Status 7: Optimal),True,967.0,967.0,0.0,0,967,967,0,1.0,967,True,0.0,4019,967,0.24060711619805922,36,21,0.0001385000068694353,0.0006948999944142997,0.000833400001283735
DEV-1010,HIGH,SMALL,4,2,1,0,Optimization terminated successfully. (HiGHS Status 7: Optimal),True,879.0,879.0,0.0,0,912,879,33,0.9638157894736842,879,True,0.0,2794,879,0.31460272011453116,24,18,0.00012889999197795987,0.00068450000253506,0.0008133999945130199
DEV-1011,HIGH,SMALL,4,3,1,0,Optimization terminated successfully. (HiGHS Status 7: Optimal),True,457.0,457.0,0.0,0,457,457,0,1.0,457,True,0.0,2083,457,0.21939510321651465,36,21,0.00013490000856108963,0.0006873999955132604,0.00082230000407435
DEV-1012,LOW,LARGE,28,2,3,0,Optimization terminated successfully. (HiGHS Status 7: Optimal),True,2610.0,2610.0,0.0,0,2610,2610,0,1.0,2610,True,0.0,22147,2610,0.1178489185894252,168,90,0.00022570000146515667,0.0010324999748263508,0.0012581999762915075
DEV-1013,HIGH,MEDIUM,10,4,1,0,Optimization terminated successfully. (HiGHS Status 7: Optimal),True,1008.0,1008.0,0.0,0,1008,1008,0,1.0,1008,True,0.0,10859,1008,0.09282622709273414,120,42,0.00018209998961538076,0.000885900022694841,0.0010680000123102218
DEV-1014,HIGH,SMALL,4,3,2,0,Optimization terminated successfully. (HiGHS Status 7: Optimal),True,2435.0,2435.0,0.0,1,3342,2435,907,0.7286056253740275,2435,True,0.0,6208,2435,0.39223582474226804,36,21,0.0001343000039923936,0.004966699983924627,0.005100999987917021
DEV-1015,MODERATE,SMALL,4,2,1,0,Optimization terminated successfully. (HiGHS Status 7: Optimal),True,365.0,365.0,0.0,0,365,365,0,1.0,365,True,0.0,2910,365,0.1254295532646048,24,18,0.00013550001312978566,0.0006883000023663044,0.0008238000154960901
DEV-1016,MODERATE,MEDIUM,12,3,3,0,Optimization terminated successfully. (HiGHS Status 7: Optimal),True,1497.0,1497.0,0.0,0,1497,1497,0,1.0,1497,True,0.0,8150,1497,0.18368098159509202,108,45,0.0001805999781936407,0.0009013000235427171,0.0010819000017363578
DEV-1017,MODERATE,SMALL,4,4,1,0,Optimization terminated successfully. (HiGHS Status 7: Optimal),True,652.0,652.0,0.0,0,652,652,0,1.0,652,True,0.0,4201,652,0.1552011425850988,48,24,0.00014369998825713992,0.0007539000071119517,0.0008975999953690916
DEV-1018,MODERATE,MEDIUM,13,2,1,0,Optimization terminated successfully. (HiGHS Status 7: Optimal),True,1692.0,1692.0,0.0,0,1692,1692,0,1.0,1692,True,0.0,8963,1692,0.1887760794376883,78,45,0.0001644000003580004,0.0008205999911297113,0.0009849999914877117
DEV-1019,HIGH,SMALL,5,5,1,0,Optimization terminated successfully. (HiGHS Status 7: Optimal),True,1830.0,1830.0,0.0,0,1830,1830,0,1.0,1830,True,0.0,7052,1830,0.2595008508224617,75,30,0.00015620002523064613,0.0007858999888412654,0.0009421000140719116
DEV-1020,HIGH,LARGE,23,2,5,0,Optimization terminated successfully. (HiGHS Status 7: Optimal),True,3277.0,3277.0,0.0,1,3277,3277,0,1.0,3277,True,0.0,17473,3277,0.18754650031477135,138,75,0.00020360000780783594,0.006312500016065314,0.00651610002387315
DEV-1021,LOW,MEDIUM,9,2,2,0,Optimization terminated successfully. (HiGHS Status 7: Optimal),True,1562.0,1562.0,0.0,0,1562,1562,0,1.0,1562,True,0.0,5364,1562,0.2912005965697241,54,33,0.00015310000162571669,0.0007642999989911914,0.0009174000006169081
DEV-1022,HIGH,SMALL,6,2,4,0,Optimization terminated successfully. (HiGHS Status 7: Optimal),True,2185.0,2185.0,0.0,1,4661,2185,2476,0.468783522849174,2185,True,0.0,5768,2185,0.3788141470180305,36,24,0.00013719999697059393,0.004765599995153025,0.004902799992123619
DEV-1023,MODERATE,LARGE,19,5,1,0,Optimization terminated successfully. (HiGHS Status 7: Optimal),True,862.0,862.0,0.0,0,862,862,0,1.0,862,True,0.0,15058,862,0.057245318103333775,285,72,0.00027329998556524515,0.001289600011659786,0.0015628999972250313
DEV-1024,HIGH,SMALL,4,3,1,0,Optimization terminated successfully. (HiGHS Status 7: Optimal),True,400.0,400.0,0.0,0,400,400,0,1.0,400,True,0.0,2900,400,0.13793103448275862,36,21,0.00013669999316334724,0.0007038000039756298,0.000840499997138977
DEV-1025,LOW,SMALL,6,5,1,0,Optimization terminated successfully. (HiGHS Status 7: Optimal),True,369.0,369.0,0.0,0,369,369,0,1.0,369,True,0.0,5991,369,0.06159238858287431,90,33,0.00016519997734576464,0.0008604000031482428,0.0010255999804940075
DEV-1026,HIGH,SMALL,3,4,1,0,Optimization terminated successfully. (HiGHS Status 7: Optimal),True,901.0,901.0,0.0,0,905,901,4,0.9955801104972376,901,True,0.0,3142,901,0.2867600254614895,36,21,0.00013279999257065356,0.0007268000044859946,0.0008595999970566481
DEV-1027,MODERATE,LARGE,20,2,2,0,Optimization terminated successfully. (HiGHS Status 7: Optimal),True,3293.0,3293.0,0.0,0,3293,3293,0,1.0,3293,True,0.0,18749,3293,0.17563603392180915,120,66,0.00019130000146105886,0.0009004000166896731,0.001091700018150732
DEV-1028,MODERATE,SMALL,6,3,1,0,Optimization terminated successfully. (HiGHS Status 7: Optimal),True,98.0,98.0,0.0,0,98,98,0,1.0,98,True,0.0,3125,98,0.03136,54,27,0.0001616999797988683,0.000732100015738979,0.0008937999955378473
DEV-1029,HIGH,SMALL,3,3,2,0,Optimization terminated successfully. (HiGHS Status 7: Optimal),True,857.0,857.0,0.0,1,1107,857,250,0.7741644083107497,857,True,0.0,1481,857,0.5786630654962863,27,18,0.00012909999350085855,0.006939000013517216,0.007068100007018074
DEV-1030,HIGH,LARGE,28,4,4,0,Optimization terminated successfully. (HiGHS Status 7: Optimal),True,5124.0,5124.0,0.0,1,5124,5124,0,1.0,5124,True,0.0,21070,5124,0.2431893687707641,336,96,0.0003107000084128231,0.004583399975672364,0.004894099984085187
DEV-1031,HIGH,SMALL,5,3,2,0,Optimization terminated successfully. (HiGHS Status 7: Optimal),True,2110.0,2110.0,0.0,1,2636,2110,526,0.8004552352048558,2110,True,0.0,4329,2110,0.4874104874104874,45,24,0.00014669998199678957,0.005717699998058379,0.005864399980055168
DEV-1032,MODERATE,LARGE,30,5,5,0,Optimization terminated successfully. (HiGHS Status 7: Optimal),True,5187.0,5187.0,0.0,0,5187,5187,0,1.0,5187,True,0.0,26669,5187,0.19449548164535604,450,105,0.0004326000052969903,0.0019438000163063407,0.002376400021603331
DEV-1033,MODERATE,MEDIUM,13,3,1,0,Optimization terminated successfully. (HiGHS Status 7: Optimal),True,287.0,287.0,0.0,0,287,287,0,1.0,287,True,0.0,7078,287,0.04054817745125742,117,48,0.00019619998056441545,0.0009609000117052346,0.00115709999226965
DEV-1034,MODERATE,MEDIUM,13,3,1,0,Optimization terminated successfully. (HiGHS Status 7: Optimal),True,220.0,220.0,0.0,0,220,220,0,1.0,220,True,0.0,8109,220,0.02713034899494389,117,48,0.0002041999832727015,0.0009202000219374895,0.001124400005210191
DEV-1035,HIGH,LARGE,25,2,2,0,Optimization terminated successfully. (HiGHS Status 7: Optimal),True,673.0,673.0,0.0,0,673,673,0,1.0,673,True,0.0,12598,673,0.05342117796475631,150,81,0.00021540001034736633,0.0010262999858241528,0.0012416999961715192
DEV-1036,MODERATE,LARGE,26,2,9,0,Optimization terminated successfully. (HiGHS Status 7: Optimal),True,8339.0,8339.0,0.0,0,8339,8339,0,1.0,8339,True,0.0,21197,8339,0.3934047270840213,156,84,0.00023579999106004834,0.0010763000173028558,0.0013121000083629042
DEV-1037,HIGH,MEDIUM,8,4,2,0,Optimization terminated successfully. (HiGHS Status 7: Optimal),True,885.0,885.0,0.0,1,885,885,0,1.0,885,True,0.0,7206,885,0.1228143213988343,96,36,0.00017210000078193843,0.006119800003943965,0.006291900004725903
DEV-1038,HIGH,MEDIUM,9,4,4,0,Optimization terminated successfully. (HiGHS Status 7: Optimal),True,3169.0,3169.0,0.0,1,3169,3169,0,1.0,3169,True,0.0,8238,3169,0.38468074775430927,108,39,0.0001858999894466251,0.0035148000170011073,0.0037007000064477324
DEV-1039,MODERATE,SMALL,5,4,1,0,Optimization terminated successfully. (HiGHS Status 7: Optimal),True,815.0,815.0,0.0,0,815,815,0,1.0,815,True,0.0,4116,815,0.19800777453838678,60,27,0.00015759997768327594,0.0008732000133022666,0.0010307999909855425
DEV-1040,LOW,LARGE,21,4,4,0,Optimization terminated successfully. (HiGHS Status 7: Optimal),True,3096.0,3096.0,0.0,0,3096,3096,0,1.0,3096,True,0.0,15989,3096,0.1936331227719057,252,75,0.0002617000136524439,0.0012688999995589256,0.0015306000132113695
DEV-1041,HIGH,SMALL,4,3,1,0,Optimization terminated successfully. (HiGHS Status 7: Optimal),True,1734.0,1734.0,0.0,0,1756,1734,22,0.9874715261958997,1734,True,0.0,4883,1734,0.3551095637927504,36,21,0.00013880000915378332,0.0007035000016912818,0.0008423000108450651
DEV-1042,HIGH,SMALL,4,3,1,0,Optimization terminated successfully. (HiGHS Status 7: Optimal),True,189.0,189.0,0.0,0,239,189,50,0.7907949790794979,189,True,0.0,1595,189,0.11849529780564264,36,21,0.00013499998021870852,0.0006890000076964498,0.0008239999879151583
DEV-1043,HIGH,LARGE,28,4,3,0,Optimization terminated successfully. (HiGHS Status 7: Optimal),True,2906.0,2906.0,0.0,0,2906,2906,0,1.0,2906,True,0.0,21085,2906,0.13782309698838036,336,96,0.00030109999352134764,0.0015029000060167164,0.001803999999538064
DEV-1044,MODERATE,LARGE,25,4,1,0,Optimization terminated successfully. (HiGHS Status 7: Optimal),True,1396.0,1396.0,0.0,0,1396,1396,0,1.0,1396,True,0.0,21026,1396,0.06639398839532008,300,87,0.0002826999989338219,0.0013113999739289284,0.0015940999728627503
DEV-1045,LOW,SMALL,6,5,1,0,Optimization terminated successfully. (HiGHS Status 7: Optimal),True,212.0,212.0,0.0,0,212,212,0,1.0,212,True,0.0,2536,212,0.083596214511041,90,33,0.0001653999788686633,0.0008091000199783593,0.0009744999988470227
DEV-1046,HIGH,MEDIUM,9,4,3,0,Optimization terminated successfully. (HiGHS Status 7: Optimal),True,2428.0,2428.0,0.0,1,2603,2428,175,0.9327698809066461,2428,True,0.0,6107,2428,0.39757655149828064,108,39,0.00017600000137463212,0.004556400002911687,0.004732400004286319
DEV-1047,MODERATE,LARGE,28,3,3,0,Optimization terminated successfully. (HiGHS Status 7: Optimal),True,3322.0,3322.0,0.0,0,3322,3322,0,1.0,3322,True,0.0,25839,3322,0.12856534695615154,252,93,0.00027069999487139285,0.0012440999853424728,0.0015147999802138656
DEV-1048,HIGH,MEDIUM,9,4,1,0,Optimization terminated successfully. (HiGHS Status 7: Optimal),True,89.0,89.0,0.0,0,89,89,0,1.0,89,True,0.0,6771,89,0.013144291832816422,108,39,0.0001753999968059361,0.001387000025715679,0.001562400022521615
DEV-1049,MODERATE,SMALL,5,2,2,0,Optimization terminated successfully. (HiGHS Status 7: Optimal),True,2426.0,2426.0,0.0,1,2426,2426,0,1.0,2426,True,0.0,4065,2426,0.5968019680196802,30,21,0.000145800004247576,0.006684699998004362,0.006830500002251938
DEV-1050,MODERATE,SMALL,3,2,1,0,Optimization terminated successfully. (HiGHS Status 7: Optimal),True,515.0,515.0,0.0,0,515,515,0,1.0,515,True,0.0,2686,515,0.191734921816828,18,15,0.00013860000763088465,0.000700599979609251,0.0008391999872401357
DEV-1051,HIGH,SMALL,6,4,1,0,Optimization terminated successfully. (HiGHS Status 7: Optimal),True,1391.0,1391.0,0.0,0,1391,1391,0,1.0,1391,True,0.0,4964,1391,0.28021756647864626,72,30,0.00016910000704228878,0.0008316999883390963,0.001000799995381385
DEV-1052,HIGH,LARGE,24,2,2,0,Optimization terminated successfully. (HiGHS Status 7: Optimal),True,2780.0,2780.0,0.0,0,2780,2780,0,1.0,2780,True,0.0,19799,2780,0.14041113187534723,144,78,0.00021689999266527593,0.0009702000243123621,0.001187100016977638
DEV-1053,HIGH,SMALL,4,5,1,0,Optimization terminated successfully. (HiGHS Status 7: Optimal),True,901.0,901.0,0.0,0,901,901,0,1.0,901,True,0.0,2153,901,0.41848583372039017,60,27,0.00014970000484026968,0.000746600009733811,0.0008963000145740807
DEV-1054,HIGH,MEDIUM,12,2,2,0,Optimization terminated successfully. (HiGHS Status 7: Optimal),True,1181.0,1181.0,0.0,0,1181,1181,0,1.0,1181,True,0.0,7652,1181,0.15433873497124934,72,42,0.00015869998605921865,0.000805600022431463,0.0009643000084906816
DEV-1055,LOW,MEDIUM,8,5,3,0,Optimization terminated successfully. (HiGHS Status 7: Optimal),True,2082.0,2082.0,0.0,0,2082,2082,0,1.0,2082,True,0.0,5511,2082,0.37778987479586285,120,39,0.00018129998352378607,0.0009111000108532608,0.0010923999943770468
DEV-1056,LOW,MEDIUM,13,4,6,0,Optimization terminated successfully. (HiGHS Status 7: Optimal),True,4502.0,4502.0,0.0,1,4502,4502,0,1.0,4502,True,0.0,8987,4502,0.5009458106153333,156,51,0.00020000000949949026,0.003739300009328872,0.003939300018828362
DEV-1057,MODERATE,LARGE,29,5,3,0,Optimization terminated successfully. (HiGHS Status 7: Optimal),True,3404.0,3404.0,0.0,0,3404,3404,0,1.0,3404,True,0.0,20423,3404,0.16667482740047984,435,102,0.0003701999958138913,0.0017013999749906361,0.0020715999708045274
DEV-1058,MODERATE,SMALL,4,2,1,0,Optimization terminated successfully. (HiGHS Status 7: Optimal),True,1108.0,1108.0,0.0,0,1108,1108,0,1.0,1108,True,0.0,3244,1108,0.34155363748458695,24,18,0.0001340000017080456,0.0006848000048194081,0.0008188000065274537
DEV-1059,HIGH,SMALL,3,2,1,0,Optimization terminated successfully. (HiGHS Status 7: Optimal),True,4.0,4.0,0.0,0,4,4,0,1.0,4,True,0.0,2158,4,0.0018535681186283596,18,15,0.00012519999290816486,0.0006403000152204186,0.0007655000081285834
DEV-1060,HIGH,SMALL,5,3,1,0,Optimization terminated successfully. (HiGHS Status 7: Optimal),True,355.0,355.0,0.0,0,355,355,0,1.0,355,True,0.0,4265,355,0.08323563892145369,45,24,0.0001399999891873449,0.0007154000049922615,0.0008553999941796064
DEV-1061,MODERATE,SMALL,3,2,2,0,Optimization terminated successfully. (HiGHS Status 7: Optimal),True,2000.0,2000.0,0.0,1,2000,2000,0,1.0,2000,True,0.0,3160,2000,0.6329113924050633,18,15,0.00012250000145286322,0.006644599983701482,0.006767099985154346
DEV-1062,MODERATE,SMALL,3,5,1,0,Optimization terminated successfully. (HiGHS Status 7: Optimal),True,1183.0,1183.0,0.0,0,1183,1183,0,1.0,1183,True,0.0,1806,1183,0.6550387596899225,45,24,0.00014829999417997897,0.0007495000027120113,0.0008977999968919903
DEV-1063,MODERATE,MEDIUM,11,3,1,0,Optimization terminated successfully. (HiGHS Status 7: Optimal),True,1549.0,1549.0,0.0,0,1549,1549,0,1.0,1549,True,0.0,10618,1549,0.14588434733471464,99,42,0.00017579999985173345,0.0008582999871578068,0.0010340999870095402
DEV-1064,HIGH,MEDIUM,8,3,1,0,Optimization terminated successfully. (HiGHS Status 7: Optimal),True,873.0,873.0,0.0,0,873,873,0,1.0,873,True,0.0,4202,873,0.20775821037601142,72,33,0.00016280001727864146,0.0008065000001806766,0.000969300017459318
DEV-1065,MODERATE,LARGE,20,5,4,0,Optimization terminated successfully. (HiGHS Status 7: Optimal),True,3842.0,3842.0,0.0,0,3842,3842,0,1.0,3842,True,0.0,16476,3842,0.23318766690944404,300,75,0.0002832000027410686,0.0014235999842640013,0.0017067999870050699
DEV-1066,MODERATE,MEDIUM,12,3,1,0,Optimization terminated successfully. (HiGHS Status 7: Optimal),True,654.0,654.0,0.0,0,654,654,0,1.0,654,True,0.0,11193,654,0.05842937550254623,108,45,0.00018190001719631255,0.0008767999825067818,0.0010586999997030944
DEV-1067,HIGH,LARGE,27,4,3,0,Optimization terminated successfully. (HiGHS Status 7: Optimal),True,1171.0,1171.0,0.0,0,1171,1171,0,1.0,1171,True,0.0,17968,1171,0.06517141585040072,324,93,0.00029409999842755497,0.0013854000135324895,0.0016795000119600445
DEV-1068,HIGH,SMALL,3,3,1,0,Optimization terminated successfully. (HiGHS Status 7: Optimal),True,179.0,179.0,0.0,0,179,179,0,1.0,179,True,0.0,2534,179,0.07063930544593527,27,18,0.00013110000872984529,0.0006707999855279922,0.0008018999942578375
DEV-1069,MODERATE,LARGE,22,5,3,0,Optimization terminated successfully. (HiGHS Status 7: Optimal),True,1745.0,1745.0,0.0,0,1745,1745,0,1.0,1745,True,0.0,11905,1745,0.14657706845863083,330,81,0.0003003999881912023,0.0013736000109929591,0.0016739999991841614
DEV-1070,HIGH,SMALL,5,2,1,0,Optimization terminated successfully. (HiGHS Status 7: Optimal),True,1261.0,1261.0,0.0,0,1394,1261,133,0.9045911047345767,1261,True,0.0,3022,1261,0.4172733289212442,30,21,0.00013410000246949494,0.0006944999913685024,0.0008285999938379973
DEV-1071,MODERATE,MEDIUM,10,5,2,0,Optimization terminated successfully. (HiGHS Status 7: Optimal),True,2210.0,2210.0,0.0,1,2210,2210,0,1.0,2210,True,0.0,9286,2210,0.23799267714839542,150,45,0.00019660001271404326,0.004965000000083819,0.005161600012797862
DEV-1072,HIGH,LARGE,29,5,12,0,Optimization terminated successfully. (HiGHS Status 7: Optimal),True,6034.0,6034.0,0.0,1,6503,6034,469,0.9278794402583423,6034,True,0.0,21731,6034,0.27766784777506787,435,102,0.0005829999863635749,0.003953100007493049,0.004536099993856624
DEV-1073,HIGH,MEDIUM,12,5,1,0,Optimization terminated successfully. (HiGHS Status 7: Optimal),True,1120.0,1120.0,0.0,0,1120,1120,0,1.0,1120,True,0.0,11922,1120,0.09394396913269586,180,51,0.0002848999865818769,0.0011507000017445534,0.0014355999883264303
DEV-1074,MODERATE,MEDIUM,13,5,6,0,Optimization terminated successfully. (HiGHS Status 7: Optimal),True,4081.0,4081.0,0.0,1,4081,4081,0,1.0,4081,True,0.0,7080,4081,0.5764124293785311,195,54,0.00023780000628903508,0.0030448999896179885,0.0032826999959070235
DEV-1075,HIGH,MEDIUM,8,3,3,0,Optimization terminated successfully. (HiGHS Status 7: Optimal),True,1403.0,1403.0,0.0,1,1403,1403,0,1.0,1403,True,0.0,5735,1403,0.24463818657367045,72,33,0.0001694000093266368,0.006949300004635006,0.007118700013961643
DEV-1076,MODERATE,MEDIUM,13,4,5,0,Optimization terminated successfully. (HiGHS Status 7: Optimal),True,4438.0,4438.0,0.0,1,4438,4438,0,1.0,4438,True,0.0,9502,4438,0.4670595664070722,156,51,0.0002212999970652163,0.0034684999845921993,0.0036897999816574156
DEV-1077,HIGH,LARGE,28,4,7,0,Optimization terminated successfully. (HiGHS Status 7: Optimal),True,3023.0,3023.0,0.0,1,3030,3023,7,0.9976897689768977,3023,True,0.0,21092,3023,0.14332448321638536,336,96,0.000315699988277629,0.004009500000393018,0.004325199988670647
DEV-1078,HIGH,SMALL,3,3,1,0,Optimization terminated successfully. (HiGHS Status 7: Optimal),True,366.0,366.0,0.0,0,371,366,5,0.9865229110512129,366,True,0.0,3155,366,0.11600633914421553,27,18,0.00013780000153928995,0.000683899997966364,0.000821699999505654
DEV-1079,MODERATE,MEDIUM,9,3,1,0,Optimization terminated successfully. (HiGHS Status 7: Optimal),True,2376.0,2376.0,0.0,0,2376,2376,0,1.0,2376,True,0.0,9083,2376,0.2615875811956402,81,36,0.00016690001939423382,0.0008147000044118613,0.0009816000238060951
DEV-1080,HIGH,LARGE,26,3,1,0,Optimization terminated successfully. (HiGHS Status 7: Optimal),True,903.0,903.0,0.0,0,903,903,0,1.0,903,True,0.0,20735,903,0.04354955389438148,234,87,0.0002556999970693141,0.0011747999815270305,0.0014304999785963446
DEV-1081,HIGH,SMALL,6,4,1,0,Optimization terminated successfully. (HiGHS Status 7: Optimal),True,22.0,22.0,0.0,0,22,22,0,1.0,22,True,0.0,4497,22,0.004892150322437181,72,30,0.00015629999688826501,0.0007875000010244548,0.0009437999979127198
DEV-1082,HIGH,LARGE,28,3,3,0,Optimization terminated successfully. (HiGHS Status 7: Optimal),True,1649.0,1649.0,0.0,0,1649,1649,0,1.0,1649,True,0.0,14807,1649,0.1113662456946039,252,93,0.0002590999938547611,0.0013038000033702701,0.0015628999972250313
DEV-1083,HIGH,LARGE,23,2,4,0,Optimization terminated successfully. (HiGHS Status 7: Optimal),True,2118.0,2118.0,0.0,0,2118,2118,0,1.0,2118,True,0.0,14629,2118,0.14478091462164194,138,75,0.00021329999435693026,0.000977099989540875,0.0011903999838978052
DEV-1084,MODERATE,MEDIUM,8,3,1,0,Optimization terminated successfully. (HiGHS Status 7: Optimal),True,301.0,301.0,0.0,0,301,301,0,1.0,301,True,0.0,6986,301,0.04308617234468938,72,33,0.00015929999062791467,0.0008254999993368983,0.000984799989964813
DEV-1085,HIGH,SMALL,6,4,1,0,Optimization terminated successfully. (HiGHS Status 7: Optimal),True,814.0,814.0,0.0,0,827,814,13,0.9842805320435308,814,True,0.0,2422,814,0.3360858794384806,72,30,0.0001577999792061746,0.0008079000108409673,0.0009656999900471419
DEV-1086,HIGH,LARGE,20,4,1,0,Optimization terminated successfully. (HiGHS Status 7: Optimal),True,340.0,340.0,0.0,0,340,340,0,1.0,340,True,0.0,15750,340,0.02158730158730159,240,72,0.0002452000044286251,0.0011685999925248325,0.0014137999969534576
DEV-1087,HIGH,LARGE,22,3,8,0,Optimization terminated successfully. (HiGHS Status 7: Optimal),True,4356.0,4356.0,0.0,1,5079,4356,723,0.8576491435321913,4356,True,0.0,12133,4356,0.3590208522212149,198,75,0.00022770001669414341,0.003919699985999614,0.004147400002693757
DEV-1088,HIGH,SMALL,4,3,1,0,Optimization terminated successfully. (HiGHS Status 7: Optimal),True,782.0,782.0,0.0,0,1322,782,540,0.5915279878971256,782,True,0.0,1853,782,0.42201834862385323,36,21,0.00014650000957772136,0.0007127000135369599,0.0008592000231146812
DEV-1089,MODERATE,SMALL,6,4,2,0,Optimization terminated successfully. (HiGHS Status 7: Optimal),True,2991.0,2991.0,0.0,1,2991,2991,0,1.0,2991,True,0.0,6989,2991,0.42795822006009443,72,30,0.00015700000221841037,0.0042563999886624515,0.004413399990880862
DEV-1090,MODERATE,LARGE,26,5,2,0,Optimization terminated successfully. (HiGHS Status 7: Optimal),True,1164.0,1164.0,0.0,0,1164,1164,0,1.0,1164,True,0.0,20088,1164,0.05794504181600956,390,93,0.00034810000215657055,0.0015641000063624233,0.0019122000085189939
DEV-1091,HIGH,MEDIUM,8,5,2,0,Optimization terminated successfully. (HiGHS Status 7: Optimal),True,2027.0,2027.0,0.0,1,2027,2027,0,1.0,2027,True,0.0,9404,2027,0.21554657592513823,120,39,0.00018450000789016485,0.004614600009517744,0.004799100017407909
DEV-1092,HIGH,MEDIUM,12,4,3,0,Optimization terminated successfully. (HiGHS Status 7: Optimal),True,790.0,790.0,0.0,1,790,790,0,1.0,790,True,0.0,5945,790,0.1328847771236333,144,48,0.00020149999181739986,0.004729800013592467,0.004931300005409867
DEV-1093,HIGH,MEDIUM,13,4,1,0,Optimization terminated successfully. (HiGHS Status 7: Optimal),True,678.0,678.0,0.0,0,678,678,0,1.0,678,True,0.0,8025,678,0.08448598130841121,156,51,0.00028219999512657523,0.0010594000050332397,0.001341600000159815
DEV-1094,HIGH,LARGE,30,5,5,0,Optimization terminated successfully. (HiGHS Status 7: Optimal),True,6197.0,6197.0,0.0,1,6197,6197,0,1.0,6197,True,0.0,28523,6197,0.21726326122778108,450,105,0.0004296000115573406,0.00437660000170581,0.004806200013263151
DEV-1095,MODERATE,MEDIUM,8,4,1,0,Optimization terminated successfully. (HiGHS Status 7: Optimal),True,31.0,31.0,0.0,0,31,31,0,1.0,31,True,0.0,7602,31,0.0040778742436201,96,36,0.0002032000047620386,0.0008773999870754778,0.0010805999918375164
DEV-1096,LOW,MEDIUM,9,5,1,0,Optimization terminated successfully. (HiGHS Status 7: Optimal),True,879.0,879.0,0.0,0,879,879,0,1.0,879,True,0.0,8204,879,0.10714285714285714,135,42,0.00020480001694522798,0.0009457000123802572,0.0011505000293254852
DEV-1097,HIGH,LARGE,20,3,2,0,Optimization terminated successfully. (HiGHS Status 7: Optimal),True,1441.0,1441.0,0.0,0,1441,1441,0,1.0,1441,True,0.0,10656,1441,0.13522897897897898,180,69,0.0002266000083182007,0.0010831999825313687,0.0013097999908495694
DEV-1098,HIGH,MEDIUM,14,4,4,0,Optimization terminated successfully. (HiGHS Status 7: Optimal),True,1210.0,1210.0,0.0,1,1210,1210,0,1.0,1210,True,0.0,9721,1210,0.12447279086513734,168,54,0.00022159999934956431,0.006529699981911108,0.006751299981260672
DEV-1099,MODERATE,LARGE,23,3,1,0,Optimization terminated successfully. (HiGHS Status 7: Optimal),True,671.0,671.0,0.0,0,671,671,0,1.0,671,True,0.0,15836,671,0.04237181106339985,207,78,0.00024350002058781683,0.0011387999984435737,0.0013823000190313905
DEV-1100,HIGH,LARGE,20,3,6,0,Optimization terminated successfully. (HiGHS Status 7: Optimal),True,4143.0,4143.0,0.0,1,4143,4143,0,1.0,4143,True,0.0,13312,4143,0.3112229567307692,180,69,0.00023059998056851327,0.004162900004303083,0.004393499984871596
DEV-1101,MODERATE,MEDIUM,9,2,1,0,Optimization terminated successfully. (HiGHS Status 7: Optimal),True,768.0,768.0,0.0,0,768,768,0,1.0,768,True,0.0,3636,768,0.21122112211221122,54,33,0.00015690000145696104,0.0007607000006828457,0.0009176000021398067
DEV-1102,HIGH,MEDIUM,14,3,1,0,Optimization terminated successfully. (HiGHS Status 7: Optimal),True,269.0,269.0,0.0,0,269,269,0,1.0,269,True,0.0,10783,269,0.02494667532226653,126,51,0.00020300000323913991,0.0009300000092480332,0.001133000012487173
DEV-1103,MODERATE,SMALL,5,5,2,0,Optimization terminated successfully. (HiGHS Status 7: Optimal),True,1548.0,1548.0,0.0,1,1548,1548,0,1.0,1548,True,0.0,2996,1548,0.5166889185580774,75,30,0.00015949999215081334,0.0043707000149879605,0.004530200007138774
DEV-1104,MODERATE,MEDIUM,8,4,1,0,Optimization terminated successfully. (HiGHS Status 7: Optimal),True,604.0,604.0,0.0,0,604,604,0,1.0,604,True,0.0,5012,604,0.12051077414205906,96,36,0.00017410001601092517,0.0008456999785266817,0.0010197999945376068
DEV-1105,MODERATE,SMALL,6,3,1,0,Optimization terminated successfully. (HiGHS Status 7: Optimal),True,1469.0,1469.0,0.0,0,1469,1469,0,1.0,1469,True,0.0,3767,1469,0.3899654897796655,54,27,0.00014910000027157366,0.0007448999967891723,0.000893999997060746
DEV-1106,MODERATE,LARGE,27,2,4,0,Optimization terminated successfully. (HiGHS Status 7: Optimal),True,2839.0,2839.0,0.0,0,2839,2839,0,1.0,2839,True,0.0,16475,2839,0.17232169954476478,162,87,0.00022039999021217227,0.0010170000023208559,0.0012373999925330281
DEV-1107,HIGH,SMALL,6,3,2,0,Optimization terminated successfully. (HiGHS Status 7: Optimal),True,184.0,184.0,0.0,1,184,184,0,1.0,184,True,0.0,3667,184,0.05017725661303518,54,27,0.00014650000957772136,0.006981699989410117,0.007128199998987839
DEV-1108,HIGH,SMALL,4,3,1,0,Optimization terminated successfully. (HiGHS Status 7: Optimal),True,723.0,723.0,0.0,0,851,723,128,0.8495887191539365,723,True,0.0,1954,723,0.37001023541453426,36,21,0.0001422999775968492,0.0007132000173442066,0.0008554999949410558
DEV-1109,HIGH,SMALL,6,5,1,0,Optimization terminated successfully. (HiGHS Status 7: Optimal),True,1221.0,1221.0,0.0,0,1221,1221,0,1.0,1221,True,0.0,4059,1221,0.3008130081300813,90,33,0.00016949998098425567,0.0008409000001847744,0.00101039998116903
DEV-1110,MODERATE,SMALL,3,2,1,0,Optimization terminated successfully. (HiGHS Status 7: Optimal),True,811.0,811.0,0.0,0,811,811,0,1.0,811,True,0.0,2994,811,0.270875083500334,18,15,0.00012710000737570226,0.0006607999966945499,0.0007879000040702522
DEV-1111,LOW,MEDIUM,8,5,2,0,Optimization terminated successfully. (HiGHS Status 7: Optimal),True,1459.0,1459.0,0.0,1,1459,1459,0,1.0,1459,True,0.0,5179,1459,0.28171461672137477,120,39,0.00018160001491196454,0.005474700010381639,0.0056563000252936035
DEV-1112,HIGH,SMALL,6,5,1,0,Optimization terminated successfully. (HiGHS Status 7: Optimal),True,1420.0,1420.0,0.0,0,1420,1420,0,1.0,1420,True,0.0,3743,1420,0.3793748330216404,90,33,0.00016690001939423382,0.0008353999874088913,0.0010023000068031251
DEV-1113,HIGH,SMALL,6,2,1,0,Optimization terminated successfully. (HiGHS Status 7: Optimal),True,541.0,541.0,0.0,0,541,541,0,1.0,541,True,0.0,6391,541,0.08465028946956658,36,24,0.00013920001219958067,0.0007195999787654728,0.0008587999909650534
DEV-1114,MODERATE,LARGE,28,2,3,0,Optimization terminated successfully. (HiGHS Status 7: Optimal),True,2377.0,2377.0,0.0,0,2377,2377,0,1.0,2377,True,0.0,21374,2377,0.11120988116403106,168,90,0.00022280000848695636,0.0011245000059716403,0.0013473000144585967
DEV-1115,HIGH,MEDIUM,12,4,1,0,Optimization terminated successfully. (HiGHS Status 7: Optimal),True,832.0,832.0,0.0,0,832,832,0,1.0,832,True,0.0,9479,832,0.08777297183247178,144,48,0.00019799999427050352,0.0009544999920763075,0.001152499986346811
DEV-1116,MODERATE,MEDIUM,8,5,1,0,Optimization terminated successfully. (HiGHS Status 7: Optimal),True,1063.0,1063.0,0.0,0,1063,1063,0,1.0,1063,True,0.0,4412,1063,0.24093381686310064,120,39,0.00018010000349022448,0.0008891999896150082,0.0010692999931052327
DEV-1117,HIGH,SMALL,4,5,2,0,Optimization terminated successfully. (HiGHS Status 7: Optimal),True,957.0,957.0,0.0,1,957,957,0,1.0,957,True,0.0,3116,957,0.3071245186136072,60,27,0.00014819999341852963,0.003737499995622784,0.0038856999890413135
DEV-1118,HIGH,LARGE,23,5,8,0,Optimization terminated successfully. (HiGHS Status 7: Optimal),True,6324.0,6324.0,0.0,1,6324,6324,0,1.0,6324,True,0.0,17953,6324,0.3522531053305854,345,84,0.00030769998556934297,0.003271199995651841,0.003578899981221184
DEV-1119,HIGH,LARGE,22,2,3,0,Optimization terminated successfully. (HiGHS Status 7: Optimal),True,2208.0,2208.0,0.0,0,2208,2208,0,1.0,2208,True,0.0,14392,2208,0.15341856586992775,132,72,0.00020440001389943063,0.0009496999846305698,0.0011540999985300004
DEV-1120,MODERATE,LARGE,29,5,1,0,Optimization terminated successfully. (HiGHS Status 7: Optimal),True,1847.0,1847.0,0.0,0,1847,1847,0,1.0,1847,True,0.0,25255,1847,0.07313403286477925,435,102,0.00035459999344311655,0.0016539999924134463,0.002008599985856563
DEV-1121,HIGH,MEDIUM,8,5,1,0,Optimization terminated successfully. (HiGHS Status 7: Optimal),True,1210.0,1210.0,0.0,0,1210,1210,0,1.0,1210,True,0.0,7522,1210,0.16086147301249668,120,39,0.0001818999880924821,0.0008935999940149486,0.0010754999821074307
DEV-1122,MODERATE,LARGE,22,2,2,0,Optimization terminated successfully. (HiGHS Status 7: Optimal),True,2490.0,2490.0,0.0,0,2490,2490,0,1.0,2490,True,0.0,15384,2490,0.16185647425897035,132,72,0.00019789999350905418,0.0010802000178955495,0.0012781000114046037
DEV-1123,MODERATE,LARGE,30,5,9,0,Optimization terminated successfully. (HiGHS Status 7: Optimal),True,9392.0,9392.0,0.0,1,9392,9392,0,1.0,9392,True,0.0,25509,9392,0.36818377827433457,450,105,0.00036830001045018435,0.0035161999985575676,0.003884500009007752
DEV-1124,LOW,MEDIUM,12,5,1,0,Optimization terminated successfully. (HiGHS Status 7: Optimal),True,775.0,775.0,0.0,0,775,775,0,1.0,775,True,0.0,6482,775,0.11956186362233878,180,51,0.0002162999880965799,0.0010525000107008964,0.0012687999987974763
DEV-1125,HIGH,MEDIUM,14,2,1,0,Optimization terminated successfully. (HiGHS Status 7: Optimal),True,361.0,361.0,0.0,0,361,361,0,1.0,361,True,0.0,8865,361,0.040721940214326,84,48,0.00017019998631440103,0.0008375000033993274,0.0010076999897137284
DEV-1126,HIGH,SMALL,6,3,2,0,Optimization terminated successfully. (HiGHS Status 7: Optimal),True,860.0,860.0,0.0,1,860,860,0,1.0,860,True,0.0,4997,860,0.1721032619571743,54,27,0.000145500001963228,0.00688499998068437,0.007030499982647598
DEV-1127,MODERATE,MEDIUM,13,3,1,0,Optimization terminated successfully. (HiGHS Status 7: Optimal),True,258.0,258.0,0.0,0,258,258,0,1.0,258,True,0.0,11728,258,0.021998635743519783,117,48,0.0001866999955382198,0.001024700002744794,0.0012113999982830137
DEV-1128,HIGH,MEDIUM,10,4,2,0,Optimization terminated successfully. (HiGHS Status 7: Optimal),True,807.0,807.0,0.0,0,807,807,0,1.0,807,True,0.0,10597,807,0.0761536283853921,120,42,0.00018450000789016485,0.0009377999813295901,0.001122299989219755
DEV-1129,HIGH,LARGE,24,3,2,0,Optimization terminated successfully. (HiGHS Status 7: Optimal),True,1963.0,1963.0,0.0,0,1963,1963,0,1.0,1963,True,0.0,20732,1963,0.09468454562994405,216,81,0.00024349999148398638,0.0011755000159610063,0.0014190000074449927
DEV-1130,LOW,SMALL,4,3,2,0,Optimization terminated successfully. (HiGHS Status 7: Optimal),True,2069.0,2069.0,0.0,1,2069,2069,0,1.0,2069,True,0.0,3825,2069,0.5409150326797386,36,21,0.00013689999468624592,0.006853700004285201,0.006990599998971447
DEV-1131,HIGH,LARGE,19,3,3,0,Optimization terminated successfully. (HiGHS Status 7: Optimal),True,1932.0,1932.0,0.0,1,1932,1932,0,1.0,1932,True,0.0,13675,1932,0.14127970749542962,171,66,0.00021929998183622956,0.006165700004203245,0.006384999986039475
DEV-1132,MODERATE,SMALL,5,4,2,0,Optimization terminated successfully. (HiGHS Status 7: Optimal),True,2380.0,2380.0,0.0,1,2380,2380,0,1.0,2380,True,0.0,3462,2380,0.6874638937030618,60,27,0.0001576000067871064,0.00614869999117218,0.006306299997959286
DEV-1133,HIGH,SMALL,3,2,1,0,Optimization terminated successfully. (HiGHS Status 7: Optimal),True,297.0,297.0,0.0,0,297,297,0,1.0,297,True,0.0,2177,297,0.13642627468994029,18,15,0.00012900002184323967,0.0006768999737687409,0.0008058999956119806
DEV-1134,LOW,SMALL,4,3,1,0,Optimization terminated successfully. (HiGHS Status 7: Optimal),True,380.0,380.0,0.0,0,380,380,0,1.0,380,True,0.0,2031,380,0.18709995076317085,36,21,0.0001407999952789396,0.000687599997036159,0.0008283999923150986
DEV-1135,HIGH,SMALL,5,5,1,0,Optimization terminated successfully. (HiGHS Status 7: Optimal),True,802.0,802.0,0.0,0,802,802,0,1.0,802,True,0.0,4767,802,0.16823998321795677,75,30,0.00016330002108588815,0.0007784999907016754,0.0009418000117875636
DEV-1136,MODERATE,MEDIUM,13,2,3,0,Optimization terminated successfully. (HiGHS Status 7: Optimal),True,3148.0,3148.0,0.0,0,3148,3148,0,1.0,3148,True,0.0,10591,3148,0.2972335001416297,78,45,0.00017800001660361886,0.0008088999893516302,0.000986900005955249
DEV-1137,HIGH,LARGE,24,5,3,0,Optimization terminated successfully. (HiGHS Status 7: Optimal),True,4222.0,4222.0,0.0,1,4222,4222,0,1.0,4222,True,0.0,23313,4222,0.18110067344400121,360,87,0.00033209999673999846,0.004071200004545972,0.00440330000128597
DEV-1138,MODERATE,LARGE,28,4,1,0,Optimization terminated successfully. (HiGHS Status 7: Optimal),True,827.0,827.0,0.0,0,827,827,0,1.0,827,True,0.0,22672,827,0.03647671136203246,336,96,0.000304599991068244,0.0015005000168457627,0.0018051000079140067
DEV-1139,HIGH,SMALL,3,4,1,0,Optimization terminated successfully. (HiGHS Status 7: Optimal),True,430.0,430.0,0.0,0,430,430,0,1.0,430,True,0.0,2098,430,0.2049571020019066,36,21,0.00013669999316334724,0.0007044000085443258,0.0008411000017076731
DEV-1140,HIGH,LARGE,27,5,10,0,Optimization terminated successfully. (HiGHS Status 7: Optimal),True,6525.0,6525.0,0.0,1,6525,6525,0,1.0,6525,True,0.0,20444,6525,0.3191645470553708,405,96,0.0003349999897181988,0.0032728000078350306,0.0036077999975532293
DEV-1141,MODERATE,SMALL,5,5,1,0,Optimization terminated successfully. (HiGHS Status 7: Optimal),True,1572.0,1572.0,0.0,0,1572,1572,0,1.0,1572,True,0.0,5076,1572,0.30969267139479906,75,30,0.00016029999824240804,0.000824499991722405,0.000984799989964813
DEV-1142,HIGH,SMALL,3,2,1,0,Optimization terminated successfully. (HiGHS Status 7: Optimal),True,260.0,260.0,0.0,0,260,260,0,1.0,260,True,0.0,2372,260,0.10961214165261383,18,15,0.0001264000020455569,0.0006563000206369907,0.0007827000226825476
DEV-1143,HIGH,SMALL,6,5,1,0,Optimization terminated successfully. (HiGHS Status 7: Optimal),True,10.0,10.0,0.0,0,10,10,0,1.0,10,True,0.0,2976,10,0.003360215053763441,90,33,0.00017179999849759042,0.0008076999802142382,0.0009794999787118286
DEV-1144,MODERATE,MEDIUM,13,3,1,0,Optimization terminated successfully. (HiGHS Status 7: Optimal),True,630.0,630.0,0.0,0,630,630,0,1.0,630,True,0.0,10289,630,0.06123044027602294,117,48,0.00018730000010691583,0.0008824999968055636,0.0010697999969124794
DEV-1145,LOW,LARGE,19,5,6,0,Optimization terminated successfully. (HiGHS Status 7: Optimal),True,6704.0,6704.0,0.0,0,6704,6704,0,1.0,6704,True,0.0,15494,6704,0.4326836194655996,285,72,0.0002641000028233975,0.0013895999873057008,0.0016536999901290983
DEV-1146,HIGH,SMALL,3,3,1,0,Optimization terminated successfully. (HiGHS Status 7: Optimal),True,1104.0,1104.0,0.0,0,1377,1104,273,0.8017429193899782,1104,True,0.0,2428,1104,0.4546952224052718,27,18,0.00013760000001639128,0.000681100005749613,0.0008187000057660043
DEV-1147,HIGH,LARGE,22,3,4,0,Optimization terminated successfully. (HiGHS Status 7: Optimal),True,2088.0,2088.0,0.0,1,2088,2088,0,1.0,2088,True,0.0,13446,2088,0.15528781793842034,198,75,0.00023400000645779073,0.007376800000201911,0.0076108000066597015
DEV-1148,HIGH,MEDIUM,10,3,1,0,Optimization terminated successfully. (HiGHS Status 7: Optimal),True,368.0,368.0,0.0,0,368,368,0,1.0,368,True,0.0,5276,368,0.06974981046247157,90,39,0.00017419998766854405,0.0008488000021316111,0.0010229999898001552
DEV-1149,HIGH,MEDIUM,13,3,3,0,Optimization terminated successfully. (HiGHS Status 7: Optimal),True,1349.0,1349.0,0.0,1,1349,1349,0,1.0,1349,True,0.0,7798,1349,0.17299307514747372,117,48,0.00019409999367780983,0.005974600004265085,0.006168699997942895
DEV-1150,MODERATE,LARGE,24,3,6,0,Optimization terminated successfully. (HiGHS Status 7: Optimal),True,4388.0,4388.0,0.0,0,4388,4388,0,1.0,4388,True,0.0,14879,4388,0.29491229249277506,216,81,0.0007227000023704022,0.0011915999930351973,0.0019142999954055995
DEV-1151,HIGH,SMALL,3,3,1,0,Optimization terminated successfully. (HiGHS Status 7: Optimal),True,723.0,723.0,0.0,0,1005,723,282,0.7194029850746269,723,True,0.0,1762,723,0.4103291713961407,27,18,0.00013169998419471085,0.0006825000164099038,0.0008142000006046146
DEV-1152,LOW,LARGE,22,2,1,0,Optimization terminated successfully. (HiGHS Status 7: Optimal),True,173.0,173.0,0.0,0,173,173,0,1.0,173,True,0.0,16842,173,0.010271939199619998,132,72,0.00020179999410174787,0.0009293000039178878,0.0011310999980196357
DEV-1153,LOW,MEDIUM,8,3,2,0,Optimization terminated successfully. (HiGHS Status 7: Optimal),True,1084.0,1084.0,0.0,0,1084,1084,0,1.0,1084,True,0.0,3835,1084,0.2826597131681877,72,33,0.0002634999982547015,0.0008617999847047031,0.0011252999829594046
DEV-1154,MODERATE,LARGE,26,4,4,0,Optimization terminated successfully. (HiGHS Status 7: Optimal),True,2215.0,2215.0,0.0,0,2215,2215,0,1.0,2215,True,0.0,14126,2215,0.15680305819057058,312,90,0.0002927000168710947,0.0013907999964430928,0.0016835000133141875
DEV-1155,HIGH,LARGE,19,2,1,0,Optimization terminated successfully. (HiGHS Status 7: Optimal),True,992.0,992.0,0.0,0,992,992,0,1.0,992,True,0.0,13804,992,0.07186322804984063,114,63,0.0001959000073838979,0.0008961999847088009,0.0010920999920926988
DEV-1156,LOW,SMALL,5,5,2,0,Optimization terminated successfully. (HiGHS Status 7: Optimal),True,534.0,534.0,0.0,1,534,534,0,1.0,534,True,0.0,1568,534,0.3405612244897959,75,30,0.00015750000602565706,0.00559600000269711,0.005753500008722767
DEV-1157,MODERATE,SMALL,3,4,1,0,Optimization terminated successfully. (HiGHS Status 7: Optimal),True,19.0,19.0,0.0,0,19,19,0,1.0,19,True,0.0,1275,19,0.014901960784313726,36,21,0.00014769998961128294,0.0006971000111661851,0.0008448000007774681
DEV-1158,HIGH,SMALL,6,5,1,0,Optimization terminated successfully. (HiGHS Status 7: Optimal),True,732.0,732.0,0.0,0,732,732,0,1.0,732,True,0.0,5880,732,0.12448979591836734,90,33,0.00016530000721104443,0.000830300006782636,0.0009956000139936805
DEV-1159,HIGH,MEDIUM,14,3,4,0,Optimization terminated successfully. (HiGHS Status 7: Optimal),True,2168.0,2168.0,0.0,0,2168,2168,0,1.0,2168,True,0.0,10012,2168,0.2165401518178186,126,51,0.0001965999836102128,0.0009322999976575375,0.0011288999812677503
DEV-1160,MODERATE,SMALL,6,2,1,0,Optimization terminated successfully. (HiGHS Status 7: Optimal),True,540.0,540.0,0.0,0,540,540,0,1.0,540,True,0.0,4069,540,0.13271073973949374,36,24,0.0001370000245515257,0.0006905999907758087,0.0008276000153273344
DEV-1161,HIGH,SMALL,6,3,1,0,Optimization terminated successfully. (HiGHS Status 7: Optimal),True,1253.0,1253.0,0.0,0,1253,1253,0,1.0,1253,True,0.0,6299,1253,0.19892046356564533,54,27,0.0001542000100016594,0.0007381000032182783,0.0008923000132199377
DEV-1162,HIGH,SMALL,6,2,3,0,Optimization terminated successfully. (HiGHS Status 7: Optimal),True,1489.0,1489.0,0.0,1,1489,1489,0,1.0,1489,True,0.0,3483,1489,0.4275050244042492,36,24,0.00013580001541413367,0.006968200003029779,0.007104000018443912
DEV-1163,HIGH,LARGE,28,5,1,0,Optimization terminated successfully. (HiGHS Status 7: Optimal),True,1229.0,1229.0,0.0,0,1229,1229,0,1.0,1229,True,0.0,14065,1229,0.08738002132954141,420,99,0.00035509999725036323,0.001659100002143532,0.0020141999993938953
DEV-1164,MODERATE,LARGE,18,5,2,0,Optimization terminated successfully. (HiGHS Status 7: Optimal),True,1186.0,1186.0,0.0,0,1186,1186,0,1.0,1186,True,0.0,11793,1186,0.10056813363859916,270,69,0.0002612999815028161,0.0012580000038724393,0.0015192999853752553
DEV-1165,MODERATE,LARGE,28,4,3,0,Optimization terminated successfully. (HiGHS Status 7: Optimal),True,2117.0,2117.0,0.0,0,2117,2117,0,1.0,2117,True,0.0,19237,2117,0.110048344336435,336,96,0.00029830000130459666,0.0014008000143803656,0.0016991000156849623
DEV-1166,MODERATE,MEDIUM,12,4,2,0,Optimization terminated successfully. (HiGHS Status 7: Optimal),True,1676.0,1676.0,0.0,0,1676,1676,0,1.0,1676,True,0.0,8648,1676,0.19380203515263644,144,48,0.00019630001042969525,0.000984499987680465,0.0011807999981101602
DEV-1167,HIGH,MEDIUM,13,4,1,0,Optimization terminated successfully. (HiGHS Status 7: Optimal),True,455.0,455.0,0.0,0,455,455,0,1.0,455,True,0.0,8787,455,0.051781040172982816,156,51,0.00020050001330673695,0.000982900004601106,0.001183400017907843
DEV-1168,HIGH,LARGE,26,4,10,0,Optimization terminated successfully. (HiGHS Status 7: Optimal),True,4911.0,4911.0,0.0,1,5327,4911,416,0.9219072648770414,4911,True,0.0,15761,4911,0.3115919040670008,312,90,0.00029250001534819603,0.0032039999787230045,0.0034964999940712005
DEV-1169,HIGH,MEDIUM,8,2,2,0,Optimization terminated successfully. (HiGHS Status 7: Optimal),True,1215.0,1215.0,0.0,0,1215,1215,0,1.0,1215,True,0.0,5730,1215,0.21204188481675393,48,30,0.00015189999248832464,0.0007642999989911914,0.000916199991479516
DEV-1170,HIGH,MEDIUM,8,5,2,0,Optimization terminated successfully. (HiGHS Status 7: Optimal),True,2088.0,2088.0,0.0,1,2462,2088,374,0.8480909829406986,2088,True,0.0,5210,2088,0.40076775431861805,120,39,0.00018140001338906586,0.005638600006932393,0.005820000020321459
DEV-1171,HIGH,MEDIUM,9,2,1,0,Optimization terminated successfully. (HiGHS Status 7: Optimal),True,757.0,757.0,0.0,0,757,757,0,1.0,757,True,0.0,4516,757,0.16762621789193977,54,33,0.00015480001457035542,0.0007612000044900924,0.0009160000190604478
DEV-1172,HIGH,MEDIUM,12,2,7,0,Optimization terminated successfully. (HiGHS Status 7: Optimal),True,4088.0,4088.0,0.0,1,5011,4088,923,0.815805228497306,4088,True,0.0,9681,4088,0.4222704266088214,72,42,0.00016319999122060835,0.003411000012420118,0.003574200003640726
DEV-1173,HIGH,SMALL,4,5,1,0,Optimization terminated successfully. (HiGHS Status 7: Optimal),True,21.0,21.0,0.0,0,21,21,0,1.0,21,True,0.0,2524,21,0.00832012678288431,60,27,0.00015970002277754247,0.0007700000132899731,0.0009297000360675156
DEV-1174,MODERATE,LARGE,18,5,2,0,Optimization terminated successfully. (HiGHS Status 7: Optimal),True,1358.0,1358.0,0.0,0,1358,1358,0,1.0,1358,True,0.0,13486,1358,0.10069701913095061,270,69,0.00026580001576803625,0.0013882999774068594,0.0016540999931748956
DEV-1175,MODERATE,MEDIUM,8,3,1,0,Optimization terminated successfully. (HiGHS Status 7: Optimal),True,681.0,681.0,0.0,0,681,681,0,1.0,681,True,0.0,6584,681,0.1034325637910085,72,33,0.00016229998436756432,0.0007942999945953488,0.0009565999789629132
DEV-1176,HIGH,SMALL,6,5,1,0,Optimization terminated successfully. (HiGHS Status 7: Optimal),True,627.0,627.0,0.0,0,627,627,0,1.0,627,True,0.0,5452,627,0.11500366837857667,90,33,0.0001653999788686633,0.000820100016426295,0.0009854999952949584
DEV-1177,MODERATE,MEDIUM,11,5,1,0,Optimization terminated successfully. (HiGHS Status 7: Optimal),True,198.0,198.0,0.0,0,198,198,0,1.0,198,True,0.0,7356,198,0.026916802610114192,165,48,0.00020290000247769058,0.0009901000012177974,0.001193000003695488
DEV-1178,HIGH,MEDIUM,8,2,1,0,Optimization terminated successfully. (HiGHS Status 7: Optimal),True,1054.0,1054.0,0.0,0,1054,1054,0,1.0,1054,True,0.0,5036,1054,0.20929308975377284,48,30,0.00015029998030513525,0.0007329999934881926,0.0008832999737933278
DEV-1179,MODERATE,MEDIUM,8,3,1,0,Optimization terminated successfully. (HiGHS Status 7: Optimal),True,283.0,283.0,0.0,0,283,283,0,1.0,283,True,0.0,6270,283,0.045135566188197765,72,33,0.0001638999965507537,0.0007702999864704907,0.0009341999830212444
DEV-1180,HIGH,MEDIUM,10,5,2,0,Optimization terminated successfully. (HiGHS Status 7: Optimal),True,862.0,862.0,0.0,1,862,862,0,1.0,862,True,0.0,8481,862,0.10163895767008607,150,45,0.0002277999883517623,0.005655200016917661,0.005883000005269423
DEV-1181,HIGH,SMALL,3,5,1,0,Optimization terminated successfully. (HiGHS Status 7: Optimal),True,624.0,624.0,0.0,0,624,624,0,1.0,624,True,0.0,2794,624,0.22333571939871152,45,24,0.0001432000135537237,0.0007293999951798469,0.0008726000087335706
DEV-1182,MODERATE,SMALL,6,5,2,0,Optimization terminated successfully. (HiGHS Status 7: Optimal),True,550.0,550.0,0.0,0,550,550,0,1.0,550,True,0.0,3395,550,0.16200294550810015,90,33,0.00016530000721104443,0.0008621000160928816,0.001027400023303926
DEV-1183,LOW,MEDIUM,9,4,2,0,Optimization terminated successfully. (HiGHS Status 7: Optimal),True,1505.0,1505.0,0.0,0,1505,1505,0,1.0,1505,True,0.0,6647,1505,0.22641793290206108,108,39,0.00018159998580813408,0.0008889000164344907,0.0010705000022426248
DEV-1184,MODERATE,LARGE,27,3,2,0,Optimization terminated successfully. (HiGHS Status 7: Optimal),True,1275.0,1275.0,0.0,0,1275,1275,0,1.0,1275,True,0.0,22302,1275,0.05716976055959107,243,90,0.00026190001517534256,0.0013157999783288687,0.0015776999935042113
DEV-1185,LOW,LARGE,19,2,9,0,Optimization terminated successfully. (HiGHS Status 7: Optimal),True,5096.0,5096.0,0.0,0,5096,5096,0,1.0,5096,True,0.0,12199,5096,0.4177391589474547,114,63,0.00019449999672360718,0.0009617999894544482,0.0011562999861780554
DEV-1186,MODERATE,MEDIUM,11,5,3,0,Optimization terminated successfully. (HiGHS Status 7: Optimal),True,2803.0,2803.0,0.0,1,2803,2803,0,1.0,2803,True,0.0,7998,2803,0.35046261565391346,165,48,0.0002607000060379505,0.004985899984603748,0.005246599990641698
DEV-1187,HIGH,SMALL,4,3,1,0,Optimization terminated successfully. (HiGHS Status 7: Optimal),True,1110.0,1110.0,0.0,0,1110,1110,0,1.0,1110,True,0.0,3115,1110,0.3563402889245586,36,21,0.00013770000077784061,0.0007020999910309911,0.0008397999918088317
DEV-1188,HIGH,SMALL,5,3,1,0,Optimization terminated successfully. (HiGHS Status 7: Optimal),True,1198.0,1198.0,0.0,0,1198,1198,0,1.0,1198,True,0.0,3426,1198,0.3496789258610625,45,24,0.00014290001126937568,0.0007298000273294747,0.0008727000385988504
DEV-1189,HIGH,MEDIUM,8,5,1,0,Optimization terminated successfully. (HiGHS Status 7: Optimal),True,308.0,308.0,0.0,0,308,308,0,1.0,308,True,0.0,4442,308,0.06933813597478614,120,39,0.00017680000746622682,0.000897699996130541,0.0010745000035967678
DEV-1190,HIGH,MEDIUM,11,3,6,0,Optimization terminated successfully. (HiGHS Status 7: Optimal),True,3602.0,3602.0,0.0,1,3947,3602,345,0.9125918419052444,3602,True,0.0,6799,3602,0.5297837917340785,99,42,0.00017359998309984803,0.0032531000033486634,0.0034266999864485115
DEV-1191,HIGH,SMALL,4,2,1,0,Optimization terminated successfully. (HiGHS Status 7: Optimal),True,1352.0,1352.0,0.0,0,1352,1352,0,1.0,1352,True,0.0,3474,1352,0.38917674150834775,24,18,0.00013279999257065356,0.000697499985108152,0.0008302999776788056
DEV-1192,MODERATE,LARGE,21,3,2,0,Optimization terminated successfully. (HiGHS Status 7: Optimal),True,1824.0,1824.0,0.0,0,1824,1824,0,1.0,1824,True,0.0,14270,1824,0.12782060266292922,189,72,0.0002243999915663153,0.001067599980160594,0.0012919999717269093
DEV-1193,MODERATE,LARGE,20,5,2,0,Optimization terminated successfully. (HiGHS Status 7: Optimal),True,2079.0,2079.0,0.0,0,2079,2079,0,1.0,2079,True,0.0,15506,2079,0.13407713143299368,300,75,0.00042070000199601054,0.001357699977234006,0.0017783999792300165
DEV-1194,MODERATE,SMALL,3,2,1,0,Optimization terminated successfully. (HiGHS Status 7: Optimal),True,1194.0,1194.0,0.0,0,1194,1194,0,1.0,1194,True,0.0,4254,1194,0.28067700987306066,18,15,0.00013269999180920422,0.0006710999878123403,0.0008037999796215445
DEV-1195,MODERATE,LARGE,30,2,1,0,Optimization terminated successfully. (HiGHS Status 7: Optimal),True,8.0,8.0,0.0,0,8,8,0,1.0,8,True,0.0,22020,8,0.00036330608537693006,180,96,0.00023219999275170267,0.0010857000015676022,0.0013178999943193048
DEV-1196,HIGH,SMALL,3,2,1,0,Optimization terminated successfully. (HiGHS Status 7: Optimal),True,418.0,418.0,0.0,0,797,418,379,0.5244667503136763,418,True,0.0,823,418,0.5078979343863913,18,15,0.00012489999062381685,0.0006376999954227358,0.0007625999860465527
DEV-1197,HIGH,LARGE,19,4,3,0,Optimization terminated successfully. (HiGHS Status 7: Optimal),True,1078.0,1078.0,0.0,0,1078,1078,0,1.0,1078,True,0.0,11967,1078,0.0900810562379878,228,69,0.00024480000138282776,0.0011793000157922506,0.0014241000171750784
DEV-1198,HIGH,MEDIUM,11,3,2,0,Optimization terminated successfully. (HiGHS Status 7: Optimal),True,1914.0,1914.0,0.0,0,1914,1914,0,1.0,1914,True,0.0,8963,1914,0.21354457212986724,99,42,0.00017260000458918512,0.0008615000115241855,0.0010341000161133707
DEV-1199,MODERATE,SMALL,4,2,1,0,Optimization terminated successfully. (HiGHS Status 7: Optimal),True,732.0,732.0,0.0,0,732,732,0,1.0,732,True,0.0,2427,732,0.3016069221260816,24,18,0.00012909999350085855,0.0006720999954268336,0.0008011999889276922
DEV-1200,MODERATE,MEDIUM,14,2,3,0,Optimization terminated successfully. (HiGHS Status 7: Optimal),True,3833.0,3833.0,0.0,0,3833,3833,0,1.0,3833,True,0.0,9641,3833,0.3975728658852816,84,48,0.0001784000196494162,0.000817699998151511,0.0009961000178009272
DEV-1201,HIGH,MEDIUM,14,3,2,0,Optimization terminated successfully. (HiGHS Status 7: Optimal),True,2321.0,2321.0,0.0,1,2321,2321,0,1.0,2321,True,0.0,12271,2321,0.1891451389454812,126,51,0.00019729998894035816,0.007070599996950477,0.0072678999858908355
DEV-1202,HIGH,MEDIUM,14,2,1,0,Optimization terminated successfully. (HiGHS Status 7: Optimal),True,1578.0,1578.0,0.0,0,1578,1578,0,1.0,1578,True,0.0,10648,1578,0.1481968444778362,84,48,0.00017590000061318278,0.0008283999923150986,0.0010042999929282814
DEV-1203,HIGH,LARGE,25,5,1,0,Optimization terminated successfully. (HiGHS Status 7: Optimal),True,21.0,21.0,0.0,0,21,21,0,1.0,21,True,0.0,15022,21,0.0013979496738117428,375,90,0.0003169000265188515,0.001506299973698333,0.0018232000002171844
DEV-1204,MODERATE,SMALL,5,2,1,0,Optimization terminated successfully. (HiGHS Status 7: Optimal),True,521.0,521.0,0.0,0,521,521,0,1.0,521,True,0.0,4598,521,0.11331013484123532,30,21,0.0001351000100839883,0.0007141999958548695,0.0008493000059388578
DEV-1205,HIGH,MEDIUM,10,4,2,0,Optimization terminated successfully. (HiGHS Status 7: Optimal),True,134.0,134.0,0.0,1,134,134,0,1.0,134,True,0.0,6293,134,0.02129350071508025,120,42,0.00018170001567341387,0.006184999976539984,0.006366699992213398
DEV-1206,MODERATE,MEDIUM,9,3,2,0,Optimization terminated successfully. (HiGHS Status 7: Optimal),True,825.0,825.0,0.0,0,825,825,0,1.0,825,True,0.0,5059,825,0.16307570666139554,81,36,0.00016709999181330204,0.0008329999982379377,0.0010000999900512397
DEV-1207,HIGH,SMALL,4,4,2,0,Optimization terminated successfully. (HiGHS Status 7: Optimal),True,1031.0,1031.0,0.0,0,1932,1031,901,0.5336438923395446,1031,True,0.0,2509,1031,0.4109206855320845,48,24,0.0001433999859727919,0.0007410999969579279,0.0008844999829307199
DEV-1208,MODERATE,LARGE,19,5,3,0,Optimization terminated successfully. (HiGHS Status 7: Optimal),True,2234.0,2234.0,0.0,0,2234,2234,0,1.0,2234,True,0.0,19174,2234,0.11651194325649317,285,72,0.0002677000011317432,0.0013169999874662608,0.001584699988598004
DEV-1209,MODERATE,SMALL,4,3,1,0,Optimization terminated successfully. (HiGHS Status 7: Optimal),True,499.0,499.0,0.0,0,499,499,0,1.0,499,True,0.0,2305,499,0.21648590021691974,36,21,0.00013760000001639128,0.0008035000064410269,0.0009411000064574182
DEV-1210,HIGH,MEDIUM,8,5,2,0,Optimization terminated successfully. (HiGHS Status 7: Optimal),True,1583.0,1583.0,0.0,1,1583,1583,0,1.0,1583,True,0.0,6743,1583,0.2347619753818775,120,39,0.00018269999418407679,0.00459150000824593,0.004774200002430007
DEV-1211,MODERATE,MEDIUM,10,4,1,0,Optimization terminated successfully. (HiGHS Status 7: Optimal),True,1535.0,1535.0,0.0,0,1535,1535,0,1.0,1535,True,0.0,8418,1535,0.18234735091470658,120,42,0.0001875000016298145,0.0009199000196531415,0.001107400021282956
DEV-1212,MODERATE,LARGE,30,3,5,0,Optimization terminated successfully. (HiGHS Status 7: Optimal),True,3065.0,3065.0,0.0,0,3065,3065,0,1.0,3065,True,0.0,16548,3065,0.18521875755378295,270,99,0.00027489999774843454,0.0012826999882236123,0.0015575999859720469
DEV-1213,MODERATE,LARGE,21,4,1,0,Optimization terminated successfully. (HiGHS Status 7: Optimal),True,677.0,677.0,0.0,0,677,677,0,1.0,677,True,0.0,13650,677,0.049597069597069596,252,75,0.00025290000485256314,0.0011971999774686992,0.0014500999823212624
DEV-1214,MODERATE,MEDIUM,13,2,5,0,Optimization terminated successfully. (HiGHS Status 7: Optimal),True,2787.0,2787.0,0.0,0,2787,2787,0,1.0,2787,True,0.0,11416,2787,0.24413104414856343,78,45,0.00016650001634843647,0.00082230000407435,0.0009888000204227865
DEV-1215,HIGH,SMALL,3,2,1,0,Optimization terminated successfully. (HiGHS Status 7: Optimal),True,10.0,10.0,0.0,0,16,10,6,0.625,10,True,0.0,1148,10,0.008710801393728223,18,15,0.0001255999959539622,0.0006387000030372292,0.0007642999989911914
DEV-1216,HIGH,MEDIUM,10,5,2,0,Optimization terminated successfully. (HiGHS Status 7: Optimal),True,677.0,677.0,0.0,1,677,677,0,1.0,677,True,0.0,6699,677,0.10105985968054934,150,45,0.0001973999897018075,0.005637800000840798,0.0058351999905426055
DEV-1217,MODERATE,SMALL,3,4,2,0,Optimization terminated successfully. (HiGHS Status 7: Optimal),True,1810.0,1810.0,0.0,1,1810,1810,0,1.0,1810,True,0.0,3230,1810,0.5603715170278638,36,21,0.00017410001601092517,0.0060526999877765775,0.006226800003787503
DEV-1218,HIGH,MEDIUM,14,5,1,0,Optimization terminated successfully. (HiGHS Status 7: Optimal),True,2046.0,2046.0,0.0,0,2046,2046,0,1.0,2046,True,0.0,9126,2046,0.22419460880999342,210,57,0.00023029997828416526,0.0011326000094413757,0.001362899987725541
DEV-1219,HIGH,LARGE,29,2,1,0,Optimization terminated successfully. (HiGHS Status 7: Optimal),True,418.0,418.0,0.0,0,418,418,0,1.0,418,True,0.0,26908,418,0.015534413557306377,174,93,0.00022590000298805535,0.001043500000378117,0.0012694000033661723
DEV-1220,MODERATE,MEDIUM,13,4,2,0,Optimization terminated successfully. (HiGHS Status 7: Optimal),True,358.0,358.0,0.0,0,358,358,0,1.0,358,True,0.0,9855,358,0.03632673769660071,156,51,0.0002004000125452876,0.000989699998172,0.0011901000107172877
DEV-1221,MODERATE,MEDIUM,11,5,1,0,Optimization terminated successfully. (HiGHS Status 7: Optimal),True,855.0,855.0,0.0,0,855,855,0,1.0,855,True,0.0,10105,855,0.08461157842652152,165,48,0.0002041999832727015,0.0009915000118780881,0.0011956999951507896
DEV-1222,MODERATE,MEDIUM,10,2,1,0,Optimization terminated successfully. (HiGHS Status 7: Optimal),True,98.0,98.0,0.0,0,98,98,0,1.0,98,True,0.0,5088,98,0.019261006289308175,60,36,0.0001522000238765031,0.0007456999737769365,0.0008978999976534396
DEV-1223,HIGH,SMALL,3,4,1,0,Optimization terminated successfully. (HiGHS Status 7: Optimal),True,188.0,188.0,0.0,0,188,188,0,1.0,188,True,0.0,2672,188,0.07035928143712575,36,21,0.0001336999994236976,0.0006743999838363379,0.0008080999832600355
DEV-1224,HIGH,MEDIUM,8,4,1,0,Optimization terminated successfully. (HiGHS Status 7: Optimal),True,529.0,529.0,0.0,0,529,529,0,1.0,529,True,0.0,5301,529,0.09979249198264478,96,36,0.00016649998724460602,0.0009846000175457448,0.0011511000047903508
DEV-1225,LOW,MEDIUM,10,5,1,0,Optimization terminated successfully. (HiGHS Status 7: Optimal),True,1446.0,1446.0,0.0,0,1446,1446,0,1.0,1446,True,0.0,7148,1446,0.20229434806939003,150,45,0.0002018999948631972,0.0010295000101905316,0.0012314000050537288
DEV-1226,HIGH,MEDIUM,8,4,4,0,Optimization terminated successfully. (HiGHS Status 7: Optimal),True,3281.0,3281.0,0.0,1,3311,3281,30,0.9909392932648746,3281,True,0.0,5631,3281,0.5826673770200674,96,36,0.00017519999528303742,0.0035604999866336584,0.003735699981916696
DEV-1227,HIGH,LARGE,21,5,1,0,Optimization terminated successfully. (HiGHS Status 7: Optimal),True,185.0,185.0,0.0,0,185,185,0,1.0,185,True,0.0,15999,185,0.01156322270141884,315,78,0.0003118000167887658,0.0013534000026993454,0.0016652000194881111
DEV-1228,HIGH,LARGE,21,3,2,0,Optimization terminated successfully. (HiGHS Status 7: Optimal),True,1802.0,1802.0,0.0,1,1802,1802,0,1.0,1802,True,0.0,13402,1802,0.13445754365020146,189,72,0.00022449999232776463,0.007111099985195324,0.0073355999775230885
DEV-1229,MODERATE,SMALL,4,5,2,0,Optimization terminated successfully. (HiGHS Status 7: Optimal),True,533.0,533.0,0.0,0,533,533,0,1.0,533,True,0.0,2789,533,0.19110792398709214,60,27,0.00015279999934136868,0.0007661000126972795,0.0009189000120386481
DEV-1230,MODERATE,SMALL,3,3,1,0,Optimization terminated successfully. (HiGHS Status 7: Optimal),True,660.0,660.0,0.0,0,660,660,0,1.0,660,True,0.0,1535,660,0.42996742671009774,27,18,0.0001635999942664057,0.0007095999899320304,0.0008731999841984361
DEV-1231,LOW,LARGE,24,3,3,0,Optimization terminated successfully. (HiGHS Status 7: Optimal),True,2544.0,2544.0,0.0,0,2544,2544,0,1.0,2544,True,0.0,20883,2544,0.12182157735957477,216,81,0.00024759999359957874,0.0011436000058893114,0.0013911999994888902
DEV-1232,MODERATE,LARGE,21,2,8,0,Optimization terminated successfully. (HiGHS Status 7: Optimal),True,7754.0,7754.0,0.0,0,7754,7754,0,1.0,7754,True,0.0,16198,7754,0.47870107420669217,126,69,0.00021019999985583127,0.000971200002823025,0.0011814000026788563
DEV-1233,MODERATE,MEDIUM,12,4,2,0,Optimization terminated successfully. (HiGHS Status 7: Optimal),True,1774.0,1774.0,0.0,0,1774,1774,0,1.0,1774,True,0.0,8984,1774,0.19746215494211933,144,48,0.00019660001271404326,0.0009684999822638929,0.0011650999949779361
DEV-1234,MODERATE,SMALL,4,5,2,0,Optimization terminated successfully. (HiGHS Status 7: Optimal),True,1815.0,1815.0,0.0,1,1815,1815,0,1.0,1815,True,0.0,3968,1815,0.4574092741935484,60,27,0.00014940000255592167,0.004428199987160042,0.004577599989715964
DEV-1235,MODERATE,LARGE,25,2,8,0,Optimization terminated successfully. (HiGHS Status 7: Optimal),True,4221.0,4221.0,0.0,0,4221,4221,0,1.0,4221,True,0.0,18788,4221,0.22466467958271236,150,81,0.00021919998107478023,0.0010276000248268247,0.0012468000059016049
DEV-1236,MODERATE,MEDIUM,9,4,1,0,Optimization terminated successfully. (HiGHS Status 7: Optimal),True,697.0,697.0,0.0,0,697,697,0,1.0,697,True,0.0,4034,697,0.17278135845314824,108,39,0.00017669997760094702,0.000885900022694841,0.001062600000295788
DEV-1237,MODERATE,LARGE,19,4,4,0,Optimization terminated successfully. (HiGHS Status 7: Optimal),True,3264.0,3264.0,0.0,0,3264,3264,0,1.0,3264,True,0.0,16230,3264,0.2011090573012939,228,69,0.00023979999241419137,0.0011847999994643033,0.0014245999918784946
DEV-1238,HIGH,MEDIUM,9,5,1,0,Optimization terminated successfully. (HiGHS Status 7: Optimal),True,648.0,648.0,0.0,0,648,648,0,1.0,648,True,0.0,8137,648,0.07963622956863708,135,42,0.00020330000552348793,0.0009342000121250749,0.0011375000176485628
DEV-1239,HIGH,SMALL,6,5,1,0,Optimization terminated successfully. (HiGHS Status 7: Optimal),True,326.0,326.0,0.0,0,326,326,0,1.0,326,True,0.0,6642,326,0.04908160192713038,90,33,0.00020370000856928527,0.0008254999993368983,0.0010292000079061836
DEV-1240,HIGH,SMALL,5,4,1,0,Optimization terminated successfully. (HiGHS Status 7: Optimal),True,125.0,125.0,0.0,0,125,125,0,1.0,125,True,0.0,3839,125,0.03256056264652253,60,27,0.0002455000067129731,0.0007976999913807958,0.001043199998093769
DEV-1241,HIGH,LARGE,19,2,6,0,Optimization terminated successfully. (HiGHS Status 7: Optimal),True,2797.0,2797.0,0.0,0,2797,2797,0,1.0,2797,True,0.0,12968,2797,0.2156847624922887,114,63,0.00018850000924430788,0.0009234999888576567,0.0011119999981019646
DEV-1242,HIGH,LARGE,20,5,6,0,Optimization terminated successfully. (HiGHS Status 7: Optimal),True,4435.0,4435.0,0.0,1,4444,4435,9,0.9979747974797479,4435,True,0.0,12799,4435,0.3465114462067349,300,75,0.00027310001314617693,0.003500699996948242,0.003773800010094419
DEV-1243,HIGH,MEDIUM,9,4,1,0,Optimization terminated successfully. (HiGHS Status 7: Optimal),True,1620.0,1620.0,0.0,0,1620,1620,0,1.0,1620,True,0.0,9988,1620,0.16219463356027233,108,39,0.00018199998885393143,0.0008748999971430749,0.0010568999859970063
DEV-1244,MODERATE,LARGE,26,3,2,0,Optimization terminated successfully. (HiGHS Status 7: Optimal),True,941.0,941.0,0.0,0,941,941,0,1.0,941,True,0.0,17657,941,0.05329331143455853,234,87,0.00024930000654421747,0.0011700000031851232,0.0014193000097293407
DEV-1245,HIGH,LARGE,27,4,10,0,Optimization terminated successfully. (HiGHS Status 7: Optimal),True,6347.0,6347.0,0.0,1,6347,6347,0,1.0,6347,True,0.0,17579,6347,0.36105580522214004,324,93,0.00030250000418163836,0.0035502999962773174,0.0038528000004589558
DEV-1246,HIGH,LARGE,21,4,2,0,Optimization terminated successfully. (HiGHS Status 7: Optimal),True,572.0,572.0,0.0,1,572,572,0,1.0,572,True,0.0,12555,572,0.04555953803265631,252,75,0.00026119998074136674,0.006642199994530529,0.0069033999752718955
DEV-1247,HIGH,SMALL,5,5,1,0,Optimization terminated successfully. (HiGHS Status 7: Optimal),True,417.0,417.0,0.0,0,417,417,0,1.0,417,True,0.0,3000,417,0.139,75,30,0.00016870000399649143,0.0008060999971348792,0.0009748000011313707
DEV-1248,HIGH,SMALL,6,2,1,0,Optimization terminated successfully. (HiGHS Status 7: Optimal),True,578.0,578.0,0.0,0,578,578,0,1.0,578,True,0.0,3327,578,0.17373008716561467,36,24,0.00014349998673424125,0.0006931000098120421,0.0008365999965462834
DEV-1249,HIGH,SMALL,6,4,1,0,Optimization terminated successfully. (HiGHS Status 7: Optimal),True,460.0,460.0,0.0,0,460,460,0,1.0,460,True,0.0,6480,460,0.07098765432098765,72,30,0.00015820001135580242,0.0007907999970484525,0.0009490000084042549
DEV-1250,HIGH,MEDIUM,12,3,4,0,Optimization terminated successfully. (HiGHS Status 7: Optimal),True,1827.0,1827.0,0.0,1,1827,1827,0,1.0,1827,True,0.0,5697,1827,0.320695102685624,108,45,0.0001790999958757311,0.005274900002405047,0.0054539999982807785
DEV-1251,MODERATE,MEDIUM,12,3,2,0,Optimization terminated successfully. (HiGHS Status 7: Optimal),True,1548.0,1548.0,0.0,0,1548,1548,0,1.0,1548,True,0.0,6741,1548,0.22963951935914553,108,45,0.0001832999987527728,0.0009383999858982861,0.001121699984651059
DEV-1252,MODERATE,MEDIUM,14,2,1,0,Optimization terminated successfully. (HiGHS Status 7: Optimal),True,2280.0,2280.0,0.0,0,2280,2280,0,1.0,2280,True,0.0,14034,2280,0.16246259085079093,84,48,0.00017359998309984803,0.0008471000182908028,0.0010207000013906509
DEV-1253,MODERATE,LARGE,20,5,1,0,Optimization terminated successfully. (HiGHS Status 7: Optimal),True,1546.0,1546.0,0.0,0,1546,1546,0,1.0,1546,True,0.0,17360,1546,0.0890552995391705,300,75,0.00027639998006634414,0.001401500019710511,0.0016778999997768551
DEV-1254,MODERATE,MEDIUM,14,2,5,0,Optimization terminated successfully. (HiGHS Status 7: Optimal),True,2830.0,2830.0,0.0,0,2830,2830,0,1.0,2830,True,0.0,5999,2830,0.47174529088181366,84,48,0.00017110002227127552,0.0008758999756537378,0.0010469999979250133
DEV-1255,LOW,LARGE,23,5,2,0,Optimization terminated successfully. (HiGHS Status 7: Optimal),True,1064.0,1064.0,0.0,0,1064,1064,0,1.0,1064,True,0.0,17534,1064,0.06068210334207825,345,84,0.00030089999199844897,0.001424399990355596,0.001725299982354045
DEV-1256,HIGH,LARGE,20,2,2,0,Optimization terminated successfully. (HiGHS Status 7: Optimal),True,1513.0,1513.0,0.0,0,1513,1513,0,1.0,1513,True,0.0,15227,1513,0.09936297366519997,120,66,0.00019869999960064888,0.0009046000195667148,0.0011033000191673636
DEV-1257,HIGH,SMALL,5,4,4,0,Optimization terminated successfully. (HiGHS Status 7: Optimal),True,3637.0,3637.0,0.0,1,6044,3637,2407,0.6017538054268696,3637,True,0.0,7094,3637,0.5126867775585001,60,27,0.00014819999341852963,0.003199200000381097,0.003347399993799627
DEV-1258,HIGH,SMALL,4,5,1,0,Optimization terminated successfully. (HiGHS Status 7: Optimal),True,800.0,800.0,0.0,0,800,800,0,1.0,800,True,0.0,2641,800,0.3029155622870125,60,27,0.00015630002599209547,0.0007727000047452748,0.0009290000307373703
DEV-1259,MODERATE,SMALL,3,5,1,0,Optimization terminated successfully. (HiGHS Status 7: Optimal),True,1344.0,1344.0,0.0,0,1344,1344,0,1.0,1344,True,0.0,1899,1344,0.707740916271722,45,24,0.00014859999646432698,0.0007409999961964786,0.0008895999926608056
DEV-1260,HIGH,MEDIUM,13,5,1,0,Optimization terminated successfully. (HiGHS Status 7: Optimal),True,1913.0,1913.0,0.0,0,1913,1913,0,1.0,1913,True,0.0,9685,1913,0.19752194114610222,195,54,0.00022260000696405768,0.001063599978806451,0.0012861999857705086
DEV-1261,MODERATE,MEDIUM,13,3,2,0,Optimization terminated successfully. (HiGHS Status 7: Optimal),True,626.0,626.0,0.0,0,626,626,0,1.0,626,True,0.0,7982,626,0.07842645953395139,117,48,0.0001831000263337046,0.0009184000082314014,0.001101500034565106
DEV-1262,HIGH,SMALL,4,5,2,0,Optimization terminated successfully. (HiGHS Status 7: Optimal),True,499.0,499.0,0.0,0,499,499,0,1.0,499,True,0.0,1577,499,0.31642358909321494,60,27,0.00014869999722577631,0.0007640999974682927,0.000912799994694069
DEV-1263,MODERATE,SMALL,3,5,2,0,Optimization terminated successfully. (HiGHS Status 7: Optimal),True,1872.0,1872.0,0.0,1,1873,1872,1,0.999466097170315,1872,True,0.0,2737,1872,0.6839605407380344,45,24,0.00014150000060908496,0.003858900017803535,0.00400040001841262
DEV-1264,HIGH,MEDIUM,14,3,1,0,Optimization terminated successfully. (HiGHS Status 7: Optimal),True,1411.0,1411.0,0.0,0,1411,1411,0,1.0,1411,True,0.0,11891,1411,0.11866117231519636,126,51,0.00019839999731630087,0.0009304999839514494,0.0011288999812677503
DEV-1265,MODERATE,SMALL,5,4,2,0,Optimization terminated successfully. (HiGHS Status 7: Optimal),True,1714.0,1714.0,0.0,1,1714,1714,0,1.0,1714,True,0.0,2589,1714,0.6620316724604094,60,27,0.00014990000636316836,0.005994700011797249,0.006144600018160418
DEV-1266,LOW,LARGE,22,3,2,0,Optimization terminated successfully. (HiGHS Status 7: Optimal),True,1956.0,1956.0,0.0,0,1956,1956,0,1.0,1956,True,0.0,16695,1956,0.11716082659478885,198,75,0.00023350000265054405,0.0011090999760199338,0.0013425999786704779
DEV-1267,LOW,LARGE,24,4,2,0,Optimization terminated successfully. (HiGHS Status 7: Optimal),True,922.0,922.0,0.0,0,922,922,0,1.0,922,True,0.0,14785,922,0.062360500507270884,288,84,0.0002784999960567802,0.0013404999917838722,0.0016189999878406525
DEV-1268,MODERATE,LARGE,25,2,4,0,Optimization terminated successfully. (HiGHS Status 7: Optimal),True,1527.0,1527.0,0.0,0,1527,1527,0,1.0,1527,True,0.0,19598,1527,0.07791611388917237,150,81,0.00021310002193786204,0.00098669997532852,0.001199799997266382
DEV-1269,MODERATE,LARGE,18,3,2,0,Optimization terminated successfully. (HiGHS Status 7: Optimal),True,1488.0,1488.0,0.0,0,1488,1488,0,1.0,1488,True,0.0,11224,1488,0.13257305773342837,162,63,0.00021949998335912824,0.0011221999884583056,0.0013416999718174338
DEV-1270,HIGH,LARGE,27,4,3,0,Optimization terminated successfully. (HiGHS Status 7: Optimal),True,1338.0,1338.0,0.0,0,1338,1338,0,1.0,1338,True,0.0,16634,1338,0.08043765780930624,324,93,0.00030980000155977905,0.001426500006346032,0.001736300007905811
DEV-1271,HIGH,MEDIUM,11,5,5,0,Optimization terminated successfully. (HiGHS Status 7: Optimal),True,3573.0,3573.0,0.0,1,3573,3573,0,1.0,3573,True,0.0,9294,3573,0.38444157520981276,165,48,0.00020719997701235116,0.0031865000200923532,0.0033936999971047044
DEV-1272,LOW,SMALL,3,4,1,0,Optimization terminated successfully. (HiGHS Status 7: Optimal),True,788.0,788.0,0.0,0,788,788,0,1.0,788,True,0.0,1563,788,0.5041586692258477,36,21,0.00014059999375604093,0.0007163000118453056,0.0008569000056013465
DEV-1273,MODERATE,MEDIUM,12,3,3,0,Optimization terminated successfully. (HiGHS Status 7: Optimal),True,1897.0,1897.0,0.0,0,1897,1897,0,1.0,1897,True,0.0,7351,1897,0.25806012787375865,108,45,0.00018000000272877514,0.0008845999836921692,0.0010645999864209443
DEV-1274,HIGH,MEDIUM,10,4,1,0,Optimization terminated successfully. (HiGHS Status 7: Optimal),True,94.0,94.0,0.0,0,94,94,0,1.0,94,True,0.0,7227,94,0.013006780130067801,120,42,0.00018159998580813408,0.0009011000220198184,0.0010827000078279525
DEV-1275,HIGH,MEDIUM,12,5,2,0,Optimization terminated successfully. (HiGHS Status 7: Optimal),True,1383.0,1383.0,0.0,1,1383,1383,0,1.0,1383,True,0.0,6712,1383,0.20604886769964242,180,51,0.00021739999647252262,0.0056065999960992485,0.005823999992571771
DEV-1276,HIGH,SMALL,4,4,1,0,Optimization terminated successfully. (HiGHS Status 7: Optimal),True,350.0,350.0,0.0,0,350,350,0,1.0,350,True,0.0,1675,350,0.208955223880597,48,24,0.000145500001963228,0.0007324999896809459,0.0008779999916441739
DEV-1277,MODERATE,LARGE,24,3,2,0,Optimization terminated successfully. (HiGHS Status 7: Optimal),True,2200.0,2200.0,0.0,0,2200,2200,0,1.0,2200,True,0.0,17871,2200,0.12310447093055789,216,81,0.0002500000118743628,0.0012545999779831618,0.0015045999898575246
DEV-1278,HIGH,LARGE,28,3,7,0,Optimization terminated successfully. (HiGHS Status 7: Optimal),True,3072.0,3072.0,0.0,1,3072,3072,0,1.0,3072,True,0.0,16166,3072,0.1900284547816405,252,93,0.0002660999889485538,0.0040920999890659004,0.004358199978014454
DEV-1279,MODERATE,MEDIUM,14,5,2,0,Optimization terminated successfully. (HiGHS Status 7: Optimal),True,1204.0,1204.0,0.0,0,1204,1204,0,1.0,1204,True,0.0,9766,1204,0.12328486586115094,210,57,0.00022879999596625566,0.0011440999805927277,0.0013728999765589833
DEV-1280,HIGH,MEDIUM,10,5,1,0,Optimization terminated successfully. (HiGHS Status 7: Optimal),True,1008.0,1008.0,0.0,0,1008,1008,0,1.0,1008,True,0.0,7046,1008,0.1430598921373829,150,45,0.00019600000814534724,0.0009616999886929989,0.0011576999968383461
DEV-1281,HIGH,MEDIUM,11,4,1,0,Optimization terminated successfully. (HiGHS Status 7: Optimal),True,342.0,342.0,0.0,0,342,342,0,1.0,342,True,0.0,10435,342,0.03277431720172497,132,45,0.00019019999308511615,0.0009276999917346984,0.0011178999848198146
DEV-1282,HIGH,MEDIUM,13,5,2,0,Optimization terminated successfully. (HiGHS Status 7: Optimal),True,768.0,768.0,0.0,0,768,768,0,1.0,768,True,0.0,9697,768,0.07919975250077343,195,54,0.00021779999951831996,0.0011446000135038048,0.0013624000130221248
DEV-1283,HIGH,SMALL,6,4,3,0,Optimization terminated successfully. (HiGHS Status 7: Optimal),True,1169.0,1169.0,0.0,1,1275,1169,106,0.9168627450980392,1169,True,0.0,3701,1169,0.3158605782221021,72,30,0.0001632999919820577,0.005044500023359433,0.0052078000153414905
DEV-1284,HIGH,MEDIUM,13,4,1,0,Optimization terminated successfully. (HiGHS Status 7: Optimal),True,244.0,244.0,0.0,0,244,244,0,1.0,244,True,0.0,10853,244,0.022482262968764398,156,51,0.00020760000916197896,0.0010032000136561692,0.0012108000228181481
DEV-1285,MODERATE,LARGE,18,5,2,0,Optimization terminated successfully. (HiGHS Status 7: Optimal),True,3242.0,3242.0,0.0,1,3242,3242,0,1.0,3242,True,0.0,9798,3242,0.330883853847724,270,69,0.00025630000163801014,0.004799800022738054,0.0050561000243760645
DEV-1286,LOW,SMALL,5,3,2,0,Optimization terminated successfully. (HiGHS Status 7: Optimal),True,606.0,606.0,0.0,0,606,606,0,1.0,606,True,0.0,2823,606,0.2146652497343252,45,24,0.00014479999663308263,0.0007402999908663332,0.0008850999874994159
DEV-1287,HIGH,MEDIUM,9,5,1,0,Optimization terminated successfully. (HiGHS Status 7: Optimal),True,593.0,593.0,0.0,0,593,593,0,1.0,593,True,0.0,5499,593,0.10783778868885252,135,42,0.00019049999536946416,0.0009242999949492514,0.0011147999903187156
DEV-1288,MODERATE,MEDIUM,8,3,1,0,Optimization terminated successfully. (HiGHS Status 7: Optimal),True,22.0,22.0,0.0,0,22,22,0,1.0,22,True,0.0,4501,22,0.004887802710508776,72,33,0.00015860001440159976,0.0008161999867297709,0.0009748000011313707
DEV-1289,MODERATE,LARGE,30,4,4,0,Optimization terminated successfully. (HiGHS Status 7: Optimal),True,4487.0,4487.0,0.0,0,4487,4487,0,1.0,4487,True,0.0,25869,4487,0.17345084850593373,360,102,0.00032179997651837766,0.0015206000243779272,0.0018424000008963048
DEV-1290,MODERATE,SMALL,5,5,1,0,Optimization terminated successfully. (HiGHS Status 7: Optimal),True,745.0,745.0,0.0,0,745,745,0,1.0,745,True,0.0,3848,745,0.1936070686070686,75,30,0.00015940002049319446,0.0008078999817371368,0.0009673000022303313
DEV-1291,MODERATE,MEDIUM,12,2,3,0,Optimization terminated successfully. (HiGHS Status 7: Optimal),True,3121.0,3121.0,0.0,0,3121,3121,0,1.0,3121,True,0.0,12728,3121,0.2452074167190446,72,42,0.00016789999790489674,0.0008015999919734895,0.0009694999898783863
DEV-1292,MODERATE,SMALL,6,2,1,0,Optimization terminated successfully. (HiGHS Status 7: Optimal),True,388.0,388.0,0.0,0,388,388,0,1.0,388,True,0.0,5766,388,0.06729101630246272,36,24,0.00014020001981407404,0.0006809999758843333,0.0008211999956984073
DEV-1293,MODERATE,MEDIUM,10,2,2,0,Optimization terminated successfully. (HiGHS Status 7: Optimal),True,780.0,780.0,0.0,0,780,780,0,1.0,780,True,0.0,7560,780,0.10317460317460317,60,36,0.00015470001380890608,0.0008787999977357686,0.0010335000115446746
DEV-1294,HIGH,LARGE,30,2,6,0,Optimization terminated successfully. (HiGHS Status 7: Optimal),True,5251.0,5251.0,0.0,1,5251,5251,0,1.0,5251,True,0.0,19314,5251,0.27187532359946154,180,96,0.00024110000231303275,0.006493399996543303,0.006734499998856336
DEV-1295,MODERATE,MEDIUM,12,3,3,0,Optimization terminated successfully. (HiGHS Status 7: Optimal),True,2893.0,2893.0,0.0,1,2893,2893,0,1.0,2893,True,0.0,7736,2893,0.37396587383660806,108,45,0.00019019999308511615,0.005959200003417209,0.006149399996502325
DEV-1296,HIGH,SMALL,3,5,1,0,Optimization terminated successfully. (HiGHS Status 7: Optimal),True,1368.0,1368.0,0.0,0,1485,1368,117,0.9212121212121213,1368,True,0.0,3372,1368,0.40569395017793597,45,24,0.00014509999891743064,0.0007365999917965382,0.0008816999907139689
DEV-1297,HIGH,SMALL,3,4,1,0,Optimization terminated successfully. (HiGHS Status 7: Optimal),True,294.0,294.0,0.0,0,590,294,296,0.49830508474576274,294,True,0.0,2635,294,0.11157495256166983,36,21,0.0001370999962091446,0.0007995000050868839,0.0009366000012960285
DEV-1298,MODERATE,SMALL,5,3,3,0,Optimization terminated successfully. (HiGHS Status 7: Optimal),True,1506.0,1506.0,0.0,1,1506,1506,0,1.0,1506,True,0.0,2119,1506,0.7107126002831524,45,24,0.00014380001812241971,0.005559299985179678,0.005703100003302097
DEV-1299,LOW,LARGE,29,3,6,0,Optimization terminated successfully. (HiGHS Status 7: Optimal),True,2677.0,2677.0,0.0,0,2677,2677,0,1.0,2677,True,0.0,18600,2677,0.1439247311827957,261,96,0.00027189997490495443,0.0012998000020161271,0.0015716999769210815
DEV-1300,MODERATE,SMALL,5,5,1,0,Optimization terminated successfully. (HiGHS Status 7: Optimal),True,163.0,163.0,0.0,0,163,163,0,1.0,163,True,0.0,3778,163,0.043144520910534674,75,30,0.0001601999974809587,0.0008236999856308103,0.000983899983111769
DEV-1301,MODERATE,LARGE,28,3,1,0,Optimization terminated successfully. (HiGHS Status 7: Optimal),True,1455.0,1455.0,0.0,0,1455,1455,0,1.0,1455,True,0.0,19862,1455,0.0732554626925788,252,93,0.00029779999749735,0.0012080000014975667,0.0015057999989949167
DEV-1302,HIGH,MEDIUM,14,5,3,0,Optimization terminated successfully. (HiGHS Status 7: Optimal),True,2248.0,2248.0,0.0,1,2248,2248,0,1.0,2248,True,0.0,10492,2248,0.21425848265345024,210,57,0.000225800002226606,0.003894300025422126,0.004120100027648732
DEV-1303,HIGH,LARGE,26,4,4,0,Optimization terminated successfully. (HiGHS Status 7: Optimal),True,2752.0,2752.0,0.0,1,2752,2752,0,1.0,2752,True,0.0,18975,2752,0.14503293807641635,312,90,0.0002928999892901629,0.0047525000118184835,0.005045400001108646
DEV-1304,MODERATE,MEDIUM,13,4,4,0,Optimization terminated successfully. (HiGHS Status 7: Optimal),True,3313.0,3313.0,0.0,1,3313,3313,0,1.0,3313,True,0.0,11723,3313,0.28260684125223917,156,51,0.00020830001449212432,0.007573200011393055,0.00778150002588518
DEV-1305,MODERATE,LARGE,22,5,6,0,Optimization terminated successfully. (HiGHS Status 7: Optimal),True,4736.0,4736.0,0.0,1,4736,4736,0,1.0,4736,True,0.0,22495,4736,0.2105356745943543,330,81,0.000294400000711903,0.004313099983846769,0.004607499984558672
DEV-1306,HIGH,MEDIUM,13,5,2,0,Optimization terminated successfully. (HiGHS Status 7: Optimal),True,1975.0,1975.0,0.0,1,1975,1975,0,1.0,1975,True,0.0,8367,1975,0.23604637265447592,195,54,0.0002263000060338527,0.004083500010892749,0.0043098000169266015
DEV-1307,MODERATE,LARGE,29,2,7,0,Optimization terminated successfully. (HiGHS Status 7: Optimal),True,3299.0,3299.0,0.0,0,3299,3299,0,1.0,3299,True,0.0,15072,3299,0.2188826963906582,174,93,0.00023179998970590532,0.001064799987943843,0.0012965999776497483
DEV-1308,MODERATE,MEDIUM,13,2,3,0,Optimization terminated successfully. (HiGHS Status 7: Optimal),True,1589.0,1589.0,0.0,0,1589,1589,0,1.0,1589,True,0.0,9237,1589,0.1720255494208076,78,45,0.00019149997388012707,0.0008058000239543617,0.0009972999978344887
DEV-1309,HIGH,SMALL,3,2,1,0,Optimization terminated successfully. (HiGHS Status 7: Optimal),True,903.0,903.0,0.0,0,1113,903,210,0.8113207547169812,903,True,0.0,2322,903,0.3888888888888889,18,15,0.00012549999519251287,0.0006461000011768192,0.0007715999963693321
DEV-1310,HIGH,SMALL,6,2,1,0,Optimization terminated successfully. (HiGHS Status 7: Optimal),True,408.0,408.0,0.0,0,408,408,0,1.0,408,True,0.0,5137,408,0.07942378820323145,36,24,0.00014300001203082502,0.0006790999905206263,0.0008221000025514513
DEV-1311,HIGH,SMALL,4,3,3,0,Optimization terminated successfully. (HiGHS Status 7: Optimal),True,1462.0,1462.0,0.0,1,2286,1462,824,0.6395450568678915,1462,True,0.0,2747,1462,0.5322169639606844,36,21,0.0001351999817416072,0.006718599994201213,0.00685379997594282
DEV-1312,HIGH,LARGE,21,3,2,0,Optimization terminated successfully. (HiGHS Status 7: Optimal),True,1440.0,1440.0,0.0,0,1440,1440,0,1.0,1440,True,0.0,14689,1440,0.09803254135747838,189,72,0.000232299993513152,0.0011038999946322292,0.0013361999881453812
DEV-1313,HIGH,SMALL,6,2,1,0,Optimization terminated successfully. (HiGHS Status 7: Optimal),True,564.0,564.0,0.0,0,564,564,0,1.0,564,True,0.0,7776,564,0.07253086419753087,36,24,0.00014089999604038894,0.0007023000216577202,0.0008432000176981091
DEV-1314,HIGH,MEDIUM,8,3,1,0,Optimization terminated successfully. (HiGHS Status 7: Optimal),True,230.0,230.0,0.0,0,230,230,0,1.0,230,True,0.0,5192,230,0.04429892141756549,72,33,0.00015919998986646533,0.0007902000215835869,0.0009494000114500523
DEV-1315,HIGH,MEDIUM,13,3,1,0,Optimization terminated successfully. (HiGHS Status 7: Optimal),True,260.0,260.0,0.0,0,260,260,0,1.0,260,True,0.0,8096,260,0.032114624505928856,117,48,0.00018400000408291817,0.000895500008482486,0.0010795000125654042
DEV-1316,LOW,MEDIUM,11,3,1,0,Optimization terminated successfully. (HiGHS Status 7: Optimal),True,176.0,176.0,0.0,0,176,176,0,1.0,176,True,0.0,8497,176,0.020713192891608802,99,42,0.0001779999874997884,0.0008687000081408769,0.0010466999956406653
DEV-1317,MODERATE,SMALL,6,3,1,0,Optimization terminated successfully. (HiGHS Status 7: Optimal),True,409.0,409.0,0.0,0,409,409,0,1.0,409,True,0.0,5272,409,0.07757966616084977,54,27,0.0001475999888498336,0.0007607000006828457,0.0009082999895326793
DEV-1318,LOW,SMALL,6,5,1,0,Optimization terminated successfully. (HiGHS Status 7: Optimal),True,222.0,222.0,0.0,0,222,222,0,1.0,222,True,0.0,4010,222,0.05536159600997506,90,33,0.0001666999887675047,0.0008272000122815371,0.0009939000010490417
DEV-1319,HIGH,MEDIUM,14,4,3,0,Optimization terminated successfully. (HiGHS Status 7: Optimal),True,2459.0,2459.0,0.0,1,2459,2459,0,1.0,2459,True,0.0,11731,2459,0.20961554854658596,168,54,0.0002094999945256859,0.004470600018976256,0.004680100013501942
DEV-1320,HIGH,SMALL,3,5,1,0,Optimization terminated successfully. (HiGHS Status 7: Optimal),True,384.0,384.0,0.0,0,423,384,39,0.9078014184397163,384,True,0.0,1333,384,0.2880720180045011,45,24,0.00014340001507662237,0.0007089999853633344,0.0008524000004399568
DEV-1321,MODERATE,SMALL,4,3,1,0,Optimization terminated successfully. (HiGHS Status 7: Optimal),True,348.0,348.0,0.0,0,348,348,0,1.0,348,True,0.0,3066,348,0.11350293542074363,36,21,0.00013699999544769526,0.0006983999919611961,0.0008353999874088913
DEV-1322,HIGH,SMALL,5,3,1,0,Optimization terminated successfully. (HiGHS Status 7: Optimal),True,374.0,374.0,0.0,0,559,374,185,0.669051878354204,374,True,0.0,4021,374,0.093011688634668,45,24,0.00014739998732693493,0.0007017999887466431,0.000849199976073578
DEV-1323,HIGH,MEDIUM,9,5,1,0,Optimization terminated successfully. (HiGHS Status 7: Optimal),True,289.0,289.0,0.0,0,289,289,0,1.0,289,True,0.0,6865,289,0.042097596504005824,135,42,0.00019090002751909196,0.0010159000230487436,0.0012068000505678356
DEV-1324,HIGH,LARGE,20,2,1,0,Optimization terminated successfully. (HiGHS Status 7: Optimal),True,1419.0,1419.0,0.0,0,1419,1419,0,1.0,1419,True,0.0,16854,1419,0.0841936632253471,120,66,0.0001947999990079552,0.000913399999262765,0.0011081999982707202
DEV-1325,HIGH,MEDIUM,13,3,2,0,Optimization terminated successfully. (HiGHS Status 7: Optimal),True,676.0,676.0,0.0,0,676,676,0,1.0,676,True,0.0,10019,676,0.0674718035732109,117,48,0.00018469998030923307,0.0009166000236291438,0.001101300003938377
DEV-1326,HIGH,MEDIUM,8,2,1,0,Optimization terminated successfully. (HiGHS Status 7: Optimal),True,944.0,944.0,0.0,0,944,944,0,1.0,944,True,0.0,4863,944,0.1941188566728357,48,30,0.00014980000560171902,0.0007191000040620565,0.0008689000096637756
DEV-1327,HIGH,SMALL,4,4,1,0,Optimization terminated successfully. (HiGHS Status 7: Optimal),True,1064.0,1064.0,0.0,0,1064,1064,0,1.0,1064,True,0.0,4218,1064,0.25225225225225223,48,24,0.00014119999832473695,0.0007379000016953796,0.0008791000000201166
DEV-1328,HIGH,MEDIUM,14,2,3,0,Optimization terminated successfully. (HiGHS Status 7: Optimal),True,1846.0,1846.0,0.0,1,1846,1846,0,1.0,1846,True,0.0,7443,1846,0.24801827220206907,84,48,0.0001686000032350421,0.008144599996739998,0.00831319999997504
DEV-1329,MODERATE,MEDIUM,9,4,1,0,Optimization terminated successfully. (HiGHS Status 7: Optimal),True,90.0,90.0,0.0,0,90,90,0,1.0,90,True,0.0,5689,90,0.015820003515556336,108,39,0.0001841000048443675,0.0008804999815765768,0.0010645999864209443
DEV-1330,HIGH,MEDIUM,14,5,2,0,Optimization terminated successfully. (HiGHS Status 7: Optimal),True,1097.0,1097.0,0.0,0,1097,1097,0,1.0,1097,True,0.0,10238,1097,0.10714983395194375,210,57,0.00022610000451095402,0.0012888000055681914,0.0015149000100791454
DEV-1331,HIGH,SMALL,3,3,1,0,Optimization terminated successfully. (HiGHS Status 7: Optimal),True,966.0,966.0,0.0,0,968,966,2,0.9979338842975206,966,True,0.0,3505,966,0.27560627674750354,27,18,0.00015199999324977398,0.0006978000164963305,0.0008498000097461045
DEV-1332,HIGH,SMALL,6,2,1,0,Optimization terminated successfully. (HiGHS Status 7: Optimal),True,879.0,879.0,0.0,0,879,879,0,1.0,879,True,0.0,5057,879,0.1738184694482895,36,24,0.00013810000382363796,0.0006981000187806785,0.0008362000226043165
DEV-1333,MODERATE,LARGE,20,2,2,0,Optimization terminated successfully. (HiGHS Status 7: Optimal),True,1357.0,1357.0,0.0,0,1357,1357,0,1.0,1357,True,0.0,11597,1357,0.11701302060877813,120,66,0.00019240000983700156,0.0009168999968096614,0.001109300006646663
DEV-1334,HIGH,LARGE,19,4,1,0,Optimization terminated successfully. (HiGHS Status 7: Optimal),True,585.0,585.0,0.0,0,585,585,0,1.0,585,True,0.0,13165,585,0.044436004557538926,228,69,0.00024049999774433672,0.001177600002847612,0.0014181000005919486
DEV-1335,MODERATE,LARGE,30,3,4,0,Optimization terminated successfully. (HiGHS Status 7: Optimal),True,3252.0,3252.0,0.0,0,3252,3252,0,1.0,3252,True,0.0,23111,3252,0.14071221496257194,270,99,0.00027329998556524515,0.0013015000149607658,0.001574800000526011
DEV-1336,HIGH,LARGE,30,2,2,0,Optimization terminated successfully. (HiGHS Status 7: Optimal),True,249.0,249.0,0.0,0,249,249,0,1.0,249,True,0.0,16596,249,0.015003615328994939,180,96,0.00023010000586509705,0.0010476000024937093,0.0012777000083588064
DEV-1337,MODERATE,SMALL,5,5,2,0,Optimization terminated successfully. (HiGHS Status 7: Optimal),True,202.0,202.0,0.0,0,202,202,0,1.0,202,True,0.0,2686,202,0.07520476545048399,75,30,0.00015740000526420772,0.0007924000092316419,0.0009498000144958496
DEV-1338,MODERATE,MEDIUM,10,3,4,0,Optimization terminated successfully. (HiGHS Status 7: Optimal),True,3025.0,3025.0,0.0,1,3025,3025,0,1.0,3025,True,0.0,6806,3025,0.44446076990890393,90,39,0.0001703999878372997,0.0072419999924022704,0.00741239998023957
DEV-1339,HIGH,LARGE,24,3,3,0,Optimization terminated successfully. (HiGHS Status 7: Optimal),True,629.0,629.0,0.0,0,629,629,0,1.0,629,True,0.0,15442,629,0.04073306566506929,216,81,0.0002614000113680959,0.0011797999904956669,0.0014412000018637627
DEV-1340,MODERATE,LARGE,27,2,5,0,Optimization terminated successfully. (HiGHS Status 7: Optimal),True,2128.0,2128.0,0.0,0,2128,2128,0,1.0,2128,True,0.0,19737,2128,0.10781780412423367,162,87,0.00022639997769147158,0.001032100000884384,0.0012584999785758555
DEV-1341,MODERATE,MEDIUM,12,2,1,0,Optimization terminated successfully. (HiGHS Status 7: Optimal),True,509.0,509.0,0.0,0,509,509,0,1.0,509,True,0.0,8898,509,0.05720386603731176,72,42,0.0001990000018849969,0.0007723000016994774,0.0009713000035844743
DEV-1342,LOW,MEDIUM,14,4,1,0,Optimization terminated successfully. (HiGHS Status 7: Optimal),True,950.0,950.0,0.0,0,950,950,0,1.0,950,True,0.0,9501,950,0.09998947479212715,168,54,0.000215600011870265,0.001018500013742596,0.001234100025612861
DEV-1343,HIGH,MEDIUM,9,2,6,0,Optimization terminated successfully. (HiGHS Status 7: Optimal),True,3025.0,3025.0,0.0,1,4203,3025,1178,0.7197240066619082,3025,True,0.0,5309,3025,0.5697871538896214,54,33,0.00015070001245476305,0.003895399975590408,0.004046099988045171
DEV-1344,HIGH,SMALL,3,2,1,0,Optimization terminated successfully. (HiGHS Status 7: Optimal),True,376.0,376.0,0.0,0,605,376,229,0.6214876033057851,376,True,0.0,1094,376,0.3436928702010969,18,15,0.0001281999866478145,0.0006587000098079443,0.0007868999964557588
DEV-1345,MODERATE,SMALL,6,2,2,0,Optimization terminated successfully. (HiGHS Status 7: Optimal),True,1410.0,1410.0,0.0,1,1411,1410,1,0.9992912827781715,1410,True,0.0,4208,1410,0.3350760456273764,36,24,0.00013899998157285154,0.00810450001154095,0.008243499993113801
DEV-1346,MODERATE,MEDIUM,8,4,2,0,Optimization terminated successfully. (HiGHS Status 7: Optimal),True,1527.0,1527.0,0.0,0,1527,1527,0,1.0,1527,True,0.0,6391,1527,0.23892974495384134,96,36,0.00017479999223724008,0.0008913000056054443,0.0010660999978426844
DEV-1347,MODERATE,SMALL,4,3,1,0,Optimization terminated successfully. (HiGHS Status 7: Optimal),True,1129.0,1129.0,0.0,0,1129,1129,0,1.0,1129,True,0.0,4890,1129,0.23087934560327197,36,21,0.00013760000001639128,0.0007060000207275152,0.0008436000207439065
DEV-1348,MODERATE,LARGE,18,3,3,0,Optimization terminated successfully. (HiGHS Status 7: Optimal),True,2273.0,2273.0,0.0,0,2273,2273,0,1.0,2273,True,0.0,14481,2273,0.15696429804571507,162,63,0.0002108000044245273,0.0010094000026583672,0.0012202000070828944
DEV-1349,HIGH,SMALL,3,2,1,0,Optimization terminated successfully. (HiGHS Status 7: Optimal),True,1409.0,1409.0,0.0,0,1409,1409,0,1.0,1409,True,0.0,3499,1409,0.4026864818519577,18,15,0.00012630000128410757,0.0006578000029549003,0.0007841000042390078
DEV-1350,MODERATE,MEDIUM,12,5,1,0,Optimization terminated successfully. (HiGHS Status 7: Optimal),True,625.0,625.0,0.0,0,625,625,0,1.0,625,True,0.0,8511,625,0.07343437903889084,180,51,0.0002114000089932233,0.0010460999910719693,0.0012575000000651926
DEV-1351,MODERATE,LARGE,23,3,3,0,Optimization terminated successfully. (HiGHS Status 7: Optimal),True,3055.0,3055.0,0.0,0,3055,3055,0,1.0,3055,True,0.0,13315,3055,0.22944048066090875,207,78,0.00024239998310804367,0.0011481000110507011,0.0013904999941587448
DEV-1352,MODERATE,LARGE,24,2,1,0,Optimization terminated successfully. (HiGHS Status 7: Optimal),True,958.0,958.0,0.0,0,958,958,0,1.0,958,True,0.0,16787,958,0.05706796926192887,144,78,0.0002103000006172806,0.0009695999906398356,0.0011798999912571162
DEV-1353,HIGH,SMALL,4,2,1,0,Optimization terminated successfully. (HiGHS Status 7: Optimal),True,1645.0,1645.0,0.0,0,1645,1645,0,1.0,1645,True,0.0,4472,1645,0.3678443649373882,24,18,0.0001328999933321029,0.00067559999297373,0.0008084999863058329
DEV-1354,LOW,SMALL,3,5,1,0,Optimization terminated successfully. (HiGHS Status 7: Optimal),True,208.0,208.0,0.0,0,208,208,0,1.0,208,True,0.0,2767,208,0.0751716660643296,45,24,0.00013940001372247934,0.0007264000014401972,0.0008658000151626766
DEV-1355,HIGH,LARGE,26,2,4,0,Optimization terminated successfully. (HiGHS Status 7: Optimal),True,2749.0,2749.0,0.0,0,2749,2749,0,1.0,2749,True,0.0,17256,2749,0.15930690774223458,156,84,0.0002209999947808683,0.0010210000036749989,0.0012419999984558672
DEV-1356,MODERATE,SMALL,4,2,2,0,Optimization terminated successfully. (HiGHS Status 7: Optimal),True,2580.0,2580.0,0.0,1,2580,2580,0,1.0,2580,True,0.0,2849,2580,0.9055809055809055,24,18,0.00012879999121651053,0.006928199989488348,0.007056999980704859
DEV-1357,LOW,SMALL,6,5,1,0,Optimization terminated successfully. (HiGHS Status 7: Optimal),True,1225.0,1225.0,0.0,0,1225,1225,0,1.0,1225,True,0.0,3235,1225,0.3786707882534776,90,33,0.00017109999316744506,0.0008407999994233251,0.0010118999925907701
DEV-1358,LOW,MEDIUM,9,2,2,0,Optimization terminated successfully. (HiGHS Status 7: Optimal),True,718.0,718.0,0.0,0,718,718,0,1.0,718,True,0.0,5063,718,0.14181315425636973,54,33,0.00015330000314861536,0.0007480000203941017,0.0009013000235427171
DEV-1359,MODERATE,SMALL,5,5,1,0,Optimization terminated successfully. (HiGHS Status 7: Optimal),True,658.0,658.0,0.0,0,658,658,0,1.0,658,True,0.0,5060,658,0.1300395256916996,75,30,0.00015780000831000507,0.0007817999867256731,0.0009395999950356781
DEV-1360,HIGH,MEDIUM,10,5,3,0,Optimization terminated successfully. (HiGHS Status 7: Optimal),True,2898.0,2898.0,0.0,1,2898,2898,0,1.0,2898,True,0.0,9939,2898,0.29157862964080894,150,45,0.0001970999874174595,0.004202600015560165,0.0043997000029776245
DEV-1361,MODERATE,LARGE,25,4,12,0,Optimization terminated successfully. (HiGHS Status 7: Optimal),True,10525.0,10525.0,0.0,1,10525,10525,0,1.0,10525,True,0.0,20483,10525,0.5138407459844749,300,87,0.0002859999949578196,0.00323140001273714,0.0035174000076949596
DEV-1362,HIGH,LARGE,24,5,2,0,Optimization terminated successfully. (HiGHS Status 7: Optimal),True,802.0,802.0,0.0,0,802,802,0,1.0,802,True,0.0,15963,802,0.05024118273507486,360,87,0.0003504999913275242,0.001511400012532249,0.0018619000038597733
DEV-1363,HIGH,MEDIUM,9,2,4,0,Optimization terminated successfully. (HiGHS Status 7: Optimal),True,2632.0,2632.0,0.0,1,2632,2632,0,1.0,2632,True,0.0,7254,2632,0.36283429831816927,54,33,0.000152299995534122,0.005197099992074072,0.005349399987608194
DEV-1364,HIGH,MEDIUM,14,2,1,0,Optimization terminated successfully. (HiGHS Status 7: Optimal),True,421.0,421.0,0.0,0,421,421,0,1.0,421,True,0.0,7797,421,0.05399512633063999,84,48,0.00017210000078193843,0.0008308000105898827,0.0010029000113718212
DEV-1365,HIGH,SMALL,6,3,1,0,Optimization terminated successfully. (HiGHS Status 7: Optimal),True,12.0,12.0,0.0,0,12,12,0,1.0,12,True,0.0,3952,12,0.003036437246963563,54,27,0.0001500000071246177,0.0007358999864663929,0.0008858999935910106
DEV-1366,HIGH,LARGE,22,3,4,0,Optimization terminated successfully. (HiGHS Status 7: Optimal),True,1644.0,1644.0,0.0,0,1644,1644,0,1.0,1644,True,0.0,19441,1644,0.08456355125765136,198,75,0.00022799998987466097,0.0011251000105403364,0.0013531000004149973
DEV-1367,MODERATE,MEDIUM,14,5,5,0,Optimization terminated successfully. (HiGHS Status 7: Optimal),True,5950.0,5950.0,0.0,1,5950,5950,0,1.0,5950,True,0.0,9318,5950,0.6385490448594119,210,57,0.0002266000083182007,0.003121999994618818,0.003348600002937019
DEV-1368,MODERATE,LARGE,19,2,2,0,Optimization terminated successfully. (HiGHS Status 7: Optimal),True,863.0,863.0,0.0,0,863,863,0,1.0,863,True,0.0,14913,863,0.057868973378931134,114,63,0.00019449999672360718,0.0009414000087417662,0.0011359000054653734
DEV-1369,HIGH,SMALL,3,4,1,0,Optimization terminated successfully. (HiGHS Status 7: Optimal),True,1403.0,1403.0,0.0,0,1619,1403,216,0.8665843113032736,1403,True,0.0,3840,1403,0.3653645833333333,36,21,0.0001370999962091446,0.000686699990183115,0.0008237999863922596
DEV-1370,HIGH,LARGE,27,4,10,0,Optimization terminated successfully. (HiGHS Status 7: Optimal),True,5770.0,5770.0,0.0,1,7021,5770,1251,0.8218202535251389,5770,True,0.0,16483,5770,0.3500576351392344,324,93,0.0002950999769382179,0.0032860000210348517,0.0035810999979730695
DEV-1371,HIGH,MEDIUM,12,3,1,0,Optimization terminated successfully. (HiGHS Status 7: Optimal),True,1540.0,1540.0,0.0,0,1540,1540,0,1.0,1540,True,0.0,10333,1540,0.14903706571179715,108,45,0.00018770000315271318,0.0008897999941837043,0.0010774999973364174
DEV-1372,MODERATE,SMALL,4,4,1,0,Optimization terminated successfully. (HiGHS Status 7: Optimal),True,438.0,438.0,0.0,0,438,438,0,1.0,438,True,0.0,3632,438,0.12059471365638766,48,24,0.0001440000196453184,0.0007364999910350889,0.0008805000106804073
DEV-1373,MODERATE,SMALL,3,4,1,0,Optimization terminated successfully. (HiGHS Status 7: Optimal),True,79.0,79.0,0.0,0,79,79,0,1.0,79,True,0.0,1117,79,0.07072515666965085,36,21,0.00013599998783320189,0.0006924000044818968,0.0008283999923150986
DEV-1374,MODERATE,LARGE,25,2,1,0,Optimization terminated successfully. (HiGHS Status 7: Optimal),True,728.0,728.0,0.0,0,728,728,0,1.0,728,True,0.0,14266,728,0.05103042198233562,150,81,0.00021669999114237726,0.000984499987680465,0.0012011999788228422
DEV-1375,HIGH,SMALL,6,5,2,0,Optimization terminated successfully. (HiGHS Status 7: Optimal),True,707.0,707.0,0.0,1,707,707,0,1.0,707,True,0.0,2108,707,0.3353889943074004,90,33,0.00016560000949539244,0.004359599988674745,0.004525199998170137
DEV-1376,MODERATE,LARGE,25,5,2,0,Optimization terminated successfully. (HiGHS Status 7: Optimal),True,1416.0,1416.0,0.0,0,1416,1416,0,1.0,1416,True,0.0,17486,1416,0.08097906896946128,375,90,0.000426900020102039,0.0015632999711669981,0.001990199991269037
DEV-1377,MODERATE,SMALL,4,2,1,0,Optimization terminated successfully. (HiGHS Status 7: Optimal),True,126.0,126.0,0.0,0,126,126,0,1.0,126,True,0.0,2426,126,0.05193734542456719,24,18,0.00014009998994879425,0.0006707999855279922,0.0008108999754767865
DEV-1378,HIGH,LARGE,23,3,2,0,Optimization terminated successfully. (HiGHS Status 7: Optimal),True,1994.0,1994.0,0.0,0,1994,1994,0,1.0,1994,True,0.0,14337,1994,0.13908070028597336,207,78,0.00024160000612027943,0.00114079998456873,0.0013823999906890094
DEV-1379,MODERATE,SMALL,3,5,1,0,Optimization terminated successfully. (HiGHS Status 7: Optimal),True,499.0,499.0,0.0,0,499,499,0,1.0,499,True,0.0,1437,499,0.34725121781489215,45,24,0.00014249997911974788,0.0007199000101536512,0.0008623999892733991
DEV-1380,HIGH,MEDIUM,12,4,4,0,Optimization terminated successfully. (HiGHS Status 7: Optimal),True,3254.0,3254.0,0.0,1,3254,3254,0,1.0,3254,True,0.0,11768,3254,0.276512576478586,144,48,0.0001981999957934022,0.0036508000048343092,0.0038490000006277114
DEV-1381,HIGH,SMALL,3,2,2,0,Optimization terminated successfully. (HiGHS Status 7: Optimal),True,878.0,878.0,0.0,0,1862,878,984,0.4715359828141783,878,True,0.0,2292,878,0.3830715532286213,18,15,0.0001286999904550612,0.0006708000146318227,0.0007995000050868839
DEV-1382,LOW,SMALL,6,3,3,0,Optimization terminated successfully. (HiGHS Status 7: Optimal),True,1392.0,1392.0,0.0,0,1392,1392,0,1.0,1392,True,0.0,4313,1392,0.32274518896359844,54,27,0.00015300000086426735,0.0007663000142201781,0.0009193000150844455
DEV-1383,HIGH,MEDIUM,14,2,2,0,Optimization terminated successfully. (HiGHS Status 7: Optimal),True,736.0,736.0,0.0,0,736,736,0,1.0,736,True,0.0,9500,736,0.07747368421052632,84,48,0.00017600000137463212,0.0008045999857131392,0.0009805999870877713
DEV-1384,HIGH,MEDIUM,13,5,2,0,Optimization terminated successfully. (HiGHS Status 7: Optimal),True,1865.0,1865.0,0.0,1,1865,1865,0,1.0,1865,True,0.0,8324,1865,0.22405093704949544,195,54,0.00022190000163391232,0.004727899999124929,0.004949800000758842
DEV-1385,LOW,SMALL,3,5,1,0,Optimization terminated successfully. (HiGHS Status 7: Optimal),True,1596.0,1596.0,0.0,0,1596,1596,0,1.0,1596,True,0.0,3631,1596,0.4395483337923437,45,24,0.00014779999037273228,0.0007323000172618777,0.0008801000076346099
DEV-1386,HIGH,SMALL,5,3,1,0,Optimization terminated successfully. (HiGHS Status 7: Optimal),True,150.0,150.0,0.0,0,150,150,0,1.0,150,True,0.0,2043,150,0.07342143906020558,45,24,0.0001430999836884439,0.0007240000122692436,0.0008670999959576875
DEV-1387,HIGH,SMALL,4,2,2,0,Optimization terminated successfully. (HiGHS Status 7: Optimal),True,1608.0,1608.0,0.0,0,1621,1608,13,0.9919802590993214,1608,True,0.0,3616,1608,0.4446902654867257,24,18,0.0001336999994236976,0.0006886000046506524,0.00082230000407435
DEV-1388,HIGH,MEDIUM,14,4,1,0,Optimization terminated successfully. (HiGHS Status 7: Optimal),True,1377.0,1377.0,0.0,0,1377,1377,0,1.0,1377,True,0.0,9747,1377,0.14127423822714683,168,54,0.0002229000092484057,0.0010022000060416758,0.0012251000152900815
DEV-1389,LOW,LARGE,27,3,2,0,Optimization terminated successfully. (HiGHS Status 7: Optimal),True,2500.0,2500.0,0.0,0,2500,2500,0,1.0,2500,True,0.0,20678,2500,0.12090144114517845,243,90,0.00025549999554641545,0.0011912999907508492,0.0014467999862972647
DEV-1390,MODERATE,MEDIUM,14,2,1,0,Optimization terminated successfully. (HiGHS Status 7: Optimal),True,416.0,416.0,0.0,0,416,416,0,1.0,416,True,0.0,13967,416,0.029784492016896973,84,48,0.00017100002150982618,0.0008295000006910414,0.0010005000222008675
DEV-1391,HIGH,SMALL,6,2,1,0,Optimization terminated successfully. (HiGHS Status 7: Optimal),True,107.0,107.0,0.0,0,107,107,0,1.0,107,True,0.0,3390,107,0.031563421828908554,36,24,0.00013770000077784061,0.0006939000159036368,0.0008316000166814774
DEV-1392,MODERATE,LARGE,20,3,3,0,Optimization terminated successfully. (HiGHS Status 7: Optimal),True,1883.0,1883.0,0.0,0,1883,1883,0,1.0,1883,True,0.0,16606,1883,0.11339274960857522,180,69,0.0002201999886892736,0.0010402000043541193,0.001260399993043393
DEV-1393,HIGH,LARGE,30,5,1,0,Optimization terminated successfully. (HiGHS Status 7: Optimal),True,4.0,4.0,0.0,0,4,4,0,1.0,4,True,0.0,20867,4,0.0001916902285905976,450,105,0.0003580999909900129,0.001652600010856986,0.002010700001846999
DEV-1394,HIGH,LARGE,20,2,4,0,Optimization terminated successfully. (HiGHS Status 7: Optimal),True,3252.0,3252.0,0.0,0,3252,3252,0,1.0,3252,True,0.0,15880,3252,0.2047858942065491,120,66,0.00019550000433810055,0.0009220000065397471,0.0011175000108778477
DEV-1395,MODERATE,MEDIUM,9,3,3,0,Optimization terminated successfully. (HiGHS Status 7: Optimal),True,4246.0,4246.0,0.0,1,4246,4246,0,1.0,4246,True,0.0,8560,4246,0.4960280373831776,81,36,0.00016280001727864146,0.006242399977054447,0.006405199994333088
DEV-1396,MODERATE,SMALL,3,2,1,0,Optimization terminated successfully. (HiGHS Status 7: Optimal),True,736.0,736.0,0.0,0,736,736,0,1.0,736,True,0.0,3733,736,0.1971604607554246,18,15,0.00018220001948066056,0.0006680000224150717,0.0008502000418957323
DEV-1397,HIGH,SMALL,6,3,1,0,Optimization terminated successfully. (HiGHS Status 7: Optimal),True,47.0,47.0,0.0,0,47,47,0,1.0,47,True,0.0,2399,47,0.019591496456857024,54,27,0.0001480000209994614,0.0007443999929819256,0.000892400013981387
DEV-1398,MODERATE,LARGE,27,3,3,0,Optimization terminated successfully. (HiGHS Status 7: Optimal),True,1630.0,1630.0,0.0,0,1630,1630,0,1.0,1630,True,0.0,13475,1630,0.12096474953617811,243,90,0.0002598999999463558,0.0012030000216327608,0.0014629000215791166
DEV-1399,HIGH,MEDIUM,14,2,3,0,Optimization terminated successfully. (HiGHS Status 7: Optimal),True,1940.0,1940.0,0.0,0,1940,1940,0,1.0,1940,True,0.0,11423,1940,0.16983279348682484,84,48,0.00017140002455562353,0.0008378999773412943,0.0010093000018969178
DEV-1400,HIGH,MEDIUM,8,4,2,0,Optimization terminated successfully. (HiGHS Status 7: Optimal),True,809.0,809.0,0.0,1,809,809,0,1.0,809,True,0.0,4680,809,0.17286324786324786,96,36,0.00016919997869990766,0.006314099999144673,0.006483299977844581
DEV-1401,HIGH,LARGE,29,4,3,0,Optimization terminated successfully. (HiGHS Status 7: Optimal),True,1958.0,1958.0,0.0,1,1958,1958,0,1.0,1958,True,0.0,16018,1958,0.12223748283181421,348,99,0.0003586999955587089,0.006068600021535531,0.00642730001709424
DEV-1402,HIGH,LARGE,22,2,2,0,Optimization terminated successfully. (HiGHS Status 7: Optimal),True,215.0,215.0,0.0,0,215,215,0,1.0,215,True,0.0,16060,215,0.013387297633872976,132,72,0.00020619999850168824,0.0009227999835275114,0.0011289999820291996
DEV-1403,LOW,MEDIUM,11,3,1,0,Optimization terminated successfully. (HiGHS Status 7: Optimal),True,234.0,234.0,0.0,0,234,234,0,1.0,234,True,0.0,8094,234,0.028910303928836176,99,42,0.00019049999536946416,0.0008494000067003071,0.0010399000020697713
DEV-1404,MODERATE,LARGE,29,3,7,0,Optimization terminated successfully. (HiGHS Status 7: Optimal),True,4708.0,4708.0,0.0,0,4708,4708,0,1.0,4708,True,0.0,24084,4708,0.19548247799368876,261,96,0.00026359999901615083,0.0012278000067453831,0.001491400005761534
DEV-1405,MODERATE,LARGE,24,2,2,0,Optimization terminated successfully. (HiGHS Status 7: Optimal),True,2495.0,2495.0,0.0,0,2495,2495,0,1.0,2495,True,0.0,15139,2495,0.16480612986326706,144,78,0.00020599999697878957,0.0009341999830212444,0.001140199980000034
DEV-1406,MODERATE,LARGE,30,4,3,0,Optimization terminated successfully. (HiGHS Status 7: Optimal),True,3889.0,3889.0,0.0,0,3889,3889,0,1.0,3889,True,0.0,26429,3889,0.14714896515191644,360,102,0.0003232999879401177,0.001424000016413629,0.0017473000043537468
DEV-1407,MODERATE,SMALL,4,2,1,0,Optimization terminated successfully. (HiGHS Status 7: Optimal),True,1761.0,1761.0,0.0,0,1762,1761,1,0.9994324631101021,1761,True,0.0,2296,1761,0.76698606271777,24,18,0.00012959999730810523,0.0006760999967809767,0.0008056999940890819
DEV-1408,LOW,SMALL,3,2,1,0,Optimization terminated successfully. (HiGHS Status 7: Optimal),True,3.0,3.0,0.0,0,3,3,0,1.0,3,True,0.0,1784,3,0.0016816143497757848,18,15,0.00012430001515895128,0.0006202000076882541,0.0007445000228472054
DEV-1409,HIGH,LARGE,23,3,3,0,Optimization terminated successfully. (HiGHS Status 7: Optimal),True,3000.0,3000.0,0.0,0,3000,3000,0,1.0,3000,True,0.0,22541,3000,0.13309081229759107,207,78,0.00023060000967234373,0.0011680999887175858,0.0013986999983899295
DEV-1410,MODERATE,LARGE,25,3,2,0,Optimization terminated successfully. (HiGHS Status 7: Optimal),True,1993.0,1993.0,0.0,0,1993,1993,0,1.0,1993,True,0.0,20233,1993,0.09850244649829487,225,84,0.00025829998776316643,0.0011306999949738383,0.0013889999827370048
DEV-1411,MODERATE,LARGE,24,3,1,0,Optimization terminated successfully. (HiGHS Status 7: Optimal),True,29.0,29.0,0.0,0,29,29,0,1.0,29,True,0.0,22525,29,0.0012874583795782464,216,81,0.0002342000079806894,0.0010882000206038356,0.001322400028584525
DEV-1412,LOW,MEDIUM,8,3,1,0,Optimization terminated successfully. (HiGHS Status 7: Optimal),True,1194.0,1194.0,0.0,0,1194,1194,0,1.0,1194,True,0.0,4789,1194,0.24932136145333056,72,33,0.00015400000847876072,0.0007594999915454537,0.0009135000000242144
DEV-1413,HIGH,LARGE,22,3,3,0,Optimization terminated successfully. (HiGHS Status 7: Optimal),True,3113.0,3113.0,0.0,1,3113,3113,0,1.0,3113,True,0.0,18832,3113,0.16530373831775702,198,75,0.00022149999858811498,0.006298299995251,0.006519799993839115
DEV-1414,LOW,SMALL,4,5,1,0,Optimization terminated successfully. (HiGHS Status 7: Optimal),True,860.0,860.0,0.0,0,860,860,0,1.0,860,True,0.0,3258,860,0.2639656230816452,60,27,0.00015269999857991934,0.0007678999972995371,0.0009205999958794564
DEV-1415,HIGH,SMALL,5,3,1,0,Optimization terminated successfully. (HiGHS Status 7: Optimal),True,1147.0,1147.0,0.0,0,1247,1147,100,0.9198075380914194,1147,True,0.0,3827,1147,0.2997125685915861,45,24,0.00013989998842589557,0.0007311000081244856,0.0008709999965503812
DEV-1416,HIGH,SMALL,5,3,2,0,Optimization terminated successfully. (HiGHS Status 7: Optimal),True,25.0,25.0,0.0,1,28,25,3,0.8928571428571429,25,True,0.0,250,25,0.1,45,24,0.0001382000045850873,0.00667910001357086,0.006817300018155947
DEV-1417,MODERATE,SMALL,5,4,2,0,Optimization terminated successfully. (HiGHS Status 7: Optimal),True,608.0,608.0,0.0,0,608,608,0,1.0,608,True,0.0,4221,608,0.14404169628050226,60,27,0.000155699992319569,0.0007550999871455133,0.0009107999794650823
DEV-1418,HIGH,MEDIUM,14,5,3,0,Optimization terminated successfully. (HiGHS Status 7: Optimal),True,1989.0,1989.0,0.0,1,1989,1989,0,1.0,1989,True,0.0,11729,1989,0.1695796743115355,210,57,0.00023060000967234373,0.004233999992720783,0.0044646000023931265
DEV-1419,MODERATE,SMALL,6,4,3,0,Optimization terminated successfully. (HiGHS Status 7: Optimal),True,2428.0,2428.0,0.0,1,2428,2428,0,1.0,2428,True,0.0,4101,2428,0.5920507193367471,72,30,0.00016039999900385737,0.0037261999968905,0.0038865999958943576
DEV-1420,HIGH,MEDIUM,11,4,6,0,Optimization terminated successfully. (HiGHS Status 7: Optimal),True,4286.0,4286.0,0.0,1,4983,4286,697,0.8601244230383304,4286,True,0.0,10022,4286,0.42765914987028536,132,45,0.00019160000374540687,0.003232399991247803,0.00342399999499321
DEV-1421,HIGH,SMALL,5,3,1,0,Optimization terminated successfully. (HiGHS Status 7: Optimal),True,798.0,798.0,0.0,0,798,798,0,1.0,798,True,0.0,4838,798,0.1649441918147995,45,24,0.00014849999570287764,0.0007256999961100519,0.0008741999918129295
DEV-1422,HIGH,MEDIUM,12,2,1,0,Optimization terminated successfully. (HiGHS Status 7: Optimal),True,299.0,299.0,0.0,0,299,299,0,1.0,299,True,0.0,6829,299,0.043783862937472544,72,42,0.00016369999502785504,0.0007841000042390078,0.0009477999992668629
DEV-1423,MODERATE,LARGE,19,3,1,0,Optimization terminated successfully. (HiGHS Status 7: Optimal),True,831.0,831.0,0.0,0,831,831,0,1.0,831,True,0.0,11935,831,0.06962714704650189,171,66,0.00021180001203902066,0.001021900010528043,0.0012337000225670636
DEV-1424,LOW,SMALL,3,3,1,0,Optimization terminated successfully. (HiGHS Status 7: Optimal),True,403.0,403.0,0.0,0,403,403,0,1.0,403,True,0.0,2173,403,0.1854578923147722,27,18,0.00013910001143813133,0.0006849999772384763,0.0008240999886766076
DEV-1425,HIGH,LARGE,29,5,1,0,Optimization terminated successfully. (HiGHS Status 7: Optimal),True,1602.0,1602.0,0.0,0,1602,1602,0,1.0,1602,True,0.0,19162,1602,0.08360296419997912,435,102,0.00034940001205541193,0.0016101000073831528,0.0019595000194385648
DEV-1426,MODERATE,LARGE,30,2,5,0,Optimization terminated successfully. (HiGHS Status 7: Optimal),True,4230.0,4230.0,0.0,0,4230,4230,0,1.0,4230,True,0.0,22353,4230,0.1892363441148839,180,96,0.00022800001897849143,0.0010551000013947487,0.0012831000203732401
DEV-1427,MODERATE,SMALL,6,2,1,0,Optimization terminated successfully. (HiGHS Status 7: Optimal),True,641.0,641.0,0.0,0,641,641,0,1.0,641,True,0.0,4712,641,0.13603565365025466,36,24,0.00013649999164044857,0.000676499999826774,0.0008129999914672226
DEV-1428,MODERATE,SMALL,5,2,1,0,Optimization terminated successfully. (HiGHS Status 7: Optimal),True,21.0,21.0,0.0,0,21,21,0,1.0,21,True,0.0,1546,21,0.013583441138421734,30,21,0.00013010000111535192,0.0006610999989788979,0.0007912000000942498
DEV-1429,LOW,SMALL,6,4,3,0,Optimization terminated successfully. (HiGHS Status 7: Optimal),True,1875.0,1875.0,0.0,1,1875,1875,0,1.0,1875,True,0.0,2883,1875,0.6503642039542143,72,30,0.00015159999020397663,0.00508629999239929,0.005237899982603267
DEV-1430,HIGH,MEDIUM,9,3,1,0,Optimization terminated successfully. (HiGHS Status 7: Optimal),True,356.0,356.0,0.0,0,356,356,0,1.0,356,True,0.0,5700,356,0.062456140350877196,81,36,0.0001804000057745725,0.000911599985556677,0.0010919999913312495
DEV-1431,MODERATE,SMALL,5,5,2,0,Optimization terminated successfully. (HiGHS Status 7: Optimal),True,1241.0,1241.0,0.0,1,1241,1241,0,1.0,1241,True,0.0,3571,1241,0.34752170260431253,75,30,0.00018149998504668474,0.005301800003508106,0.005483299988554791
DEV-1432,HIGH,LARGE,28,2,5,0,Optimization terminated successfully. (HiGHS Status 7: Optimal),True,4252.0,4252.0,0.0,0,4252,4252,0,1.0,4252,True,0.0,18835,4252,0.22574993363419166,168,90,0.00022429999080486596,0.0010464999941177666,0.0012707999849226326
DEV-1433,HIGH,MEDIUM,11,4,2,0,Optimization terminated successfully. (HiGHS Status 7: Optimal),True,1474.0,1474.0,0.0,0,1474,1474,0,1.0,1474,True,0.0,7165,1474,0.20572226099092814,132,45,0.00019210000755265355,0.0009369000035803765,0.00112900001113303
DEV-1434,MODERATE,SMALL,3,3,2,0,Optimization terminated successfully. (HiGHS Status 7: Optimal),True,1910.0,1910.0,0.0,1,1910,1910,0,1.0,1910,True,0.0,2648,1910,0.7212990936555891,27,18,0.00012909999350085855,0.005408600001828745,0.0055376999953296036
DEV-1435,HIGH,LARGE,23,2,3,0,Optimization terminated successfully. (HiGHS Status 7: Optimal),True,1449.0,1449.0,0.0,0,1449,1449,0,1.0,1449,True,0.0,16563,1449,0.08748415142184388,138,75,0.0002114999806508422,0.0016023000061977655,0.0018137999868486077
DEV-1436,MODERATE,LARGE,27,3,4,0,Optimization terminated successfully. (HiGHS Status 7: Optimal),True,3013.0,3013.0,0.0,0,3013,3013,0,1.0,3013,True,0.0,17250,3013,0.17466666666666666,243,90,0.00027370001771487296,0.001238100026967004,0.001511800044681877
DEV-1437,MODERATE,LARGE,26,3,4,0,Optimization terminated successfully. (HiGHS Status 7: Optimal),True,4696.0,4696.0,0.0,0,4696,4696,0,1.0,4696,True,0.0,25410,4696,0.1848091302636757,234,87,0.00026290002278983593,0.001215500000398606,0.001478400023188442
DEV-1438,HIGH,SMALL,5,4,1,0,Optimization terminated successfully. (HiGHS Status 7: Optimal),True,437.0,437.0,0.0,0,440,437,3,0.9931818181818182,437,True,0.0,3958,437,0.11040929762506316,60,27,0.00016039999900385737,0.0007461000059265643,0.0009065000049304217
DEV-1439,MODERATE,MEDIUM,13,3,2,0,Optimization terminated successfully. (HiGHS Status 7: Optimal),True,1605.0,1605.0,0.0,0,1605,1605,0,1.0,1605,True,0.0,9099,1605,0.1763930102209034,117,48,0.00018220001948066056,0.0009349999891128391,0.0011172000085934997
DEV-1440,MODERATE,MEDIUM,12,2,1,0,Optimization terminated successfully. (HiGHS Status 7: Optimal),True,1825.0,1825.0,0.0,0,1825,1825,0,1.0,1825,True,0.0,11145,1825,0.16375056078959174,72,42,0.00017779998597688973,0.0008667999936733395,0.0010445999796502292
DEV-1441,HIGH,SMALL,4,2,1,0,Optimization terminated successfully. (HiGHS Status 7: Optimal),True,830.0,830.0,0.0,0,830,830,0,1.0,830,True,0.0,3338,830,0.24865188735769922,24,18,0.00013200001558288932,0.0006558999884873629,0.0007879000040702522
DEV-1442,HIGH,MEDIUM,11,4,2,0,Optimization terminated successfully. (HiGHS Status 7: Optimal),True,1117.0,1117.0,0.0,0,1117,1117,0,1.0,1117,True,0.0,10014,1117,0.11154383862592371,132,45,0.00019169997540302575,0.0009294000046793371,0.0011210999800823629
DEV-1443,MODERATE,MEDIUM,8,4,1,0,Optimization terminated successfully. (HiGHS Status 7: Optimal),True,65.0,65.0,0.0,0,65,65,0,1.0,65,True,0.0,5644,65,0.01151665485471297,96,36,0.00016769999638199806,0.0008301000052597374,0.0009978000016417354
DEV-1444,HIGH,MEDIUM,11,3,1,0,Optimization terminated successfully. (HiGHS Status 7: Optimal),True,19.0,19.0,0.0,0,25,19,6,0.76,19,True,0.0,3857,19,0.0049261083743842365,99,42,0.00016989998403005302,0.0008144000021275133,0.0009842999861575663
DEV-1445,LOW,SMALL,5,4,2,0,Optimization terminated successfully. (HiGHS Status 7: Optimal),True,1779.0,1779.0,0.0,1,1779,1779,0,1.0,1779,True,0.0,4069,1779,0.4372081592528877,60,27,0.0001480999926570803,0.004916699981549755,0.005064799974206835
DEV-1446,LOW,MEDIUM,11,4,2,0,Optimization terminated successfully. (HiGHS Status 7: Optimal),True,2293.0,2293.0,0.0,0,2293,2293,0,1.0,2293,True,0.0,6345,2293,0.36138691883372737,132,45,0.00020039998344145715,0.0010047999967355281,0.0012051999801769853
DEV-1447,HIGH,MEDIUM,9,3,1,0,Optimization terminated successfully. (HiGHS Status 7: Optimal),True,549.0,549.0,0.0,0,549,549,0,1.0,549,True,0.0,7131,549,0.07698779974758098,81,36,0.0001652000064495951,0.0008746999956201762,0.0010399000020697713
DEV-1448,HIGH,LARGE,28,3,6,0,Optimization terminated successfully. (HiGHS Status 7: Optimal),True,2703.0,2703.0,0.0,1,2703,2703,0,1.0,2703,True,0.0,19413,2703,0.13923659403492505,252,93,0.0002575000107754022,0.005175600002985448,0.00543310001376085
DEV-1449,MODERATE,LARGE,26,2,1,0,Optimization terminated successfully. (HiGHS Status 7: Optimal),True,1010.0,1010.0,0.0,0,1010,1010,0,1.0,1010,True,0.0,19729,1010,0.0511936742865832,156,84,0.00026440000510774553,0.001069999998435378,0.0013344000035431236
DEV-1450,HIGH,SMALL,4,2,1,0,Optimization terminated successfully. (HiGHS Status 7: Optimal),True,687.0,687.0,0.0,0,687,687,0,1.0,687,True,0.0,3198,687,0.21482176360225141,24,18,0.00013149998267181218,0.00067120001767762,0.0008027000003494322
DEV-1451,MODERATE,SMALL,6,4,2,0,Optimization terminated successfully. (HiGHS Status 7: Optimal),True,3768.0,3768.0,0.0,1,3768,3768,0,1.0,3768,True,0.0,7408,3768,0.5086393088552916,72,30,0.0001542000100016594,0.004954999982146546,0.005109199992148206
DEV-1452,MODERATE,MEDIUM,11,2,3,0,Optimization terminated successfully. (HiGHS Status 7: Optimal),True,1818.0,1818.0,0.0,0,1818,1818,0,1.0,1818,True,0.0,8801,1818,0.20656743551869106,66,39,0.00016469997353851795,0.0008018000226002187,0.0009664999961387366
DEV-1453,MODERATE,LARGE,25,3,2,0,Optimization terminated successfully. (HiGHS Status 7: Optimal),True,2284.0,2284.0,0.0,0,2284,2284,0,1.0,2284,True,0.0,23826,2284,0.09586166372869974,225,84,0.0002440999960526824,0.001210899994475767,0.0014549999905284494
DEV-1454,HIGH,MEDIUM,13,4,2,0,Optimization terminated successfully. (HiGHS Status 7: Optimal),True,2413.0,2413.0,0.0,1,2413,2413,0,1.0,2413,True,0.0,13512,2413,0.17858200118413262,156,51,0.0002111000067088753,0.005043799988925457,0.005254899995634332
DEV-1455,MODERATE,LARGE,18,2,5,0,Optimization terminated successfully. (HiGHS Status 7: Optimal),True,3345.0,3345.0,0.0,0,3345,3345,0,1.0,3345,True,0.0,14056,3345,0.23797666476949345,108,60,0.00018999999156221747,0.0009092999971471727,0.0010992999887093902
DEV-1456,HIGH,MEDIUM,9,4,2,0,Optimization terminated successfully. (HiGHS Status 7: Optimal),True,2123.0,2123.0,0.0,1,2637,2123,514,0.8050815320439894,2123,True,0.0,5096,2123,0.41660125588697017,108,39,0.00018020000425167382,0.00433659998816438,0.004516799992416054
DEV-1457,MODERATE,LARGE,19,3,10,0,Optimization terminated successfully. (HiGHS Status 7: Optimal),True,6920.0,6920.0,0.0,1,6920,6920,0,1.0,6920,True,0.0,13724,6920,0.5042261731273681,171,66,0.00022390001686289907,0.003632000007200986,0.003855900024063885
DEV-1458,MODERATE,LARGE,19,2,5,0,Optimization terminated successfully. (HiGHS Status 7: Optimal),True,2748.0,2748.0,0.0,0,2748,2748,0,1.0,2748,True,0.0,16105,2748,0.17063023905619373,114,63,0.00019890000112354755,0.0009275999909732491,0.0011264999920967966
DEV-1459,LOW,MEDIUM,12,2,6,0,Optimization terminated successfully. (HiGHS Status 7: Optimal),True,4014.0,4014.0,0.0,0,4014,4014,0,1.0,4014,True,0.0,10207,4014,0.39325952777505635,72,42,0.00016419999883510172,0.0008105000015348196,0.0009747000003699213
DEV-1460,HIGH,LARGE,30,4,2,0,Optimization terminated successfully. (HiGHS Status 7: Optimal),True,733.0,733.0,0.0,0,733,733,0,1.0,733,True,0.0,26267,733,0.027905737236837095,360,102,0.0003189000126440078,0.001501299993833527,0.0018202000064775348
DEV-1461,HIGH,LARGE,20,3,2,0,Optimization terminated successfully. (HiGHS Status 7: Optimal),True,1236.0,1236.0,0.0,0,1236,1236,0,1.0,1236,True,0.0,14445,1236,0.08556593977154725,180,69,0.0002373000024817884,0.001056799985235557,0.0012940999877173454
DEV-1462,MODERATE,SMALL,3,3,1,0,Optimization terminated successfully. (HiGHS Status 7: Optimal),True,37.0,37.0,0.0,0,37,37,0,1.0,37,True,0.0,410,37,0.09024390243902439,27,18,0.00013229998876340687,0.000677400006679818,0.0008096999954432249
DEV-1463,MODERATE,LARGE,23,5,1,0,Optimization terminated successfully. (HiGHS Status 7: Optimal),True,833.0,833.0,0.0,0,833,833,0,1.0,833,True,0.0,22753,833,0.0366105568496462,345,84,0.00029639998683705926,0.0013977999915368855,0.0016941999783739448
DEV-1464,HIGH,MEDIUM,10,3,1,0,Optimization terminated successfully. (HiGHS Status 7: Optimal),True,325.0,325.0,0.0,0,325,325,0,1.0,325,True,0.0,5753,325,0.05649226490526682,90,39,0.00016629998572170734,0.0008121999853756279,0.0009784999710973352
DEV-1465,HIGH,SMALL,6,5,2,0,Optimization terminated successfully. (HiGHS Status 7: Optimal),True,327.0,327.0,0.0,0,399,327,72,0.8195488721804511,327,True,0.0,1842,327,0.1775244299674267,90,33,0.00016460000188089907,0.0008153000089805573,0.0009799000108614564
DEV-1466,HIGH,LARGE,21,4,3,0,Optimization terminated successfully. (HiGHS Status 7: Optimal),True,2134.0,2134.0,0.0,1,2134,2134,0,1.0,2134,True,0.0,17213,2134,0.12397606460233544,252,75,0.00024739999207668006,0.005764000001363456,0.006011399993440136
DEV-1467,HIGH,SMALL,4,3,1,0,Optimization terminated successfully. (HiGHS Status 7: Optimal),True,1150.0,1150.0,0.0,0,1227,1150,77,0.9372453137734311,1150,True,0.0,3565,1150,0.3225806451612903,36,21,0.00014250000822357833,0.0007047000108286738,0.0008472000190522522
DEV-1468,MODERATE,SMALL,6,4,1,0,Optimization terminated successfully. (HiGHS Status 7: Optimal),True,1647.0,1647.0,0.0,0,1647,1647,0,1.0,1647,True,0.0,2626,1647,0.6271896420411271,72,30,0.00015469998470507562,0.0007959000067785382,0.0009505999914836138
DEV-1469,LOW,LARGE,26,5,10,0,Optimization terminated successfully. (HiGHS Status 7: Optimal),True,7496.0,7496.0,0.0,1,7496,7496,0,1.0,7496,True,0.0,17650,7496,0.4247025495750708,390,93,0.00032270001247525215,0.0038471999869216233,0.0041698999993968755
DEV-1470,MODERATE,SMALL,3,2,1,0,Optimization terminated successfully. (HiGHS Status 7: Optimal),True,551.0,551.0,0.0,0,551,551,0,1.0,551,True,0.0,1119,551,0.4924039320822163,18,15,0.00012919999426230788,0.000669400003971532,0.0007985999982338399
DEV-1471,HIGH,SMALL,5,5,1,0,Optimization terminated successfully. (HiGHS Status 7: Optimal),True,615.0,615.0,0.0,0,615,615,0,1.0,615,True,0.0,4232,615,0.14532136105860113,75,30,0.0001571000029798597,0.0007820000173524022,0.0009391000203322619
DEV-1472,HIGH,LARGE,24,4,5,0,Optimization terminated successfully. (HiGHS Status 7: Optimal),True,2903.0,2903.0,0.0,0,2903,2903,0,1.0,2903,True,0.0,18670,2903,0.15549009105516873,288,84,0.0002716000017244369,0.0013170999882277101,0.001588699989952147
DEV-1473,MODERATE,MEDIUM,9,4,1,0,Optimization terminated successfully. (HiGHS Status 7: Optimal),True,370.0,370.0,0.0,0,370,370,0,1.0,370,True,0.0,6688,370,0.05532296650717703,108,39,0.0001750999945215881,0.0008459000091534108,0.0010210000036749989
DEV-1474,MODERATE,SMALL,3,3,1,0,Optimization terminated successfully. (HiGHS Status 7: Optimal),True,871.0,871.0,0.0,0,871,871,0,1.0,871,True,0.0,3376,871,0.25799763033175355,27,18,0.00012820001575164497,0.000679599994327873,0.000807800010079518
DEV-1475,MODERATE,LARGE,26,2,3,0,Optimization terminated successfully. (HiGHS Status 7: Optimal),True,1004.0,1004.0,0.0,0,1004,1004,0,1.0,1004,True,0.0,17250,1004,0.058202898550724635,156,84,0.00021379999816417694,0.0010586999997030944,0.0012724999978672713
DEV-1476,HIGH,SMALL,4,2,1,0,Optimization terminated successfully. (HiGHS Status 7: Optimal),True,729.0,729.0,0.0,0,729,729,0,1.0,729,True,0.0,2007,729,0.3632286995515695,24,18,0.00012959999730810523,0.0006595999875571579,0.0007891999848652631
DEV-1477,HIGH,LARGE,27,3,7,0,Optimization terminated successfully. (HiGHS Status 7: Optimal),True,4778.0,4778.0,0.0,1,4778,4778,0,1.0,4778,True,0.0,18101,4778,0.26396331694381525,243,90,0.00025129999266937375,0.003602700016926974,0.003854000009596348
DEV-1478,HIGH,MEDIUM,8,5,1,0,Optimization terminated successfully. (HiGHS Status 7: Optimal),True,259.0,259.0,0.0,0,259,259,0,1.0,259,True,0.0,5021,259,0.05158334993029277,120,39,0.00023189999046735466,0.000899200007552281,0.0011310999980196357
DEV-1479,HIGH,LARGE,25,5,7,0,Optimization terminated successfully. (HiGHS Status 7: Optimal),True,6183.0,6183.0,0.0,1,6219,6183,36,0.9942112879884226,6183,True,0.0,16403,6183,0.37694324208986163,375,90,0.0003171999996993691,0.003262700018240139,0.003579900017939508
DEV-1480,LOW,SMALL,3,3,1,0,Optimization terminated successfully. (HiGHS Status 7: Optimal),True,1409.0,1409.0,0.0,0,1409,1409,0,1.0,1409,True,0.0,3442,1409,0.4093550261475886,27,18,0.00013309999485500157,0.0006924000044818968,0.0008254999993368983
DEV-1481,HIGH,MEDIUM,9,3,1,0,Optimization terminated successfully. (HiGHS Status 7: Optimal),True,774.0,774.0,0.0,0,774,774,0,1.0,774,True,0.0,9636,774,0.08032378580323786,81,36,0.0001613999775145203,0.0008071000047493726,0.0009684999822638929
DEV-1482,MODERATE,LARGE,20,4,2,0,Optimization terminated successfully. (HiGHS Status 7: Optimal),True,2318.0,2318.0,0.0,0,2318,2318,0,1.0,2318,True,0.0,15166,2318,0.15284188315969932,240,72,0.00024120000307448208,0.001208100002259016,0.0014493000053334981
DEV-1483,HIGH,LARGE,21,2,6,0,Optimization terminated successfully. (HiGHS Status 7: Optimal),True,5726.0,5726.0,0.0,1,5726,5726,0,1.0,5726,True,0.0,16405,5726,0.34903992685156965,126,69,0.0001993000041693449,0.006247100012842566,0.006446400017011911
DEV-1484,MODERATE,SMALL,5,3,1,0,Optimization terminated successfully. (HiGHS Status 7: Optimal),True,376.0,376.0,0.0,0,376,376,0,1.0,376,True,0.0,2531,376,0.1485578822599763,45,24,0.0001453000004403293,0.0007507999835070223,0.0008960999839473516
DEV-1485,HIGH,MEDIUM,12,3,2,0,Optimization terminated successfully. (HiGHS Status 7: Optimal),True,2526.0,2526.0,0.0,1,2526,2526,0,1.0,2526,True,0.0,8813,2526,0.28662203562918415,108,45,0.0001799000019673258,0.006911900010891259,0.0070918000128585845
DEV-1486,HIGH,LARGE,20,3,3,0,Optimization terminated successfully. (HiGHS Status 7: Optimal),True,1671.0,1671.0,0.0,0,1671,1671,0,1.0,1671,True,0.0,14265,1671,0.11713985278654049,180,69,0.00022950000129640102,0.00107709999429062,0.0013065999955870211
DEV-1487,HIGH,LARGE,24,2,4,0,Optimization terminated successfully. (HiGHS Status 7: Optimal),True,2146.0,2146.0,0.0,0,2146,2146,0,1.0,2146,True,0.0,16292,2146,0.13172109010557329,144,78,0.00021180001203902066,0.0009674000029917806,0.0011792000150308013
DEV-1488,MODERATE,LARGE,20,2,8,0,Optimization terminated successfully. (HiGHS Status 7: Optimal),True,8312.0,8312.0,0.0,0,8312,8312,0,1.0,8312,True,0.0,17691,8312,0.4698434232095416,120,66,0.0002023999986704439,0.0009266000124625862,0.00112900001113303
DEV-1489,MODERATE,MEDIUM,8,4,1,0,Optimization terminated successfully. (HiGHS Status 7: Optimal),True,1349.0,1349.0,0.0,0,1349,1349,0,1.0,1349,True,0.0,4307,1349,0.3132110517761783,96,36,0.00016840000171214342,0.0008505999867338687,0.0010189999884460121
DEV-1490,HIGH,MEDIUM,13,2,1,0,Optimization terminated successfully. (HiGHS Status 7: Optimal),True,322.0,322.0,0.0,0,322,322,0,1.0,322,True,0.0,10356,322,0.031093086133642332,78,45,0.00016460000188089907,0.0007871999987401068,0.0009518000006210059
DEV-1491,MODERATE,LARGE,18,2,4,0,Optimization terminated successfully. (HiGHS Status 7: Optimal),True,3975.0,3975.0,0.0,0,3975,3975,0,1.0,3975,True,0.0,13140,3975,0.3025114155251142,108,60,0.00018900001305155456,0.0008597999985795468,0.0010488000116311014
DEV-1492,MODERATE,MEDIUM,12,5,1,0,Optimization terminated successfully. (HiGHS Status 7: Optimal),True,1321.0,1321.0,0.0,0,1321,1321,0,1.0,1321,True,0.0,11430,1321,0.11557305336832896,180,51,0.00021100000594742596,0.0010819000017363578,0.0012929000076837838
DEV-1493,HIGH,MEDIUM,12,4,2,0,Optimization terminated successfully. (HiGHS Status 7: Optimal),True,807.0,807.0,0.0,0,807,807,0,1.0,807,True,0.0,8496,807,0.0949858757062147,144,48,0.00019469999824650586,0.000929799978621304,0.00112449997686781
DEV-1494,HIGH,MEDIUM,11,4,1,0,Optimization terminated successfully. (HiGHS Status 7: Optimal),True,3.0,3.0,0.0,0,3,3,0,1.0,3,True,0.0,5044,3,0.0005947660586835844,132,45,0.00018440000712871552,0.0009132999985013157,0.0010977000056300312
DEV-1495,HIGH,LARGE,19,5,7,0,Optimization terminated successfully. (HiGHS Status 7: Optimal),True,4884.0,4884.0,0.0,1,4884,4884,0,1.0,4884,True,0.0,15346,4884,0.3182588296624528,285,72,0.00026599998818710446,0.0032868999987840652,0.0035528999869711697
DEV-1496,MODERATE,SMALL,5,5,2,0,Optimization terminated successfully. (HiGHS Status 7: Optimal),True,856.0,856.0,0.0,1,856,856,0,1.0,856,True,0.0,2676,856,0.31988041853512705,75,30,0.0001618000096641481,0.005403599992860109,0.005565400002524257
DEV-1497,MODERATE,SMALL,6,3,1,0,Optimization terminated successfully. (HiGHS Status 7: Optimal),True,778.0,778.0,0.0,0,778,778,0,1.0,778,True,0.0,4259,778,0.18267198872974877,54,27,0.00015050001093186438,0.0007607000006828457,0.0009112000116147101
DEV-1498,MODERATE,LARGE,30,4,7,0,Optimization terminated successfully. (HiGHS Status 7: Optimal),True,2831.0,2831.0,0.0,0,2831,2831,0,1.0,2831,True,0.0,15831,2831,0.17882635335733688,360,102,0.00031629999284632504,0.0015728999860584736,0.0018891999789047986
DEV-1499,LOW,MEDIUM,13,5,3,0,Optimization terminated successfully. (HiGHS Status 7: Optimal),True,1321.0,1321.0,0.0,0,1321,1321,0,1.0,1321,True,0.0,6611,1321,0.19981848434427468,195,54,0.00021779999951831996,0.0010995000193361193,0.0013173000188544393
DEV-1500,LOW,MEDIUM,14,2,1,0,Optimization terminated successfully. (HiGHS Status 7: Optimal),True,717.0,717.0,0.0,0,717,717,0,1.0,717,True,0.0,9047,717,0.0792527909804355,84,48,0.00017469999147579074,0.000814300001366064,0.0009889999928418547
DEV-1501,HIGH,MEDIUM,11,3,2,0,Optimization terminated successfully. (HiGHS Status 7: Optimal),True,1276.0,1276.0,0.0,1,1276,1276,0,1.0,1276,True,0.0,9207,1276,0.13859020310633213,99,42,0.00017479999223724008,0.007037100003799424,0.007211899996036664
DEV-1502,HIGH,LARGE,21,3,1,0,Optimization terminated successfully. (HiGHS Status 7: Optimal),True,1291.0,1291.0,0.0,0,1291,1291,0,1.0,1291,True,0.0,14124,1291,0.09140470121778534,189,72,0.00022829999215900898,0.0011520000116433948,0.0013803000038024038
DEV-1503,HIGH,SMALL,4,5,1,0,Optimization terminated successfully. (HiGHS Status 7: Optimal),True,1309.0,1309.0,0.0,0,1309,1309,0,1.0,1309,True,0.0,3734,1309,0.3505623995715051,60,27,0.00015279999934136868,0.0007593999907840043,0.000912199990125373
DEV-1504,HIGH,SMALL,3,2,1,0,Optimization terminated successfully. (HiGHS Status 7: Optimal),True,274.0,274.0,0.0,0,274,274,0,1.0,274,True,0.0,1985,274,0.1380352644836272,18,15,0.00012469998910091817,0.0006451000226661563,0.0007698000117670745
DEV-1505,HIGH,LARGE,27,5,4,0,Optimization terminated successfully. (HiGHS Status 7: Optimal),True,1490.0,1490.0,0.0,0,1490,1490,0,1.0,1490,True,0.0,14472,1490,0.10295743504698729,405,96,0.00032980000833049417,0.0016544000245630741,0.0019842000328935683
DEV-1506,HIGH,MEDIUM,11,2,1,0,Optimization terminated successfully. (HiGHS Status 7: Optimal),True,350.0,350.0,0.0,0,350,350,0,1.0,350,True,0.0,6576,350,0.05322384428223844,66,39,0.00015810001059435308,0.000769799982663244,0.0009278999932575971
DEV-1507,MODERATE,LARGE,30,4,2,0,Optimization terminated successfully. (HiGHS Status 7: Optimal),True,1735.0,1735.0,0.0,0,1735,1735,0,1.0,1735,True,0.0,18436,1735,0.0941093512692558,360,102,0.0003110000106971711,0.001433600002201274,0.0017446000128984451
DEV-1508,HIGH,LARGE,22,3,5,0,Optimization terminated successfully. (HiGHS Status 7: Optimal),True,3505.0,3505.0,0.0,1,3505,3505,0,1.0,3505,True,0.0,14914,3505,0.23501408072951588,198,75,0.00022730001364834607,0.005571799993049353,0.005799100006697699
DEV-1509,HIGH,LARGE,28,4,10,0,Optimization terminated successfully. (HiGHS Status 7: Optimal),True,4875.0,4875.0,0.0,1,4875,4875,0,1.0,4875,True,0.0,15767,4875,0.30919008054798,336,96,0.00030220000189729035,0.0033688000112306327,0.003671000013127923
DEV-1510,HIGH,MEDIUM,11,3,1,0,Optimization terminated successfully. (HiGHS Status 7: Optimal),True,1110.0,1110.0,0.0,0,1110,1110,0,1.0,1110,True,0.0,8519,1110,0.13029698321399225,99,42,0.00018199998885393143,0.0009002000151667744,0.0010822000040207058
DEV-1511,HIGH,LARGE,24,2,2,0,Optimization terminated successfully. (HiGHS Status 7: Optimal),True,411.0,411.0,0.0,0,411,411,0,1.0,411,True,0.0,15816,411,0.025986342943854324,144,78,0.0002083999861497432,0.0009476999985054135,0.0011560999846551567
DEV-1512,HIGH,MEDIUM,11,3,1,0,Optimization terminated successfully. (HiGHS Status 7: Optimal),True,1231.0,1231.0,0.0,0,1231,1231,0,1.0,1231,True,0.0,13844,1231,0.0889193874602716,99,42,0.00017179999849759042,0.0008313000143971294,0.0010031000128947198
DEV-1513,LOW,SMALL,4,3,1,0,Optimization terminated successfully. (HiGHS Status 7: Optimal),True,453.0,453.0,0.0,0,453,453,0,1.0,453,True,0.0,2009,453,0.22548531607765057,36,21,0.0001336999994236976,0.0006757999944966286,0.0008094999939203262
DEV-1514,HIGH,SMALL,3,3,1,0,Optimization terminated successfully. (HiGHS Status 7: Optimal),True,66.0,66.0,0.0,0,66,66,0,1.0,66,True,0.0,2331,66,0.028314028314028315,27,18,0.0001278999843634665,0.000655500014545396,0.0007833999989088625
DEV-1515,HIGH,LARGE,28,2,4,0,Optimization terminated successfully. (HiGHS Status 7: Optimal),True,1982.0,1982.0,0.0,0,1982,1982,0,1.0,1982,True,0.0,16825,1982,0.11780089153046062,168,90,0.00022020001779310405,0.000999299983959645,0.001219500001752749
DEV-1516,HIGH,MEDIUM,9,5,4,0,Optimization terminated successfully. (HiGHS Status 7: Optimal),True,1383.0,1383.0,0.0,1,1383,1383,0,1.0,1383,True,0.0,5328,1383,0.25957207207207206,135,42,0.00019300001440569758,0.0033056999964173883,0.003498700010823086
DEV-1517,MODERATE,MEDIUM,13,2,5,0,Optimization terminated successfully. (HiGHS Status 7: Optimal),True,1722.0,1722.0,0.0,0,1722,1722,0,1.0,1722,True,0.0,8121,1722,0.2120428518655338,78,45,0.0001694000093266368,0.0008317999891005456,0.0010011999984271824
DEV-1518,HIGH,SMALL,3,3,2,0,Optimization terminated successfully. (HiGHS Status 7: Optimal),True,1709.0,1709.0,0.0,0,2048,1709,339,0.83447265625,1709,True,0.0,3412,1709,0.5008792497069168,27,18,0.00013080000644549727,0.0006720999954268336,0.0008029000018723309
DEV-1519,LOW,SMALL,5,3,1,0,Optimization terminated successfully. (HiGHS Status 7: Optimal),True,506.0,506.0,0.0,0,506,506,0,1.0,506,True,0.0,4422,506,0.11442786069651742,45,24,0.00013880000915378332,0.0007036000024527311,0.0008424000116065145
DEV-1520,HIGH,SMALL,3,3,2,0,Optimization terminated successfully. (HiGHS Status 7: Optimal),True,1058.0,1058.0,0.0,0,2376,1058,1318,0.4452861952861953,1058,True,0.0,2551,1058,0.4147393179145433,27,18,0.000129100022604689,0.0006529999955091625,0.0007821000181138515
DEV-1521,MODERATE,MEDIUM,13,2,2,0,Optimization terminated successfully. (HiGHS Status 7: Optimal),True,599.0,599.0,0.0,0,599,599,0,1.0,599,True,0.0,7827,599,0.07652996039350965,78,45,0.00016460000188089907,0.0007882999780122191,0.0009528999798931181
DEV-1522,MODERATE,MEDIUM,13,2,3,0,Optimization terminated successfully. (HiGHS Status 7: Optimal),True,1663.0,1663.0,0.0,0,1663,1663,0,1.0,1663,True,0.0,10952,1663,0.15184441197954712,78,45,0.00016240001423284411,0.0008999999845400453,0.0010623999987728894
DEV-1523,HIGH,LARGE,27,5,1,0,Optimization terminated successfully. (HiGHS Status 7: Optimal),True,1340.0,1340.0,0.0,0,1340,1340,0,1.0,1340,True,0.0,17571,1340,0.07626202265095897,405,96,0.00035200000274926424,0.001592999993590638,0.0019449999963399023
DEV-1524,HIGH,MEDIUM,8,2,2,0,Optimization terminated successfully. (HiGHS Status 7: Optimal),True,1359.0,1359.0,0.0,0,1359,1359,0,1.0,1359,True,0.0,6448,1359,0.21076302729528537,48,30,0.00014299998292699456,0.0007285000174306333,0.0008715000003576279
DEV-1525,MODERATE,LARGE,22,5,4,0,Optimization terminated successfully. (HiGHS Status 7: Optimal),True,2923.0,2923.0,0.0,0,2923,2923,0,1.0,2923,True,0.0,18231,2923,0.16033130382315836,330,81,0.00029070000164210796,0.0013777999847661704,0.0016684999864082783
DEV-1526,HIGH,LARGE,21,3,6,0,Optimization terminated successfully. (HiGHS Status 7: Optimal),True,4090.0,4090.0,0.0,0,4090,4090,0,1.0,4090,True,0.0,17739,4090,0.23056542082417272,189,72,0.00022539999918080866,0.001107100018998608,0.0013325000181794167
DEV-1527,HIGH,MEDIUM,12,5,1,0,Optimization terminated successfully. (HiGHS Status 7: Optimal),True,767.0,767.0,0.0,0,767,767,0,1.0,767,True,0.0,6721,767,0.11411992263056092,180,51,0.0002108000044245273,0.0010368999792262912,0.0012476999836508185
DEV-1528,MODERATE,LARGE,20,4,2,0,Optimization terminated successfully. (HiGHS Status 7: Optimal),True,381.0,381.0,0.0,0,381,381,0,1.0,381,True,0.0,18408,381,0.020697522816166884,240,72,0.00024200000916607678,0.0011688999948091805,0.0014109000039752573
DEV-1529,HIGH,SMALL,6,4,1,0,Optimization terminated successfully. (HiGHS Status 7: Optimal),True,622.0,622.0,0.0,0,622,622,0,1.0,622,True,0.0,4528,622,0.13736749116607774,72,30,0.00015539999003522098,0.0007724000024609268,0.0009277999924961478
DEV-1530,HIGH,SMALL,6,5,1,0,Optimization terminated successfully. (HiGHS Status 7: Optimal),True,1225.0,1225.0,0.0,0,1225,1225,0,1.0,1225,True,0.0,7218,1225,0.16971460238293157,90,33,0.00016300001880154014,0.0008311999845318496,0.0009942000033333898
DEV-1531,HIGH,MEDIUM,10,5,1,0,Optimization terminated successfully. (HiGHS Status 7: Optimal),True,17.0,17.0,0.0,0,17,17,0,1.0,17,True,0.0,8077,17,0.002104741859601337,150,45,0.0001947999990079552,0.0009500000160187483,0.0011448000150267035
DEV-1532,LOW,LARGE,21,4,3,0,Optimization terminated successfully. (HiGHS Status 7: Optimal),True,1915.0,1915.0,0.0,0,1915,1915,0,1.0,1915,True,0.0,15831,1915,0.12096519487082306,252,75,0.00024930000654421747,0.001218899997184053,0.0014682000037282705
DEV-1533,MODERATE,MEDIUM,14,5,4,0,Optimization terminated successfully. (HiGHS Status 7: Optimal),True,1584.0,1584.0,0.0,0,1584,1584,0,1.0,1584,True,0.0,9051,1584,0.1750082863771959,210,57,0.0002232000115327537,0.001429900003131479,0.0016531000146642327
DEV-1534,LOW,MEDIUM,12,5,2,0,Optimization terminated successfully. (HiGHS Status 7: Optimal),True,552.0,552.0,0.0,0,552,552,0,1.0,552,True,0.0,7413,552,0.0744637798462161,180,51,0.00021130000823177397,0.0010489000123925507,0.0012602000206243247
DEV-1535,LOW,MEDIUM,9,2,2,0,Optimization terminated successfully. (HiGHS Status 7: Optimal),True,1681.0,1681.0,0.0,0,1681,1681,0,1.0,1681,True,0.0,5976,1681,0.2812918340026774,54,33,0.00014820002252236009,0.0007687999750487506,0.0009169999975711107
DEV-1536,MODERATE,MEDIUM,14,4,2,0,Optimization terminated successfully. (HiGHS Status 7: Optimal),True,1566.0,1566.0,0.0,0,1566,1566,0,1.0,1566,True,0.0,7623,1566,0.20543093270365997,168,54,0.00020680000307038426,0.0010341999877709895,0.0012409999908413738
DEV-1537,LOW,SMALL,6,5,1,0,Optimization terminated successfully. (HiGHS Status 7: Optimal),True,552.0,552.0,0.0,0,552,552,0,1.0,552,True,0.0,4517,552,0.12220500332078814,90,33,0.00016450000111944973,0.0008085000154096633,0.0009730000165291131
DEV-1538,MODERATE,SMALL,5,3,1,0,Optimization terminated successfully. (HiGHS Status 7: Optimal),True,11.0,11.0,0.0,0,11,11,0,1.0,11,True,0.0,3079,11,0.0035725885027606367,45,24,0.00014019999071024358,0.000698099989676848,0.0008382999803870916
DEV-1539,HIGH,LARGE,23,2,1,0,Optimization terminated successfully. (HiGHS Status 7: Optimal),True,1918.0,1918.0,0.0,0,1918,1918,0,1.0,1918,True,0.0,18692,1918,0.10261074256366359,138,75,0.0002018999948631972,0.0009301000100094825,0.0011320000048726797
DEV-1540,LOW,MEDIUM,9,4,3,0,Optimization terminated successfully. (HiGHS Status 7: Optimal),True,4339.0,4339.0,0.0,1,4339,4339,0,1.0,4339,True,0.0,9661,4339,0.44912534934271814,108,39,0.00017250000382773578,0.005375499982619658,0.005547999986447394
DEV-1541,MODERATE,SMALL,5,4,1,0,Optimization terminated successfully. (HiGHS Status 7: Optimal),True,292.0,292.0,0.0,0,292,292,0,1.0,292,True,0.0,6243,292,0.046772385071279836,60,27,0.0001534000039100647,0.000769499980378896,0.0009228999842889607
DEV-1542,HIGH,MEDIUM,9,2,1,0,Optimization terminated successfully. (HiGHS Status 7: Optimal),True,1554.0,1554.0,0.0,0,1554,1554,0,1.0,1554,True,0.0,8911,1554,0.1743912018853103,54,33,0.00014910000027157366,0.0007387000077869743,0.000887800008058548
DEV-1543,MODERATE,SMALL,4,4,1,0,Optimization terminated successfully. (HiGHS Status 7: Optimal),True,832.0,832.0,0.0,0,832,832,0,1.0,832,True,0.0,4571,832,0.18201706409975935,48,24,0.00014020001981407404,0.00080750000779517,0.000947700027609244
DEV-1544,HIGH,LARGE,19,2,2,0,Optimization terminated successfully. (HiGHS Status 7: Optimal),True,1474.0,1474.0,0.0,0,1474,1474,0,1.0,1474,True,0.0,13472,1474,0.10941211401425179,114,63,0.000225499999942258,0.0008820999937597662,0.0011075999937020242
DEV-1545,HIGH,LARGE,22,3,2,0,Optimization terminated successfully. (HiGHS Status 7: Optimal),True,484.0,484.0,0.0,0,484,484,0,1.0,484,True,0.0,12592,484,0.03843710292249047,198,75,0.00022590000298805535,0.001065999997081235,0.0012919000000692904
DEV-1546,MODERATE,SMALL,5,5,1,0,Optimization terminated successfully. (HiGHS Status 7: Optimal),True,510.0,510.0,0.0,0,510,510,0,1.0,510,True,0.0,6033,510,0.08453505718547986,75,30,0.0001568000006955117,0.0007737000123597682,0.0009305000130552799
DEV-1547,MODERATE,LARGE,18,4,2,0,Optimization terminated successfully. (HiGHS Status 7: Optimal),True,1572.0,1572.0,0.0,0,1572,1572,0,1.0,1572,True,0.0,11437,1572,0.1374486316341698,216,66,0.0002305000089108944,0.001119799999287352,0.0013503000081982464
DEV-1548,HIGH,SMALL,6,3,3,0,Optimization terminated successfully. (HiGHS Status 7: Optimal),True,1765.0,1765.0,0.0,1,1882,1765,117,0.9378320935175345,1765,True,0.0,4913,1765,0.35925096682271523,54,27,0.0001466000103391707,0.004260899993823841,0.004407500004163012
DEV-1549,HIGH,SMALL,6,2,1,0,Optimization terminated successfully. (HiGHS Status 7: Optimal),True,18.0,18.0,0.0,0,18,18,0,1.0,18,True,0.0,1558,18,0.011553273427471117,36,24,0.00014699998428113759,0.0006884000031277537,0.0008353999874088913
DEV-1550,HIGH,SMALL,5,3,1,0,Optimization terminated successfully. (HiGHS Status 7: Optimal),True,650.0,650.0,0.0,0,650,650,0,1.0,650,True,0.0,4123,650,0.15765219500363814,45,24,0.00014200000441633165,0.0007186000002548099,0.0008606000046711415
DEV-1551,LOW,LARGE,22,3,4,0,Optimization terminated successfully. (HiGHS Status 7: Optimal),True,2977.0,2977.0,0.0,0,2977,2977,0,1.0,2977,True,0.0,15304,2977,0.19452430737062207,198,75,0.00022780001745559275,0.0010973000025842339,0.0013251000200398266
DEV-1552,HIGH,MEDIUM,8,5,1,0,Optimization terminated successfully. (HiGHS Status 7: Optimal),True,1482.0,1482.0,0.0,0,1482,1482,0,1.0,1482,True,0.0,5542,1482,0.2674124864669794,120,39,0.00018090000958181918,0.0009014999959617853,0.0010824000055436045
DEV-1553,MODERATE,MEDIUM,10,4,5,0,Optimization terminated successfully. (HiGHS Status 7: Optimal),True,4245.0,4245.0,0.0,1,4245,4245,0,1.0,4245,True,0.0,9619,4245,0.44131406591121736,120,42,0.0001804000057745725,0.003029600018635392,0.0032100000244099647
DEV-1554,MODERATE,LARGE,25,2,2,0,Optimization terminated successfully. (HiGHS Status 7: Optimal),True,1528.0,1528.0,0.0,0,1528,1528,0,1.0,1528,True,0.0,17168,1528,0.08900279589934762,150,81,0.00021589998505078256,0.0009886000188998878,0.0012045000039506704
DEV-1555,HIGH,MEDIUM,9,3,1,0,Optimization terminated successfully. (HiGHS Status 7: Optimal),True,3.0,3.0,0.0,0,3,3,0,1.0,3,True,0.0,5444,3,0.0005510653930933138,81,36,0.00016269998741336167,0.0008037000079639256,0.0009663999953772873
DEV-1556,HIGH,SMALL,3,3,1,0,Optimization terminated successfully. (HiGHS Status 7: Optimal),True,27.0,27.0,0.0,0,29,27,2,0.9310344827586207,27,True,0.0,553,27,0.048824593128390596,27,18,0.00013390000094659626,0.0006561999907717109,0.0007900999917183071
DEV-1557,HIGH,LARGE,30,4,1,0,Optimization terminated successfully. (HiGHS Status 7: Optimal),True,426.0,426.0,0.0,0,426,426,0,1.0,426,True,0.0,26651,426,0.015984390829612397,360,102,0.0003118000167887658,0.0014723000058438629,0.0017841000226326287
DEV-1558,HIGH,MEDIUM,8,2,2,0,Optimization terminated successfully. (HiGHS Status 7: Optimal),True,1318.0,1318.0,0.0,0,1318,1318,0,1.0,1318,True,0.0,5747,1318,0.22933704541499914,48,30,0.0001453000004403293,0.0007259999983943999,0.0008712999988347292
DEV-1559,MODERATE,MEDIUM,11,3,3,0,Optimization terminated successfully. (HiGHS Status 7: Optimal),True,2344.0,2344.0,0.0,0,2344,2344,0,1.0,2344,True,0.0,10705,2344,0.21896310135450725,99,42,0.00017069999012164772,0.0008763000078033656,0.0010469999979250133
DEV-1560,HIGH,SMALL,6,3,1,0,Optimization terminated successfully. (HiGHS Status 7: Optimal),True,776.0,776.0,0.0,0,776,776,0,1.0,776,True,0.0,4943,776,0.156989682379122,54,27,0.0001440000196453184,0.0007231999770738184,0.0008671999967191368
DEV-1561,HIGH,MEDIUM,12,5,2,0,Optimization terminated successfully. (HiGHS Status 7: Optimal),True,1935.0,1935.0,0.0,1,1935,1935,0,1.0,1935,True,0.0,7987,1935,0.2422686866157506,180,51,0.00020879998919554055,0.004713200003607199,0.004921999992802739
DEV-1562,MODERATE,SMALL,6,2,1,0,Optimization terminated successfully. (HiGHS Status 7: Optimal),True,564.0,564.0,0.0,0,564,564,0,1.0,564,True,0.0,3436,564,0.16414435389988358,36,24,0.00013780000153928995,0.0007518000202253461,0.000889600021764636
DEV-1563,MODERATE,SMALL,3,2,1,0,Optimization terminated successfully. (HiGHS Status 7: Optimal),True,126.0,126.0,0.0,0,130,126,4,0.9692307692307692,126,True,0.0,832,126,0.15144230769230768,18,15,0.00014470002497546375,0.0007010999834164977,0.0008458000083919615
DEV-1564,MODERATE,MEDIUM,14,2,1,0,Optimization terminated successfully. (HiGHS Status 7: Optimal),True,486.0,486.0,0.0,0,486,486,0,1.0,486,True,0.0,8680,486,0.05599078341013825,84,48,0.00017179999849759042,0.000812400016002357,0.0009842000144999474
DEV-1565,MODERATE,MEDIUM,12,4,5,0,Optimization terminated successfully. (HiGHS Status 7: Optimal),True,2534.0,2534.0,0.0,1,2534,2534,0,1.0,2534,True,0.0,7113,2534,0.3562491213271475,144,48,0.00019550000433810055,0.004698300006566569,0.00489380001090467
DEV-1566,HIGH,SMALL,3,2,1,0,Optimization terminated successfully. (HiGHS Status 7: Optimal),True,380.0,380.0,0.0,0,458,380,78,0.8296943231441049,380,True,0.0,896,380,0.42410714285714285,18,15,0.00013050000416114926,0.0006451999943237752,0.0007756999984849244
DEV-1567,HIGH,SMALL,6,4,1,0,Optimization terminated successfully. (HiGHS Status 7: Optimal),True,79.0,79.0,0.0,0,79,79,0,1.0,79,True,0.0,3895,79,0.020282413350449294,72,30,0.00018549998640082777,0.0008043000125326216,0.0009897999989334494
DEV-1568,HIGH,SMALL,5,2,1,0,Optimization terminated successfully. (HiGHS Status 7: Optimal),True,307.0,307.0,0.0,0,307,307,0,1.0,307,True,0.0,2473,307,0.12414071977355438,30,21,0.00013249999028630555,0.0006792000203859061,0.0008117000106722116
DEV-1569,LOW,MEDIUM,12,5,3,0,Optimization terminated successfully. (HiGHS Status 7: Optimal),True,3109.0,3109.0,0.0,1,3109,3109,0,1.0,3109,True,0.0,9145,3109,0.33996719518862767,180,51,0.00021240001660771668,0.004954899981385097,0.005167299997992814
DEV-1570,LOW,LARGE,28,4,4,0,Optimization terminated successfully. (HiGHS Status 7: Optimal),True,1658.0,1658.0,0.0,0,1658,1658,0,1.0,1658,True,0.0,22115,1658,0.07497173863893285,336,96,0.00030869999318383634,0.0016036999877542257,0.001912399980938062
DEV-1571,HIGH,MEDIUM,10,5,1,0,Optimization terminated successfully. (HiGHS Status 7: Optimal),True,12.0,12.0,0.0,0,12,12,0,1.0,12,True,0.0,4666,12,0.002571795970852979,150,45,0.00020820001373067498,0.0009584999934304506,0.0011667000071611255
DEV-1572,HIGH,MEDIUM,13,5,6,0,Optimization terminated successfully. (HiGHS Status 7: Optimal),True,4698.0,4698.0,0.0,1,5646,4698,948,0.8320935175345378,4698,True,0.0,10124,4698,0.4640458316870802,195,54,0.00023189999046735466,0.0031710999901406467,0.0034029999806080014
DEV-1573,HIGH,MEDIUM,10,5,1,0,Optimization terminated successfully. (HiGHS Status 7: Optimal),True,416.0,416.0,0.0,0,416,416,0,1.0,416,True,0.0,7417,416,0.05608736685991641,150,45,0.0001990000018849969,0.000986300001386553,0.00118530000327155
DEV-1574,HIGH,SMALL,6,4,1,0,Optimization terminated successfully. (HiGHS Status 7: Optimal),True,1276.0,1276.0,0.0,0,1276,1276,0,1.0,1276,True,0.0,5720,1276,0.2230769230769231,72,30,0.00015549999079667032,0.0007734000100754201,0.0009289000008720905
DEV-1575,HIGH,MEDIUM,11,2,1,0,Optimization terminated successfully. (HiGHS Status 7: Optimal),True,1989.0,1989.0,0.0,0,1989,1989,0,1.0,1989,True,0.0,10113,1989,0.19667754375556215,66,39,0.00015830001211725175,0.0007813000120222569,0.0009396000241395086
DEV-1576,MODERATE,MEDIUM,10,4,2,0,Optimization terminated successfully. (HiGHS Status 7: Optimal),True,880.0,880.0,0.0,0,880,880,0,1.0,880,True,0.0,8819,880,0.09978455607211702,120,42,0.00017929999739862978,0.0009185000089928508,0.0010978000063914806
DEV-1577,HIGH,MEDIUM,13,3,4,0,Optimization terminated successfully. (HiGHS Status 7: Optimal),True,3208.0,3208.0,0.0,1,3208,3208,0,1.0,3208,True,0.0,7779,3208,0.4123923383468312,117,48,0.0001875000016298145,0.0039459999825339764,0.004133499984163791
DEV-1578,HIGH,MEDIUM,8,5,2,0,Optimization terminated successfully. (HiGHS Status 7: Optimal),True,769.0,769.0,0.0,1,781,769,12,0.9846350832266325,769,True,0.0,5889,769,0.13058244184072,120,39,0.00018239999189972878,0.005524000007426366,0.005706399999326095
DEV-1579,LOW,MEDIUM,10,5,1,0,Optimization terminated successfully. (HiGHS Status 7: Optimal),True,113.0,113.0,0.0,0,113,113,0,1.0,113,True,0.0,5926,113,0.019068511643604454,150,45,0.0001993000041693449,0.0009663999953772873,0.0011656999995466322
DEV-1580,HIGH,MEDIUM,11,4,1,0,Optimization terminated successfully. (HiGHS Status 7: Optimal),True,417.0,417.0,0.0,0,417,417,0,1.0,417,True,0.0,6837,417,0.060991663010092144,132,45,0.00018699999782256782,0.0009105000062845647,0.0010975000041071326
DEV-1581,MODERATE,LARGE,21,3,2,0,Optimization terminated successfully. (HiGHS Status 7: Optimal),True,890.0,890.0,0.0,0,890,890,0,1.0,890,True,0.0,14581,890,0.061038337562581445,189,72,0.00022319998242892325,0.001051200000802055,0.0012743999832309783
DEV-1582,MODERATE,LARGE,19,3,1,0,Optimization terminated successfully. (HiGHS Status 7: Optimal),True,704.0,704.0,0.0,0,704,704,0,1.0,704,True,0.0,10059,704,0.06998707625012426,171,66,0.0002179000002797693,0.0010071999859064817,0.001225099986186251
DEV-1583,HIGH,SMALL,3,3,1,0,Optimization terminated successfully. (HiGHS Status 7: Optimal),True,355.0,355.0,0.0,0,355,355,0,1.0,355,True,0.0,1840,355,0.19293478260869565,27,18,0.0001289999927394092,0.0006741000106558204,0.0008031000033952296
DEV-1584,MODERATE,SMALL,5,4,2,0,Optimization terminated successfully. (HiGHS Status 7: Optimal),True,1699.0,1699.0,0.0,1,1699,1699,0,1.0,1699,True,0.0,3791,1699,0.4481667106304405,60,27,0.00014560000272467732,0.004927599977236241,0.005073199979960918
DEV-1585,MODERATE,MEDIUM,12,5,2,0,Optimization terminated successfully. (HiGHS Status 7: Optimal),True,922.0,922.0,0.0,0,922,922,0,1.0,922,True,0.0,9929,922,0.0928593010373653,180,51,0.00021520000882446766,0.0011507000017445534,0.001365900010569021
DEV-1586,MODERATE,MEDIUM,12,4,3,0,Optimization terminated successfully. (HiGHS Status 7: Optimal),True,699.0,699.0,0.0,1,699,699,0,1.0,699,True,0.0,5810,699,0.12030981067125646,144,48,0.00019920000340789557,0.004965400003129616,0.005164600006537512
DEV-1587,HIGH,MEDIUM,9,4,1,0,Optimization terminated successfully. (HiGHS Status 7: Optimal),True,1422.0,1422.0,0.0,0,1422,1422,0,1.0,1422,True,0.0,6193,1422,0.22961408041336995,108,39,0.0001838000025600195,0.0008892000187188387,0.0010730000212788582
DEV-1588,MODERATE,MEDIUM,12,5,3,0,Optimization terminated successfully. (HiGHS Status 7: Optimal),True,2197.0,2197.0,0.0,1,2197,2197,0,1.0,2197,True,0.0,11296,2197,0.19449362606232296,180,51,0.0002114999806508422,0.005008600011933595,0.005220099992584437
DEV-1589,HIGH,MEDIUM,8,2,1,0,Optimization terminated successfully. (HiGHS Status 7: Optimal),True,320.0,320.0,0.0,0,320,320,0,1.0,320,True,0.0,6802,320,0.047044986768597474,48,30,0.00014799999189563096,0.0007444000220857561,0.000892400013981387
DEV-1590,LOW,MEDIUM,9,5,1,0,Optimization terminated successfully. (HiGHS Status 7: Optimal),True,400.0,400.0,0.0,0,400,400,0,1.0,400,True,0.0,6455,400,0.061967467079783116,135,42,0.00019210000755265355,0.0009475999977439642,0.0011397000052966177
DEV-1591,HIGH,SMALL,5,3,1,0,Optimization terminated successfully. (HiGHS Status 7: Optimal),True,1335.0,1335.0,0.0,0,1335,1335,0,1.0,1335,True,0.0,3251,1335,0.41064287911411873,45,24,0.00013989998842589557,0.0008169000211637467,0.0009568000095896423
DEV-1592,HIGH,LARGE,25,2,4,0,Optimization terminated successfully. (HiGHS Status 7: Optimal),True,3291.0,3291.0,0.0,0,3291,3291,0,1.0,3291,True,0.0,18873,3291,0.17437609283102845,150,81,0.00021180001203902066,0.0010221000120509416,0.0012339000240899622
DEV-1593,HIGH,SMALL,3,4,2,0,Optimization terminated successfully. (HiGHS Status 7: Optimal),True,1106.0,1106.0,0.0,1,1106,1106,0,1.0,1106,True,0.0,2545,1106,0.4345776031434185,36,21,0.00013569998554885387,0.006029599986504763,0.006165299972053617
DEV-1594,LOW,LARGE,25,4,3,0,Optimization terminated successfully. (HiGHS Status 7: Optimal),True,2584.0,2584.0,0.0,0,2584,2584,0,1.0,2584,True,0.0,18989,2584,0.1360787824529991,300,87,0.0002862999972421676,0.001323400007095188,0.0016097000043373555
DEV-1595,MODERATE,LARGE,18,5,7,0,Optimization terminated successfully. (HiGHS Status 7: Optimal),True,3561.0,3561.0,0.0,1,3561,3561,0,1.0,3561,True,0.0,13200,3561,0.2697727272727273,270,69,0.0002587999915704131,0.003468900016741827,0.0037277000083122402
DEV-1596,LOW,MEDIUM,13,2,1,0,Optimization terminated successfully. (HiGHS Status 7: Optimal),True,31.0,31.0,0.0,0,31,31,0,1.0,31,True,0.0,8805,31,0.0035207268597387846,78,45,0.00016910000704228878,0.0008024999988265336,0.0009716000058688223
DEV-1597,LOW,SMALL,4,3,1,0,Optimization terminated successfully. (HiGHS Status 7: Optimal),True,965.0,965.0,0.0,0,965,965,0,1.0,965,True,0.0,2409,965,0.4005811540058115,36,21,0.00013470000703819096,0.0006981999904382974,0.0008328999974764884
DEV-1598,MODERATE,SMALL,4,2,1,0,Optimization terminated successfully. (HiGHS Status 7: Optimal),True,586.0,586.0,0.0,0,586,586,0,1.0,586,True,0.0,2397,586,0.24447225698790154,24,18,0.00012689997674897313,0.0007217999955173582,0.0008486999722663313
DEV-1599,HIGH,SMALL,6,5,1,0,Optimization terminated successfully. (HiGHS Status 7: Optimal),True,399.0,399.0,0.0,0,399,399,0,1.0,399,True,0.0,6584,399,0.06060145808019441,90,33,0.00016739999409765005,0.0008150000066962093,0.0009824000007938594
DEV-1600,LOW,LARGE,29,4,5,0,Optimization terminated successfully. (HiGHS Status 7: Optimal),True,3275.0,3275.0,0.0,0,3275,3275,0,1.0,3275,True,0.0,20877,3275,0.15687119796905685,348,99,0.0003029000072274357,0.0014621999871451408,0.0017650999943725765
DEV-1601,MODERATE,SMALL,4,2,1,0,Optimization terminated successfully. (HiGHS Status 7: Optimal),True,765.0,765.0,0.0,0,765,765,0,1.0,765,True,0.0,6029,765,0.1268867142146293,24,18,0.0001281999866478145,0.0006427000043913722,0.0007708999910391867
DEV-1602,MODERATE,LARGE,29,3,5,0,Optimization terminated successfully. (HiGHS Status 7: Optimal),True,1993.0,1993.0,0.0,0,1993,1993,0,1.0,1993,True,0.0,14896,1993,0.13379430719656282,261,96,0.00026630001957528293,0.0012245999823790044,0.0014909000019542873
DEV-1603,HIGH,LARGE,18,3,3,0,Optimization terminated successfully. (HiGHS Status 7: Optimal),True,2192.0,2192.0,0.0,0,2192,2192,0,1.0,2192,True,0.0,14066,2192,0.1558367695151429,162,63,0.0002109999768435955,0.0010200999968219548,0.0012310999736655504
DEV-1604,MODERATE,MEDIUM,12,4,2,0,Optimization terminated successfully. (HiGHS Status 7: Optimal),True,2264.0,2264.0,0.0,0,2264,2264,0,1.0,2264,True,0.0,8950,2264,0.2529608938547486,144,48,0.00019359998987056315,0.0009514999983366579,0.001145099988207221
DEV-1605,HIGH,MEDIUM,14,4,7,0,Optimization terminated successfully. (HiGHS Status 7: Optimal),True,5652.0,5652.0,0.0,1,9890,5652,4238,0.5714863498483317,5652,True,0.0,16242,5652,0.34798670114517916,168,54,0.00020769998081959784,0.002963700011605397,0.0031713999924249947
DEV-1606,HIGH,LARGE,23,3,1,0,Optimization terminated successfully. (HiGHS Status 7: Optimal),True,1245.0,1245.0,0.0,0,1245,1245,0,1.0,1245,True,0.0,20578,1245,0.06050150646321314,207,78,0.0002406999992672354,0.001130599994212389,0.0013712999934796244
DEV-1607,HIGH,SMALL,6,5,1,0,Optimization terminated successfully. (HiGHS Status 7: Optimal),True,379.0,379.0,0.0,0,379,379,0,1.0,379,True,0.0,3618,379,0.10475400773908236,90,33,0.00016629998572170734,0.0008230000094044954,0.0009892999951262027
DEV-1608,HIGH,SMALL,3,2,1,0,Optimization terminated successfully. (HiGHS Status 7: Optimal),True,758.0,758.0,0.0,0,1009,758,251,0.7512388503468781,758,True,0.0,1501,758,0.5049966688874084,18,15,0.00012939999578520656,0.0006333000201266259,0.0007627000159118325
DEV-1609,MODERATE,MEDIUM,10,4,3,0,Optimization terminated successfully. (HiGHS Status 7: Optimal),True,1064.0,1064.0,0.0,0,1064,1064,0,1.0,1064,True,0.0,6067,1064,0.17537497939673644,120,42,0.0001996999781113118,0.0009291000023949891,0.001128799980506301
DEV-1610,MODERATE,MEDIUM,14,4,1,0,Optimization terminated successfully. (HiGHS Status 7: Optimal),True,204.0,204.0,0.0,0,204,204,0,1.0,204,True,0.0,8064,204,0.025297619047619048,168,54,0.0002182000025641173,0.0010036999883595854,0.0012218999909237027
DEV-1611,HIGH,SMALL,4,4,1,0,Optimization terminated successfully. (HiGHS Status 7: Optimal),True,445.0,445.0,0.0,0,445,445,0,1.0,445,True,0.0,1491,445,0.29845741113346747,48,24,0.00014119999832473695,0.000751899991882965,0.0008930999902077019
DEV-1612,MODERATE,MEDIUM,9,5,1,0,Optimization terminated successfully. (HiGHS Status 7: Optimal),True,98.0,98.0,0.0,0,98,98,0,1.0,98,True,0.0,6567,98,0.01492310035023603,135,42,0.00019880000036209822,0.0008993000083137304,0.0010981000086758286
DEV-1613,LOW,SMALL,6,2,1,0,Optimization terminated successfully. (HiGHS Status 7: Optimal),True,282.0,282.0,0.0,0,282,282,0,1.0,282,True,0.0,3996,282,0.07057057057057058,36,24,0.00013589998707175255,0.0006853000086266547,0.0008211999956984073
DEV-1614,HIGH,SMALL,5,5,2,0,Optimization terminated successfully. (HiGHS Status 7: Optimal),True,1671.0,1671.0,0.0,1,1704,1671,33,0.9806338028169014,1671,True,0.0,5256,1671,0.3179223744292237,75,30,0.0001564999984111637,0.0054629999794997275,0.005619499977910891
DEV-1615,MODERATE,SMALL,5,5,2,0,Optimization terminated successfully. (HiGHS Status 7: Optimal),True,1882.0,1882.0,0.0,1,1882,1882,0,1.0,1882,True,0.0,3990,1882,0.4716791979949875,75,30,0.00016610001330263913,0.0044772999826818705,0.00464339999598451
DEV-1616,HIGH,LARGE,25,3,8,0,Optimization terminated successfully. (HiGHS Status 7: Optimal),True,8065.0,8065.0,0.0,1,8065,8065,0,1.0,8065,True,0.0,19559,8065,0.412342144281405,225,84,0.0002531000063754618,0.003427699994063005,0.0036808000004384667
DEV-1617,HIGH,SMALL,3,2,2,0,Optimization terminated successfully. (HiGHS Status 7: Optimal),True,820.0,820.0,0.0,1,878,820,58,0.9339407744874715,820,True,0.0,2122,820,0.38642789820923656,18,15,0.00013070000568404794,0.006602300010854378,0.006733000016538426
DEV-1618,HIGH,MEDIUM,12,2,1,0,Optimization terminated successfully. (HiGHS Status 7: Optimal),True,410.0,410.0,0.0,0,410,410,0,1.0,410,True,0.0,5908,410,0.06939742721733243,72,42,0.00016789999790489674,0.0007998000073712319,0.0009677000052761286
DEV-1619,HIGH,SMALL,4,5,1,0,Optimization terminated successfully. (HiGHS Status 7: Optimal),True,671.0,671.0,0.0,0,743,671,72,0.9030955585464334,671,True,0.0,3992,671,0.16808617234468937,60,27,0.0001483999949414283,0.0008237999863922596,0.0009721999813336879
DEV-1620,HIGH,SMALL,5,5,2,0,Optimization terminated successfully. (HiGHS Status 7: Optimal),True,1990.0,1990.0,0.0,1,1990,1990,0,1.0,1990,True,0.0,4482,1990,0.44399821508255244,75,30,0.00015890001668594778,0.004424599988851696,0.004583500005537644
DEV-1621,HIGH,LARGE,23,2,2,0,Optimization terminated successfully. (HiGHS Status 7: Optimal),True,1454.0,1454.0,0.0,0,1454,1454,0,1.0,1454,True,0.0,15850,1454,0.09173501577287066,138,75,0.00021379999816417694,0.0010461999918334186,0.0012599999899975955
DEV-1622,HIGH,MEDIUM,10,4,4,0,Optimization terminated successfully. (HiGHS Status 7: Optimal),True,3564.0,3564.0,0.0,1,3564,3564,0,1.0,3564,True,0.0,10453,3564,0.34095474983258395,120,42,0.00018220001948066056,0.003935599990654737,0.004117800010135397
DEV-1623,HIGH,SMALL,4,2,1,0,Optimization terminated successfully. (HiGHS Status 7: Optimal),True,751.0,751.0,0.0,0,751,751,0,1.0,751,True,0.0,2579,751,0.2911981388134936,24,18,0.00013190001482143998,0.0007178999949246645,0.0008498000097461045
DEV-1624,MODERATE,MEDIUM,10,2,6,0,Optimization terminated successfully. (HiGHS Status 7: Optimal),True,6166.0,6166.0,0.0,1,6166,6166,0,1.0,6166,True,0.0,9848,6166,0.6261169780666125,60,36,0.0001551999885123223,0.004891999997198582,0.005047199985710904
DEV-1625,HIGH,LARGE,21,3,4,0,Optimization terminated successfully. (HiGHS Status 7: Optimal),True,4442.0,4442.0,0.0,1,4442,4442,0,1.0,4442,True,0.0,16583,4442,0.26786468069709946,189,72,0.000229199999012053,0.004126500018173829,0.004355700017185882
DEV-1626,HIGH,MEDIUM,9,3,1,0,Optimization terminated successfully. (HiGHS Status 7: Optimal),True,652.0,652.0,0.0,0,652,652,0,1.0,652,True,0.0,4781,652,0.13637314369378792,81,36,0.00019459999748505652,0.0009704999974928796,0.0011650999949779361
DEV-1627,MODERATE,MEDIUM,11,2,1,0,Optimization terminated successfully. (HiGHS Status 7: Optimal),True,583.0,583.0,0.0,0,583,583,0,1.0,583,True,0.0,8495,583,0.06862860506180106,66,39,0.0001779999874997884,0.0012833000218961388,0.0014613000093959272
DEV-1628,HIGH,LARGE,28,2,9,0,Optimization terminated successfully. (HiGHS Status 7: Optimal),True,6632.0,6632.0,0.0,1,6758,6632,126,0.9813554306007695,6632,True,0.0,20736,6632,0.31983024691358025,168,90,0.0003043999895453453,0.0034288000024389476,0.003733199991984293
DEV-1629,HIGH,SMALL,4,2,1,0,Optimization terminated successfully. (HiGHS Status 7: Optimal),True,271.0,271.0,0.0,0,459,271,188,0.5904139433551199,271,True,0.0,2328,271,0.11640893470790378,24,18,0.00013339999713934958,0.0006840999994892627,0.0008174999966286123
DEV-1630,MODERATE,SMALL,6,3,3,0,Optimization terminated successfully. (HiGHS Status 7: Optimal),True,987.0,987.0,0.0,0,987,987,0,1.0,987,True,0.0,4632,987,0.21308290155440415,54,27,0.0001511000155005604,0.0007664999866392463,0.0009176000021398067
DEV-1631,MODERATE,MEDIUM,11,4,2,0,Optimization terminated successfully. (HiGHS Status 7: Optimal),True,1045.0,1045.0,0.0,0,1045,1045,0,1.0,1045,True,0.0,8370,1045,0.12485065710872162,132,45,0.00019279998377896845,0.0009491000091657043,0.0011418999929446727
DEV-1632,HIGH,SMALL,5,3,1,0,Optimization terminated successfully. (HiGHS Status 7: Optimal),True,1715.0,1715.0,0.0,0,1831,1715,116,0.9366466411796832,1715,True,0.0,3693,1715,0.4643920931492012,45,24,0.0001432000135537237,0.0007221999985631555,0.0008654000121168792
DEV-1633,HIGH,MEDIUM,9,3,1,0,Optimization terminated successfully. (HiGHS Status 7: Optimal),True,1689.0,1689.0,0.0,0,1689,1689,0,1.0,1689,True,0.0,10949,1689,0.15426066307425335,81,36,0.00016240001423284411,0.0008038999803829938,0.0009662999946158379
DEV-1634,HIGH,SMALL,3,4,1,0,Optimization terminated successfully. (HiGHS Status 7: Optimal),True,19.0,19.0,0.0,0,29,19,10,0.6551724137931034,19,True,0.0,629,19,0.030206677265500796,36,21,0.00013200001558288932,0.0006633999873884022,0.0007954000029712915
DEV-1635,MODERATE,MEDIUM,13,2,3,0,Optimization terminated successfully. (HiGHS Status 7: Optimal),True,369.0,369.0,0.0,0,369,369,0,1.0,369,True,0.0,7954,369,0.04639175257731959,78,45,0.000162799988174811,0.0007995000050868839,0.0009622999932616949
DEV-1636,MODERATE,LARGE,23,2,1,0,Optimization terminated successfully. (HiGHS Status 7: Optimal),True,1055.0,1055.0,0.0,0,1055,1055,0,1.0,1055,True,0.0,16684,1055,0.06323423639415009,138,75,0.00020490001770667732,0.0009278999932575971,0.0011328000109642744
DEV-1637,MODERATE,LARGE,20,4,5,0,Optimization terminated successfully. (HiGHS Status 7: Optimal),True,2852.0,2852.0,0.0,0,2852,2852,0,1.0,2852,True,0.0,15124,2852,0.18857445120338534,240,72,0.00024369999300688505,0.001261299999896437,0.001504999992903322
DEV-1638,HIGH,SMALL,3,2,1,0,Optimization terminated successfully. (HiGHS Status 7: Optimal),True,729.0,729.0,0.0,0,1574,729,845,0.46315120711562896,729,True,0.0,2320,729,0.3142241379310345,18,15,0.00012509999214671552,0.0006456999981310219,0.0007707999902777374
DEV-1639,MODERATE,LARGE,19,4,1,0,Optimization terminated successfully. (HiGHS Status 7: Optimal),True,5.0,5.0,0.0,0,5,5,0,1.0,5,True,0.0,14778,5,0.0003383407768304236,228,69,0.00023800000781193376,0.001129300013417378,0.0013673000212293118
DEV-1640,HIGH,SMALL,3,5,1,0,Optimization terminated successfully. (HiGHS Status 7: Optimal),True,26.0,26.0,0.0,0,26,26,0,1.0,26,True,0.0,1385,26,0.018772563176895306,45,24,0.00013780000153928995,0.0007257999968715012,0.0008635999984107912
DEV-1641,MODERATE,MEDIUM,13,4,2,0,Optimization terminated successfully. (HiGHS Status 7: Optimal),True,643.0,643.0,0.0,0,643,643,0,1.0,643,True,0.0,7845,643,0.08196303377947738,156,51,0.00020199999562464654,0.0010082999942824244,0.001210299989907071
DEV-1642,MODERATE,MEDIUM,10,3,2,0,Optimization terminated successfully. (HiGHS Status 7: Optimal),True,1655.0,1655.0,0.0,0,1655,1655,0,1.0,1655,True,0.0,6804,1655,0.24323927101704879,90,39,0.00016830000095069408,0.0008396999910473824,0.0010079999919980764
DEV-1643,MODERATE,MEDIUM,12,3,5,0,Optimization terminated successfully. (HiGHS Status 7: Optimal),True,5221.0,5221.0,0.0,1,5221,5221,0,1.0,5221,True,0.0,9659,5221,0.5405321461849053,108,45,0.0001756999990902841,0.00389069999800995,0.004066399997100234
DEV-1644,MODERATE,LARGE,25,2,1,0,Optimization terminated successfully. (HiGHS Status 7: Optimal),True,1619.0,1619.0,0.0,0,1619,1619,0,1.0,1619,True,0.0,17299,1619,0.0935892248106827,150,81,0.00021810000180266798,0.001008300023386255,0.0012264000251889229
DEV-1645,HIGH,SMALL,3,5,1,0,Optimization terminated successfully. (HiGHS Status 7: Optimal),True,538.0,538.0,0.0,0,677,538,139,0.794682422451994,538,True,0.0,1609,538,0.3343691733996271,45,24,0.00014220000593923032,0.000731500011170283,0.0008737000171095133
DEV-1646,MODERATE,LARGE,19,5,4,0,Optimization terminated successfully. (HiGHS Status 7: Optimal),True,2134.0,2134.0,0.0,0,2134,2134,0,1.0,2134,True,0.0,14986,2134,0.1423995729347391,285,72,0.00026339999749325216,0.001297999988310039,0.0015613999858032912
DEV-1647,LOW,LARGE,30,3,6,0,Optimization terminated successfully. (HiGHS Status 7: Optimal),True,4080.0,4080.0,0.0,0,4080,4080,0,1.0,4080,True,0.0,22780,4080,0.1791044776119403,270,99,0.00029390002600848675,0.0013399000163190067,0.0016338000423274934
DEV-1648,HIGH,LARGE,28,4,4,0,Optimization terminated successfully. (HiGHS Status 7: Optimal),True,4042.0,4042.0,0.0,1,4042,4042,0,1.0,4042,True,0.0,24156,4042,0.16732902798476568,336,96,0.00030429998878389597,0.005991900019580498,0.006296200008364394
DEV-1649,LOW,LARGE,30,2,7,0,Optimization terminated successfully. (HiGHS Status 7: Optimal),True,4367.0,4367.0,0.0,0,4367,4367,0,1.0,4367,True,0.0,20885,4367,0.20909743835288486,180,96,0.00023789997794665396,0.0010910000128205866,0.0013288999907672405
DEV-1650,HIGH,SMALL,5,4,1,0,Optimization terminated successfully. (HiGHS Status 7: Optimal),True,731.0,731.0,0.0,0,731,731,0,1.0,731,True,0.0,3996,731,0.18293293293293295,60,27,0.000149200001033023,0.0007509999850299209,0.0009001999860629439
DEV-1651,HIGH,SMALL,4,2,1,0,Optimization terminated successfully. (HiGHS Status 7: Optimal),True,299.0,299.0,0.0,0,299,299,0,1.0,299,True,0.0,2426,299,0.12324814509480626,24,18,0.0001269000058528036,0.0006738000083714724,0.000800700014224276
DEV-1652,LOW,LARGE,22,4,6,0,Optimization terminated successfully. (HiGHS Status 7: Optimal),True,2652.0,2652.0,0.0,0,2652,2652,0,1.0,2652,True,0.0,14324,2652,0.18514381457693382,264,78,0.00027119999867863953,0.0012583999778144062,0.0015295999764930457
DEV-1653,MODERATE,SMALL,4,2,1,0,Optimization terminated successfully. (HiGHS Status 7: Optimal),True,1711.0,1711.0,0.0,0,1711,1711,0,1.0,1711,True,0.0,2404,1711,0.711730449251248,24,18,0.0001297999988310039,0.0006616000027861446,0.0007914000016171485
DEV-1654,HIGH,SMALL,4,2,1,0,Optimization terminated successfully. (HiGHS Status 7: Optimal),True,1903.0,1903.0,0.0,0,1917,1903,14,0.9926969222743871,1903,True,0.0,5179,1903,0.3674454527901139,24,18,0.00013069997658021748,0.000656700023682788,0.0007874000002630055
DEV-1655,HIGH,SMALL,3,4,2,0,Optimization terminated successfully. (HiGHS Status 7: Optimal),True,542.0,542.0,0.0,0,1290,542,748,0.4201550387596899,542,True,0.0,1302,542,0.4162826420890937,36,21,0.00014039999223314226,0.0007074000022839755,0.0008477999945171177
DEV-1656,HIGH,MEDIUM,14,2,2,0,Optimization terminated successfully. (HiGHS Status 7: Optimal),True,1734.0,1734.0,0.0,1,1734,1734,0,1.0,1734,True,0.0,9009,1734,0.19247419247419248,84,48,0.00016689999029040337,0.008254699991084635,0.008421599981375039
DEV-1657,HIGH,MEDIUM,12,3,1,0,Optimization terminated successfully. (HiGHS Status 7: Optimal),True,358.0,358.0,0.0,0,358,358,0,1.0,358,True,0.0,8946,358,0.04001788508830762,108,45,0.0001871999993454665,0.0008888000156730413,0.0010760000150185078
DEV-1658,HIGH,SMALL,5,3,1,0,Optimization terminated successfully. (HiGHS Status 7: Optimal),True,165.0,165.0,0.0,0,165,165,0,1.0,165,True,0.0,2892,165,0.05705394190871369,45,24,0.00014200000441633165,0.000735200010240078,0.0008772000146564096
DEV-1659,HIGH,MEDIUM,12,5,1,0,Optimization terminated successfully. (HiGHS Status 7: Optimal),True,1539.0,1539.0,0.0,0,1539,1539,0,1.0,1539,True,0.0,9808,1539,0.15691272430668843,180,51,0.00021479997667483985,0.001015700021525845,0.0012304999982006848
DEV-1660,HIGH,MEDIUM,8,4,2,0,Optimization terminated successfully. (HiGHS Status 7: Optimal),True,1759.0,1759.0,0.0,1,1759,1759,0,1.0,1759,True,0.0,5072,1759,0.34680599369085174,96,36,0.00016820000018924475,0.004214999993564561,0.004383199993753806
DEV-1661,LOW,MEDIUM,9,5,1,0,Optimization terminated successfully. (HiGHS Status 7: Optimal),True,672.0,672.0,0.0,0,672,672,0,1.0,672,True,0.0,8187,672,0.08208134847929645,135,42,0.0001990000018849969,0.0016798000142443925,0.0018788000161293894
DEV-1662,MODERATE,LARGE,19,3,2,0,Optimization terminated successfully. (HiGHS Status 7: Optimal),True,728.0,728.0,0.0,0,728,728,0,1.0,728,True,0.0,12426,728,0.058586834057621114,171,66,0.0003291000030003488,0.0014008000143803656,0.0017299000173807144
DEV-1663,HIGH,SMALL,6,3,2,0,Optimization terminated successfully. (HiGHS Status 7: Optimal),True,1628.0,1628.0,0.0,0,1628,1628,0,1.0,1628,True,0.0,6638,1628,0.24525459475745706,54,27,0.0001880000054370612,0.0007928999839350581,0.0009808999893721193
DEV-1664,HIGH,MEDIUM,8,3,1,0,Optimization terminated successfully. (HiGHS Status 7: Optimal),True,981.0,981.0,0.0,0,981,981,0,1.0,981,True,0.0,6738,981,0.14559216384683882,72,33,0.00015810001059435308,0.0007879000040702522,0.0009460000146646053
DEV-1665,LOW,LARGE,20,4,1,0,Optimization terminated successfully. (HiGHS Status 7: Optimal),True,883.0,883.0,0.0,0,883,883,0,1.0,883,True,0.0,13669,883,0.0645987270466018,240,72,0.00024530000519007444,0.001177600002847612,0.0014229000080376863
DEV-1666,HIGH,MEDIUM,9,2,1,0,Optimization terminated successfully. (HiGHS Status 7: Optimal),True,615.0,615.0,0.0,0,615,615,0,1.0,615,True,0.0,5011,615,0.12272999401317103,54,33,0.00014790002023801208,0.0007314999820664525,0.0008794000023044646
DEV-1667,MODERATE,MEDIUM,9,3,3,0,Optimization terminated successfully. (HiGHS Status 7: Optimal),True,1481.0,1481.0,0.0,0,1481,1481,0,1.0,1481,True,0.0,6606,1481,0.2241901301846806,81,36,0.00016029999824240804,0.0008396999910473824,0.0009999999892897904
DEV-1668,HIGH,SMALL,5,4,1,0,Optimization terminated successfully. (HiGHS Status 7: Optimal),True,812.0,812.0,0.0,0,812,812,0,1.0,812,True,0.0,2908,812,0.2792297111416781,60,27,0.00014489999739453197,0.0007419000030495226,0.0008868000004440546
DEV-1669,HIGH,SMALL,3,4,1,0,Optimization terminated successfully. (HiGHS Status 7: Optimal),True,10.0,10.0,0.0,0,10,10,0,1.0,10,True,0.0,2040,10,0.004901960784313725,36,21,0.00013169998419471085,0.0006848000048194081,0.0008164999890141189
DEV-1670,MODERATE,SMALL,6,5,3,0,Optimization terminated successfully. (HiGHS Status 7: Optimal),True,952.0,952.0,0.0,1,952,952,0,1.0,952,True,0.0,4625,952,0.20583783783783785,90,33,0.00016120000509545207,0.004148699983488768,0.00430989998858422
DEV-1671,HIGH,MEDIUM,11,2,1,0,Optimization terminated successfully. (HiGHS Status 7: Optimal),True,224.0,224.0,0.0,0,224,224,0,1.0,224,True,0.0,6260,224,0.03578274760383387,66,39,0.0001618000096641481,0.0007951000006869435,0.0009569000103510916
DEV-1672,HIGH,LARGE,18,4,4,0,Optimization terminated successfully. (HiGHS Status 7: Optimal),True,3465.0,3465.0,0.0,1,3465,3465,0,1.0,3465,True,0.0,15195,3465,0.228035538005923,216,66,0.00026119998074136674,0.004077699995832518,0.0043388999765738845
DEV-1673,HIGH,SMALL,6,2,1,0,Optimization terminated successfully. (HiGHS Status 7: Optimal),True,955.0,955.0,0.0,0,955,955,0,1.0,955,True,0.0,3739,955,0.25541588660069536,36,24,0.0001453000004403293,0.0007122000097297132,0.0008575000101700425
DEV-1674,MODERATE,SMALL,3,3,1,0,Optimization terminated successfully. (HiGHS Status 7: Optimal),True,1829.0,1829.0,0.0,0,1829,1829,0,1.0,1829,True,0.0,3432,1829,0.5329254079254079,27,18,0.0001303000026382506,0.0006778999813832343,0.0008081999840214849
DEV-1675,MODERATE,SMALL,5,4,1,0,Optimization terminated successfully. (HiGHS Status 7: Optimal),True,5.0,5.0,0.0,0,5,5,0,1.0,5,True,0.0,2496,5,0.002003205128205128,60,27,0.00015509998775087297,0.000733000022592023,0.000888100010342896
DEV-1676,HIGH,LARGE,28,5,4,0,Optimization terminated successfully. (HiGHS Status 7: Optimal),True,2344.0,2344.0,0.0,1,2344,2344,0,1.0,2344,True,0.0,20184,2344,0.11613158937772493,420,99,0.00033799998345784843,0.005029300024034455,0.005367300007492304
DEV-1677,MODERATE,LARGE,30,2,11,0,Optimization terminated successfully. (HiGHS Status 7: Optimal),True,6236.0,6236.0,0.0,0,6236,6236,0,1.0,6236,True,0.0,17416,6236,0.35806155259531464,180,96,0.00023320000036619604,0.0011175000108778477,0.0013507000112440437
DEV-1678,LOW,SMALL,4,3,1,0,Optimization terminated successfully. (HiGHS Status 7: Optimal),True,144.0,144.0,0.0,0,144,144,0,1.0,144,True,0.0,2354,144,0.06117247238742566,36,21,0.000142700009746477,0.0006984999927226454,0.0008412000024691224
DEV-1679,MODERATE,LARGE,29,2,3,0,Optimization terminated successfully. (HiGHS Status 7: Optimal),True,2340.0,2340.0,0.0,0,2340,2340,0,1.0,2340,True,0.0,22262,2340,0.10511184978887791,174,93,0.00022380001610144973,0.0011546000023372471,0.0013784000184386969
DEV-1680,LOW,LARGE,27,2,8,0,Optimization terminated successfully. (HiGHS Status 7: Optimal),True,10301.0,10301.0,0.0,0,10301,10301,0,1.0,10301,True,0.0,25234,10301,0.4082190695093921,162,87,0.0002229000092484057,0.0010686999885365367,0.0012915999977849424
DEV-1681,MODERATE,SMALL,4,4,1,0,Optimization terminated successfully. (HiGHS Status 7: Optimal),True,660.0,660.0,0.0,0,660,660,0,1.0,660,True,0.0,1809,660,0.3648424543946932,48,24,0.00013959998614154756,0.0007477000181097537,0.0008873000042513013
DEV-1682,MODERATE,LARGE,27,3,4,0,Optimization terminated successfully. (HiGHS Status 7: Optimal),True,2926.0,2926.0,0.0,0,2926,2926,0,1.0,2926,True,0.0,19110,2926,0.15311355311355312,243,90,0.00025820001610554755,0.0012126999790780246,0.0014708999951835722
DEV-1683,MODERATE,SMALL,3,3,2,0,Optimization terminated successfully. (HiGHS Status 7: Optimal),True,430.0,430.0,0.0,1,434,430,4,0.9907834101382489,430,True,0.0,454,430,0.947136563876652,27,18,0.00014560000272467732,0.00674569999682717,0.006891299999551848
DEV-1684,HIGH,LARGE,23,5,2,0,Optimization terminated successfully. (HiGHS Status 7: Optimal),True,2770.0,2770.0,0.0,1,2770,2770,0,1.0,2770,True,0.0,15334,2770,0.18064431981218207,345,84,0.0003039000148419291,0.00641990001895465,0.006723800033796579
DEV-1685,HIGH,MEDIUM,13,3,2,0,Optimization terminated successfully. (HiGHS Status 7: Optimal),True,1005.0,1005.0,0.0,0,1005,1005,0,1.0,1005,True,0.0,8007,1005,0.12551517422255526,117,48,0.00018770000315271318,0.0009281000238843262,0.0011158000270370394
DEV-1686,MODERATE,MEDIUM,10,2,1,0,Optimization terminated successfully. (HiGHS Status 7: Optimal),True,877.0,877.0,0.0,0,877,877,0,1.0,877,True,0.0,6749,877,0.12994517706326864,60,36,0.00015880001592449844,0.0007513999880757183,0.0009102000040002167
DEV-1687,MODERATE,MEDIUM,8,3,1,0,Optimization terminated successfully. (HiGHS Status 7: Optimal),True,82.0,82.0,0.0,0,82,82,0,1.0,82,True,0.0,3348,82,0.024492234169653525,72,33,0.00015520001761615276,0.0007590999884996563,0.0009143000061158091
DEV-1688,MODERATE,SMALL,3,4,1,0,Optimization terminated successfully. (HiGHS Status 7: Optimal),True,519.0,519.0,0.0,0,519,519,0,1.0,519,True,0.0,689,519,0.7532656023222061,36,21,0.00013070000568404794,0.0006849000055808574,0.0008156000112649053
DEV-1689,MODERATE,SMALL,6,2,2,0,Optimization terminated successfully. (HiGHS Status 7: Optimal),True,1454.0,1454.0,0.0,0,1454,1454,0,1.0,1454,True,0.0,4294,1454,0.3386120167675827,36,24,0.00013550001312978566,0.0006898999854456633,0.000825399998575449
DEV-1690,MODERATE,MEDIUM,12,5,1,0,Optimization terminated successfully. (HiGHS Status 7: Optimal),True,195.0,195.0,0.0,0,195,195,0,1.0,195,True,0.0,8960,195,0.021763392857142856,180,51,0.00021090000518597662,0.0010163999977521598,0.0012273000029381365
DEV-1691,HIGH,MEDIUM,12,2,4,0,Optimization terminated successfully. (HiGHS Status 7: Optimal),True,4479.0,4479.0,0.0,1,4502,4479,23,0.9948911594846734,4479,True,0.0,11918,4479,0.37581809028360463,72,42,0.00016170000890269876,0.00479439998161979,0.004956099990522489
DEV-1692,LOW,LARGE,26,4,2,0,Optimization terminated successfully. (HiGHS Status 7: Optimal),True,917.0,917.0,0.0,0,917,917,0,1.0,917,True,0.0,18715,917,0.04899812984237243,312,90,0.0002930999908130616,0.0015411000058520585,0.0018341999966651201
DEV-1693,HIGH,LARGE,27,5,4,0,Optimization terminated successfully. (HiGHS Status 7: Optimal),True,4541.0,4541.0,0.0,1,4541,4541,0,1.0,4541,True,0.0,26760,4541,0.16969357249626307,405,96,0.00046209999709390104,0.004558999993605539,0.00502109999069944
DEV-1694,HIGH,MEDIUM,12,2,1,0,Optimization terminated successfully. (HiGHS Status 7: Optimal),True,1350.0,1350.0,0.0,0,1350,1350,0,1.0,1350,True,0.0,5547,1350,0.24337479718766902,72,42,0.00016639998648315668,0.0008016999927349389,0.0009680999792180955
DEV-1695,HIGH,SMALL,4,2,1,0,Optimization terminated successfully. (HiGHS Status 7: Optimal),True,1012.0,1012.0,0.0,0,1012,1012,0,1.0,1012,True,0.0,3703,1012,0.2732919254658385,24,18,0.00013120000949129462,0.0006546000076923519,0.0007858000171836466
DEV-1696,MODERATE,SMALL,3,4,1,0,Optimization terminated successfully. (HiGHS Status 7: Optimal),True,292.0,292.0,0.0,0,292,292,0,1.0,292,True,0.0,455,292,0.6417582417582418,36,21,0.00013299999409355223,0.0006750000175088644,0.0008080000116024166
DEV-1697,HIGH,SMALL,6,3,2,0,Optimization terminated successfully. (HiGHS Status 7: Optimal),True,92.0,92.0,0.0,1,92,92,0,1.0,92,True,0.0,3405,92,0.027019089574155653,54,27,0.00015040001017041504,0.006857200001832098,0.007007600012002513
DEV-1698,HIGH,MEDIUM,8,4,1,0,Optimization terminated successfully. (HiGHS Status 7: Optimal),True,1115.0,1115.0,0.0,0,1135,1115,20,0.9823788546255506,1115,True,0.0,5302,1115,0.21029800075443228,96,36,0.00017709998064674437,0.0008457000076305121,0.0010227999882772565
DEV-1699,HIGH,LARGE,23,2,2,0,Optimization terminated successfully. (HiGHS Status 7: Optimal),True,776.0,776.0,0.0,0,776,776,0,1.0,776,True,0.0,12367,776,0.06274763483464058,138,75,0.0002531999780330807,0.0009901000012177974,0.001243299979250878
DEV-1700,HIGH,SMALL,4,2,1,0,Optimization terminated successfully. (HiGHS Status 7: Optimal),True,412.0,412.0,0.0,0,426,412,14,0.9671361502347418,412,True,0.0,3269,412,0.12603242581829305,24,18,0.00012889999197795987,0.0006532999977935106,0.0007821999897714704
DEV-1701,MODERATE,SMALL,3,3,1,0,Optimization terminated successfully. (HiGHS Status 7: Optimal),True,685.0,685.0,0.0,0,686,685,1,0.9985422740524781,685,True,0.0,1881,685,0.36416799574694314,27,18,0.00013079997734166682,0.0006553000130224973,0.0007860999903641641
DEV-1702,HIGH,LARGE,24,2,2,0,Optimization terminated successfully. (HiGHS Status 7: Optimal),True,1713.0,1713.0,0.0,0,1713,1713,0,1.0,1713,True,0.0,18173,1713,0.09426071644747702,144,78,0.00020640000002458692,0.0009751000034157187,0.0011815000034403056
DEV-1703,HIGH,SMALL,5,3,2,0,Optimization terminated successfully. (HiGHS Status 7: Optimal),True,962.0,962.0,0.0,0,978,962,16,0.983640081799591,962,True,0.0,1697,962,0.5668827342368886,45,24,0.00013990001752972603,0.0007215999939944595,0.0008615000115241855
DEV-1704,MODERATE,SMALL,6,3,2,0,Optimization terminated successfully. (HiGHS Status 7: Optimal),True,794.0,794.0,0.0,1,794,794,0,1.0,794,True,0.0,1737,794,0.4571099597006333,54,27,0.00014369998825713992,0.005654400010826066,0.005798099999083206
DEV-1705,MODERATE,MEDIUM,13,4,1,0,Optimization terminated successfully. (HiGHS Status 7: Optimal),True,308.0,308.0,0.0,0,308,308,0,1.0,308,True,0.0,6846,308,0.044989775051124746,156,51,0.00021019999985583127,0.0009817999962251633,0.0011919999960809946
DEV-1706,MODERATE,SMALL,6,2,2,0,Optimization terminated successfully. (HiGHS Status 7: Optimal),True,201.0,201.0,0.0,0,201,201,0,1.0,201,True,0.0,3154,201,0.0637285986049461,36,24,0.0001577999792061746,0.0006966000073589385,0.0008543999865651131
DEV-1707,MODERATE,LARGE,23,2,1,0,Optimization terminated successfully. (HiGHS Status 7: Optimal),True,788.0,788.0,0.0,0,788,788,0,1.0,788,True,0.0,18851,788,0.04180149594185985,138,75,0.00020569999469444156,0.0009315999923273921,0.0011372999870218337
DEV-1708,HIGH,MEDIUM,14,5,5,0,Optimization terminated successfully. (HiGHS Status 7: Optimal),True,2714.0,2714.0,0.0,1,2714,2714,0,1.0,2714,True,0.0,9602,2714,0.2826494480316601,210,57,0.00022650000755675137,0.0034691999899223447,0.003695699997479096
DEV-1709,MODERATE,LARGE,21,5,3,0,Optimization terminated successfully. (HiGHS Status 7: Optimal),True,1365.0,1365.0,0.0,0,1365,1365,0,1.0,1365,True,0.0,15113,1365,0.09031959240389069,315,78,0.00028589999419637024,0.0013911999994888902,0.0016770999936852604
DEV-1710,LOW,LARGE,28,5,2,0,Optimization terminated successfully. (HiGHS Status 7: Optimal),True,2224.0,2224.0,0.0,0,2224,2224,0,1.0,2224,True,0.0,18445,2224,0.12057468148549742,420,99,0.00034180001239292324,0.0015998999879229814,0.0019417000003159046
DEV-1711,MODERATE,SMALL,5,4,1,0,Optimization terminated successfully. (HiGHS Status 7: Optimal),True,464.0,464.0,0.0,0,464,464,0,1.0,464,True,0.0,3317,464,0.13988543864938197,60,27,0.00015020000864751637,0.0008354999881703407,0.000985699996817857
DEV-1712,HIGH,LARGE,29,4,3,0,Optimization terminated successfully. (HiGHS Status 7: Optimal),True,3329.0,3329.0,0.0,0,3329,3329,0,1.0,3329,True,0.0,25602,3329,0.13002890399187564,348,99,0.00030529999639838934,0.0014505000144708902,0.0017558000108692795
DEV-1713,HIGH,SMALL,6,5,1,0,Optimization terminated successfully. (HiGHS Status 7: Optimal),True,1393.0,1393.0,0.0,0,1542,1393,149,0.9033722438391699,1393,True,0.0,4078,1393,0.34158901422265814,90,33,0.00016469997353851795,0.000815200008219108,0.000979899981757626
DEV-1714,LOW,MEDIUM,14,3,3,0,Optimization terminated successfully. (HiGHS Status 7: Optimal),True,1515.0,1515.0,0.0,0,1515,1515,0,1.0,1515,True,0.0,7827,1515,0.193560751245688,126,51,0.00018539998563937843,0.0009125000215135515,0.00109790000715293
DEV-1715,HIGH,LARGE,23,3,9,0,Optimization terminated successfully. (HiGHS Status 7: Optimal),True,5453.0,5453.0,0.0,1,5453,5453,0,1.0,5453,True,0.0,17345,5453,0.3143845488613433,207,78,0.00025279997498728335,0.0031162000086624175,0.003368999983649701
DEV-1716,MODERATE,SMALL,4,3,1,0,Optimization terminated successfully. (HiGHS Status 7: Optimal),True,14.0,14.0,0.0,0,14,14,0,1.0,14,True,0.0,2780,14,0.005035971223021582,36,21,0.00013800000306218863,0.0008106000022962689,0.0009486000053584576
DEV-1717,HIGH,MEDIUM,10,2,2,0,Optimization terminated successfully. (HiGHS Status 7: Optimal),True,1106.0,1106.0,0.0,1,1106,1106,0,1.0,1106,True,0.0,7545,1106,0.1465871438038436,60,36,0.00016200001118704677,0.007913600013125688,0.008075600024312735
DEV-1718,HIGH,MEDIUM,10,5,3,0,Optimization terminated successfully. (HiGHS Status 7: Optimal),True,3361.0,3361.0,0.0,1,3881,3361,520,0.8660139139397063,3361,True,0.0,9312,3361,0.36093213058419243,150,45,0.00020240002777427435,0.0036050999769940972,0.0038075000047683716
DEV-1719,MODERATE,MEDIUM,11,5,3,0,Optimization terminated successfully. (HiGHS Status 7: Optimal),True,3422.0,3422.0,0.0,1,3422,3422,0,1.0,3422,True,0.0,9844,3422,0.347622917513206,165,48,0.00020749997929669917,0.003851900022709742,0.004059400002006441
DEV-1720,MODERATE,LARGE,21,4,2,0,Optimization terminated successfully. (HiGHS Status 7: Optimal),True,3036.0,3036.0,0.0,0,3036,3036,0,1.0,3036,True,0.0,15390,3036,0.197270955165692,252,75,0.0002586999908089638,0.0012325000134296715,0.0014912000042386353
DEV-1721,MODERATE,MEDIUM,9,3,2,0,Optimization terminated successfully. (HiGHS Status 7: Optimal),True,1652.0,1652.0,0.0,0,1652,1652,0,1.0,1652,True,0.0,6150,1652,0.2686178861788618,81,36,0.00016610001330263913,0.0008308999822475016,0.0009969999955501407
DEV-1722,HIGH,LARGE,29,5,4,0,Optimization terminated successfully. (HiGHS Status 7: Optimal),True,2576.0,2576.0,0.0,0,2576,2576,0,1.0,2576,True,0.0,20037,2576,0.12856216000399262,435,102,0.00035379998735152185,0.001658799999859184,0.002012599987210706
DEV-1723,HIGH,SMALL,5,3,1,0,Optimization terminated successfully. (HiGHS Status 7: Optimal),True,719.0,719.0,0.0,0,809,719,90,0.8887515451174289,719,True,0.0,2923,719,0.24598015737256243,45,24,0.00014340001507662237,0.0007292999944183975,0.0008727000094950199
DEV-1724,MODERATE,SMALL,4,3,1,0,Optimization terminated successfully. (HiGHS Status 7: Optimal),True,1045.0,1045.0,0.0,0,1045,1045,0,1.0,1045,True,0.0,3599,1045,0.2903584328980272,36,21,0.00013530001160688698,0.0006853999802842736,0.0008206999918911606
DEV-1725,MODERATE,MEDIUM,13,2,3,0,Optimization terminated successfully. (HiGHS Status 7: Optimal),True,1555.0,1555.0,0.0,0,1555,1555,0,1.0,1555,True,0.0,8254,1555,0.1883935061788224,78,45,0.00016269998741336167,0.0007899999909568578,0.0009526999783702195
DEV-1726,MODERATE,MEDIUM,11,5,2,0,Optimization terminated successfully. (HiGHS Status 7: Optimal),True,1017.0,1017.0,0.0,0,1017,1017,0,1.0,1017,True,0.0,7337,1017,0.13861251192585525,165,48,0.00022570000146515667,0.0009884000173769891,0.0012141000188421458
DEV-1727,MODERATE,SMALL,6,5,2,0,Optimization terminated successfully. (HiGHS Status 7: Optimal),True,1346.0,1346.0,0.0,1,1346,1346,0,1.0,1346,True,0.0,3878,1346,0.3470861268695204,90,33,0.0001708999916445464,0.005571899993810803,0.005742799985455349
DEV-1728,HIGH,LARGE,29,5,1,0,Optimization terminated successfully. (HiGHS Status 7: Optimal),True,908.0,908.0,0.0,0,908,908,0,1.0,908,True,0.0,15850,908,0.057287066246056784,435,102,0.00036330000148154795,0.0016954999882727861,0.002058799989754334
DEV-1729,HIGH,LARGE,23,5,2,0,Optimization terminated successfully. (HiGHS Status 7: Optimal),True,166.0,166.0,0.0,0,166,166,0,1.0,166,True,0.0,12738,166,0.01303187313550008,345,84,0.000302100001135841,0.0014016999921295792,0.0017037999932654202
DEV-1730,HIGH,LARGE,30,5,2,0,Optimization terminated successfully. (HiGHS Status 7: Optimal),True,378.0,378.0,0.0,0,378,378,0,1.0,378,True,0.0,17383,378,0.02174538342058333,450,105,0.00035519999801181257,0.001662499998928979,0.0020176999969407916
DEV-1731,HIGH,MEDIUM,12,4,1,0,Optimization terminated successfully. (HiGHS Status 7: Optimal),True,1126.0,1126.0,0.0,0,1126,1126,0,1.0,1126,True,0.0,10656,1126,0.10566816816816817,144,48,0.00019829999655485153,0.0009500000160187483,0.0011483000125735998
DEV-1732,HIGH,SMALL,5,3,1,0,Optimization terminated successfully. (HiGHS Status 7: Optimal),True,560.0,560.0,0.0,0,560,560,0,1.0,560,True,0.0,2327,560,0.2406532015470563,45,24,0.0001407999952789396,0.0007093999884091318,0.0008501999836880714
DEV-1733,MODERATE,MEDIUM,8,2,1,0,Optimization terminated successfully. (HiGHS Status 7: Optimal),True,1722.0,1722.0,0.0,0,1722,1722,0,1.0,1722,True,0.0,4994,1722,0.3448137765318382,48,30,0.0001446999958716333,0.0007169999880716205,0.0008616999839432538
DEV-1734,HIGH,MEDIUM,12,5,2,0,Optimization terminated successfully. (HiGHS Status 7: Optimal),True,231.0,231.0,0.0,1,231,231,0,1.0,231,True,0.0,6686,231,0.03454980556386479,180,51,0.0002094999945256859,0.005770599993411452,0.0059800999879371375
DEV-1735,HIGH,MEDIUM,13,4,4,0,Optimization terminated successfully. (HiGHS Status 7: Optimal),True,1902.0,1902.0,0.0,1,1902,1902,0,1.0,1902,True,0.0,6693,1902,0.2841774988794263,156,51,0.00020640000002458692,0.004430800006957725,0.004637200006982312
DEV-1736,MODERATE,SMALL,3,3,1,0,Optimization terminated successfully. (HiGHS Status 7: Optimal),True,1141.0,1141.0,0.0,0,1141,1141,0,1.0,1141,True,0.0,4660,1141,0.2448497854077253,27,18,0.00013440000475384295,0.0006941999890841544,0.0008285999938379973
DEV-1737,MODERATE,LARGE,22,2,6,0,Optimization terminated successfully. (HiGHS Status 7: Optimal),True,5376.0,5376.0,0.0,0,5376,5376,0,1.0,5376,True,0.0,19488,5376,0.27586206896551724,132,72,0.00020780001068487763,0.001000499993097037,0.0012083000037819147
DEV-1738,HIGH,LARGE,29,4,4,0,Optimization terminated successfully. (HiGHS Status 7: Optimal),True,2142.0,2142.0,0.0,0,2142,2142,0,1.0,2142,True,0.0,20091,2142,0.1066149021950127,348,99,0.00032339998870156705,0.0014613000093959272,0.0017846999980974942
DEV-1739,MODERATE,MEDIUM,13,4,2,0,Optimization terminated successfully. (HiGHS Status 7: Optimal),True,429.0,429.0,0.0,0,429,429,0,1.0,429,True,0.0,9953,429,0.04310258213603939,156,51,0.0002015999925788492,0.0009920000156853348,0.001193600008264184
DEV-1740,HIGH,LARGE,26,5,8,0,Optimization terminated successfully. (HiGHS Status 7: Optimal),True,6837.0,6837.0,0.0,1,6837,6837,0,1.0,6837,True,0.0,18046,6837,0.37886512246481213,390,93,0.0003318999952170998,0.003501999977743253,0.003833899972960353
DEV-1741,LOW,LARGE,22,4,8,0,Optimization terminated successfully. (HiGHS Status 7: Optimal),True,6373.0,6373.0,0.0,0,6373,6373,0,1.0,6373,True,0.0,17600,6373,0.36210227272727274,264,78,0.00026989998877979815,0.0013060999917797744,0.0015759999805595726
DEV-1742,MODERATE,SMALL,4,4,1,0,Optimization terminated successfully. (HiGHS Status 7: Optimal),True,300.0,300.0,0.0,0,300,300,0,1.0,300,True,0.0,1814,300,0.16538037486218302,48,24,0.00014219997683539987,0.0008289999968837947,0.0009711999737191945
DEV-1743,MODERATE,MEDIUM,10,3,2,0,Optimization terminated successfully. (HiGHS Status 7: Optimal),True,1562.0,1562.0,0.0,0,1562,1562,0,1.0,1562,True,0.0,6018,1562,0.25955466932535726,90,39,0.00017059998936019838,0.0008311999845318496,0.001001799973892048
DEV-1744,LOW,SMALL,5,5,1,0,Optimization terminated successfully. (HiGHS Status 7: Optimal),True,2030.0,2030.0,0.0,0,2030,2030,0,1.0,2030,True,0.0,4247,2030,0.4779844596185543,75,30,0.00015770000754855573,0.0007877000025473535,0.0009454000100959092
DEV-1745,HIGH,LARGE,29,3,1,0,Optimization terminated successfully. (HiGHS Status 7: Optimal),True,28.0,28.0,0.0,0,28,28,0,1.0,28,True,0.0,18047,28,0.0015515044051642932,261,96,0.0002651000104378909,0.0012122000043746084,0.0014773000148124993
DEV-1746,HIGH,MEDIUM,11,5,3,0,Optimization terminated successfully. (HiGHS Status 7: Optimal),True,2475.0,2475.0,0.0,1,2489,2475,14,0.9943752511048614,2475,True,0.0,6784,2475,0.36482900943396224,165,48,0.00020290000247769058,0.0043286999862175435,0.004531599988695234
DEV-1747,MODERATE,SMALL,6,4,1,0,Optimization terminated successfully. (HiGHS Status 7: Optimal),True,623.0,623.0,0.0,0,623,623,0,1.0,623,True,0.0,5330,623,0.11688555347091932,72,30,0.00015970002277754247,0.0007966999837663025,0.0009564000065438449
DEV-1748,MODERATE,MEDIUM,8,2,2,0,Optimization terminated successfully. (HiGHS Status 7: Optimal),True,1652.0,1652.0,0.0,0,1652,1652,0,1.0,1652,True,0.0,7556,1652,0.21863419798835362,48,30,0.000145800004247576,0.0007266000029630959,0.0008724000072106719
DEV-1749,MODERATE,MEDIUM,10,5,1,0,Optimization terminated successfully. (HiGHS Status 7: Optimal),True,194.0,194.0,0.0,0,194,194,0,1.0,194,True,0.0,8079,194,0.024012872880306967,150,45,0.00019680001423694193,0.0009564000065438449,0.0011532000207807869
DEV-1750,HIGH,LARGE,21,3,3,0,Optimization terminated successfully. (HiGHS Status 7: Optimal),True,1722.0,1722.0,0.0,0,1722,1722,0,1.0,1722,True,0.0,16860,1722,0.10213523131672597,189,72,0.00022530002752318978,0.0010643999848980457,0.0012897000124212354
DEV-1751,HIGH,LARGE,27,3,2,0,Optimization terminated successfully. (HiGHS Status 7: Optimal),True,1683.0,1683.0,0.0,0,1683,1683,0,1.0,1683,True,0.0,21214,1683,0.07933440181012538,243,90,0.0002537999826017767,0.001180999999633059,0.0014347999822348356
DEV-1752,MODERATE,SMALL,3,4,1,0,Optimization terminated successfully. (HiGHS Status 7: Optimal),True,1361.0,1361.0,0.0,0,1361,1361,0,1.0,1361,True,0.0,2971,1361,0.4580949175361831,36,21,0.0001340000017080456,0.0007237000099848956,0.0008577000116929412
DEV-1753,MODERATE,MEDIUM,8,2,2,0,Optimization terminated successfully. (HiGHS Status 7: Optimal),True,2324.0,2324.0,0.0,0,2324,2324,0,1.0,2324,True,0.0,6659,2324,0.3490013515542874,48,30,0.00018549998640082777,0.0007770000083837658,0.0009624999947845936
DEV-1754,HIGH,LARGE,24,5,4,0,Optimization terminated successfully. (HiGHS Status 7: Optimal),True,4820.0,4820.0,0.0,1,4820,4820,0,1.0,4820,True,0.0,19069,4820,0.25276626986207984,360,87,0.0003096000000368804,0.003831300011370331,0.004140900011407211
DEV-1755,HIGH,MEDIUM,9,2,3,0,Optimization terminated successfully. (HiGHS Status 7: Optimal),True,2887.0,2887.0,0.0,1,2887,2887,0,1.0,2887,True,0.0,6763,2887,0.426881561437232,54,33,0.00015479998546652496,0.006732000008923933,0.006886799994390458
DEV-1756,HIGH,LARGE,25,4,2,0,Optimization terminated successfully. (HiGHS Status 7: Optimal),True,1158.0,1158.0,0.0,0,1158,1158,0,1.0,1158,True,0.0,20515,1158,0.05644650255910309,300,87,0.000380899989977479,0.00133350002579391,0.001714400015771389
DEV-1757,MODERATE,SMALL,5,2,3,0,Optimization terminated successfully. (HiGHS Status 7: Optimal),True,3841.0,3841.0,0.0,0,3841,3841,0,1.0,3841,True,0.0,6942,3841,0.5532987611639297,30,21,0.00013589998707175255,0.0006957000005058944,0.000831599987577647
DEV-1758,MODERATE,LARGE,24,3,1,0,Optimization terminated successfully. (HiGHS Status 7: Optimal),True,14.0,14.0,0.0,0,14,14,0,1.0,14,True,0.0,17171,14,0.0008153281695882593,216,81,0.00023910001618787646,0.0012721999955829233,0.0015113000117707998
DEV-1759,HIGH,MEDIUM,10,3,1,0,Optimization terminated successfully. (HiGHS Status 7: Optimal),True,330.0,330.0,0.0,0,330,330,0,1.0,330,True,0.0,7216,330,0.04573170731707317,90,39,0.00019540000357665122,0.0008104000007733703,0.0010058000043500215
DEV-1760,HIGH,SMALL,6,3,2,0,Optimization terminated successfully. (HiGHS Status 7: Optimal),True,984.0,984.0,0.0,0,990,984,6,0.9939393939393939,984,True,0.0,3099,984,0.31752178121974833,54,27,0.00015079998411238194,0.0007283000159077346,0.0008791000000201166
DEV-1761,HIGH,MEDIUM,10,2,1,0,Optimization terminated successfully. (HiGHS Status 7: Optimal),True,532.0,532.0,0.0,0,532,532,0,1.0,532,True,0.0,6225,532,0.08546184738955823,60,36,0.00015169999096542597,0.0007403000199701637,0.0008920000109355897
DEV-1762,MODERATE,SMALL,6,5,1,0,Optimization terminated successfully. (HiGHS Status 7: Optimal),True,1274.0,1274.0,0.0,0,1274,1274,0,1.0,1274,True,0.0,5186,1274,0.24566139606633244,90,33,0.00016379999578930438,0.0008219000010285527,0.000985699996817857
DEV-1763,MODERATE,SMALL,5,2,1,0,Optimization terminated successfully. (HiGHS Status 7: Optimal),True,1415.0,1415.0,0.0,0,1415,1415,0,1.0,1415,True,0.0,4022,1415,0.35181501740427645,30,21,0.00013070000568404794,0.0006630999851040542,0.0007937999907881021
DEV-1764,MODERATE,LARGE,19,4,6,0,Optimization terminated successfully. (HiGHS Status 7: Optimal),True,3894.0,3894.0,0.0,1,3894,3894,0,1.0,3894,True,0.0,10734,3894,0.36277249860257127,228,69,0.0002395999908912927,0.004208800004562363,0.004448399995453656
DEV-1765,MODERATE,MEDIUM,10,5,4,0,Optimization terminated successfully. (HiGHS Status 7: Optimal),True,3937.0,3937.0,0.0,1,3937,3937,0,1.0,3937,True,0.0,10700,3937,0.3679439252336449,150,45,0.00020229999790899456,0.0043966000084765255,0.00459890000638552
DEV-1766,MODERATE,SMALL,5,4,3,0,Optimization terminated successfully. (HiGHS Status 7: Optimal),True,838.0,838.0,0.0,1,838,838,0,1.0,838,True,0.0,2008,838,0.41733067729083667,60,27,0.00015139998868107796,0.004835700005060062,0.00498709999374114
DEV-1767,HIGH,MEDIUM,14,3,3,0,Optimization terminated successfully. (HiGHS Status 7: Optimal),True,1934.0,1934.0,0.0,1,1934,1934,0,1.0,1934,True,0.0,9422,1934,0.20526427510082784,126,51,0.00020989999757148325,0.005215000011958182,0.005424900009529665
DEV-1768,LOW,LARGE,24,5,1,0,Optimization terminated successfully. (HiGHS Status 7: Optimal),True,784.0,784.0,0.0,0,784,784,0,1.0,784,True,0.0,18511,784,0.04235319539733132,360,87,0.0003328999737277627,0.0014754000003449619,0.0018082999740727246
DEV-1769,HIGH,LARGE,24,4,1,0,Optimization terminated successfully. (HiGHS Status 7: Optimal),True,1032.0,1032.0,0.0,0,1032,1032,0,1.0,1032,True,0.0,14657,1032,0.07041004298287508,288,84,0.00029070000164210796,0.0012969000090379268,0.0015876000106800348
DEV-1770,MODERATE,MEDIUM,8,3,1,0,Optimization terminated successfully. (HiGHS Status 7: Optimal),True,548.0,548.0,0.0,0,548,548,0,1.0,548,True,0.0,6449,548,0.08497441463792836,72,33,0.0001745999907143414,0.0008036000072024763,0.0009781999979168177
DEV-1771,HIGH,MEDIUM,13,2,5,0,Optimization terminated successfully. (HiGHS Status 7: Optimal),True,3192.0,3192.0,0.0,1,3639,3192,447,0.877164056059357,3192,True,0.0,11000,3192,0.2901818181818182,78,45,0.0001739000144880265,0.004338700004154816,0.004512600018642843
DEV-1772,MODERATE,SMALL,4,2,2,0,Optimization terminated successfully. (HiGHS Status 7: Optimal),True,1481.0,1481.0,0.0,1,1481,1481,0,1.0,1481,True,0.0,2715,1481,0.54548802946593,24,18,0.000139000010676682,0.00780210000812076,0.007941100018797442
DEV-1773,HIGH,MEDIUM,12,5,3,0,Optimization terminated successfully. (HiGHS Status 7: Optimal),True,2173.0,2173.0,0.0,1,2173,2173,0,1.0,2173,True,0.0,8702,2173,0.24971270972190301,180,51,0.00022909999825060368,0.003808899986324832,0.0040379999845754355
DEV-1774,HIGH,SMALL,6,3,2,0,Optimization terminated successfully. (HiGHS Status 7: Optimal),True,1729.0,1729.0,0.0,1,2716,1729,987,0.6365979381443299,1729,True,0.0,3414,1729,0.5064440538957234,54,27,0.00016730002244003117,0.0055958000011742115,0.005763100023614243
DEV-1775,MODERATE,SMALL,4,2,3,0,Optimization terminated successfully. (HiGHS Status 7: Optimal),True,2201.0,2201.0,0.0,1,2344,2201,143,0.9389931740614335,2201,True,0.0,2561,2201,0.8594299101913315,24,18,0.00013349999790079892,0.006004800001392141,0.00613829999929294
DEV-1776,LOW,MEDIUM,13,5,1,0,Optimization terminated successfully. (HiGHS Status 7: Optimal),True,502.0,502.0,0.0,0,502,502,0,1.0,502,True,0.0,13178,502,0.03809379268477766,195,54,0.0002294000005349517,0.001067200006218627,0.0012966000067535788
DEV-1777,MODERATE,SMALL,4,4,1,0,Optimization terminated successfully. (HiGHS Status 7: Optimal),True,1743.0,1743.0,0.0,0,1743,1743,0,1.0,1743,True,0.0,3542,1743,0.49209486166007904,48,24,0.00014540000120177865,0.0007359000155702233,0.000881300016772002
DEV-1778,HIGH,SMALL,6,4,1,0,Optimization terminated successfully. (HiGHS Status 7: Optimal),True,934.0,934.0,0.0,0,934,934,0,1.0,934,True,0.0,4710,934,0.19830148619957538,72,30,0.00015659999917261302,0.000784299976658076,0.0009408999758306891
DEV-1779,MODERATE,SMALL,3,4,1,0,Optimization terminated successfully. (HiGHS Status 7: Optimal),True,1725.0,1725.0,0.0,0,1725,1725,0,1.0,1725,True,0.0,2338,1725,0.7378100940975193,36,21,0.00013420000323094428,0.0006967999797780067,0.000830999983008951
DEV-1780,HIGH,LARGE,21,3,2,0,Optimization terminated successfully. (HiGHS Status 7: Optimal),True,725.0,725.0,0.0,0,725,725,0,1.0,725,True,0.0,14738,725,0.04919256344144388,189,72,0.00022960000205785036,0.0011508999741636217,0.001380499976221472
DEV-1781,MODERATE,SMALL,4,4,1,0,Optimization terminated successfully. (HiGHS Status 7: Optimal),True,1056.0,1056.0,0.0,0,1056,1056,0,1.0,1056,True,0.0,2742,1056,0.3851203501094092,48,24,0.0001453000004403293,0.0007331999950110912,0.0008784999954514205
DEV-1782,HIGH,SMALL,6,4,1,0,Optimization terminated successfully. (HiGHS Status 7: Optimal),True,639.0,639.0,0.0,0,639,639,0,1.0,639,True,0.0,5110,639,0.12504892367906068,72,30,0.00015700000221841037,0.0007755999977234751,0.0009325999999418855
DEV-1783,MODERATE,LARGE,30,5,5,0,Optimization terminated successfully. (HiGHS Status 7: Optimal),True,3673.0,3673.0,0.0,0,3673,3673,0,1.0,3673,True,0.0,23305,3673,0.15760566402059645,450,105,0.00038159999530762434,0.001728000002913177,0.0021095999982208014
DEV-1784,MODERATE,LARGE,18,3,3,0,Optimization terminated successfully. (HiGHS Status 7: Optimal),True,2439.0,2439.0,0.0,0,2439,2439,0,1.0,2439,True,0.0,13822,2439,0.17645782086528722,162,63,0.00020899999071843922,0.0009990000107791275,0.0012080000014975667
DEV-1785,MODERATE,MEDIUM,8,5,1,0,Optimization terminated successfully. (HiGHS Status 7: Optimal),True,97.0,97.0,0.0,0,97,97,0,1.0,97,True,0.0,5790,97,0.016753022452504318,120,39,0.00018049997743219137,0.0008836000051815063,0.0010640999826136976
DEV-1786,HIGH,SMALL,6,3,2,0,Optimization terminated successfully. (HiGHS Status 7: Optimal),True,1775.0,1775.0,0.0,1,1775,1775,0,1.0,1775,True,0.0,6949,1775,0.2554324363217729,54,27,0.00014899999951012433,0.005071799998404458,0.0052207999979145825
DEV-1787,MODERATE,LARGE,24,2,3,0,Optimization terminated successfully. (HiGHS Status 7: Optimal),True,1394.0,1394.0,0.0,0,1394,1394,0,1.0,1394,True,0.0,18643,1394,0.074773373384112,144,78,0.000212200015084818,0.000983899983111769,0.001196099998196587
DEV-1788,HIGH,SMALL,5,5,1,0,Optimization terminated successfully. (HiGHS Status 7: Optimal),True,454.0,454.0,0.0,0,454,454,0,1.0,454,True,0.0,5243,454,0.08659164600419607,75,30,0.00015799998072907329,0.0007830999966245145,0.0009410999773535877
DEV-1789,MODERATE,SMALL,3,4,1,0,Optimization terminated successfully. (HiGHS Status 7: Optimal),True,1409.0,1409.0,0.0,0,1409,1409,0,1.0,1409,True,0.0,2290,1409,0.6152838427947598,36,21,0.00014260000898502767,0.0006917999999132007,0.0008344000088982284
DEV-1790,HIGH,MEDIUM,12,2,1,0,Optimization terminated successfully. (HiGHS Status 7: Optimal),True,787.0,787.0,0.0,0,787,787,0,1.0,787,True,0.0,8543,787,0.0921222053142924,72,42,0.0001915999746415764,0.0008762000070419163,0.0010677999816834927
DEV-1791,LOW,SMALL,6,3,2,0,Optimization terminated successfully. (HiGHS Status 7: Optimal),True,599.0,599.0,0.0,0,599,599,0,1.0,599,True,0.0,1861,599,0.32186996238581406,54,27,0.00015410000924021006,0.0007914000016171485,0.0009455000108573586
DEV-1792,LOW,LARGE,29,4,4,0,Optimization terminated successfully. (HiGHS Status 7: Optimal),True,4126.0,4126.0,0.0,0,4126,4126,0,1.0,4126,True,0.0,25543,4126,0.16153153505852877,348,99,0.00031159998616203666,0.0014473999908659607,0.0017589999770279974
DEV-1793,HIGH,MEDIUM,10,3,2,0,Optimization terminated successfully. (HiGHS Status 7: Optimal),True,1383.0,1383.0,0.0,1,1383,1383,0,1.0,1383,True,0.0,7494,1383,0.18454763811048838,90,39,0.00017040001694113016,0.006884399976115674,0.007054799993056804
DEV-1794,MODERATE,LARGE,25,3,2,0,Optimization terminated successfully. (HiGHS Status 7: Optimal),True,1563.0,1563.0,0.0,0,1563,1563,0,1.0,1563,True,0.0,17438,1563,0.08963183851359101,225,84,0.0002497000095900148,0.0011519999825395644,0.0014016999921295792
DEV-1795,HIGH,LARGE,18,4,1,0,Optimization terminated successfully. (HiGHS Status 7: Optimal),True,832.0,832.0,0.0,0,832,832,0,1.0,832,True,0.0,11109,832,0.0748942299036817,216,66,0.00023629999486729503,0.0011267000227235258,0.0013630000175908208
DEV-1796,MODERATE,LARGE,24,5,3,0,Optimization terminated successfully. (HiGHS Status 7: Optimal),True,4056.0,4056.0,0.0,0,4056,4056,0,1.0,4056,True,0.0,21348,4056,0.18999437886453063,360,87,0.00031430000672116876,0.0016147000133059919,0.0019290000200271606
DEV-1797,MODERATE,LARGE,25,3,3,0,Optimization terminated successfully. (HiGHS Status 7: Optimal),True,2431.0,2431.0,0.0,0,2431,2431,0,1.0,2431,True,0.0,19121,2431,0.12713770200303331,225,84,0.00029360002372413874,0.0014775999879930168,0.0017712000117171556
DEV-1798,MODERATE,MEDIUM,10,2,1,0,Optimization terminated successfully. (HiGHS Status 7: Optimal),True,258.0,258.0,0.0,0,258,258,0,1.0,258,True,0.0,6268,258,0.04116145500957243,60,36,0.00017590000061318278,0.0009046000195667148,0.0010805000201798975
DEV-1799,MODERATE,MEDIUM,12,4,2,0,Optimization terminated successfully. (HiGHS Status 7: Optimal),True,570.0,570.0,0.0,0,570,570,0,1.0,570,True,0.0,7219,570,0.07895830447430392,144,48,0.00022429999080486596,0.0010825000063050538,0.0013067999971099198
DEV-1800,HIGH,MEDIUM,9,5,1,0,Optimization terminated successfully. (HiGHS Status 7: Optimal),True,882.0,882.0,0.0,0,882,882,0,1.0,882,True,0.0,7498,882,0.1176313683648973,135,42,0.00019270001212134957,0.00091559998691082,0.0011082999990321696
DEV-1801,HIGH,SMALL,5,4,1,0,Optimization terminated successfully. (HiGHS Status 7: Optimal),True,627.0,627.0,0.0,0,627,627,0,1.0,627,True,0.0,6003,627,0.10444777611194403,60,27,0.00014760001795366406,0.0007397999870590866,0.0008874000050127506
DEV-1802,MODERATE,SMALL,6,2,3,0,Optimization terminated successfully. (HiGHS Status 7: Optimal),True,2432.0,2432.0,0.0,1,2432,2432,0,1.0,2432,True,0.0,3407,2432,0.7138244790137951,36,24,0.00013690002379007638,0.005448300013085827,0.005585200036875904
DEV-1803,MODERATE,LARGE,24,4,9,0,Optimization terminated successfully. (HiGHS Status 7: Optimal),True,6754.0,6754.0,0.0,1,6754,6754,0,1.0,6754,True,0.0,18072,6754,0.37372731297034084,288,84,0.00028139998903498054,0.004522200004430488,0.004803599993465468
DEV-1804,LOW,MEDIUM,9,4,1,0,Optimization terminated successfully. (HiGHS Status 7: Optimal),True,265.0,265.0,0.0,0,265,265,0,1.0,265,True,0.0,6990,265,0.03791130185979971,108,39,0.0001818999880924821,0.0008699999889358878,0.00105189997702837
DEV-1805,MODERATE,LARGE,27,2,1,0,Optimization terminated successfully. (HiGHS Status 7: Optimal),True,1638.0,1638.0,0.0,0,1638,1638,0,1.0,1638,True,0.0,25109,1638,0.06523557290214664,162,87,0.0002300000051036477,0.0010102000087499619,0.0012402000138536096
DEV-1806,LOW,MEDIUM,14,5,1,0,Optimization terminated successfully. (HiGHS Status 7: Optimal),True,229.0,229.0,0.0,0,229,229,0,1.0,229,True,0.0,8838,229,0.025910839556460737,210,57,0.00022409998928196728,0.0011017000069841743,0.0013257999962661415
DEV-1807,MODERATE,LARGE,19,2,3,0,Optimization terminated successfully. (HiGHS Status 7: Optimal),True,1440.0,1440.0,0.0,0,1440,1440,0,1.0,1440,True,0.0,14753,1440,0.09760726631871484,114,63,0.00018790000467561185,0.0009007000189740211,0.001088600023649633
DEV-1808,LOW,MEDIUM,10,2,1,0,Optimization terminated successfully. (HiGHS Status 7: Optimal),True,1424.0,1424.0,0.0,0,1424,1424,0,1.0,1424,True,0.0,7004,1424,0.2033123929183324,60,36,0.00015259999781847,0.000748799997381866,0.000901399995200336
DEV-1809,MODERATE,MEDIUM,8,2,2,0,Optimization terminated successfully. (HiGHS Status 7: Optimal),True,2272.0,2272.0,0.0,0,2272,2272,0,1.0,2272,True,0.0,7951,2272,0.28575022009810086,48,30,0.00014479999663308263,0.000750000006519258,0.0008948000031523407
DEV-1810,HIGH,MEDIUM,13,2,1,0,Optimization terminated successfully. (HiGHS Status 7: Optimal),True,1397.0,1397.0,0.0,0,1397,1397,0,1.0,1397,True,0.0,9320,1397,0.14989270386266093,78,45,0.00016560000949539244,0.0007960000075399876,0.00096160001703538
DEV-1811,HIGH,SMALL,4,5,1,0,Optimization terminated successfully. (HiGHS Status 7: Optimal),True,1324.0,1324.0,0.0,0,1365,1324,41,0.96996336996337,1324,True,0.0,3646,1324,0.3631376851343939,60,27,0.00014659998123534024,0.0007393000123556703,0.0008858999935910106
DEV-1812,MODERATE,SMALL,5,5,1,0,Optimization terminated successfully. (HiGHS Status 7: Optimal),True,51.0,51.0,0.0,0,51,51,0,1.0,51,True,0.0,2943,51,0.017329255861365953,75,30,0.00018179998733103275,0.0007766000053379685,0.0009583999926690012
DEV-1813,MODERATE,MEDIUM,12,4,2,0,Optimization terminated successfully. (HiGHS Status 7: Optimal),True,1336.0,1336.0,0.0,0,1336,1336,0,1.0,1336,True,0.0,10384,1336,0.12865947611710324,144,48,0.00019550000433810055,0.0009522000036668032,0.0011477000080049038
DEV-1814,HIGH,SMALL,5,3,2,0,Optimization terminated successfully. (HiGHS Status 7: Optimal),True,1020.0,1020.0,0.0,0,1375,1020,355,0.7418181818181818,1020,True,0.0,2771,1020,0.36809815950920244,45,24,0.00014029999147169292,0.0007193000055849552,0.0008595999970566481
DEV-1815,HIGH,LARGE,23,4,9,0,Optimization terminated successfully. (HiGHS Status 7: Optimal),True,4831.0,4831.0,0.0,1,4831,4831,0,1.0,4831,True,0.0,17065,4831,0.2830940521535306,276,81,0.00026500000967644155,0.003295299975434318,0.0035602999851107597
DEV-1816,LOW,SMALL,5,4,1,0,Optimization terminated successfully. (HiGHS Status 7: Optimal),True,750.0,750.0,0.0,0,750,750,0,1.0,750,True,0.0,5516,750,0.1359680928208847,60,27,0.00015269999857991934,0.0007704999879933894,0.0009231999865733087
DEV-1817,MODERATE,SMALL,6,2,1,0,Optimization terminated successfully. (HiGHS Status 7: Optimal),True,715.0,715.0,0.0,0,715,715,0,1.0,715,True,0.0,3346,715,0.21368798565451286,36,24,0.0001362999901175499,0.0006887000054121017,0.0008249999955296516
DEV-1818,HIGH,SMALL,5,3,3,0,Optimization terminated successfully. (HiGHS Status 7: Optimal),True,1763.0,1763.0,0.0,1,2333,1763,570,0.755679382768967,1763,True,0.0,3080,1763,0.5724025974025974,45,24,0.00013989998842589557,0.004357700003311038,0.004497599991736934
DEV-1819,MODERATE,LARGE,20,5,3,0,Optimization terminated successfully. (HiGHS Status 7: Optimal),True,2850.0,2850.0,0.0,1,2850,2850,0,1.0,2850,True,0.0,11776,2850,0.24201766304347827,300,75,0.0002849999873433262,0.0059424000210128725,0.006227400008356199
DEV-1820,HIGH,MEDIUM,11,2,2,0,Optimization terminated successfully. (HiGHS Status 7: Optimal),True,772.0,772.0,0.0,0,772,772,0,1.0,772,True,0.0,9909,772,0.07790897164194167,66,39,0.00016309999045915902,0.0008312000136356801,0.000994300004094839
DEV-1821,HIGH,SMALL,6,3,1,0,Optimization terminated successfully. (HiGHS Status 7: Optimal),True,2034.0,2034.0,0.0,0,2034,2034,0,1.0,2034,True,0.0,5295,2034,0.38413597733711047,54,27,0.00014789999113418162,0.0008214999979827553,0.0009693999891169369
DEV-1822,HIGH,MEDIUM,9,4,1,0,Optimization terminated successfully. (HiGHS Status 7: Optimal),True,732.0,732.0,0.0,0,732,732,0,1.0,732,True,0.0,6940,732,0.10547550432276658,108,39,0.0001942999952007085,0.0009127000230364501,0.0011070000182371587
DEV-1823,MODERATE,LARGE,19,5,7,0,Optimization terminated successfully. (HiGHS Status 7: Optimal),True,4352.0,4352.0,0.0,1,4352,4352,0,1.0,4352,True,0.0,13980,4352,0.31130185979971386,285,72,0.00026890001026913524,0.003570800006855279,0.0038397000171244144
DEV-1824,HIGH,SMALL,4,5,1,0,Optimization terminated successfully. (HiGHS Status 7: Optimal),True,439.0,439.0,0.0,0,439,439,0,1.0,439,True,0.0,3368,439,0.13034441805225652,60,27,0.00015360000543296337,0.000754000007873401,0.0009076000133063644
DEV-1825,HIGH,MEDIUM,8,5,1,0,Optimization terminated successfully. (HiGHS Status 7: Optimal),True,483.0,483.0,0.0,0,483,483,0,1.0,483,True,0.0,5083,483,0.09502262443438914,120,39,0.00018110001110471785,0.0008937999955378473,0.0010749000066425651
DEV-1826,HIGH,LARGE,29,2,1,0,Optimization terminated successfully. (HiGHS Status 7: Optimal),True,3.0,3.0,0.0,0,3,3,0,1.0,3,True,0.0,20517,3,0.00014622020763269483,174,93,0.00022539999918080866,0.001052100007655099,0.0012775000068359077
DEV-1827,MODERATE,LARGE,25,4,2,0,Optimization terminated successfully. (HiGHS Status 7: Optimal),True,2209.0,2209.0,0.0,0,2209,2209,0,1.0,2209,True,0.0,20383,2209,0.10837462591375166,300,87,0.0002801999798975885,0.0013184999988880008,0.0015986999787855893
DEV-1828,HIGH,SMALL,6,3,3,0,Optimization terminated successfully. (HiGHS Status 7: Optimal),True,1273.0,1273.0,0.0,1,1683,1273,410,0.756387403446227,1273,True,0.0,4021,1273,0.3165879134543646,54,27,0.00015269999857991934,0.006068799993954599,0.006221499992534518
DEV-1829,MODERATE,MEDIUM,10,3,1,0,Optimization terminated successfully. (HiGHS Status 7: Optimal),True,1588.0,1588.0,0.0,0,1588,1588,0,1.0,1588,True,0.0,9444,1588,0.1681490893689115,90,39,0.0001742000167723745,0.000843899993924424,0.0010181000106967986
DEV-1830,HIGH,LARGE,19,4,3,0,Optimization terminated successfully. (HiGHS Status 7: Optimal),True,2186.0,2186.0,0.0,1,2186,2186,0,1.0,2186,True,0.0,13741,2186,0.15908594716541735,228,69,0.00024009999469853938,0.005616100010229275,0.005856200004927814
DEV-1831,MODERATE,LARGE,28,4,1,0,Optimization terminated successfully. (HiGHS Status 7: Optimal),True,1115.0,1115.0,0.0,0,1115,1115,0,1.0,1115,True,0.0,22712,1115,0.049092990489609016,336,96,0.000308899994706735,0.0014022999966982752,0.0017111999914050102
DEV-1832,HIGH,MEDIUM,9,2,3,0,Optimization terminated successfully. (HiGHS Status 7: Optimal),True,2217.0,2217.0,0.0,1,2848,2217,631,0.7784410112359551,2217,True,0.0,6396,2217,0.34662288930581614,54,33,0.0001517999917268753,0.0062516000180039555,0.006403400009730831
DEV-1833,HIGH,MEDIUM,10,2,1,0,Optimization terminated successfully. (HiGHS Status 7: Optimal),True,139.0,139.0,0.0,0,139,139,0,1.0,139,True,0.0,6609,139,0.021031926161295202,60,36,0.00016039999900385737,0.0007662000134587288,0.0009266000124625862
DEV-1834,HIGH,LARGE,19,3,3,0,Optimization terminated successfully. (HiGHS Status 7: Optimal),True,3895.0,3895.0,0.0,1,3895,3895,0,1.0,3895,True,0.0,13717,3895,0.283954217394474,171,66,0.00021559998276643455,0.0048983000160660595,0.005113899998832494
DEV-1835,HIGH,LARGE,23,4,4,0,Optimization terminated successfully. (HiGHS Status 7: Optimal),True,2227.0,2227.0,0.0,1,2227,2227,0,1.0,2227,True,0.0,13024,2227,0.17099201474201475,276,81,0.0002724000078160316,0.004338700004154816,0.004611100011970848
DEV-1836,HIGH,SMALL,3,5,1,0,Optimization terminated successfully. (HiGHS Status 7: Optimal),True,1381.0,1381.0,0.0,0,1468,1381,87,0.9407356948228883,1381,True,0.0,3416,1381,0.4042740046838407,45,24,0.00017559999832883477,0.0007306999759748578,0.0009062999743036926
DEV-1837,HIGH,MEDIUM,14,2,3,0,Optimization terminated successfully. (HiGHS Status 7: Optimal),True,766.0,766.0,0.0,1,766,766,0,1.0,766,True,0.0,6507,766,0.11771937913016751,84,48,0.00017590000061318278,0.007368299993686378,0.007544199994299561
DEV-1838,HIGH,LARGE,21,5,4,0,Optimization terminated successfully. (HiGHS Status 7: Optimal),True,2110.0,2110.0,0.0,1,2110,2110,0,1.0,2110,True,0.0,15198,2110,0.138834057112778,315,78,0.0002911000046879053,0.004313699988415465,0.00460479999310337
DEV-1839,MODERATE,LARGE,26,3,2,0,Optimization terminated successfully. (HiGHS Status 7: Optimal),True,103.0,103.0,0.0,0,103,103,0,1.0,103,True,0.0,16801,103,0.006130587465031844,234,87,0.00025469998945482075,0.0011885999992955476,0.0014432999887503684
DEV-1840,MODERATE,MEDIUM,9,2,2,0,Optimization terminated successfully. (HiGHS Status 7: Optimal),True,1606.0,1606.0,0.0,0,1606,1606,0,1.0,1606,True,0.0,7960,1606,0.20175879396984925,54,33,0.00015310000162571669,0.0007757999992463738,0.0009289000008720905
DEV-1841,HIGH,LARGE,24,2,4,0,Optimization terminated successfully. (HiGHS Status 7: Optimal),True,1791.0,1791.0,0.0,0,1791,1791,0,1.0,1791,True,0.0,15480,1791,0.11569767441860465,144,78,0.00021619998733513057,0.0009569000103510916,0.0011730999976862222
DEV-1842,HIGH,MEDIUM,14,3,1,0,Optimization terminated successfully. (HiGHS Status 7: Optimal),True,958.0,958.0,0.0,0,958,958,0,1.0,958,True,0.0,10698,958,0.0895494484950458,126,51,0.0001908999984152615,0.0009177000029012561,0.0011086000013165176
DEV-1843,MODERATE,LARGE,20,2,4,0,Optimization terminated successfully. (HiGHS Status 7: Optimal),True,1598.0,1598.0,0.0,0,1598,1598,0,1.0,1598,True,0.0,12816,1598,0.12468789013732834,120,66,0.0001928999845404178,0.0009187000105157495,0.0011115999950561672
DEV-1844,MODERATE,MEDIUM,13,5,1,0,Optimization terminated successfully. (HiGHS Status 7: Optimal),True,539.0,539.0,0.0,0,539,539,0,1.0,539,True,0.0,9511,539,0.05667122279465882,195,54,0.00021999998716637492,0.0011703000054694712,0.0013902999926358461
DEV-1845,MODERATE,LARGE,24,3,2,0,Optimization terminated successfully. (HiGHS Status 7: Optimal),True,2275.0,2275.0,0.0,0,2275,2275,0,1.0,2275,True,0.0,18426,2275,0.12346684033431021,216,81,0.0002590999938547611,0.0011266000219620764,0.0013857000158168375
DEV-1846,MODERATE,SMALL,3,2,1,0,Optimization terminated successfully. (HiGHS Status 7: Optimal),True,313.0,313.0,0.0,0,313,313,0,1.0,313,True,0.0,1627,313,0.19237861094038106,18,15,0.0001246000174432993,0.0006484999903477728,0.0007731000077910721
DEV-1847,HIGH,SMALL,5,2,2,0,Optimization terminated successfully. (HiGHS Status 7: Optimal),True,1032.0,1032.0,0.0,0,2991,1032,1959,0.34503510531594783,1032,True,0.0,3071,1032,0.3360468902637577,30,21,0.00013169998419471085,0.0006901000160723925,0.0008218000002671033
DEV-1848,MODERATE,LARGE,29,4,4,0,Optimization terminated successfully. (HiGHS Status 7: Optimal),True,2389.0,2389.0,0.0,0,2389,2389,0,1.0,2389,True,0.0,26611,2389,0.08977490511442636,348,99,0.000311999989207834,0.0014430000155698508,0.0017550000047776848
DEV-1849,MODERATE,LARGE,23,2,1,0,Optimization terminated successfully. (HiGHS Status 7: Optimal),True,388.0,388.0,0.0,0,388,388,0,1.0,388,True,0.0,16308,388,0.023792003924454255,138,75,0.0002075999800581485,0.0009469999931752682,0.0011545999732334167
DEV-1850,HIGH,LARGE,30,4,5,0,Optimization terminated successfully. (HiGHS Status 7: Optimal),True,6114.0,6114.0,0.0,1,6114,6114,0,1.0,6114,True,0.0,23929,6114,0.2555058715366292,360,102,0.0003178000042680651,0.005037700000684708,0.0053555000049527735
DEV-1851,HIGH,SMALL,3,2,1,0,Optimization terminated successfully. (HiGHS Status 7: Optimal),True,9.0,9.0,0.0,0,9,9,0,1.0,9,True,0.0,2387,9,0.003770423125261835,18,15,0.00013089997810311615,0.0006636000180151314,0.0007944999961182475
DEV-1852,HIGH,MEDIUM,10,3,1,0,Optimization terminated successfully. (HiGHS Status 7: Optimal),True,532.0,532.0,0.0,0,532,532,0,1.0,532,True,0.0,9198,532,0.0578386605783866,90,39,0.00017059998936019838,0.0008147000044118613,0.0009852999937720597
DEV-1853,HIGH,LARGE,19,4,3,0,Optimization terminated successfully. (HiGHS Status 7: Optimal),True,1193.0,1193.0,0.0,1,1193,1193,0,1.0,1193,True,0.0,9386,1193,0.12710419774131684,228,69,0.0002410000015515834,0.006403800012776628,0.0066448000143282115
DEV-1854,MODERATE,LARGE,26,5,1,0,Optimization terminated successfully. (HiGHS Status 7: Optimal),True,243.0,243.0,0.0,0,243,243,0,1.0,243,True,0.0,19280,243,0.012603734439834025,390,93,0.0003338000096846372,0.0015276000194717199,0.001861400029156357
DEV-1855,MODERATE,SMALL,3,5,1,0,Optimization terminated successfully. (HiGHS Status 7: Optimal),True,469.0,469.0,0.0,0,469,469,0,1.0,469,True,0.0,2308,469,0.20320623916811092,45,24,0.00014310001279227436,0.0007301000005099922,0.0008732000133022666
DEV-1856,HIGH,LARGE,19,3,5,0,Optimization terminated successfully. (HiGHS Status 7: Optimal),True,4093.0,4093.0,0.0,1,4093,4093,0,1.0,4093,True,0.0,13439,4093,0.3045613512910187,171,66,0.00021430000197142363,0.004057999991346151,0.004272299993317574
DEV-1857,HIGH,LARGE,18,2,2,0,Optimization terminated successfully. (HiGHS Status 7: Optimal),True,1664.0,1664.0,0.0,0,1664,1664,0,1.0,1664,True,0.0,14034,1664,0.11856918911215619,108,60,0.0001894000160973519,0.0009006999898701906,0.0010901000059675425
DEV-1858,HIGH,SMALL,5,4,1,0,Optimization terminated successfully. (HiGHS Status 7: Optimal),True,667.0,667.0,0.0,0,667,667,0,1.0,667,True,0.0,4540,667,0.14691629955947136,60,27,0.0001574999769218266,0.0007551000162493438,0.0009125999931711704
DEV-1859,HIGH,SMALL,3,5,1,0,Optimization terminated successfully. (HiGHS Status 7: Optimal),True,276.0,276.0,0.0,0,276,276,0,1.0,276,True,0.0,1778,276,0.15523059617547807,45,24,0.0001477000187151134,0.0007146999996621162,0.0008624000183772296
DEV-1860,MODERATE,LARGE,20,2,2,0,Optimization terminated successfully. (HiGHS Status 7: Optimal),True,1009.0,1009.0,0.0,0,1009,1009,0,1.0,1009,True,0.0,14112,1009,0.07149943310657596,120,66,0.0001923999807331711,0.0009901000012177974,0.0011824999819509685
DEV-1861,HIGH,LARGE,19,5,2,0,Optimization terminated successfully. (HiGHS Status 7: Optimal),True,1358.0,1358.0,0.0,0,1358,1358,0,1.0,1358,True,0.0,14440,1358,0.09404432132963988,285,72,0.00027249997947365046,0.0012595000152941793,0.0015319999947678298
DEV-1862,MODERATE,SMALL,5,4,2,0,Optimization terminated successfully. (HiGHS Status 7: Optimal),True,1461.0,1461.0,0.0,1,1461,1461,0,1.0,1461,True,0.0,5851,1461,0.2497009058280636,60,27,0.00015209999401122332,0.005943299998762086,0.006095399992773309
DEV-1863,MODERATE,LARGE,28,3,3,0,Optimization terminated successfully. (HiGHS Status 7: Optimal),True,2677.0,2677.0,0.0,0,2677,2677,0,1.0,2677,True,0.0,18274,2677,0.14649228411951407,252,93,0.00026810000417754054,0.0012589000107254833,0.0015270000149030238
DEV-1864,MODERATE,SMALL,5,3,2,0,Optimization terminated successfully. (HiGHS Status 7: Optimal),True,904.0,904.0,0.0,1,904,904,0,1.0,904,True,0.0,2345,904,0.38550106609808105,45,24,0.00014259997988119721,0.006826600001659244,0.0069691999815404415
DEV-1865,MODERATE,SMALL,6,5,1,0,Optimization terminated successfully. (HiGHS Status 7: Optimal),True,10.0,10.0,0.0,0,10,10,0,1.0,10,True,0.0,3437,10,0.002909514111143439,90,33,0.00017369998386129737,0.0008486000006087124,0.0010222999844700098
DEV-1866,HIGH,MEDIUM,9,4,1,0,Optimization terminated successfully. (HiGHS Status 7: Optimal),True,1540.0,1540.0,0.0,0,1540,1540,0,1.0,1540,True,0.0,8550,1540,0.18011695906432748,108,39,0.00017839999054558575,0.0008800000068731606,0.0010583999974187464
DEV-1867,HIGH,SMALL,4,4,1,0,Optimization terminated successfully. (HiGHS Status 7: Optimal),True,1022.0,1022.0,0.0,0,1022,1022,0,1.0,1022,True,0.0,3402,1022,0.3004115226337449,48,24,0.0001430999836884439,0.0007133999897632748,0.0008564999734517187
DEV-1868,LOW,SMALL,5,4,1,0,Optimization terminated successfully. (HiGHS Status 7: Optimal),True,5.0,5.0,0.0,0,5,5,0,1.0,5,True,0.0,4144,5,0.0012065637065637065,60,27,0.00015180002083070576,0.0007539999787695706,0.0009057999996002764
DEV-1869,HIGH,LARGE,26,5,8,0,Optimization terminated successfully. (HiGHS Status 7: Optimal),True,4723.0,4723.0,0.0,1,4723,4723,0,1.0,4723,True,0.0,20340,4723,0.23220255653883973,390,93,0.00032900000223889947,0.0035245000035502017,0.003853500005789101
DEV-1870,HIGH,LARGE,22,4,3,0,Optimization terminated successfully. (HiGHS Status 7: Optimal),True,1334.0,1334.0,0.0,1,1334,1334,0,1.0,1334,True,0.0,17743,1334,0.07518457983430085,264,78,0.0002696999872568995,0.005740199994761497,0.006009899982018396
DEV-1871,MODERATE,LARGE,28,2,6,0,Optimization terminated successfully. (HiGHS Status 7: Optimal),True,1912.0,1912.0,0.0,0,1912,1912,0,1.0,1912,True,0.0,15717,1912,0.12165171470382388,168,90,0.00024049999774433672,0.0010397000005468726,0.0012801999982912093
DEV-1872,MODERATE,SMALL,5,3,1,0,Optimization terminated successfully. (HiGHS Status 7: Optimal),True,10.0,10.0,0.0,0,10,10,0,1.0,10,True,0.0,3478,10,0.002875215641173088,45,24,0.00014260000898502767,0.0007250999915413558,0.0008677000005263835
DEV-1873,MODERATE,SMALL,5,2,2,0,Optimization terminated successfully. (HiGHS Status 7: Optimal),True,518.0,518.0,0.0,0,518,518,0,1.0,518,True,0.0,3343,518,0.15495064313490878,30,21,0.00013479997869580984,0.0006870000215712935,0.0008218000002671033
DEV-1874,HIGH,SMALL,5,4,1,0,Optimization terminated successfully. (HiGHS Status 7: Optimal),True,1514.0,1514.0,0.0,0,1971,1514,457,0.7681380010147133,1514,True,0.0,3429,1514,0.4415281423155439,60,27,0.00014970000484026968,0.0007553000177722424,0.0009050000226125121
DEV-1875,HIGH,SMALL,5,3,3,0,Optimization terminated successfully. (HiGHS Status 7: Optimal),True,1269.0,1269.0,0.0,1,1505,1269,236,0.8431893687707641,1269,True,0.0,2358,1269,0.5381679389312977,45,24,0.00014099999680183828,0.005006100022001192,0.00514710001880303
DEV-1876,HIGH,LARGE,28,3,1,0,Optimization terminated successfully. (HiGHS Status 7: Optimal),True,669.0,669.0,0.0,0,669,669,0,1.0,669,True,0.0,25595,669,0.026137917562023834,252,93,0.00026309999520890415,0.0012220999924466014,0.0014851999876555055
DEV-1877,HIGH,LARGE,30,2,4,0,Optimization terminated successfully. (HiGHS Status 7: Optimal),True,3400.0,3400.0,0.0,0,3400,3400,0,1.0,3400,True,0.0,22084,3400,0.1539576163738453,180,96,0.00023380000493489206,0.0010831000108737499,0.001316900015808642
DEV-1878,MODERATE,MEDIUM,10,2,2,0,Optimization terminated successfully. (HiGHS Status 7: Optimal),True,1081.0,1081.0,0.0,0,1081,1081,0,1.0,1081,True,0.0,8928,1081,0.12107974910394265,60,36,0.0001564999984111637,0.0007637999951839447,0.0009202999935951084
DEV-1879,HIGH,LARGE,20,4,2,0,Optimization terminated successfully. (HiGHS Status 7: Optimal),True,1652.0,1652.0,0.0,0,1652,1652,0,1.0,1652,True,0.0,16100,1652,0.10260869565217391,240,72,0.0002494000073056668,0.0011898999800905585,0.0014392999873962253
DEV-1880,HIGH,SMALL,6,5,1,0,Optimization terminated successfully. (HiGHS Status 7: Optimal),True,434.0,434.0,0.0,0,434,434,0,1.0,434,True,0.0,5041,434,0.08609402896250744,90,33,0.0001686000032350421,0.0009376999805681407,0.0011062999838031828
DEV-1881,HIGH,LARGE,18,3,2,0,Optimization terminated successfully. (HiGHS Status 7: Optimal),True,1736.0,1736.0,0.0,0,1736,1736,0,1.0,1736,True,0.0,12620,1736,0.1375594294770206,162,63,0.000225800002226606,0.0010302999871782959,0.0012560999894049019
DEV-1882,MODERATE,MEDIUM,12,4,1,0,Optimization terminated successfully. (HiGHS Status 7: Optimal),True,1853.0,1853.0,0.0,0,1853,1853,0,1.0,1853,True,0.0,9231,1853,0.2007366482504604,144,48,0.00019810002413578331,0.000953600014327094,0.0011517000384628773
DEV-1883,LOW,LARGE,19,4,5,0,Optimization terminated successfully. (HiGHS Status 7: Optimal),True,3304.0,3304.0,0.0,0,3304,3304,0,1.0,3304,True,0.0,12776,3304,0.25860989355040703,228,69,0.0002403999969828874,0.0011973999789915979,0.0014377999759744853
DEV-1884,LOW,LARGE,23,4,4,0,Optimization terminated successfully. (HiGHS Status 7: Optimal),True,2677.0,2677.0,0.0,0,2677,2677,0,1.0,2677,True,0.0,20880,2677,0.1282088122605364,276,81,0.0002733000146690756,0.0013173999905120581,0.0015907000051811337
DEV-1885,HIGH,SMALL,3,3,1,0,Optimization terminated successfully. (HiGHS Status 7: Optimal),True,481.0,481.0,0.0,0,481,481,0,1.0,481,True,0.0,2215,481,0.21715575620767494,27,18,0.00013229998876340687,0.0006905000191181898,0.0008228000078815967
DEV-1886,HIGH,MEDIUM,9,3,2,0,Optimization terminated successfully. (HiGHS Status 7: Optimal),True,1436.0,1436.0,0.0,0,1436,1436,0,1.0,1436,True,0.0,5074,1436,0.28301143082380764,81,36,0.00016590001177974045,0.0007866999949328601,0.0009526000067126006
DEV-1887,HIGH,MEDIUM,14,5,3,0,Optimization terminated successfully. (HiGHS Status 7: Optimal),True,2654.0,2654.0,0.0,1,2654,2654,0,1.0,2654,True,0.0,9285,2654,0.2858373721055466,210,57,0.00022780001745559275,0.004324299981817603,0.004552099999273196
DEV-1888,LOW,LARGE,30,4,5,0,Optimization terminated successfully. (HiGHS Status 7: Optimal),True,4018.0,4018.0,0.0,0,4018,4018,0,1.0,4018,True,0.0,20040,4018,0.20049900199600798,360,102,0.0003229999856557697,0.001497500023106113,0.0018205000087618828
DEV-1889,MODERATE,MEDIUM,12,3,1,0,Optimization terminated successfully. (HiGHS Status 7: Optimal),True,203.0,203.0,0.0,0,203,203,0,1.0,203,True,0.0,6738,203,0.030127634312852477,108,45,0.0001804000057745725,0.0010009999969042838,0.0011814000026788563
DEV-1890,HIGH,SMALL,4,2,3,0,Optimization terminated successfully. (HiGHS Status 7: Optimal),True,2012.0,2012.0,0.0,0,3030,2012,1018,0.664026402640264,2012,True,0.0,3728,2012,0.5396995708154506,24,18,0.0001351000100839883,0.0006991999980527908,0.0008343000081367791
DEV-1891,LOW,MEDIUM,9,4,2,0,Optimization terminated successfully. (HiGHS Status 7: Optimal),True,833.0,833.0,0.0,0,833,833,0,1.0,833,True,0.0,6748,833,0.12344398340248963,108,39,0.00017739998293109238,0.0008996000105980784,0.0010769999935291708
DEV-1892,MODERATE,SMALL,4,5,1,0,Optimization terminated successfully. (HiGHS Status 7: Optimal),True,507.0,507.0,0.0,0,507,507,0,1.0,507,True,0.0,1612,507,0.31451612903225806,60,27,0.00014789999113418162,0.0007547000132035464,0.000902600004337728
DEV-1893,HIGH,MEDIUM,13,2,4,0,Optimization terminated successfully. (HiGHS Status 7: Optimal),True,2321.0,2321.0,0.0,1,2321,2321,0,1.0,2321,True,0.0,12753,2321,0.18199639300556733,78,45,0.00016709999181330204,0.008189599990146235,0.008356699981959537
DEV-1894,MODERATE,LARGE,29,4,2,0,Optimization terminated successfully. (HiGHS Status 7: Optimal),True,858.0,858.0,0.0,0,858,858,0,1.0,858,True,0.0,16613,858,0.05164630108950822,348,99,0.000318799982778728,0.0014346000098157674,0.0017533999925944954
DEV-1895,HIGH,SMALL,4,3,2,0,Optimization terminated successfully. (HiGHS Status 7: Optimal),True,822.0,822.0,0.0,1,1074,822,252,0.7653631284916201,822,True,0.0,2102,822,0.3910561370123692,36,21,0.0001370999962091446,0.006778699986170977,0.006915799982380122
DEV-1896,HIGH,LARGE,27,5,3,0,Optimization terminated successfully. (HiGHS Status 7: Optimal),True,2090.0,2090.0,0.0,0,2090,2090,0,1.0,2090,True,0.0,22719,2090,0.09199348562876887,405,96,0.000374399998690933,0.0016082999936770648,0.0019826999923679978
DEV-1897,HIGH,MEDIUM,12,2,2,0,Optimization terminated successfully. (HiGHS Status 7: Optimal),True,237.0,237.0,0.0,0,237,237,0,1.0,237,True,0.0,8137,237,0.02912621359223301,72,42,0.0001711999939288944,0.0007852000126149505,0.0009564000065438449
DEV-1898,HIGH,MEDIUM,12,3,1,0,Optimization terminated successfully. (HiGHS Status 7: Optimal),True,65.0,65.0,0.0,0,65,65,0,1.0,65,True,0.0,8253,65,0.007875923906458257,108,45,0.00018730000010691583,0.000852899975143373,0.0010401999752502888
DEV-1899,HIGH,SMALL,3,5,1,0,Optimization terminated successfully. (HiGHS Status 7: Optimal),True,378.0,378.0,0.0,0,378,378,0,1.0,378,True,0.0,1357,378,0.27855563743551953,45,24,0.00014749998808838427,0.0007104999967850745,0.0008579999848734587
DEV-1900,HIGH,LARGE,28,2,9,0,Optimization terminated successfully. (HiGHS Status 7: Optimal),True,4071.0,4071.0,0.0,1,4071,4071,0,1.0,4071,True,0.0,21671,4071,0.1878547367449587,168,90,0.00023040000814944506,0.004003200010629371,0.004233600018778816
DEV-1901,MODERATE,LARGE,21,2,6,0,Optimization terminated successfully. (HiGHS Status 7: Optimal),True,5882.0,5882.0,0.0,0,5882,5882,0,1.0,5882,True,0.0,14683,5882,0.4005993325614656,126,69,0.00020219999714754522,0.0009510999952908605,0.0011532999924384058
DEV-1902,LOW,LARGE,22,5,3,0,Optimization terminated successfully. (HiGHS Status 7: Optimal),True,2846.0,2846.0,0.0,0,2846,2846,0,1.0,2846,True,0.0,17083,2846,0.1665983726511737,330,81,0.00029570001061074436,0.0014811999863013625,0.0017768999969121069
DEV-1903,HIGH,LARGE,20,4,4,0,Optimization terminated successfully. (HiGHS Status 7: Optimal),True,4171.0,4171.0,0.0,1,4171,4171,0,1.0,4171,True,0.0,17230,4171,0.24207777132907718,240,72,0.00025159999495372176,0.004126800020458177,0.0043784000154118985
DEV-1904,HIGH,SMALL,4,2,1,0,Optimization terminated successfully. (HiGHS Status 7: Optimal),True,1091.0,1091.0,0.0,0,1091,1091,0,1.0,1091,True,0.0,4549,1091,0.2398329303143548,24,18,0.00013309999485500157,0.0006749000167474151,0.0008080000116024166
DEV-1905,HIGH,MEDIUM,8,3,1,0,Optimization terminated successfully. (HiGHS Status 7: Optimal),True,1124.0,1124.0,0.0,0,1124,1124,0,1.0,1124,True,0.0,5307,1124,0.21179574147352553,72,33,0.00015959999291226268,0.0007874000002630055,0.0009469999931752682
DEV-1906,MODERATE,SMALL,5,2,1,0,Optimization terminated successfully. (HiGHS Status 7: Optimal),True,351.0,351.0,0.0,0,351,351,0,1.0,351,True,0.0,2345,351,0.14968017057569297,30,21,0.0001340000017080456,0.0006692000024486333,0.0008032000041566789
DEV-1907,MODERATE,SMALL,5,3,1,0,Optimization terminated successfully. (HiGHS Status 7: Optimal),True,973.0,973.0,0.0,0,973,973,0,1.0,973,True,0.0,8228,973,0.11825473991249393,45,24,0.00014670001110062003,0.0007007999811321497,0.0008474999922327697
DEV-1908,MODERATE,LARGE,19,2,2,0,Optimization terminated successfully. (HiGHS Status 7: Optimal),True,659.0,659.0,0.0,0,659,659,0,1.0,659,True,0.0,14094,659,0.04675748545480346,114,63,0.00019279998377896845,0.0009222000080626458,0.0011149999918416142
DEV-1909,MODERATE,MEDIUM,13,4,1,0,Optimization terminated successfully. (HiGHS Status 7: Optimal),True,208.0,208.0,0.0,0,208,208,0,1.0,208,True,0.0,6489,208,0.03205424564647866,156,51,0.0002015999925788492,0.0009764999849721789,0.0011780999775510281
DEV-1910,MODERATE,SMALL,4,5,1,0,Optimization terminated successfully. (HiGHS Status 7: Optimal),True,1433.0,1433.0,0.0,0,1433,1433,0,1.0,1433,True,0.0,3282,1433,0.43662400975015236,60,27,0.0001503000094089657,0.0007613999769091606,0.0009116999863181263
DEV-1911,MODERATE,SMALL,6,4,1,0,Optimization terminated successfully. (HiGHS Status 7: Optimal),True,373.0,373.0,0.0,0,373,373,0,1.0,373,True,0.0,3671,373,0.10160719150095342,72,30,0.00015550001990050077,0.0007715999963693321,0.0009271000162698328
DEV-1912,LOW,LARGE,20,3,3,0,Optimization terminated successfully. (HiGHS Status 7: Optimal),True,493.0,493.0,0.0,0,493,493,0,1.0,493,True,0.0,14477,493,0.03405401671617048,180,69,0.00021879997802898288,0.00104160001501441,0.001260399993043393
DEV-1913,LOW,MEDIUM,13,4,1,0,Optimization terminated successfully. (HiGHS Status 7: Optimal),True,1655.0,1655.0,0.0,0,1655,1655,0,1.0,1655,True,0.0,7044,1655,0.2349517319704713,156,51,0.00020290000247769058,0.002200899994932115,0.0024037999974098057
DEV-1914,MODERATE,MEDIUM,11,3,1,0,Optimization terminated successfully. (HiGHS Status 7: Optimal),True,978.0,978.0,0.0,0,978,978,0,1.0,978,True,0.0,10211,978,0.09577906179610224,99,42,0.00018450000789016485,0.0008987999754026532,0.001083299983292818
DEV-1915,MODERATE,SMALL,5,3,1,0,Optimization terminated successfully. (HiGHS Status 7: Optimal),True,130.0,130.0,0.0,0,130,130,0,1.0,130,True,0.0,2298,130,0.05657093124456049,45,24,0.0001540999801363796,0.0007542000093962997,0.0009082999895326793
DEV-1916,MODERATE,LARGE,25,4,2,0,Optimization terminated successfully. (HiGHS Status 7: Optimal),True,1707.0,1707.0,0.0,0,1707,1707,0,1.0,1707,True,0.0,20704,1707,0.08244783616692426,300,87,0.00029150000773370266,0.001357600005576387,0.0016491000133100897
DEV-1917,MODERATE,MEDIUM,11,2,1,0,Optimization terminated successfully. (HiGHS Status 7: Optimal),True,539.0,539.0,0.0,0,539,539,0,1.0,539,True,0.0,5226,539,0.10313815537696135,66,39,0.00017400001524947584,0.0007710999925620854,0.0009451000078115612
DEV-1918,MODERATE,MEDIUM,13,2,1,0,Optimization terminated successfully. (HiGHS Status 7: Optimal),True,395.0,395.0,0.0,0,395,395,0,1.0,395,True,0.0,10778,395,0.03664872889218779,78,45,0.00017919999663718045,0.0007984000258147717,0.000977600022451952
DEV-1919,MODERATE,MEDIUM,9,4,1,0,Optimization terminated successfully. (HiGHS Status 7: Optimal),True,291.0,291.0,0.0,0,291,291,0,1.0,291,True,0.0,6539,291,0.044502217464444105,108,39,0.0001795999996829778,0.0008695000142324716,0.0010491000139154494
DEV-1920,HIGH,LARGE,25,3,3,0,Optimization terminated successfully. (HiGHS Status 7: Optimal),True,2850.0,2850.0,0.0,1,2850,2850,0,1.0,2850,True,0.0,18616,2850,0.1530941125913193,225,84,0.0002447000006213784,0.006507500016596168,0.006752200017217547
DEV-1921,LOW,MEDIUM,10,5,4,0,Optimization terminated successfully. (HiGHS Status 7: Optimal),True,2608.0,2608.0,0.0,0,2608,2608,0,1.0,2608,True,0.0,7724,2608,0.3376488865872605,150,45,0.00020640000002458692,0.0010873000137507915,0.0012937000137753785
DEV-1922,LOW,SMALL,4,5,2,0,Optimization terminated successfully. (HiGHS Status 7: Optimal),True,731.0,731.0,0.0,0,731,731,0,1.0,731,True,0.0,3553,731,0.20574162679425836,60,27,0.00015539999003522098,0.0007883000071160495,0.0009436999971512705
DEV-1923,HIGH,MEDIUM,14,4,3,0,Optimization terminated successfully. (HiGHS Status 7: Optimal),True,2050.0,2050.0,0.0,1,2050,2050,0,1.0,2050,True,0.0,11964,2050,0.17134737545971246,168,54,0.00021180001203902066,0.005501799983903766,0.005713599995942786
DEV-1924,MODERATE,MEDIUM,12,5,1,0,Optimization terminated successfully. (HiGHS Status 7: Optimal),True,396.0,396.0,0.0,0,396,396,0,1.0,396,True,0.0,9124,396,0.04340201665935993,180,51,0.0002240000176243484,0.0010713999799918383,0.0012953999976161867
DEV-1925,HIGH,MEDIUM,8,2,1,0,Optimization terminated successfully. (HiGHS Status 7: Optimal),True,299.0,299.0,0.0,0,299,299,0,1.0,299,True,0.0,5650,299,0.05292035398230088,48,30,0.00015189999248832464,0.0007548000139649957,0.0009067000064533204
DEV-1926,MODERATE,LARGE,28,2,8,0,Optimization terminated successfully. (HiGHS Status 7: Optimal),True,3631.0,3631.0,0.0,0,3631,3631,0,1.0,3631,True,0.0,19457,3631,0.18661664182556406,168,90,0.00022879999596625566,0.0010532999876886606,0.0012820999836549163
DEV-1927,LOW,LARGE,27,4,2,0,Optimization terminated successfully. (HiGHS Status 7: Optimal),True,1059.0,1059.0,0.0,0,1059,1059,0,1.0,1059,True,0.0,17605,1059,0.06015336552115876,324,93,0.00029769999673590064,0.0014025999989826232,0.0017002999957185239
DEV-1928,HIGH,MEDIUM,11,3,2,0,Optimization terminated successfully. (HiGHS Status 7: Optimal),True,1698.0,1698.0,0.0,1,1698,1698,0,1.0,1698,True,0.0,8704,1698,0.19508272058823528,99,42,0.00017720001051202416,0.007058799994410947,0.007236000004922971
DEV-1929,MODERATE,SMALL,3,4,2,0,Optimization terminated successfully. (HiGHS Status 7: Optimal),True,101.0,101.0,0.0,0,101,101,0,1.0,101,True,0.0,529,101,0.19092627599243855,36,21,0.0001412999990861863,0.000728700018953532,0.0008700000180397183
DEV-1930,MODERATE,SMALL,6,5,1,0,Optimization terminated successfully. (HiGHS Status 7: Optimal),True,1663.0,1663.0,0.0,0,1663,1663,0,1.0,1663,True,0.0,5422,1663,0.3067133898930284,90,33,0.0001703999878372997,0.0008587000193074346,0.0010291000071447343
DEV-1931,MODERATE,LARGE,25,3,3,0,Optimization terminated successfully. (HiGHS Status 7: Optimal),True,3781.0,3781.0,0.0,0,3781,3781,0,1.0,3781,True,0.0,19894,3781,0.1900573037096612,225,84,0.0002460000105202198,0.0011935000075027347,0.0014395000180229545
DEV-1932,HIGH,LARGE,23,2,9,0,Optimization terminated successfully. (HiGHS Status 7: Optimal),True,6321.0,6321.0,0.0,1,6321,6321,0,1.0,6321,True,0.0,16194,6321,0.3903297517599111,138,75,0.00021290002041496336,0.003972999984398484,0.004185900004813448
DEV-1933,MODERATE,SMALL,4,2,1,0,Optimization terminated successfully. (HiGHS Status 7: Optimal),True,219.0,219.0,0.0,0,219,219,0,1.0,219,True,0.0,2476,219,0.08844911147011308,24,18,0.00013390000094659626,0.0006836999964434654,0.0008175999973900616
DEV-1934,HIGH,LARGE,21,5,4,0,Optimization terminated successfully. (HiGHS Status 7: Optimal),True,3728.0,3728.0,0.0,1,3728,3728,0,1.0,3728,True,0.0,14168,3728,0.26312817617165446,315,78,0.0002896000223699957,0.0038460999785456806,0.004135700000915676
DEV-1935,HIGH,LARGE,21,5,4,0,Optimization terminated successfully. (HiGHS Status 7: Optimal),True,3381.0,3381.0,0.0,1,3381,3381,0,1.0,3381,True,0.0,16743,3381,0.20193513707220928,315,78,0.00028860001475550234,0.003808999987086281,0.0040976000018417835
DEV-1936,HIGH,SMALL,6,4,1,0,Optimization terminated successfully. (HiGHS Status 7: Optimal),True,31.0,31.0,0.0,0,31,31,0,1.0,31,True,0.0,5015,31,0.0061814556331006975,72,30,0.00016300001880154014,0.0007936999900266528,0.000956700008828193
DEV-1937,MODERATE,LARGE,29,5,3,0,Optimization terminated successfully. (HiGHS Status 7: Optimal),True,2733.0,2733.0,0.0,0,2733,2733,0,1.0,2733,True,0.0,19718,2733,0.1386043209250431,435,102,0.0003567999810911715,0.0016790000081527978,0.0020357999892439693
DEV-1938,LOW,SMALL,3,4,1,0,Optimization terminated successfully. (HiGHS Status 7: Optimal),True,253.0,253.0,0.0,0,253,253,0,1.0,253,True,0.0,1168,253,0.2166095890410959,36,21,0.0001379000023007393,0.0007184999994933605,0.0008564000017940998
DEV-1939,HIGH,LARGE,27,5,3,0,Optimization terminated successfully. (HiGHS Status 7: Optimal),True,1356.0,1356.0,0.0,1,1356,1356,0,1.0,1356,True,0.0,16425,1356,0.08255707762557078,405,96,0.0003400999994482845,0.005578099982813001,0.005918199982261285
DEV-1940,MODERATE,LARGE,20,4,4,0,Optimization terminated successfully. (HiGHS Status 7: Optimal),True,3762.0,3762.0,0.0,0,3762,3762,0,1.0,3762,True,0.0,13092,3762,0.2873510540788268,240,72,0.0002562000008765608,0.0012482000165618956,0.0015044000174384564
DEV-1941,HIGH,SMALL,4,4,1,0,Optimization terminated successfully. (HiGHS Status 7: Optimal),True,951.0,951.0,0.0,0,951,951,0,1.0,951,True,0.0,3281,951,0.28985065528802195,48,24,0.00014540000120177865,0.0007350999803747982,0.0008804999815765768
DEV-1942,HIGH,LARGE,28,4,3,0,Optimization terminated successfully. (HiGHS Status 7: Optimal),True,2681.0,2681.0,0.0,1,2681,2681,0,1.0,2681,True,0.0,20776,2681,0.1290431266846361,336,96,0.00030169999809004366,0.005757300008554012,0.006059000006644055
DEV-1943,HIGH,SMALL,5,2,1,0,Optimization terminated successfully. (HiGHS Status 7: Optimal),True,1204.0,1204.0,0.0,0,1204,1204,0,1.0,1204,True,0.0,4313,1204,0.27915603987943427,30,21,0.00013849997776560485,0.0007171000179369003,0.0008555999957025051
DEV-1944,HIGH,SMALL,5,2,1,0,Optimization terminated successfully. (HiGHS Status 7: Optimal),True,348.0,348.0,0.0,0,350,348,2,0.9942857142857143,348,True,0.0,4604,348,0.07558644656820157,30,21,0.0001351000100839883,0.0006978999881539494,0.0008329999982379377
DEV-1945,HIGH,MEDIUM,12,3,1,0,Optimization terminated successfully. (HiGHS Status 7: Optimal),True,127.0,127.0,0.0,0,127,127,0,1.0,127,True,0.0,7225,127,0.01757785467128028,108,45,0.00018090000958181918,0.0008764000085648149,0.001057300018146634
DEV-1946,HIGH,LARGE,19,2,2,0,Optimization terminated successfully. (HiGHS Status 7: Optimal),True,1699.0,1699.0,0.0,0,1699,1699,0,1.0,1699,True,0.0,13520,1699,0.1256656804733728,114,63,0.00018909998470917344,0.0009379000111948699,0.0011269999959040433
DEV-1947,MODERATE,SMALL,3,3,1,0,Optimization terminated successfully. (HiGHS Status 7: Optimal),True,1388.0,1388.0,0.0,0,1390,1388,2,0.9985611510791367,1388,True,0.0,2346,1388,0.5916453537936914,27,18,0.00013249999028630555,0.0006923000037204474,0.000824799994006753
DEV-1948,HIGH,MEDIUM,14,5,3,0,Optimization terminated successfully. (HiGHS Status 7: Optimal),True,2239.0,2239.0,0.0,1,2239,2239,0,1.0,2239,True,0.0,8489,2239,0.2637530922370126,210,57,0.0002261999761685729,0.004087600013008341,0.004313799989176914
DEV-1949,HIGH,MEDIUM,9,5,1,0,Optimization terminated successfully. (HiGHS Status 7: Optimal),True,558.0,558.0,0.0,0,558,558,0,1.0,558,True,0.0,8432,558,0.0661764705882353,135,42,0.0001990000018849969,0.0009449000062886626,0.0011439000081736594
DEV-1950,HIGH,SMALL,3,2,1,0,Optimization terminated successfully. (HiGHS Status 7: Optimal),True,957.0,957.0,0.0,0,1392,957,435,0.6875,957,True,0.0,3428,957,0.279171528588098,18,15,0.00013150001177564263,0.0006439999851863831,0.0007754999969620258
DEV-1951,MODERATE,SMALL,5,2,1,0,Optimization terminated successfully. (HiGHS Status 7: Optimal),True,1896.0,1896.0,0.0,0,1896,1896,0,1.0,1896,True,0.0,5655,1896,0.33527851458885943,30,21,0.00013349999790079892,0.0006917999999132007,0.0008252999978139997
DEV-1952,MODERATE,LARGE,29,5,2,0,Optimization terminated successfully. (HiGHS Status 7: Optimal),True,580.0,580.0,0.0,0,580,580,0,1.0,580,True,0.0,15421,580,0.03761104986706439,435,102,0.0003567000094335526,0.0016616999928373843,0.002018400002270937
DEV-1953,HIGH,LARGE,20,3,1,0,Optimization terminated successfully. (HiGHS Status 7: Optimal),True,1280.0,1280.0,0.0,0,1280,1280,0,1.0,1280,True,0.0,12692,1280,0.10085092971950835,180,69,0.00022730001364834607,0.0010607999865897,0.001288100000238046
DEV-1954,MODERATE,SMALL,4,3,1,0,Optimization terminated successfully. (HiGHS Status 7: Optimal),True,402.0,402.0,0.0,0,402,402,0,1.0,402,True,0.0,4815,402,0.08348909657320873,36,21,0.00013649999164044857,0.0007154000049922615,0.0008518999966327101
DEV-1955,MODERATE,SMALL,4,5,1,0,Optimization terminated successfully. (HiGHS Status 7: Optimal),True,154.0,154.0,0.0,0,154,154,0,1.0,154,True,0.0,1723,154,0.0893789901334881,60,27,0.00014860002556815743,0.0007690000056754798,0.0009176000312436372
DEV-1956,LOW,MEDIUM,11,2,2,0,Optimization terminated successfully. (HiGHS Status 7: Optimal),True,1317.0,1317.0,0.0,0,1317,1317,0,1.0,1317,True,0.0,7225,1317,0.18228373702422146,66,39,0.00015729997539892793,0.0008136999967973679,0.0009709999721962959
DEV-1957,MODERATE,SMALL,3,3,1,0,Optimization terminated successfully. (HiGHS Status 7: Optimal),True,178.0,178.0,0.0,0,178,178,0,1.0,178,True,0.0,2081,178,0.08553580009610764,27,18,0.0001314000110141933,0.0006638999911956489,0.0007953000022098422
DEV-1958,HIGH,MEDIUM,14,3,3,0,Optimization terminated successfully. (HiGHS Status 7: Optimal),True,1065.0,1065.0,0.0,1,1065,1065,0,1.0,1065,True,0.0,5881,1065,0.18109165107974834,126,51,0.0001951000012923032,0.007195500016678125,0.007390600017970428
DEV-1959,MODERATE,SMALL,6,5,1,0,Optimization terminated successfully. (HiGHS Status 7: Optimal),True,368.0,368.0,0.0,0,368,368,0,1.0,368,True,0.0,4514,368,0.0815241470979176,90,33,0.00017129999469034374,0.0008441999962087721,0.0010154999908991158
DEV-1960,HIGH,MEDIUM,11,2,3,0,Optimization terminated successfully. (HiGHS Status 7: Optimal),True,2050.0,2050.0,0.0,1,2053,2050,3,0.9985387238188017,2050,True,0.0,5545,2050,0.369702434625789,66,39,0.00016090000281110406,0.005083700001705438,0.005244600004516542
DEV-1961,HIGH,SMALL,4,5,1,0,Optimization terminated successfully. (HiGHS Status 7: Optimal),True,411.0,411.0,0.0,0,411,411,0,1.0,411,True,0.0,2906,411,0.141431520991053,60,27,0.00015239999629557133,0.0007987999997567385,0.0009511999960523099
DEV-1962,HIGH,SMALL,6,2,2,0,Optimization terminated successfully. (HiGHS Status 7: Optimal),True,2393.0,2393.0,0.0,1,2393,2393,0,1.0,2393,True,0.0,3980,2393,0.6012562814070351,36,24,0.0001388999808114022,0.00669100001687184,0.006829899997683242
DEV-1963,MODERATE,SMALL,4,3,2,0,Optimization terminated successfully. (HiGHS Status 7: Optimal),True,2049.0,2049.0,0.0,1,2079,2049,30,0.9855699855699855,2049,True,0.0,3596,2049,0.5697997775305895,36,21,0.00014059999375604093,0.005512899981113151,0.005653499974869192
DEV-1964,LOW,LARGE,23,2,2,0,Optimization terminated successfully. (HiGHS Status 7: Optimal),True,1250.0,1250.0,0.0,0,1250,1250,0,1.0,1250,True,0.0,17411,1250,0.07179369364195048,138,75,0.00021199998445808887,0.000972700014244765,0.001184699998702854
DEV-1965,LOW,SMALL,4,3,2,0,Optimization terminated successfully. (HiGHS Status 7: Optimal),True,2898.0,2898.0,0.0,1,2898,2898,0,1.0,2898,True,0.0,4257,2898,0.6807610993657506,36,21,0.00013719999697059393,0.005581500008702278,0.005718700005672872
DEV-1966,MODERATE,MEDIUM,11,3,3,0,Optimization terminated successfully. (HiGHS Status 7: Optimal),True,2702.0,2702.0,0.0,1,2702,2702,0,1.0,2702,True,0.0,8412,2702,0.321207798383262,99,42,0.0001776999852154404,0.006025000009685755,0.006202699994901195
DEV-1967,MODERATE,MEDIUM,14,2,1,0,Optimization terminated successfully. (HiGHS Status 7: Optimal),True,374.0,374.0,0.0,0,374,374,0,1.0,374,True,0.0,5338,374,0.07006369426751592,84,48,0.00018020000425167382,0.0008381000079680234,0.0010183000122196972
DEV-1968,MODERATE,LARGE,20,2,2,0,Optimization terminated successfully. (HiGHS Status 7: Optimal),True,2060.0,2060.0,0.0,0,2060,2060,0,1.0,2060,True,0.0,11307,2060,0.18218802511718404,120,66,0.00019379999139346182,0.0009228000126313418,0.0011166000040248036
DEV-1969,HIGH,LARGE,26,5,3,0,Optimization terminated successfully. (HiGHS Status 7: Optimal),True,2422.0,2422.0,0.0,1,2422,2422,0,1.0,2422,True,0.0,18428,2422,0.13143043195137832,390,93,0.00033290000283159316,0.0055170000123325735,0.005849900015164167
DEV-1970,HIGH,MEDIUM,10,3,3,0,Optimization terminated successfully. (HiGHS Status 7: Optimal),True,1259.0,1259.0,0.0,1,1261,1259,2,0.9984139571768438,1259,True,0.0,6166,1259,0.20418423613363607,90,39,0.00022200000239536166,0.005035600013798103,0.005257600016193464
DEV-1971,HIGH,SMALL,5,5,2,0,Optimization terminated successfully. (HiGHS Status 7: Optimal),True,1017.0,1017.0,0.0,1,1017,1017,0,1.0,1017,True,0.0,3128,1017,0.32512787723785164,75,30,0.00016289998893626034,0.004431999986991286,0.004594899975927547
DEV-1972,MODERATE,SMALL,6,3,1,0,Optimization terminated successfully. (HiGHS Status 7: Optimal),True,550.0,550.0,0.0,0,550,550,0,1.0,550,True,0.0,5770,550,0.09532062391681109,54,27,0.00015360000543296337,0.000750000006519258,0.0009036000119522214
DEV-1973,LOW,SMALL,4,2,1,0,Optimization terminated successfully. (HiGHS Status 7: Optimal),True,239.0,239.0,0.0,0,239,239,0,1.0,239,True,0.0,891,239,0.26823793490460157,24,18,0.00013120000949129462,0.0006776999798603356,0.0008088999893516302
DEV-1974,HIGH,LARGE,27,4,9,0,Optimization terminated successfully. (HiGHS Status 7: Optimal),True,5745.0,5745.0,0.0,1,5745,5745,0,1.0,5745,True,0.0,14951,5745,0.38425523376362786,324,93,0.00029739999445155263,0.0036872999917250127,0.003984699986176565
DEV-1975,HIGH,SMALL,5,2,1,0,Optimization terminated successfully. (HiGHS Status 7: Optimal),True,522.0,522.0,0.0,0,522,522,0,1.0,522,True,0.0,2886,522,0.18087318087318088,30,21,0.00013929998385719955,0.0006905000191181898,0.0008298000029753894
DEV-1976,MODERATE,SMALL,4,2,1,0,Optimization terminated successfully. (HiGHS Status 7: Optimal),True,138.0,138.0,0.0,0,138,138,0,1.0,138,True,0.0,3369,138,0.04096170970614425,24,18,0.00013000000035390258,0.0006655000033788383,0.0007955000037327409
DEV-1977,HIGH,MEDIUM,14,3,2,0,Optimization terminated successfully. (HiGHS Status 7: Optimal),True,2374.0,2374.0,0.0,1,2374,2374,0,1.0,2374,True,0.0,11455,2374,0.20724574421649936,126,51,0.00019419999443925917,0.006917400023667142,0.007111600018106401
DEV-1978,HIGH,SMALL,5,5,1,0,Optimization terminated successfully. (HiGHS Status 7: Optimal),True,404.0,404.0,0.0,0,404,404,0,1.0,404,True,0.0,2026,404,0.19940769990128332,75,30,0.00016209998284466565,0.0008003000111784786,0.0009623999940231442
DEV-1979,MODERATE,MEDIUM,14,2,5,0,Optimization terminated successfully. (HiGHS Status 7: Optimal),True,3047.0,3047.0,0.0,0,3047,3047,0,1.0,3047,True,0.0,11518,3047,0.2645424552873763,84,48,0.00016889997641555965,0.0008488000021316111,0.0010176999785471708
DEV-1980,MODERATE,SMALL,3,5,1,0,Optimization terminated successfully. (HiGHS Status 7: Optimal),True,1219.0,1219.0,0.0,0,1219,1219,0,1.0,1219,True,0.0,1549,1219,0.7869593285990962,45,24,0.00014119999832473695,0.0007280000136233866,0.0008692000119481236
DEV-1981,MODERATE,LARGE,26,2,3,0,Optimization terminated successfully. (HiGHS Status 7: Optimal),True,1264.0,1264.0,0.0,0,1264,1264,0,1.0,1264,True,0.0,16540,1264,0.07642079806529625,156,84,0.00024500000290572643,0.0010067999828606844,0.0012517999857664108
DEV-1982,LOW,LARGE,27,3,3,0,Optimization terminated successfully. (HiGHS Status 7: Optimal),True,2901.0,2901.0,0.0,0,2901,2901,0,1.0,2901,True,0.0,21586,2901,0.13439266191049754,243,90,0.00025469998945482075,0.0012243000091984868,0.0014789999986533076
DEV-1983,MODERATE,LARGE,28,2,4,0,Optimization terminated successfully. (HiGHS Status 7: Optimal),True,4077.0,4077.0,0.0,0,4077,4077,0,1.0,4077,True,0.0,22734,4077,0.17933491686460806,168,90,0.0002707999956328422,0.001058599998941645,0.0013293999945744872
DEV-1984,MODERATE,MEDIUM,14,2,2,0,Optimization terminated successfully. (HiGHS Status 7: Optimal),True,632.0,632.0,0.0,0,632,632,0,1.0,632,True,0.0,12058,632,0.05241333554486648,84,48,0.0001723000023048371,0.0008387000125367194,0.0010110000148415565
DEV-1985,MODERATE,LARGE,21,5,2,0,Optimization terminated successfully. (HiGHS Status 7: Optimal),True,620.0,620.0,0.0,0,620,620,0,1.0,620,True,0.0,12832,620,0.048316708229426436,315,78,0.00028700000257231295,0.0013515999889932573,0.0016385999915655702
DEV-1986,HIGH,LARGE,26,2,3,0,Optimization terminated successfully. (HiGHS Status 7: Optimal),True,1464.0,1464.0,0.0,0,1464,1464,0,1.0,1464,True,0.0,18279,1464,0.08009190874774332,156,84,0.0002195000124629587,0.001017199974739924,0.0012366999872028828
DEV-1987,LOW,LARGE,24,3,2,0,Optimization terminated successfully. (HiGHS Status 7: Optimal),True,1583.0,1583.0,0.0,0,1583,1583,0,1.0,1583,True,0.0,12992,1583,0.1218442118226601,216,81,0.000245599978370592,0.0011316000018268824,0.0013771999801974744
DEV-1988,MODERATE,SMALL,3,4,2,0,Optimization terminated successfully. (HiGHS Status 7: Optimal),True,2214.0,2214.0,0.0,1,2214,2214,0,1.0,2214,True,0.0,3176,2214,0.697103274559194,36,21,0.00013520001084543765,0.004925099987303838,0.005060299998149276
DEV-1989,MODERATE,MEDIUM,14,5,1,0,Optimization terminated successfully. (HiGHS Status 7: Optimal),True,837.0,837.0,0.0,0,837,837,0,1.0,837,True,0.0,10719,837,0.07808564231738035,210,57,0.00022980000358074903,0.001118200016207993,0.001348000019788742
DEV-1990,HIGH,SMALL,5,5,1,0,Optimization terminated successfully. (HiGHS Status 7: Optimal),True,544.0,544.0,0.0,0,544,544,0,1.0,544,True,0.0,3551,544,0.1531962827372571,75,30,0.00016450000111944973,0.0007809000089764595,0.0009454000100959092
DEV-1991,MODERATE,LARGE,24,2,2,0,Optimization terminated successfully. (HiGHS Status 7: Optimal),True,1113.0,1113.0,0.0,0,1113,1113,0,1.0,1113,True,0.0,13116,1113,0.08485818847209516,144,78,0.00021660001948475838,0.0010376999853178859,0.0012543000048026443
DEV-1992,HIGH,LARGE,20,3,4,0,Optimization terminated successfully. (HiGHS Status 7: Optimal),True,2849.0,2849.0,0.0,0,2849,2849,0,1.0,2849,True,0.0,13995,2849,0.20357270453733475,180,69,0.00023010000586509705,0.0011061000113841146,0.0013362000172492117
DEV-1993,HIGH,MEDIUM,13,2,2,0,Optimization terminated successfully. (HiGHS Status 7: Optimal),True,2558.0,2558.0,0.0,1,2558,2558,0,1.0,2558,True,0.0,6891,2558,0.3712088231025976,78,45,0.0001686000032350421,0.008165799983544275,0.008334399986779317
DEV-1994,HIGH,LARGE,20,2,6,0,Optimization terminated successfully. (HiGHS Status 7: Optimal),True,2915.0,2915.0,0.0,1,2915,2915,0,1.0,2915,True,0.0,10786,2915,0.270257741516781,120,66,0.0002004000125452876,0.005612500011920929,0.0058129000244662166
DEV-1995,HIGH,MEDIUM,14,5,1,0,Optimization terminated successfully. (HiGHS Status 7: Optimal),True,296.0,296.0,0.0,0,296,296,0,1.0,296,True,0.0,7932,296,0.03731719616742309,210,57,0.00023620002320967615,0.0011095999798271805,0.0013458000030368567
DEV-1996,MODERATE,SMALL,3,3,1,0,Optimization terminated successfully. (HiGHS Status 7: Optimal),True,273.0,273.0,0.0,0,273,273,0,1.0,273,True,0.0,747,273,0.3654618473895582,27,18,0.00013089997810311615,0.0006853000086266547,0.0008161999867297709
DEV-1997,MODERATE,MEDIUM,13,3,3,0,Optimization terminated successfully. (HiGHS Status 7: Optimal),True,2007.0,2007.0,0.0,0,2007,2007,0,1.0,2007,True,0.0,8097,2007,0.2478695813264172,117,48,0.00018579998868517578,0.0009267000132240355,0.0011125000019092113
DEV-1998,MODERATE,SMALL,5,5,1,0,Optimization terminated successfully. (HiGHS Status 7: Optimal),True,1197.0,1197.0,0.0,0,1197,1197,0,1.0,1197,True,0.0,4345,1197,0.2754890678941312,75,30,0.00015820001135580242,0.0007946999976411462,0.0009529000089969486
DEV-1999,MODERATE,MEDIUM,8,3,2,0,Optimization terminated successfully. (HiGHS Status 7: Optimal),True,651.0,651.0,0.0,0,651,651,0,1.0,651,True,0.0,5250,651,0.124,72,33,0.0001576000067871064,0.0008000999805517495,0.0009576999873388559
DEV-2000,HIGH,SMALL,6,2,2,0,Optimization terminated successfully. (HiGHS Status 7: Optimal),True,2099.0,2099.0,0.0,1,2138,2099,39,0.9817586529466792,2099,True,0.0,5285,2099,0.39716177861873225,36,24,0.00013689999468624592,0.008149700006470084,0.00828660000115633
DEV-2001,HIGH,MEDIUM,14,5,3,0,Optimization terminated successfully. (HiGHS Status 7: Optimal),True,2143.0,2143.0,0.0,1,2143,2143,0,1.0,2143,True,0.0,12448,2143,0.17215616966580977,210,57,0.0002406999992672354,0.0037500000034924597,0.003990700002759695
DEV-2002,HIGH,MEDIUM,12,4,4,0,Optimization terminated successfully. (HiGHS Status 7: Optimal),True,1849.0,1849.0,0.0,1,1849,1849,0,1.0,1849,True,0.0,8510,1849,0.2172737955346651,144,48,0.00020360000780783594,0.004374999989522621,0.004578599997330457
DEV-2003,HIGH,LARGE,28,4,4,0,Optimization terminated successfully. (HiGHS Status 7: Optimal),True,3605.0,3605.0,0.0,0,3605,3605,0,1.0,3605,True,0.0,26956,3605,0.1337364594153435,336,96,0.0003105000068899244,0.0014947000017855316,0.001805200008675456
DEV-2004,LOW,MEDIUM,8,2,1,0,Optimization terminated successfully. (HiGHS Status 7: Optimal),True,337.0,337.0,0.0,0,337,337,0,1.0,337,True,0.0,7309,337,0.04610753865097825,48,30,0.0001466000103391707,0.0007337999995797873,0.000880400009918958
DEV-2005,MODERATE,SMALL,6,4,2,0,Optimization terminated successfully. (HiGHS Status 7: Optimal),True,928.0,928.0,0.0,0,928,928,0,1.0,928,True,0.0,4812,928,0.19285120532003325,72,30,0.00015830001211725175,0.0008106000022962689,0.0009689000144135207
DEV-2006,MODERATE,MEDIUM,13,2,1,0,Optimization terminated successfully. (HiGHS Status 7: Optimal),True,1452.0,1452.0,0.0,0,1452,1452,0,1.0,1452,True,0.0,9222,1452,0.15744957709824334,78,45,0.00016760002472437918,0.000797600019723177,0.0009652000444475561
DEV-2007,HIGH,SMALL,6,3,1,0,Optimization terminated successfully. (HiGHS Status 7: Optimal),True,717.0,717.0,0.0,0,717,717,0,1.0,717,True,0.0,4303,717,0.1666279339995352,54,27,0.00014600000577047467,0.0007366999925579876,0.0008826999983284622
DEV-2008,MODERATE,MEDIUM,10,5,1,0,Optimization terminated successfully. (HiGHS Status 7: Optimal),True,17.0,17.0,0.0,0,17,17,0,1.0,17,True,0.0,5596,17,0.0030378842030021444,150,45,0.00019500000053085387,0.0009591999987605959,0.0011541999992914498
DEV-2009,HIGH,LARGE,29,2,6,0,Optimization terminated successfully. (HiGHS Status 7: Optimal),True,6920.0,6920.0,0.0,1,6920,6920,0,1.0,6920,True,0.0,20369,6920,0.33973194560361336,174,93,0.0002308000111952424,0.006576199986739084,0.0068069999979343265
DEV-2010,MODERATE,SMALL,4,4,1,0,Optimization terminated successfully. (HiGHS Status 7: Optimal),True,490.0,490.0,0.0,0,490,490,0,1.0,490,True,0.0,811,490,0.6041923551171393,48,24,0.00014829999417997897,0.0007740000146441162,0.0009223000088240951
DEV-2011,LOW,SMALL,4,4,1,0,Optimization terminated successfully. (HiGHS Status 7: Optimal),True,258.0,258.0,0.0,0,258,258,0,1.0,258,True,0.0,3015,258,0.08557213930348259,48,24,0.00014459999511018395,0.0007353999826591462,0.0008799999777693301
DEV-2012,HIGH,MEDIUM,9,2,1,0,Optimization terminated successfully. (HiGHS Status 7: Optimal),True,900.0,900.0,0.0,0,900,900,0,1.0,900,True,0.0,4807,900,0.18722696068233827,54,33,0.00014930000179447234,0.0007314000104088336,0.000880700012203306
DEV-2013,MODERATE,SMALL,4,5,1,0,Optimization terminated successfully. (HiGHS Status 7: Optimal),True,938.0,938.0,0.0,0,938,938,0,1.0,938,True,0.0,3110,938,0.3016077170418006,60,27,0.00014970000484026968,0.0007544000109191984,0.0009041000157594681
DEV-2014,MODERATE,SMALL,6,5,2,0,Optimization terminated successfully. (HiGHS Status 7: Optimal),True,1677.0,1677.0,0.0,1,1677,1677,0,1.0,1677,True,0.0,4912,1677,0.34140879478827363,90,33,0.0001655000087339431,0.004404299979796633,0.004569799988530576
DEV-2015,HIGH,LARGE,28,3,3,0,Optimization terminated successfully. (HiGHS Status 7: Optimal),True,4509.0,4509.0,0.0,0,4509,4509,0,1.0,4509,True,0.0,29446,4509,0.15312775928818856,252,93,0.0002614000113680959,0.0013230999757070094,0.0015844999870751053
DEV-2016,HIGH,LARGE,20,5,4,0,Optimization terminated successfully. (HiGHS Status 7: Optimal),True,4135.0,4135.0,0.0,1,4135,4135,0,1.0,4135,True,0.0,16441,4135,0.2515053828842528,300,75,0.0002818999928422272,0.0034235000202897936,0.003705400013132021
DEV-2017,MODERATE,SMALL,6,2,1,0,Optimization terminated successfully. (HiGHS Status 7: Optimal),True,605.0,605.0,0.0,0,605,605,0,1.0,605,True,0.0,4316,605,0.1401760889712697,36,24,0.00014349998673424125,0.0007163000118453056,0.0008597999985795468
DEV-2018,HIGH,LARGE,29,3,2,0,Optimization terminated successfully. (HiGHS Status 7: Optimal),True,3790.0,3790.0,0.0,0,3790,3790,0,1.0,3790,True,0.0,23557,3790,0.16088636074202997,261,96,0.00027550000231713057,0.0012724999978672713,0.0015480000001844019
DEV-2019,HIGH,MEDIUM,13,3,5,0,Optimization terminated successfully. (HiGHS Status 7: Optimal),True,4163.0,4163.0,0.0,1,4163,4163,0,1.0,4163,True,0.0,10424,4163,0.3993668457405986,117,48,0.00018829997861757874,0.003545400017173961,0.0037336999957915395
DEV-2020,MODERATE,MEDIUM,8,2,1,0,Optimization terminated successfully. (HiGHS Status 7: Optimal),True,305.0,305.0,0.0,0,305,305,0,1.0,305,True,0.0,5741,305,0.05312663299076816,48,30,0.00015259999781847,0.0007764000038150698,0.0009290000016335398
DEV-2021,MODERATE,LARGE,29,3,5,0,Optimization terminated successfully. (HiGHS Status 7: Optimal),True,3362.0,3362.0,0.0,0,3362,3362,0,1.0,3362,True,0.0,25319,3362,0.1327856550416683,261,96,0.0002700999903026968,0.0012744999839924276,0.0015445999742951244
DEV-2022,HIGH,SMALL,3,2,1,0,Optimization terminated successfully. (HiGHS Status 7: Optimal),True,589.0,589.0,0.0,0,652,589,63,0.9033742331288344,589,True,0.0,1750,589,0.3365714285714286,18,15,0.00012860001879744232,0.000679299992043525,0.0008079000108409673
DEV-2023,MODERATE,SMALL,4,3,1,0,Optimization terminated successfully. (HiGHS Status 7: Optimal),True,918.0,918.0,0.0,0,918,918,0,1.0,918,True,0.0,2463,918,0.37271619975639464,36,21,0.00013550001312978566,0.0007023999933153391,0.0008379000064451247
DEV-2024,HIGH,SMALL,3,3,1,0,Optimization terminated successfully. (HiGHS Status 7: Optimal),True,323.0,323.0,0.0,0,701,323,378,0.4607703281027104,323,True,0.0,1032,323,0.312984496124031,27,18,0.00013110000872984529,0.0006624000088777393,0.0007935000176075846
DEV-2025,MODERATE,SMALL,4,2,1,0,Optimization terminated successfully. (HiGHS Status 7: Optimal),True,486.0,486.0,0.0,0,486,486,0,1.0,486,True,0.0,2739,486,0.1774370208105148,24,18,0.00012879999121651053,0.0007325999904423952,0.0008613999816589057
DEV-2026,MODERATE,MEDIUM,8,2,1,0,Optimization terminated successfully. (HiGHS Status 7: Optimal),True,306.0,306.0,0.0,0,306,306,0,1.0,306,True,0.0,4863,306,0.06292412091301666,48,30,0.0001475999888498336,0.0007391000108327717,0.0008866999996826053
DEV-2027,HIGH,MEDIUM,9,5,2,0,Optimization terminated successfully. (HiGHS Status 7: Optimal),True,377.0,377.0,0.0,0,377,377,0,1.0,377,True,0.0,9445,377,0.03991529910005294,135,42,0.00019200000679120421,0.0009266000124625862,0.0011186000192537904
DEV-2028,MODERATE,SMALL,5,2,1,0,Optimization terminated successfully. (HiGHS Status 7: Optimal),True,7.0,7.0,0.0,0,7,7,0,1.0,7,True,0.0,2764,7,0.002532561505065123,30,21,0.0001438999897800386,0.0006676000193692744,0.000811500009149313
DEV-2029,MODERATE,LARGE,19,5,6,0,Optimization terminated successfully. (HiGHS Status 7: Optimal),True,6208.0,6208.0,0.0,1,6208,6208,0,1.0,6208,True,0.0,18693,6208,0.33210292622906973,285,72,0.0002660999889485538,0.0038654999807476997,0.0041315999696962535
DEV-2030,MODERATE,MEDIUM,8,3,1,0,Optimization terminated successfully. (HiGHS Status 7: Optimal),True,284.0,284.0,0.0,0,284,284,0,1.0,284,True,0.0,5891,284,0.04820913257511458,72,33,0.00017079999088309705,0.0007922000077087432,0.0009629999985918403
DEV-2031,HIGH,MEDIUM,13,3,6,0,Optimization terminated successfully. (HiGHS Status 7: Optimal),True,5916.0,5916.0,0.0,1,7239,5916,1323,0.8172399502693742,5916,True,0.0,10908,5916,0.5423542354235423,117,48,0.00018649999401532114,0.00354989999323152,0.003736399987246841
DEV-2032,HIGH,SMALL,4,2,2,0,Optimization terminated successfully. (HiGHS Status 7: Optimal),True,671.0,671.0,0.0,1,1058,671,387,0.6342155009451795,671,True,0.0,1115,671,0.6017937219730942,24,18,0.00013940001372247934,0.007909499981906265,0.008048899995628744
DEV-2033,HIGH,SMALL,3,2,1,0,Optimization terminated successfully. (HiGHS Status 7: Optimal),True,1584.0,1584.0,0.0,0,1584,1584,0,1.0,1584,True,0.0,4201,1584,0.3770530825993811,18,15,0.00014059999375604093,0.000670000008540228,0.0008106000022962689
DEV-2034,HIGH,MEDIUM,8,5,1,0,Optimization terminated successfully. (HiGHS Status 7: Optimal),True,434.0,434.0,0.0,0,434,434,0,1.0,434,True,0.0,3960,434,0.1095959595959596,120,39,0.0001818999880924821,0.0009101000032387674,0.0010919999913312495
DEV-2035,HIGH,LARGE,30,4,7,0,Optimization terminated successfully. (HiGHS Status 7: Optimal),True,6127.0,6127.0,0.0,1,6127,6127,0,1.0,6127,True,0.0,24606,6127,0.24900430789238398,360,102,0.00033229999826289713,0.003590100008295849,0.003922400006558746
DEV-2036,MODERATE,LARGE,23,2,2,0,Optimization terminated successfully. (HiGHS Status 7: Optimal),True,592.0,592.0,0.0,0,592,592,0,1.0,592,True,0.0,16807,592,0.03522341881358958,138,75,0.00020929999300278723,0.0009649999847169966,0.0011742999777197838
DEV-2037,MODERATE,MEDIUM,13,4,1,0,Optimization terminated successfully. (HiGHS Status 7: Optimal),True,137.0,137.0,0.0,0,137,137,0,1.0,137,True,0.0,7358,137,0.01861918999728187,156,51,0.00020480001694522798,0.000987299979897216,0.001192099996842444
DEV-2038,HIGH,SMALL,4,2,1,0,Optimization terminated successfully. (HiGHS Status 7: Optimal),True,6.0,6.0,0.0,0,6,6,0,1.0,6,True,0.0,1579,6,0.0037998733375554147,24,18,0.0001280000142287463,0.0006695000047329813,0.0007975000189617276
DEV-2039,LOW,LARGE,29,4,3,0,Optimization terminated successfully. (HiGHS Status 7: Optimal),True,2815.0,2815.0,0.0,0,2815,2815,0,1.0,2815,True,0.0,23188,2815,0.12139899948249094,348,99,0.00031820000731386244,0.0014675999991595745,0.001785800006473437
DEV-2040,MODERATE,LARGE,23,2,2,0,Optimization terminated successfully. (HiGHS Status 7: Optimal),True,1570.0,1570.0,0.0,0,1570,1570,0,1.0,1570,True,0.0,13316,1570,0.11790327425653349,138,75,0.00023639999562874436,0.0009714000043459237,0.001207799999974668
DEV-2041,MODERATE,MEDIUM,11,2,1,0,Optimization terminated successfully. (HiGHS Status 7: Optimal),True,603.0,603.0,0.0,0,603,603,0,1.0,603,True,0.0,8541,603,0.07060063224446786,66,39,0.00016090000281110406,0.0007732000085525215,0.0009341000113636255
DEV-2042,MODERATE,MEDIUM,9,4,1,0,Optimization terminated successfully. (HiGHS Status 7: Optimal),True,664.0,664.0,0.0,0,664,664,0,1.0,664,True,0.0,6543,664,0.10148250038208773,108,39,0.00018170001567341387,0.0009031999798025936,0.0010848999954760075
DEV-2043,HIGH,MEDIUM,11,4,2,0,Optimization terminated successfully. (HiGHS Status 7: Optimal),True,1865.0,1865.0,0.0,1,1865,1865,0,1.0,1865,True,0.0,8803,1865,0.21185959332045892,132,45,0.0001894999877549708,0.005167199997231364,0.005356699984986335
DEV-2044,HIGH,SMALL,6,4,1,0,Optimization terminated successfully. (HiGHS Status 7: Optimal),True,427.0,427.0,0.0,0,427,427,0,1.0,427,True,0.0,1982,427,0.21543895055499496,72,30,0.0001644000003580004,0.000805000017862767,0.0009694000182207674
DEV-2045,HIGH,LARGE,22,4,3,0,Optimization terminated successfully. (HiGHS Status 7: Optimal),True,1505.0,1505.0,0.0,0,1505,1505,0,1.0,1505,True,0.0,14443,1505,0.1042027279651042,264,78,0.0002631000243127346,0.0012685000256169587,0.0015316000499296933
DEV-2046,MODERATE,LARGE,20,4,6,0,Optimization terminated successfully. (HiGHS Status 7: Optimal),True,6383.0,6383.0,0.0,1,6383,6383,0,1.0,6383,True,0.0,15110,6383,0.42243547319655855,240,72,0.00024870000197552145,0.004362000006949529,0.0046107000089250505
DEV-2047,LOW,SMALL,6,3,4,0,Optimization terminated successfully. (HiGHS Status 7: Optimal),True,888.0,888.0,0.0,0,888,888,0,1.0,888,True,0.0,2477,888,0.35849818328623334,54,27,0.00015310000162571669,0.0007913999725133181,0.0009444999741390347
DEV-2048,LOW,SMALL,3,4,1,0,Optimization terminated successfully. (HiGHS Status 7: Optimal),True,11.0,11.0,0.0,0,11,11,0,1.0,11,True,0.0,351,11,0.03133903133903134,36,21,0.0001365999924018979,0.000738600007025525,0.0008751999994274229
DEV-2049,HIGH,MEDIUM,9,5,3,0,Optimization terminated successfully. (HiGHS Status 7: Optimal),True,2596.0,2596.0,0.0,1,2846,2596,250,0.9121574139142656,2596,True,0.0,8167,2596,0.3178645769560426,135,42,0.0001923999807331711,0.004568500007735565,0.004760899988468736
DEV-2050,HIGH,SMALL,5,2,1,0,Optimization terminated successfully. (HiGHS Status 7: Optimal),True,1838.0,1838.0,0.0,0,1838,1838,0,1.0,1838,True,0.0,6874,1838,0.2673843468140821,30,21,0.00013840000610798597,0.0007204999856185168,0.0008588999917265028
DEV-2051,LOW,SMALL,3,3,2,0,Optimization terminated successfully. (HiGHS Status 7: Optimal),True,1316.0,1316.0,0.0,1,1316,1316,0,1.0,1316,True,0.0,1908,1316,0.689727463312369,27,18,0.0001312999811489135,0.006814200023654848,0.006945500004803762
DEV-2052,HIGH,LARGE,18,2,1,0,Optimization terminated successfully. (HiGHS Status 7: Optimal),True,1936.0,1936.0,0.0,0,1936,1936,0,1.0,1936,True,0.0,10434,1936,0.18554724937703662,108,60,0.00021100000594742596,0.0009581999911461025,0.0011691999970935285
DEV-2053,LOW,MEDIUM,11,2,2,0,Optimization terminated successfully. (HiGHS Status 7: Optimal),True,595.0,595.0,0.0,0,595,595,0,1.0,595,True,0.0,6632,595,0.08971652593486128,66,39,0.00016070000128820539,0.0007930000138003379,0.0009537000150885433
DEV-2054,HIGH,MEDIUM,12,2,2,0,Optimization terminated successfully. (HiGHS Status 7: Optimal),True,2641.0,2641.0,0.0,1,2641,2641,0,1.0,2641,True,0.0,10308,2641,0.25620876988746605,72,42,0.00016540000797249377,0.008130400005029514,0.008295800013002008
DEV-2055,HIGH,SMALL,3,2,1,0,Optimization terminated successfully. (HiGHS Status 7: Optimal),True,1879.0,1879.0,0.0,0,1899,1879,20,0.989468141126909,1879,True,0.0,3368,1879,0.5578978622327792,18,15,0.00012860001879744232,0.000673100003041327,0.0008017000218387693
DEV-2056,MODERATE,SMALL,3,3,1,0,Optimization terminated successfully. (HiGHS Status 7: Optimal),True,158.0,158.0,0.0,0,158,158,0,1.0,158,True,0.0,1807,158,0.08743774211400111,27,18,0.00013080000644549727,0.0006723999977111816,0.0008032000041566789
DEV-2057,HIGH,MEDIUM,10,3,1,0,Optimization terminated successfully. (HiGHS Status 7: Optimal),True,996.0,996.0,0.0,0,996,996,0,1.0,996,True,0.0,10050,996,0.0991044776119403,90,39,0.00016789999790489674,0.0008357999904546887,0.0010036999883595854
DEV-2058,MODERATE,LARGE,25,3,3,0,Optimization terminated successfully. (HiGHS Status 7: Optimal),True,2396.0,2396.0,0.0,0,2396,2396,0,1.0,2396,True,0.0,14877,2396,0.1610539759360086,225,84,0.00024369999300688505,0.0011795000173151493,0.0014232000103220344
DEV-2059,LOW,MEDIUM,9,3,1,0,Optimization terminated successfully. (HiGHS Status 7: Optimal),True,1337.0,1337.0,0.0,0,1337,1337,0,1.0,1337,True,0.0,7520,1337,0.17779255319148937,81,36,0.00016460000188089907,0.0008067000017035753,0.0009713000035844743
DEV-2060,HIGH,LARGE,28,3,5,0,Optimization terminated successfully. (HiGHS Status 7: Optimal),True,3575.0,3575.0,0.0,1,3575,3575,0,1.0,3575,True,0.0,19426,3575,0.18403171007927518,252,93,0.0002982000005431473,0.0042501999996602535,0.004548400000203401
DEV-2061,HIGH,SMALL,4,3,1,0,Optimization terminated successfully. (HiGHS Status 7: Optimal),True,361.0,361.0,0.0,0,361,361,0,1.0,361,True,0.0,3232,361,0.11169554455445545,36,21,0.0001412999990861863,0.0007288000197149813,0.0008701000188011676
DEV-2062,MODERATE,SMALL,5,2,1,0,Optimization terminated successfully. (HiGHS Status 7: Optimal),True,726.0,726.0,0.0,0,726,726,0,1.0,726,True,0.0,2614,726,0.2777352716143841,30,21,0.0001328999933321029,0.000697199982823804,0.0008300999761559069
DEV-2063,HIGH,SMALL,4,4,1,0,Optimization terminated successfully. (HiGHS Status 7: Optimal),True,1469.0,1469.0,0.0,0,1630,1469,161,0.9012269938650307,1469,True,0.0,4645,1469,0.316254036598493,48,24,0.00014170000213198364,0.0007372999971266836,0.0008789999992586672
DEV-2064,HIGH,MEDIUM,13,2,2,0,Optimization terminated successfully. (HiGHS Status 7: Optimal),True,2624.0,2624.0,0.0,0,2624,2624,0,1.0,2624,True,0.0,11445,2624,0.22927042376583662,78,45,0.00016719999257475138,0.0008119999838527292,0.0009791999764274806
DEV-2065,MODERATE,LARGE,23,2,1,0,Optimization terminated successfully. (HiGHS Status 7: Optimal),True,1538.0,1538.0,0.0,0,1538,1538,0,1.0,1538,True,0.0,18610,1538,0.08264373992477163,138,75,0.00020349997794255614,0.000970299995969981,0.001173799973912537
DEV-2066,HIGH,LARGE,22,2,4,0,Optimization terminated successfully. (HiGHS Status 7: Optimal),True,1976.0,1976.0,0.0,0,1976,1976,0,1.0,1976,True,0.0,14123,1976,0.1399136160872336,132,72,0.00020129999029450119,0.0009650999854784459,0.001166399975772947
DEV-2067,HIGH,MEDIUM,8,4,1,0,Optimization terminated successfully. (HiGHS Status 7: Optimal),True,285.0,285.0,0.0,0,285,285,0,1.0,285,True,0.0,4902,285,0.05813953488372093,96,36,0.00018960001762025058,0.000827599986223504,0.0010172000038437545
DEV-2068,HIGH,LARGE,25,4,3,0,Optimization terminated successfully. (HiGHS Status 7: Optimal),True,1721.0,1721.0,0.0,1,1721,1721,0,1.0,1721,True,0.0,10553,1721,0.16308158817397897,300,87,0.00028929999098181725,0.006761399999959394,0.007050699990941212
DEV-2069,MODERATE,LARGE,28,5,2,0,Optimization terminated successfully. (HiGHS Status 7: Optimal),True,880.0,880.0,0.0,0,880,880,0,1.0,880,True,0.0,18956,880,0.04642329605401983,420,99,0.0003453000099398196,0.0016476999735459685,0.001992999983485788
DEV-2070,MODERATE,MEDIUM,13,4,2,0,Optimization terminated successfully. (HiGHS Status 7: Optimal),True,108.0,108.0,0.0,0,108,108,0,1.0,108,True,0.0,6999,108,0.015430775825117874,156,51,0.00020400001085363328,0.0009922999888658524,0.0011962999997194856
DEV-2071,MODERATE,MEDIUM,14,5,2,0,Optimization terminated successfully. (HiGHS Status 7: Optimal),True,3046.0,3046.0,0.0,1,3046,3046,0,1.0,3046,True,0.0,14390,3046,0.21167477414871438,210,57,0.00023239999427460134,0.006151300010969862,0.006383700005244464
DEV-2072,HIGH,MEDIUM,11,3,5,0,Optimization terminated successfully. (HiGHS Status 7: Optimal),True,2614.0,2614.0,0.0,1,3526,2614,912,0.7413499716392513,2614,True,0.0,6301,2614,0.4148547849547691,99,42,0.00017680000746622682,0.004025400005048141,0.004202200012514368
DEV-2073,MODERATE,SMALL,6,3,1,0,Optimization terminated successfully. (HiGHS Status 7: Optimal),True,692.0,692.0,0.0,0,692,692,0,1.0,692,True,0.0,4247,692,0.1629385448551919,54,27,0.00015209999401122332,0.0007745999901089817,0.000926699984120205
DEV-2074,LOW,SMALL,4,4,1,0,Optimization terminated successfully. (HiGHS Status 7: Optimal),True,606.0,606.0,0.0,0,606,606,0,1.0,606,True,0.0,2149,606,0.281991624011168,48,24,0.00014340001507662237,0.0007396999862976372,0.0008831000013742596
DEV-2075,HIGH,LARGE,28,2,2,0,Optimization terminated successfully. (HiGHS Status 7: Optimal),True,1122.0,1122.0,0.0,0,1122,1122,0,1.0,1122,True,0.0,19889,1122,0.05641309266428679,168,90,0.00022300001000985503,0.001042500021867454,0.001265500031877309
DEV-2076,HIGH,LARGE,24,2,2,0,Optimization terminated successfully. (HiGHS Status 7: Optimal),True,1128.0,1128.0,0.0,0,1128,1128,0,1.0,1128,True,0.0,13584,1128,0.08303886925795052,144,78,0.00021269998978823423,0.000965000013820827,0.0011777000036090612
DEV-2077,MODERATE,SMALL,6,3,1,0,Optimization terminated successfully. (HiGHS Status 7: Optimal),True,300.0,300.0,0.0,0,300,300,0,1.0,300,True,0.0,2883,300,0.1040582726326743,54,27,0.00014870002632960677,0.0007448000251315534,0.0008935000514611602
DEV-2078,MODERATE,SMALL,3,5,1,0,Optimization terminated successfully. (HiGHS Status 7: Optimal),True,654.0,654.0,0.0,0,654,654,0,1.0,654,True,0.0,1256,654,0.5207006369426752,45,24,0.00013830000534653664,0.0007129999867174774,0.0008512999920640141
DEV-2079,HIGH,MEDIUM,11,5,5,0,Optimization terminated successfully. (HiGHS Status 7: Optimal),True,1915.0,1915.0,0.0,1,1915,1915,0,1.0,1915,True,0.0,8677,1915,0.22069839806384695,165,48,0.00020939999376423657,0.0035136000078637153,0.003723000001627952
DEV-2080,HIGH,MEDIUM,13,3,1,0,Optimization terminated successfully. (HiGHS Status 7: Optimal),True,1102.0,1102.0,0.0,0,1102,1102,0,1.0,1102,True,0.0,7780,1102,0.1416452442159383,117,48,0.0001975000195670873,0.000904799991985783,0.0011023000115528703
DEV-2081,HIGH,LARGE,19,2,4,0,Optimization terminated successfully. (HiGHS Status 7: Optimal),True,3910.0,3910.0,0.0,1,3910,3910,0,1.0,3910,True,0.0,17037,3910,0.22950049891412808,114,63,0.0001880000054370612,0.0070183000061661005,0.007206300011603162
DEV-2082,HIGH,MEDIUM,10,5,1,0,Optimization terminated successfully. (HiGHS Status 7: Optimal),True,428.0,428.0,0.0,0,428,428,0,1.0,428,True,0.0,5996,428,0.0713809206137425,150,45,0.00020290000247769058,0.0009944000048562884,0.001197300007333979
DEV-2083,MODERATE,SMALL,3,2,1,0,Optimization terminated successfully. (HiGHS Status 7: Optimal),True,692.0,692.0,0.0,0,692,692,0,1.0,692,True,0.0,1470,692,0.4707482993197279,18,15,0.0001354999840259552,0.0006723999977111816,0.0008078999817371368
DEV-2084,LOW,SMALL,4,3,1,0,Optimization terminated successfully. (HiGHS Status 7: Optimal),True,111.0,111.0,0.0,0,111,111,0,1.0,111,True,0.0,2312,111,0.04801038062283737,36,21,0.00013669999316334724,0.0006938000151421875,0.0008305000083055347
DEV-2085,HIGH,LARGE,28,2,6,0,Optimization terminated successfully. (HiGHS Status 7: Optimal),True,5712.0,5712.0,0.0,1,6091,5712,379,0.9377770481037596,5712,True,0.0,20506,5712,0.27855261874573295,168,90,0.00022499999613501132,0.005682600021827966,0.005907600017962977
DEV-2086,HIGH,LARGE,20,4,9,0,Optimization terminated successfully. (HiGHS Status 7: Optimal),True,5104.0,5104.0,0.0,1,5104,5104,0,1.0,5104,True,0.0,12087,5104,0.42227186233143044,240,72,0.00024750002194195986,0.0032620999845676124,0.0035096000065095723
DEV-2087,HIGH,LARGE,22,2,4,0,Optimization terminated successfully. (HiGHS Status 7: Optimal),True,3315.0,3315.0,0.0,0,3315,3315,0,1.0,3315,True,0.0,16453,3315,0.20148301221661702,132,72,0.00021769999875687063,0.000974599999608472,0.0011922999983653426
DEV-2088,HIGH,LARGE,19,2,4,0,Optimization terminated successfully. (HiGHS Status 7: Optimal),True,2333.0,2333.0,0.0,0,2333,2333,0,1.0,2333,True,0.0,11643,2333,0.2003779094735034,114,63,0.0001900999923236668,0.0009152000129688531,0.00110530000529252
DEV-2089,MODERATE,LARGE,19,5,2,0,Optimization terminated successfully. (HiGHS Status 7: Optimal),True,64.0,64.0,0.0,0,64,64,0,1.0,64,True,0.0,14349,64,0.004460241131786187,285,72,0.00027180000324733555,0.0013007000088691711,0.0015725000121165067
DEV-2090,MODERATE,MEDIUM,8,4,1,0,Optimization terminated successfully. (HiGHS Status 7: Optimal),True,196.0,196.0,0.0,0,196,196,0,1.0,196,True,0.0,5037,196,0.038912050823903116,96,36,0.00017210000078193843,0.0008544999873265624,0.0010265999881085008
DEV-2091,MODERATE,MEDIUM,14,2,3,0,Optimization terminated successfully. (HiGHS Status 7: Optimal),True,836.0,836.0,0.0,0,836,836,0,1.0,836,True,0.0,6173,836,0.13542847885954964,84,48,0.0001700000138953328,0.000822900008643046,0.0009929000225383788
DEV-2092,MODERATE,MEDIUM,11,2,2,0,Optimization terminated successfully. (HiGHS Status 7: Optimal),True,387.0,387.0,0.0,0,387,387,0,1.0,387,True,0.0,8554,387,0.04524199205050269,66,39,0.0001604999997653067,0.0007823999912943691,0.0009428999910596758
DEV-2093,HIGH,MEDIUM,13,4,1,0,Optimization terminated successfully. (HiGHS Status 7: Optimal),True,20.0,20.0,0.0,0,20,20,0,1.0,20,True,0.0,8037,20,0.0024884907303720292,156,51,0.00020099998801015317,0.000968100008321926,0.0011690999963320792
DEV-2094,MODERATE,SMALL,6,3,2,0,Optimization terminated successfully. (HiGHS Status 7: Optimal),True,1374.0,1374.0,0.0,0,1374,1374,0,1.0,1374,True,0.0,6245,1374,0.22001601281024818,54,27,0.00014730001566931605,0.0007745000184513628,0.0009218000341206789
DEV-2095,HIGH,MEDIUM,11,4,1,0,Optimization terminated successfully. (HiGHS Status 7: Optimal),True,2.0,2.0,0.0,0,2,2,0,1.0,2,True,0.0,9297,2,0.00021512315800795956,132,45,0.00019160000374540687,0.0009187999821733683,0.0011103999859187752
DEV-2096,MODERATE,LARGE,24,5,2,0,Optimization terminated successfully. (HiGHS Status 7: Optimal),True,1872.0,1872.0,0.0,0,1872,1872,0,1.0,1872,True,0.0,15591,1872,0.12006927073311525,360,87,0.00031549998675473034,0.001486499997554347,0.0018019999843090773
DEV-2097,MODERATE,SMALL,6,2,1,0,Optimization terminated successfully. (HiGHS Status 7: Optimal),True,2199.0,2199.0,0.0,0,2199,2199,0,1.0,2199,True,0.0,4116,2199,0.5342565597667639,36,24,0.00014560000272467732,0.0007143999973777682,0.0008600000001024455
DEV-2098,LOW,SMALL,4,2,2,0,Optimization terminated successfully. (HiGHS Status 7: Optimal),True,385.0,385.0,0.0,0,385,385,0,1.0,385,True,0.0,1571,385,0.24506683640993,24,18,0.00012929999502375722,0.000683299993397668,0.0008125999884214252
DEV-2099,MODERATE,SMALL,5,4,1,0,Optimization terminated successfully. (HiGHS Status 7: Optimal),True,358.0,358.0,0.0,0,358,358,0,1.0,358,True,0.0,3316,358,0.10796139927623644,60,27,0.00014710001414641738,0.0008541999850422144,0.0010012999991886318
DEV-2100,LOW,MEDIUM,14,3,1,0,Optimization terminated successfully. (HiGHS Status 7: Optimal),True,1135.0,1135.0,0.0,0,1135,1135,0,1.0,1135,True,0.0,10684,1135,0.10623362036690379,126,51,0.0001891000138130039,0.0009029999782796949,0.0010920999920926988
DEV-2101,MODERATE,SMALL,4,5,1,0,Optimization terminated successfully. (HiGHS Status 7: Optimal),True,359.0,359.0,0.0,0,359,359,0,1.0,359,True,0.0,3471,359,0.10342840679919331,60,27,0.00015460001304745674,0.0007519999926444143,0.000906600005691871
DEV-2102,MODERATE,SMALL,3,3,1,0,Optimization terminated successfully. (HiGHS Status 7: Optimal),True,99.0,99.0,0.0,0,99,99,0,1.0,99,True,0.0,941,99,0.10520722635494155,27,18,0.00012989999959245324,0.0006646000256296247,0.000794500025222078
DEV-2103,MODERATE,LARGE,25,2,1,0,Optimization terminated successfully. (HiGHS Status 7: Optimal),True,925.0,925.0,0.0,0,925,925,0,1.0,925,True,0.0,17803,925,0.051957535246868504,150,81,0.000219000008655712,0.0009797000093385577,0.0011987000179942697
DEV-2104,HIGH,SMALL,3,5,1,0,Optimization terminated successfully. (HiGHS Status 7: Optimal),True,1401.0,1401.0,0.0,0,1917,1401,516,0.730829420970266,1401,True,0.0,3682,1401,0.3804997284084737,45,24,0.00013719999697059393,0.000704299978679046,0.00084149997564964
DEV-2105,HIGH,MEDIUM,9,4,1,0,Optimization terminated successfully. (HiGHS Status 7: Optimal),True,367.0,367.0,0.0,0,367,367,0,1.0,367,True,0.0,4730,367,0.07758985200845665,108,39,0.00018080000882036984,0.0008587999909650534,0.0010395999997854233
DEV-2106,LOW,LARGE,30,4,3,0,Optimization terminated successfully. (HiGHS Status 7: Optimal),True,2023.0,2023.0,0.0,0,2023,2023,0,1.0,2023,True,0.0,21485,2023,0.09415871538282523,360,102,0.0003136000013910234,0.0014857999922242016,0.001799399993615225
DEV-2107,HIGH,MEDIUM,8,4,1,0,Optimization terminated successfully. (HiGHS Status 7: Optimal),True,220.0,220.0,0.0,0,220,220,0,1.0,220,True,0.0,9600,220,0.022916666666666665,96,36,0.0001720000000204891,0.0008411000017076731,0.0010131000017281622
DEV-2108,MODERATE,SMALL,5,3,1,0,Optimization terminated successfully. (HiGHS Status 7: Optimal),True,518.0,518.0,0.0,0,518,518,0,1.0,518,True,0.0,3529,518,0.14678379144233494,45,24,0.00014029999147169292,0.0007468000112567097,0.0008871000027284026
DEV-2109,HIGH,MEDIUM,14,2,1,0,Optimization terminated successfully. (HiGHS Status 7: Optimal),True,350.0,350.0,0.0,0,350,350,0,1.0,350,True,0.0,9443,350,0.037064492216456635,84,48,0.00017029998707585037,0.0008138999983202666,0.000984199985396117
DEV-2110,HIGH,LARGE,27,2,2,0,Optimization terminated successfully. (HiGHS Status 7: Optimal),True,1533.0,1533.0,0.0,0,1533,1533,0,1.0,1533,True,0.0,24888,1533,0.061595949855351974,162,87,0.00022560000070370734,0.0010143000108655542,0.0012399000115692616
DEV-2111,MODERATE,MEDIUM,12,2,5,0,Optimization terminated successfully. (HiGHS Status 7: Optimal),True,3701.0,3701.0,0.0,0,3701,3701,0,1.0,3701,True,0.0,8019,3701,0.46152886893627637,72,42,0.00016220001270994544,0.0008129999914672226,0.000975200004177168
DEV-2112,HIGH,SMALL,3,4,1,0,Optimization terminated successfully. (HiGHS Status 7: Optimal),True,14.0,14.0,0.0,0,25,14,11,0.56,14,True,0.0,1633,14,0.008573178199632579,36,21,0.00013309999485500157,0.0006673000170849264,0.0008004000119399279
DEV-2113,HIGH,LARGE,29,4,1,0,Optimization terminated successfully. (HiGHS Status 7: Optimal),True,446.0,446.0,0.0,0,446,446,0,1.0,446,True,0.0,20416,446,0.021845611285266457,348,99,0.0003032000095117837,0.0014962000132072717,0.0017994000227190554
DEV-2114,HIGH,SMALL,5,5,1,0,Optimization terminated successfully. (HiGHS Status 7: Optimal),True,23.0,23.0,0.0,0,26,23,3,0.8846153846153846,23,True,0.0,2450,23,0.009387755102040816,75,30,0.00015830001211725175,0.0007778999861329794,0.0009361999982502311
DEV-2115,HIGH,MEDIUM,13,4,2,0,Optimization terminated successfully. (HiGHS Status 7: Optimal),True,1917.0,1917.0,0.0,1,1917,1917,0,1.0,1917,True,0.0,11657,1917,0.16445054473706786,156,51,0.0002007999864872545,0.006391000002622604,0.006591799989109859
DEV-2116,MODERATE,SMALL,3,2,1,0,Optimization terminated successfully. (HiGHS Status 7: Optimal),True,1093.0,1093.0,0.0,0,1093,1093,0,1.0,1093,True,0.0,3561,1093,0.30693625386127493,18,15,0.00013070000568404794,0.0006741999823134392,0.0008048999879974872
DEV-2117,HIGH,LARGE,21,5,1,0,Optimization terminated successfully. (HiGHS Status 7: Optimal),True,636.0,636.0,0.0,0,636,636,0,1.0,636,True,0.0,14536,636,0.043753439735828285,315,78,0.00031560001662001014,0.001343499985523522,0.001659100002143532
DEV-2118,HIGH,SMALL,4,3,1,0,Optimization terminated successfully. (HiGHS Status 7: Optimal),True,914.0,914.0,0.0,0,1020,914,106,0.8960784313725491,914,True,0.0,2366,914,0.3863060016906171,36,21,0.00014379998901858926,0.0006927000067662448,0.000836499995784834
DEV-2119,HIGH,SMALL,6,3,1,0,Optimization terminated successfully. (HiGHS Status 7: Optimal),True,581.0,581.0,0.0,0,581,581,0,1.0,581,True,0.0,4261,581,0.1363529687866698,54,27,0.0001461999781895429,0.0007495000027120113,0.0008956999809015542
DEV-2120,LOW,SMALL,5,3,1,0,Optimization terminated successfully. (HiGHS Status 7: Optimal),True,1374.0,1374.0,0.0,0,1374,1374,0,1.0,1374,True,0.0,2627,1374,0.523030072325847,45,24,0.00014300001203082502,0.0007411999977193773,0.0008842000097502023
DEV-2121,MODERATE,SMALL,3,5,1,0,Optimization terminated successfully. (HiGHS Status 7: Optimal),True,615.0,615.0,0.0,0,615,615,0,1.0,615,True,0.0,2201,615,0.279418446160836,45,24,0.00013930001296103,0.0007290999928954989,0.0008684000058565289
DEV-2122,LOW,LARGE,23,2,2,0,Optimization terminated successfully. (HiGHS Status 7: Optimal),True,3283.0,3283.0,0.0,0,3283,3283,0,1.0,3283,True,0.0,16606,3283,0.19769962664097315,138,75,0.0002035000070463866,0.001028400001814589,0.0012319000088609755
DEV-2123,MODERATE,MEDIUM,9,4,1,0,Optimization terminated successfully. (HiGHS Status 7: Optimal),True,515.0,515.0,0.0,0,515,515,0,1.0,515,True,0.0,8809,515,0.05846293563401067,108,39,0.00017680000746622682,0.0008686000073794276,0.0010454000148456544
DEV-2124,MODERATE,MEDIUM,11,2,1,0,Optimization terminated successfully. (HiGHS Status 7: Optimal),True,79.0,79.0,0.0,0,79,79,0,1.0,79,True,0.0,7732,79,0.010217278841179513,66,39,0.00015919998986646533,0.000763899995945394,0.0009230999858118594
DEV-2125,LOW,MEDIUM,13,5,1,0,Optimization terminated successfully. (HiGHS Status 7: Optimal),True,977.0,977.0,0.0,0,977,977,0,1.0,977,True,0.0,8624,977,0.11328849721706864,195,54,0.00021639998885802925,0.0010722000151872635,0.0012886000040452927
DEV-2126,MODERATE,MEDIUM,14,5,1,0,Optimization terminated successfully. (HiGHS Status 7: Optimal),True,18.0,18.0,0.0,0,18,18,0,1.0,18,True,0.0,9404,18,0.0019140791152700979,210,57,0.0002261999761685729,0.001096000021789223,0.0013221999979577959
DEV-2127,HIGH,LARGE,18,3,4,0,Optimization terminated successfully. (HiGHS Status 7: Optimal),True,3847.0,3847.0,0.0,1,3847,3847,0,1.0,3847,True,0.0,11670,3847,0.32964867180805485,162,63,0.0002136999974027276,0.006206999998539686,0.006420699995942414
DEV-2128,HIGH,LARGE,19,4,3,0,Optimization terminated successfully. (HiGHS Status 7: Optimal),True,1843.0,1843.0,0.0,0,1843,1843,0,1.0,1843,True,0.0,12418,1843,0.1484135931712031,228,69,0.00024339999072253704,0.0012261999945621938,0.0014695999852847308
DEV-2129,MODERATE,LARGE,18,4,1,0,Optimization terminated successfully. (HiGHS Status 7: Optimal),True,1129.0,1129.0,0.0,0,1129,1129,0,1.0,1129,True,0.0,10076,1129,0.11204843191742755,216,66,0.00023800000781193376,0.0011513999779708683,0.001389399985782802
DEV-2130,HIGH,MEDIUM,13,5,5,0,Optimization terminated successfully. (HiGHS Status 7: Optimal),True,3759.0,3759.0,0.0,1,3759,3759,0,1.0,3759,True,0.0,10308,3759,0.3646682188591385,195,54,0.00021940001170150936,0.003677800006698817,0.0038972000184003264
DEV-2131,HIGH,MEDIUM,12,2,2,0,Optimization terminated successfully. (HiGHS Status 7: Optimal),True,2504.0,2504.0,0.0,1,2504,2504,0,1.0,2504,True,0.0,9009,2504,0.27794427794427795,72,42,0.0001689000055193901,0.008007300028111786,0.008176200033631176
DEV-2132,LOW,MEDIUM,13,4,1,0,Optimization terminated successfully. (HiGHS Status 7: Optimal),True,302.0,302.0,0.0,0,302,302,0,1.0,302,True,0.0,8921,302,0.033852707095617086,156,51,0.00020670000230893493,0.0009871000074781477,0.0011938000097870827
DEV-2133,HIGH,LARGE,27,4,9,0,Optimization terminated successfully. (HiGHS Status 7: Optimal),True,5998.0,5998.0,0.0,1,6926,5998,928,0.8660121282125325,5998,True,0.0,23356,5998,0.256807672546669,324,93,0.00029379999614320695,0.003355399996507913,0.00364919999265112
DEV-2134,HIGH,MEDIUM,14,2,2,0,Optimization terminated successfully. (HiGHS Status 7: Optimal),True,2302.0,2302.0,0.0,1,2302,2302,0,1.0,2302,True,0.0,9069,2302,0.25383173448009705,84,48,0.00018060000729747117,0.008482500008540228,0.0086631000158377
DEV-2135,HIGH,LARGE,25,4,10,0,Optimization terminated successfully. (HiGHS Status 7: Optimal),True,6194.0,6194.0,0.0,1,6194,6194,0,1.0,6194,True,0.0,17258,6194,0.35890601460192373,300,87,0.00029170000925660133,0.0032896999910008162,0.0035814000002574176
DEV-2136,MODERATE,MEDIUM,10,2,1,0,Optimization terminated successfully. (HiGHS Status 7: Optimal),True,18.0,18.0,0.0,0,18,18,0,1.0,18,True,0.0,6933,18,0.0025962786672436176,60,36,0.00016060000052675605,0.000767299992730841,0.0009278999932575971
DEV-2137,MODERATE,LARGE,18,2,5,0,Optimization terminated successfully. (HiGHS Status 7: Optimal),True,4351.0,4351.0,0.0,0,4351,4351,0,1.0,4351,True,0.0,11193,4351,0.3887250960421692,108,60,0.00018480001017451286,0.0009025000035762787,0.0010873000137507915
DEV-2138,MODERATE,MEDIUM,12,3,1,0,Optimization terminated successfully. (HiGHS Status 7: Optimal),True,466.0,466.0,0.0,0,466,466,0,1.0,466,True,0.0,6495,466,0.07174749807544265,108,45,0.00019459999748505652,0.0009755999781191349,0.0011701999756041914
DEV-2139,MODERATE,LARGE,19,3,2,0,Optimization terminated successfully. (HiGHS Status 7: Optimal),True,2053.0,2053.0,0.0,0,2053,2053,0,1.0,2053,True,0.0,11575,2053,0.17736501079913608,171,66,0.00021649998961947858,0.0010420000180602074,0.001258500007679686
DEV-2140,MODERATE,LARGE,29,5,8,0,Optimization terminated successfully. (HiGHS Status 7: Optimal),True,3854.0,3854.0,0.0,0,3854,3854,0,1.0,3854,True,0.0,19571,3854,0.19692402023401973,435,102,0.0003539999888744205,0.0017649999936111271,0.0021189999824855477
DEV-2141,HIGH,MEDIUM,13,2,1,0,Optimization terminated successfully. (HiGHS Status 7: Optimal),True,1164.0,1164.0,0.0,0,1164,1164,0,1.0,1164,True,0.0,9913,1164,0.11742156763845456,78,45,0.0001708999916445464,0.0008181000011973083,0.0009889999928418547
DEV-2142,MODERATE,MEDIUM,12,5,1,0,Optimization terminated successfully. (HiGHS Status 7: Optimal),True,917.0,917.0,0.0,0,917,917,0,1.0,917,True,0.0,8242,917,0.11125940305751031,180,51,0.00021490000654011965,0.0010624999995343387,0.0012774000060744584
DEV-2143,MODERATE,MEDIUM,10,4,1,0,Optimization terminated successfully. (HiGHS Status 7: Optimal),True,520.0,520.0,0.0,0,520,520,0,1.0,520,True,0.0,10289,520,0.05053941102147925,120,42,0.00018199998885393143,0.0009022000012919307,0.001084199990145862
DEV-2144,HIGH,LARGE,26,4,8,0,Optimization terminated successfully. (HiGHS Status 7: Optimal),True,6222.0,6222.0,0.0,1,6222,6222,0,1.0,6222,True,0.0,16858,6222,0.36908292798671255,312,90,0.000287600007141009,0.0035306999925523996,0.0038182999996934086
DEV-2145,MODERATE,SMALL,3,2,1,0,Optimization terminated successfully. (HiGHS Status 7: Optimal),True,1680.0,1680.0,0.0,0,1702,1680,22,0.9870740305522914,1680,True,0.0,1904,1680,0.8823529411764706,18,15,0.00013349999790079892,0.0006692000024486333,0.0008027000003494322
DEV-2146,MODERATE,SMALL,5,5,1,0,Optimization terminated successfully. (HiGHS Status 7: Optimal),True,394.0,394.0,0.0,0,394,394,0,1.0,394,True,0.0,2198,394,0.17925386715195632,75,30,0.0001587000151630491,0.0007959999784361571,0.0009546999935992062
DEV-2147,MODERATE,LARGE,29,2,1,0,Optimization terminated successfully. (HiGHS Status 7: Optimal),True,513.0,513.0,0.0,0,513,513,0,1.0,513,True,0.0,22624,513,0.022675035360678924,174,93,0.00022459999308921397,0.001054299995303154,0.001278899988392368
DEV-2148,HIGH,LARGE,19,4,2,0,Optimization terminated successfully. (HiGHS Status 7: Optimal),True,648.0,648.0,0.0,0,648,648,0,1.0,648,True,0.0,9265,648,0.06994063680518078,228,69,0.00023869998403824866,0.0012070999946445227,0.0014457999786827713
DEV-2149,HIGH,MEDIUM,10,4,2,0,Optimization terminated successfully. (HiGHS Status 7: Optimal),True,936.0,936.0,0.0,0,936,936,0,1.0,936,True,0.0,7650,936,0.1223529411764706,120,42,0.0001866999955382198,0.0009037000127136707,0.0010904000082518905
DEV-2150,HIGH,SMALL,4,4,1,0,Optimization terminated successfully. (HiGHS Status 7: Optimal),True,419.0,419.0,0.0,0,693,419,274,0.6046176046176046,419,True,0.0,2918,419,0.14359150102810145,48,24,0.0001422999775968492,0.000738000002456829,0.0008802999800536782
DEV-2151,HIGH,MEDIUM,10,2,1,0,Optimization terminated successfully. (HiGHS Status 7: Optimal),True,1204.0,1204.0,0.0,0,1204,1204,0,1.0,1204,True,0.0,11328,1204,0.10628531073446328,60,36,0.00015460001304745674,0.0007559999939985573,0.0009106000070460141
DEV-2152,HIGH,MEDIUM,12,4,3,0,Optimization terminated successfully. (HiGHS Status 7: Optimal),True,2416.0,2416.0,0.0,1,2416,2416,0,1.0,2416,True,0.0,10798,2416,0.2237451379885164,144,48,0.00019679998513311148,0.004476100002648309,0.00467289998778142
DEV-2153,MODERATE,MEDIUM,8,5,2,0,Optimization terminated successfully. (HiGHS Status 7: Optimal),True,868.0,868.0,0.0,0,868,868,0,1.0,868,True,0.0,3670,868,0.23651226158038147,120,39,0.0007156000065151602,0.0009658999915700406,0.0016814999980852008
DEV-2154,HIGH,LARGE,24,4,1,0,Optimization terminated successfully. (HiGHS Status 7: Optimal),True,266.0,266.0,0.0,0,266,266,0,1.0,266,True,0.0,24038,266,0.0110658124635993,288,84,0.00028089998522773385,0.0013000000035390258,0.0015808999887667596
DEV-2155,HIGH,LARGE,21,4,5,0,Optimization terminated successfully. (HiGHS Status 7: Optimal),True,2723.0,2723.0,0.0,1,2723,2723,0,1.0,2723,True,0.0,14580,2723,0.18676268861454046,252,75,0.00026440000510774553,0.004661400016630068,0.004925800021737814
DEV-2156,MODERATE,LARGE,18,2,6,0,Optimization terminated successfully. (HiGHS Status 7: Optimal),True,3690.0,3690.0,0.0,0,3690,3690,0,1.0,3690,True,0.0,12417,3690,0.2971732302488524,108,60,0.00020369997946545482,0.0009105000062845647,0.0011141999857500196
DEV-2157,MODERATE,LARGE,30,5,4,0,Optimization terminated successfully. (HiGHS Status 7: Optimal),True,3519.0,3519.0,0.0,0,3519,3519,0,1.0,3519,True,0.0,19553,3519,0.1799723827545645,450,105,0.00036369997542351484,0.0017886999994516373,0.002152399974875152
DEV-2158,MODERATE,LARGE,23,3,1,0,Optimization terminated successfully. (HiGHS Status 7: Optimal),True,574.0,574.0,0.0,0,574,574,0,1.0,574,True,0.0,13613,574,0.0421655770219643,207,78,0.00023430000874213874,0.0011652999965008348,0.0013996000052429736
DEV-2159,HIGH,SMALL,5,3,2,0,Optimization terminated successfully. (HiGHS Status 7: Optimal),True,1132.0,1132.0,0.0,1,1646,1132,514,0.6877278250303767,1132,True,0.0,2768,1132,0.40895953757225434,45,24,0.0001509999856352806,0.006703999999444932,0.006854999985080212
DEV-2160,MODERATE,MEDIUM,14,5,3,0,Optimization terminated successfully. (HiGHS Status 7: Optimal),True,1664.0,1664.0,0.0,1,1664,1664,0,1.0,1664,True,0.0,8603,1664,0.193420899686156,210,57,0.00024029999622143805,0.005209499999182299,0.005449799995403737
DEV-2161,HIGH,SMALL,4,3,1,0,Optimization terminated successfully. (HiGHS Status 7: Optimal),True,21.0,21.0,0.0,0,21,21,0,1.0,21,True,0.0,1439,21,0.014593467685892982,36,21,0.000139000010676682,0.0007160999812185764,0.0008550999918952584
DEV-2162,MODERATE,SMALL,5,2,2,0,Optimization terminated successfully. (HiGHS Status 7: Optimal),True,1054.0,1054.0,0.0,0,1054,1054,0,1.0,1054,True,0.0,3335,1054,0.31604197901049474,30,21,0.00013749999925494194,0.0007289999921340495,0.0008664999913889915
DEV-2163,HIGH,LARGE,29,2,5,0,Optimization terminated successfully. (HiGHS Status 7: Optimal),True,2996.0,2996.0,0.0,0,2996,2996,0,1.0,2996,True,0.0,22120,2996,0.13544303797468354,174,93,0.00023040000814944506,0.0010726999898906797,0.0013030999980401248
DEV-2164,MODERATE,SMALL,3,5,1,0,Optimization terminated successfully. (HiGHS Status 7: Optimal),True,203.0,203.0,0.0,0,203,203,0,1.0,203,True,0.0,1074,203,0.18901303538175046,45,24,0.0001419000036548823,0.0007332999957725406,0.0008751999994274229
DEV-2165,HIGH,LARGE,28,3,5,0,Optimization terminated successfully. (HiGHS Status 7: Optimal),True,3755.0,3755.0,0.0,0,3755,3755,0,1.0,3755,True,0.0,18695,3755,0.20085584380850494,252,93,0.0002604000037536025,0.00129640000523068,0.0015568000089842826
DEV-2166,HIGH,LARGE,20,5,1,0,Optimization terminated successfully. (HiGHS Status 7: Optimal),True,14.0,14.0,0.0,0,14,14,0,1.0,14,True,0.0,14917,14,0.0009385265133740028,300,75,0.00027749998844228685,0.0013142000243533403,0.0015917000127956271
DEV-2167,MODERATE,SMALL,5,4,1,0,Optimization terminated successfully. (HiGHS Status 7: Optimal),True,967.0,967.0,0.0,0,967,967,0,1.0,967,True,0.0,3891,967,0.24852223078900026,60,27,0.00015659999917261302,0.0007559999939985573,0.0009125999931711704
DEV-2168,MODERATE,LARGE,27,3,3,0,Optimization terminated successfully. (HiGHS Status 7: Optimal),True,2433.0,2433.0,0.0,0,2433,2433,0,1.0,2433,True,0.0,17106,2433,0.1422307962118555,243,90,0.00026599998818710446,0.0012393000070005655,0.00150529999518767
DEV-2169,HIGH,LARGE,19,3,2,0,Optimization terminated successfully. (HiGHS Status 7: Optimal),True,667.0,667.0,0.0,0,667,667,0,1.0,667,True,0.0,17580,667,0.03794084186575654,171,66,0.00021410000044852495,0.0010294999810867012,0.001243599981535226
DEV-2170,MODERATE,SMALL,4,5,1,0,Optimization terminated successfully. (HiGHS Status 7: Optimal),True,132.0,132.0,0.0,0,132,132,0,1.0,132,True,0.0,1993,132,0.06623181133968892,60,27,0.0001694000093266368,0.0008156999829225242,0.000985099992249161
DEV-2171,HIGH,LARGE,28,5,9,0,Optimization terminated successfully. (HiGHS Status 7: Optimal),True,4590.0,4590.0,0.0,1,4590,4590,0,1.0,4590,True,0.0,20468,4590,0.22425249169435216,420,99,0.0003502999898046255,0.0034516000014264137,0.003801899991231039
DEV-2172,MODERATE,MEDIUM,11,5,5,0,Optimization terminated successfully. (HiGHS Status 7: Optimal),True,6549.0,6549.0,0.0,1,6549,6549,0,1.0,6549,True,0.0,10670,6549,0.6137769447047797,165,48,0.00022230000467970967,0.00314250000519678,0.0033648000098764896
DEV-2173,MODERATE,LARGE,18,3,2,0,Optimization terminated successfully. (HiGHS Status 7: Optimal),True,190.0,190.0,0.0,0,190,190,0,1.0,190,True,0.0,9719,190,0.01954933635147649,162,63,0.0002130000211764127,0.0010227999882772565,0.0012358000094536692
DEV-2174,HIGH,MEDIUM,12,5,1,0,Optimization terminated successfully. (HiGHS Status 7: Optimal),True,462.0,462.0,0.0,0,462,462,0,1.0,462,True,0.0,7513,462,0.06149341142020498,180,51,0.0002143999736290425,0.001023400021949783,0.0012377999955788255
DEV-2175,HIGH,MEDIUM,8,5,2,0,Optimization terminated successfully. (HiGHS Status 7: Optimal),True,1228.0,1228.0,0.0,1,1343,1228,115,0.9143708116157856,1228,True,0.0,4746,1228,0.2587442056468605,120,39,0.0001875000016298145,0.006102099985582754,0.0062895999872125685
DEV-2176,HIGH,SMALL,3,2,1,0,Optimization terminated successfully. (HiGHS Status 7: Optimal),True,558.0,558.0,0.0,0,643,558,85,0.8678071539657853,558,True,0.0,1244,558,0.44855305466237944,18,15,0.00015809998149052262,0.0009366000012960285,0.0010946999827865511
DEV-2177,LOW,LARGE,29,5,2,0,Optimization terminated successfully. (HiGHS Status 7: Optimal),True,1465.0,1465.0,0.0,0,1465,1465,0,1.0,1465,True,0.0,19489,1465,0.07517060906152188,435,102,0.0005166000046301633,0.0019394999835640192,0.0024560999881941825
DEV-2178,HIGH,SMALL,5,5,2,0,Optimization terminated successfully. (HiGHS Status 7: Optimal),True,1737.0,1737.0,0.0,1,1743,1737,6,0.9965576592082617,1737,True,0.0,4390,1737,0.3956719817767654,75,30,0.00016650001634843647,0.005590300017502159,0.005756800033850595
DEV-2179,LOW,SMALL,5,2,1,0,Optimization terminated successfully. (HiGHS Status 7: Optimal),True,13.0,13.0,0.0,0,13,13,0,1.0,13,True,0.0,879,13,0.01478953356086462,30,21,0.0001430999836884439,0.0006861000147182494,0.0008291999984066933
DEV-2180,HIGH,MEDIUM,12,2,2,0,Optimization terminated successfully. (HiGHS Status 7: Optimal),True,759.0,759.0,0.0,0,759,759,0,1.0,759,True,0.0,7229,759,0.10499377507262415,72,42,0.00016429999959655106,0.0007819000165909529,0.0009462000161875039
DEV-2181,MODERATE,MEDIUM,10,4,1,0,Optimization terminated successfully. (HiGHS Status 7: Optimal),True,37.0,37.0,0.0,0,37,37,0,1.0,37,True,0.0,3154,37,0.011731135066582118,120,42,0.00018319999799132347,0.0009006999898701906,0.001083899987861514
DEV-2182,HIGH,SMALL,5,4,1,0,Optimization terminated successfully. (HiGHS Status 7: Optimal),True,1102.0,1102.0,0.0,0,1102,1102,0,1.0,1102,True,0.0,3682,1102,0.2992938620315046,60,27,0.00015559999155811965,0.0007585000130347908,0.0009141000045929104
DEV-2183,HIGH,LARGE,27,2,2,0,Optimization terminated successfully. (HiGHS Status 7: Optimal),True,774.0,774.0,0.0,0,774,774,0,1.0,774,True,0.0,23151,774,0.03343268109368926,162,87,0.00022730001364834607,0.0010757999843917787,0.0013030999980401248
DEV-2184,MODERATE,MEDIUM,12,3,1,0,Optimization terminated successfully. (HiGHS Status 7: Optimal),True,866.0,866.0,0.0,0,866,866,0,1.0,866,True,0.0,8281,866,0.1045767419393793,108,45,0.00018259999342262745,0.0009018999990075827,0.0010844999924302101
DEV-2185,MODERATE,MEDIUM,12,4,3,0,Optimization terminated successfully. (HiGHS Status 7: Optimal),True,927.0,927.0,0.0,1,927,927,0,1.0,927,True,0.0,4816,927,0.19248338870431894,144,48,0.0001967000134754926,0.005505800014361739,0.005702500027837232
DEV-2186,MODERATE,LARGE,21,4,2,0,Optimization terminated successfully. (HiGHS Status 7: Optimal),True,672.0,672.0,0.0,0,672,672,0,1.0,672,True,0.0,14536,672,0.04623004953219593,252,75,0.0002553999947849661,0.0012180000194348395,0.0014734000142198056
DEV-2187,HIGH,SMALL,4,4,2,0,Optimization terminated successfully. (HiGHS Status 7: Optimal),True,1054.0,1054.0,0.0,1,1168,1054,114,0.9023972602739726,1054,True,0.0,2282,1054,0.4618755477651183,48,24,0.00015629999688826501,0.005911100015509874,0.006067400012398139
DEV-2188,MODERATE,MEDIUM,14,3,1,0,Optimization terminated successfully. (HiGHS Status 7: Optimal),True,1202.0,1202.0,0.0,0,1202,1202,0,1.0,1202,True,0.0,12204,1202,0.09849229760734185,126,51,0.0001993000041693449,0.0009642000077292323,0.0011635000118985772
DEV-2189,HIGH,SMALL,6,2,2,0,Optimization terminated successfully. (HiGHS Status 7: Optimal),True,1130.0,1130.0,0.0,1,1172,1130,42,0.9641638225255973,1130,True,0.0,4266,1130,0.2648851383028598,36,24,0.000152299995534122,0.008078399987425655,0.008230699982959777
DEV-2190,MODERATE,MEDIUM,10,5,2,0,Optimization terminated successfully. (HiGHS Status 7: Optimal),True,618.0,618.0,0.0,0,618,618,0,1.0,618,True,0.0,7775,618,0.0794855305466238,150,45,0.00020179999410174787,0.0010187000152654946,0.0012205000093672425
DEV-2191,HIGH,SMALL,3,5,1,0,Optimization terminated successfully. (HiGHS Status 7: Optimal),True,1332.0,1332.0,0.0,0,2036,1332,704,0.6542239685658153,1332,True,0.0,3073,1332,0.4334526521314676,45,24,0.00014399999054148793,0.0007231000054161996,0.0008670999959576875
DEV-2192,HIGH,LARGE,19,3,3,0,Optimization terminated successfully. (HiGHS Status 7: Optimal),True,2240.0,2240.0,0.0,1,2240,2240,0,1.0,2240,True,0.0,15813,2240,0.1416555998229305,171,66,0.0002162999880965799,0.006181600008858368,0.006397899996954948
DEV-2193,MODERATE,LARGE,18,2,7,0,Optimization terminated successfully. (HiGHS Status 7: Optimal),True,5357.0,5357.0,0.0,0,5357,5357,0,1.0,5357,True,0.0,12360,5357,0.43341423948220065,108,60,0.00018850000924430788,0.000909399997908622,0.00109790000715293
DEV-2194,LOW,SMALL,4,2,1,0,Optimization terminated successfully. (HiGHS Status 7: Optimal),True,7.0,7.0,0.0,0,7,7,0,1.0,7,True,0.0,2400,7,0.002916666666666667,24,18,0.00014069999451749027,0.0006668999849352986,0.0008075999794527888
DEV-2195,HIGH,LARGE,26,2,4,0,Optimization terminated successfully. (HiGHS Status 7: Optimal),True,1828.0,1828.0,0.0,0,1828,1828,0,1.0,1828,True,0.0,13653,1828,0.13388998754852413,156,84,0.0002172000240534544,0.0010061999782919884,0.0012234000023454428
DEV-2196,LOW,LARGE,20,5,1,0,Optimization terminated successfully. (HiGHS Status 7: Optimal),True,569.0,569.0,0.0,0,569,569,0,1.0,569,True,0.0,14498,569,0.0392467926610567,300,75,0.00027650000993162394,0.0013084000092931092,0.0015849000192247331
DEV-2197,MODERATE,MEDIUM,9,2,1,0,Optimization terminated successfully. (HiGHS Status 7: Optimal),True,1503.0,1503.0,0.0,0,1503,1503,0,1.0,1503,True,0.0,7558,1503,0.19886213283937548,54,33,0.00015219999477267265,0.0007596999930683523,0.000911899987841025
DEV-2198,HIGH,MEDIUM,11,3,1,0,Optimization terminated successfully. (HiGHS Status 7: Optimal),True,670.0,670.0,0.0,0,670,670,0,1.0,670,True,0.0,9037,670,0.07413964811331195,99,42,0.0001731000083964318,0.0008525000012014061,0.001025600009597838
DEV-2199,MODERATE,MEDIUM,10,3,2,0,Optimization terminated successfully. (HiGHS Status 7: Optimal),True,961.0,961.0,0.0,0,961,961,0,1.0,961,True,0.0,8983,961,0.10697985082934432,90,39,0.00017660000594332814,0.0008407999994233251,0.0010174000053666532
DEV-2200,MODERATE,LARGE,30,4,3,0,Optimization terminated successfully. (HiGHS Status 7: Optimal),True,2398.0,2398.0,0.0,0,2398,2398,0,1.0,2398,True,0.0,20545,2398,0.11671939644682404,360,102,0.00032210000790655613,0.0014554000226780772,0.0017775000305846334
DEV-2201,MODERATE,SMALL,4,2,2,0,Optimization terminated successfully. (HiGHS Status 7: Optimal),True,1769.0,1769.0,0.0,1,1769,1769,0,1.0,1769,True,0.0,4557,1769,0.3881939872723283,24,18,0.00013630001922138035,0.008115599979646504,0.008251899998867884
DEV-2202,HIGH,SMALL,4,3,1,0,Optimization terminated successfully. (HiGHS Status 7: Optimal),True,909.0,909.0,0.0,0,909,909,0,1.0,909,True,0.0,2988,909,0.3042168674698795,36,21,0.0001412999990861863,0.0007375999994110316,0.0008788999984972179
DEV-2203,MODERATE,MEDIUM,9,4,1,0,Optimization terminated successfully. (HiGHS Status 7: Optimal),True,765.0,765.0,0.0,0,765,765,0,1.0,765,True,0.0,4256,765,0.17974624060150377,108,39,0.00017560002743266523,0.000883800006704405,0.0010594000341370702
DEV-2204,HIGH,MEDIUM,13,2,1,0,Optimization terminated successfully. (HiGHS Status 7: Optimal),True,737.0,737.0,0.0,0,737,737,0,1.0,737,True,0.0,8650,737,0.08520231213872832,78,45,0.00016620001406408846,0.0008070000039879233,0.0009732000180520117
DEV-2205,HIGH,MEDIUM,13,3,5,0,Optimization terminated successfully. (HiGHS Status 7: Optimal),True,3609.0,3609.0,0.0,1,3609,3609,0,1.0,3609,True,0.0,13433,3609,0.2686667162956897,117,48,0.00018659999477677047,0.004161399992881343,0.004347999987658113
DEV-2206,HIGH,LARGE,24,3,2,0,Optimization terminated successfully. (HiGHS Status 7: Optimal),True,991.0,991.0,0.0,0,991,991,0,1.0,991,True,0.0,14859,991,0.06669358637862575,216,81,0.0002418000076431781,0.0011746999807655811,0.0014164999884087592
DEV-2207,LOW,LARGE,30,5,1,0,Optimization terminated successfully. (HiGHS Status 7: Optimal),True,201.0,201.0,0.0,0,201,201,0,1.0,201,True,0.0,22884,201,0.008783429470372313,450,105,0.0003569000109564513,0.0017389000277034938,0.002095800038659945
DEV-2208,HIGH,LARGE,29,5,4,0,Optimization terminated successfully. (HiGHS Status 7: Optimal),True,1022.0,1022.0,0.0,1,1022,1022,0,1.0,1022,True,0.0,16753,1022,0.06100399928371038,435,102,0.00034950001281686127,0.005109899997478351,0.005459400010295212
DEV-2209,MODERATE,LARGE,23,5,3,0,Optimization terminated successfully. (HiGHS Status 7: Optimal),True,712.0,712.0,0.0,0,712,712,0,1.0,712,True,0.0,14131,712,0.050385676880617083,345,84,0.0003085000207647681,0.0014577999827452004,0.0017663000035099685
DEV-2210,HIGH,SMALL,4,5,1,0,Optimization terminated successfully. (HiGHS Status 7: Optimal),True,973.0,973.0,0.0,0,1133,973,160,0.8587819947043248,973,True,0.0,2016,973,0.4826388888888889,60,27,0.00015269999857991934,0.0007551999879069626,0.000907899986486882
DEV-2211,HIGH,LARGE,22,4,2,0,Optimization terminated successfully. (HiGHS Status 7: Optimal),True,2469.0,2469.0,0.0,1,2469,2469,0,1.0,2469,True,0.0,12902,2469,0.19136567973957527,264,78,0.0002662999904714525,0.00656950002303347,0.006835800013504922
DEV-2212,MODERATE,MEDIUM,10,4,1,0,Optimization terminated successfully. (HiGHS Status 7: Optimal),True,398.0,398.0,0.0,0,398,398,0,1.0,398,True,0.0,10610,398,0.037511781338360035,120,42,0.00018689999706111848,0.0009608999826014042,0.0011477999796625227
DEV-2213,MODERATE,LARGE,21,2,2,0,Optimization terminated successfully. (HiGHS Status 7: Optimal),True,1162.0,1162.0,0.0,0,1162,1162,0,1.0,1162,True,0.0,21188,1162,0.05484236360203889,126,69,0.00020700000459328294,0.0009356999944429845,0.0011426999990362674
DEV-2214,LOW,SMALL,4,4,1,0,Optimization terminated successfully. (HiGHS Status 7: Optimal),True,314.0,314.0,0.0,0,314,314,0,1.0,314,True,0.0,1996,314,0.15731462925851702,48,24,0.00015050001093186438,0.0007281999860424548,0.0008786999969743192
DEV-2215,MODERATE,MEDIUM,11,4,2,0,Optimization terminated successfully. (HiGHS Status 7: Optimal),True,1387.0,1387.0,0.0,1,1387,1387,0,1.0,1387,True,0.0,5049,1387,0.2747078629431571,132,45,0.00019419999443925917,0.006303000001935288,0.0064971999963745475
DEV-2216,MODERATE,MEDIUM,14,3,5,0,Optimization terminated successfully. (HiGHS Status 7: Optimal),True,3396.0,3396.0,0.0,1,3396,3396,0,1.0,3396,True,0.0,9823,3396,0.34571923037768504,126,51,0.00021989998640492558,0.004937899997457862,0.0051577999838627875
DEV-2217,MODERATE,MEDIUM,9,3,2,0,Optimization terminated successfully. (HiGHS Status 7: Optimal),True,103.0,103.0,0.0,0,103,103,0,1.0,103,True,0.0,2823,103,0.03648600779312788,81,36,0.0001674999948590994,0.000888400012627244,0.0010559000074863434
DEV-2218,HIGH,LARGE,26,2,3,0,Optimization terminated successfully. (HiGHS Status 7: Optimal),True,1180.0,1180.0,0.0,0,1180,1180,0,1.0,1180,True,0.0,18668,1180,0.0632097707306621,156,84,0.0002300000051036477,0.0010138000070583075,0.0012438000121619552
DEV-2219,LOW,SMALL,3,3,1,0,Optimization terminated successfully. (HiGHS Status 7: Optimal),True,6.0,6.0,0.0,0,6,6,0,1.0,6,True,0.0,1457,6,0.004118050789293068,27,18,0.00013149998267181218,0.000672800000756979,0.0008042999834287912
DEV-2220,HIGH,SMALL,6,5,1,0,Optimization terminated successfully. (HiGHS Status 7: Optimal),True,1753.0,1753.0,0.0,0,1753,1753,0,1.0,1753,True,0.0,4506,1753,0.3890368397691966,90,33,0.00017859999206848443,0.0008104000007733703,0.0009889999928418547
DEV-2221,HIGH,MEDIUM,11,5,4,0,Optimization terminated successfully. (HiGHS Status 7: Optimal),True,2730.0,2730.0,0.0,1,2886,2730,156,0.9459459459459459,2730,True,0.0,8562,2730,0.31885073580939033,165,48,0.00021319999359548092,0.0036014999786857516,0.0038146999722812325
DEV-2222,HIGH,MEDIUM,10,2,1,0,Optimization terminated successfully. (HiGHS Status 7: Optimal),True,152.0,152.0,0.0,0,152,152,0,1.0,152,True,0.0,4331,152,0.035095820826598935,60,36,0.0001587000151630491,0.0007775999838486314,0.0009362999990116805
DEV-2223,HIGH,MEDIUM,14,3,1,0,Optimization terminated successfully. (HiGHS Status 7: Optimal),True,366.0,366.0,0.0,0,366,366,0,1.0,366,True,0.0,16929,366,0.021619705830232146,126,51,0.0001914000022225082,0.0009175999730359763,0.0011089999752584845
DEV-2224,HIGH,LARGE,24,3,3,0,Optimization terminated successfully. (HiGHS Status 7: Optimal),True,1326.0,1326.0,0.0,0,1326,1326,0,1.0,1326,True,0.0,15058,1326,0.08805950325408421,216,81,0.0002450999745633453,0.0011520000116433948,0.0013970999862067401
DEV-2225,MODERATE,SMALL,5,5,2,0,Optimization terminated successfully. (HiGHS Status 7: Optimal),True,1830.0,1830.0,0.0,1,1830,1830,0,1.0,1830,True,0.0,4776,1830,0.38316582914572866,75,30,0.00016080000204965472,0.004597699997248128,0.004758499999297783
DEV-2226,MODERATE,LARGE,26,4,6,0,Optimization terminated successfully. (HiGHS Status 7: Optimal),True,6879.0,6879.0,0.0,1,6879,6879,0,1.0,6879,True,0.0,21790,6879,0.3156952730610372,312,90,0.00029409999842755497,0.00392330001341179,0.004217400011839345
DEV-2227,MODERATE,MEDIUM,10,3,1,0,Optimization terminated successfully. (HiGHS Status 7: Optimal),True,555.0,555.0,0.0,0,555,555,0,1.0,555,True,0.0,4419,555,0.12559402579769177,90,39,0.0001762000028975308,0.0008436999924015254,0.0010198999952990562
DEV-2228,MODERATE,MEDIUM,10,5,1,0,Optimization terminated successfully. (HiGHS Status 7: Optimal),True,240.0,240.0,0.0,0,240,240,0,1.0,240,True,0.0,6878,240,0.03489386449549287,150,45,0.00019920000340789557,0.0009790000040084124,0.001178200007416308
DEV-2229,HIGH,MEDIUM,10,3,5,0,Optimization terminated successfully. (HiGHS Status 7: Optimal),True,4018.0,4018.0,0.0,1,4290,4018,272,0.9365967365967366,4018,True,0.0,9003,4018,0.4462956792180384,90,39,0.0001790999958757311,0.0032555999932810664,0.0034346999891567975
DEV-2230,MODERATE,MEDIUM,11,4,1,0,Optimization terminated successfully. (HiGHS Status 7: Optimal),True,191.0,191.0,0.0,0,191,191,0,1.0,191,True,0.0,12623,191,0.01513110987879268,132,45,0.00020489998860284686,0.0009451000078115612,0.001149999996414408
DEV-2231,LOW,SMALL,5,4,1,0,Optimization terminated successfully. (HiGHS Status 7: Optimal),True,1038.0,1038.0,0.0,0,1038,1038,0,1.0,1038,True,0.0,2264,1038,0.4584805653710247,60,27,0.00015029998030513525,0.0008028000011108816,0.0009530999814160168
DEV-2232,MODERATE,LARGE,27,3,6,0,Optimization terminated successfully. (HiGHS Status 7: Optimal),True,4233.0,4233.0,0.0,0,4233,4233,0,1.0,4233,True,0.0,17232,4233,0.24564763231197773,243,90,0.00025649997405707836,0.0012048000062350184,0.0014612999802920967
DEV-2233,MODERATE,SMALL,4,2,3,0,Optimization terminated successfully. (HiGHS Status 7: Optimal),True,626.0,626.0,0.0,1,626,626,0,1.0,626,True,0.0,2012,626,0.3111332007952286,24,18,0.00013649999164044857,0.00696649999008514,0.0071029999817255884
DEV-2234,HIGH,LARGE,30,2,1,0,Optimization terminated successfully. (HiGHS Status 7: Optimal),True,118.0,118.0,0.0,0,118,118,0,1.0,118,True,0.0,22252,118,0.005302894121876686,180,96,0.0002379999787081033,0.001073699997505173,0.0013116999762132764
DEV-2235,HIGH,LARGE,29,4,10,0,Optimization terminated successfully. (HiGHS Status 7: Optimal),True,4589.0,4589.0,0.0,1,4589,4589,0,1.0,4589,True,0.0,17607,4589,0.26063497472596125,348,99,0.00033889999031089246,0.0036174999841023237,0.003956399974413216
DEV-2236,HIGH,LARGE,29,5,7,0,Optimization terminated successfully. (HiGHS Status 7: Optimal),True,4207.0,4207.0,0.0,1,4207,4207,0,1.0,4207,True,0.0,19272,4207,0.21829597343295973,435,102,0.000354000017978251,0.0037244999839458615,0.0040785000019241124
DEV-2237,MODERATE,LARGE,25,3,9,0,Optimization terminated successfully. (HiGHS Status 7: Optimal),True,7886.0,7886.0,0.0,1,7886,7886,0,1.0,7886,True,0.0,19206,7886,0.410600853899823,225,84,0.0002500999835319817,0.004057899990584701,0.004307999974116683
DEV-2238,MODERATE,SMALL,4,4,1,0,Optimization terminated successfully. (HiGHS Status 7: Optimal),True,283.0,283.0,0.0,0,283,283,0,1.0,283,True,0.0,4749,283,0.05959149294588335,48,24,0.00015189999248832464,0.0007480000203941017,0.0008999000128824264
DEV-2239,HIGH,SMALL,6,2,2,0,Optimization terminated successfully. (HiGHS Status 7: Optimal),True,566.0,566.0,0.0,1,566,566,0,1.0,566,True,0.0,4522,566,0.1251658558160106,36,24,0.00014029999147169292,0.00796210000407882,0.008102399995550513
DEV-2240,HIGH,LARGE,23,2,3,0,Optimization terminated successfully. (HiGHS Status 7: Optimal),True,2556.0,2556.0,0.0,0,2556,2556,0,1.0,2556,True,0.0,14393,2556,0.17758632668658375,138,75,0.00022089999401941895,0.0010568000143393874,0.0012777000083588064
DEV-2241,HIGH,LARGE,20,4,3,0,Optimization terminated successfully. (HiGHS Status 7: Optimal),True,1911.0,1911.0,0.0,0,1911,1911,0,1.0,1911,True,0.0,11487,1911,0.1663619744058501,240,72,0.0002576000115368515,0.0012395000085234642,0.0014971000200603157
DEV-2242,MODERATE,SMALL,6,2,1,0,Optimization terminated successfully. (HiGHS Status 7: Optimal),True,672.0,672.0,0.0,0,672,672,0,1.0,672,True,0.0,6390,672,0.10516431924882629,36,24,0.0001480999926570803,0.0006999000033829361,0.0008479999960400164
DEV-2243,HIGH,SMALL,5,3,1,0,Optimization terminated successfully. (HiGHS Status 7: Optimal),True,1303.0,1303.0,0.0,0,1303,1303,0,1.0,1303,True,0.0,4490,1303,0.29020044543429846,45,24,0.0001407999952789396,0.0007319999858736992,0.0008727999811526388
DEV-2244,MODERATE,SMALL,3,3,1,0,Optimization terminated successfully. (HiGHS Status 7: Optimal),True,715.0,715.0,0.0,0,715,715,0,1.0,715,True,0.0,1546,715,0.46248382923674,27,18,0.00013020000187680125,0.000691299996105954,0.0008214999979827553
DEV-2245,HIGH,LARGE,22,5,3,0,Optimization terminated successfully. (HiGHS Status 7: Optimal),True,1400.0,1400.0,0.0,0,1400,1400,0,1.0,1400,True,0.0,15946,1400,0.08779631255487269,330,81,0.0002986000035889447,0.0014269000093918294,0.001725500012980774
DEV-2246,MODERATE,MEDIUM,10,3,3,0,Optimization terminated successfully. (HiGHS Status 7: Optimal),True,3601.0,3601.0,0.0,0,3601,3601,0,1.0,3601,True,0.0,8953,3601,0.402211549201385,90,39,0.00017210000078193843,0.0008519999973941594,0.0010240999981760979
DEV-2247,HIGH,LARGE,23,3,9,0,Optimization terminated successfully. (HiGHS Status 7: Optimal),True,4848.0,4848.0,0.0,1,4848,4848,0,1.0,4848,True,0.0,18836,4848,0.25737948609046507,207,78,0.00023689999943599105,0.0035463999956846237,0.0037832999951206148
DEV-2248,HIGH,LARGE,29,3,5,0,Optimization terminated successfully. (HiGHS Status 7: Optimal),True,4453.0,4453.0,0.0,1,4453,4453,0,1.0,4453,True,0.0,22243,4453,0.20019781504293485,261,96,0.0002722999779507518,0.005232300027273595,0.005504600005224347
DEV-2249,MODERATE,SMALL,6,4,1,0,Optimization terminated successfully. (HiGHS Status 7: Optimal),True,283.0,283.0,0.0,0,283,283,0,1.0,283,True,0.0,4035,283,0.0701363073110285,72,30,0.00016110000433400273,0.0008207999926526099,0.0009818999969866127
DEV-2250,HIGH,MEDIUM,12,2,3,0,Optimization terminated successfully. (HiGHS Status 7: Optimal),True,1825.0,1825.0,0.0,0,1825,1825,0,1.0,1825,True,0.0,9327,1825,0.19566848933204675,72,42,0.00016399999731220305,0.0008172999951057136,0.0009812999924179167
DEV-2251,HIGH,LARGE,21,2,2,0,Optimization terminated successfully. (HiGHS Status 7: Optimal),True,666.0,666.0,0.0,0,666,666,0,1.0,666,True,0.0,14695,666,0.045321537938074176,126,69,0.00020290000247769058,0.0009302999824285507,0.0011331999849062413
DEV-2252,HIGH,MEDIUM,9,2,2,0,Optimization terminated successfully. (HiGHS Status 7: Optimal),True,417.0,417.0,0.0,0,417,417,0,1.0,417,True,0.0,3093,417,0.13482056256062075,54,33,0.00015669999993406236,0.0007474999874830246,0.000904199987417087
DEV-2253,LOW,SMALL,6,3,1,0,Optimization terminated successfully. (HiGHS Status 7: Optimal),True,414.0,414.0,0.0,0,414,414,0,1.0,414,True,0.0,3258,414,0.1270718232044199,54,27,0.00015300000086426735,0.0007419000030495226,0.00089490000391379
DEV-2254,HIGH,SMALL,5,4,1,0,Optimization terminated successfully. (HiGHS Status 7: Optimal),True,158.0,158.0,0.0,0,158,158,0,1.0,158,True,0.0,4760,158,0.03319327731092437,60,27,0.00014819999341852963,0.0007462000066880137,0.0008944000001065433
DEV-2255,HIGH,MEDIUM,11,4,2,0,Optimization terminated successfully. (HiGHS Status 7: Optimal),True,2192.0,2192.0,0.0,1,2192,2192,0,1.0,2192,True,0.0,11095,2192,0.19756647138350608,132,45,0.00019519997294992208,0.004399800003739074,0.004594999976688996
DEV-2256,MODERATE,SMALL,5,4,1,0,Optimization terminated successfully. (HiGHS Status 7: Optimal),True,1945.0,1945.0,0.0,0,1945,1945,0,1.0,1945,True,0.0,3421,1945,0.5685472084185911,60,27,0.00015249999705702066,0.0007889999833423644,0.0009414999803993851
DEV-2257,HIGH,MEDIUM,11,5,1,0,Optimization terminated successfully. (HiGHS Status 7: Optimal),True,581.0,581.0,0.0,0,581,581,0,1.0,581,True,0.0,10018,581,0.05799560790576962,165,48,0.00020889998995698988,0.0009972999978344887,0.0012061999877914786
DEV-2258,HIGH,LARGE,24,2,3,0,Optimization terminated successfully. (HiGHS Status 7: Optimal),True,2293.0,2293.0,0.0,1,2293,2293,0,1.0,2293,True,0.0,15973,2293,0.14355474863832718,144,78,0.0002106999745592475,0.007061500014970079,0.0072721999895293266
DEV-2259,MODERATE,MEDIUM,14,3,2,0,Optimization terminated successfully. (HiGHS Status 7: Optimal),True,3178.0,3178.0,0.0,0,3178,3178,0,1.0,3178,True,0.0,13557,3178,0.2344176440215387,126,51,0.0001942999952007085,0.000963800004683435,0.0011580999998841435
DEV-2260,MODERATE,SMALL,3,5,1,0,Optimization terminated successfully. (HiGHS Status 7: Optimal),True,165.0,165.0,0.0,0,165,165,0,1.0,165,True,0.0,2987,165,0.055239370605959154,45,24,0.0001440000196453184,0.0007207999879028648,0.0008648000075481832
DEV-2261,HIGH,SMALL,4,2,1,0,Optimization terminated successfully. (HiGHS Status 7: Optimal),True,126.0,126.0,0.0,0,126,126,0,1.0,126,True,0.0,2423,126,0.0520016508460586,24,18,0.00012809998588636518,0.0006794999935664237,0.0008075999794527888
DEV-2262,MODERATE,LARGE,26,3,3,0,Optimization terminated successfully. (HiGHS Status 7: Optimal),True,3418.0,3418.0,0.0,0,3418,3418,0,1.0,3418,True,0.0,22418,3418,0.15246676777589438,234,87,0.00025099999038502574,0.001232499984325841,0.0014834999747108668
DEV-2263,HIGH,LARGE,18,4,2,0,Optimization terminated successfully. (HiGHS Status 7: Optimal),True,665.0,665.0,0.0,0,665,665,0,1.0,665,True,0.0,14311,665,0.046467752078820486,216,66,0.00023889998556114733,0.0011635000118985772,0.0014023999974597245
DEV-2264,HIGH,LARGE,30,2,4,0,Optimization terminated successfully. (HiGHS Status 7: Optimal),True,3780.0,3780.0,0.0,0,3780,3780,0,1.0,3780,True,0.0,21911,3780,0.17251608780977593,180,96,0.00023249999503605068,0.0010882999922614545,0.0013207999872975051
DEV-2265,MODERATE,SMALL,3,5,1,0,Optimization terminated successfully. (HiGHS Status 7: Optimal),True,1379.0,1379.0,0.0,0,1379,1379,0,1.0,1379,True,0.0,2573,1379,0.5359502526233968,45,24,0.00014290001126937568,0.0007387999794445932,0.0008816999907139689
DEV-2266,MODERATE,SMALL,4,2,1,0,Optimization terminated successfully. (HiGHS Status 7: Optimal),True,2107.0,2107.0,0.0,0,2107,2107,0,1.0,2107,True,0.0,5902,2107,0.35699762792273804,24,18,0.00013040000339969993,0.0006681999948341399,0.0007985999982338399
DEV-2267,HIGH,SMALL,6,4,2,0,Optimization terminated successfully. (HiGHS Status 7: Optimal),True,410.0,410.0,0.0,1,465,410,55,0.8817204301075269,410,True,0.0,1578,410,0.2598225602027883,72,30,0.00015400000847876072,0.0049242999812122434,0.005078299989691004
DEV-2268,HIGH,SMALL,3,4,1,0,Optimization terminated successfully. (HiGHS Status 7: Optimal),True,272.0,272.0,0.0,0,278,272,6,0.9784172661870504,272,True,0.0,1905,272,0.14278215223097113,36,21,0.00014980000560171902,0.000733000022592023,0.000882800028193742
DEV-2269,HIGH,MEDIUM,12,5,1,0,Optimization terminated successfully. (HiGHS Status 7: Optimal),True,1969.0,1969.0,0.0,0,1969,1969,0,1.0,1969,True,0.0,8702,1969,0.2262698230291887,180,51,0.0002156999835278839,0.0010553000029176474,0.0012709999864455312
DEV-2270,LOW,LARGE,21,4,5,0,Optimization terminated successfully. (HiGHS Status 7: Optimal),True,2593.0,2593.0,0.0,0,2593,2593,0,1.0,2593,True,0.0,12526,2593,0.20700942040555645,252,75,0.0002612000098451972,0.001289300009375438,0.0015505000192206353
DEV-2271,HIGH,LARGE,30,4,8,0,Optimization terminated successfully. (HiGHS Status 7: Optimal),True,5951.0,5951.0,0.0,1,5951,5951,0,1.0,5951,True,0.0,23884,5951,0.24916261932674594,360,102,0.00032809999538585544,0.0034847000206355006,0.003812800016021356
DEV-2272,MODERATE,MEDIUM,12,5,8,0,Optimization terminated successfully. (HiGHS Status 7: Optimal),True,3703.0,3703.0,0.0,1,3703,3703,0,1.0,3703,True,0.0,9025,3703,0.41030470914127426,180,51,0.00022849999368190765,0.0031965000089257956,0.003425000002607703
DEV-2273,MODERATE,LARGE,20,4,1,0,Optimization terminated successfully. (HiGHS Status 7: Optimal),True,3.0,3.0,0.0,0,3,3,0,1.0,3,True,0.0,11004,3,0.0002726281352235551,240,72,0.00026199998683296144,0.001201300008688122,0.0014632999955210835
DEV-2274,LOW,SMALL,6,3,2,0,Optimization terminated successfully. (HiGHS Status 7: Optimal),True,616.0,616.0,0.0,0,616,616,0,1.0,616,True,0.0,3301,616,0.18661011814601636,54,27,0.000148899998748675,0.0007603999983984977,0.0009092999971471727
DEV-2275,MODERATE,MEDIUM,14,5,2,0,Optimization terminated successfully. (HiGHS Status 7: Optimal),True,779.0,779.0,0.0,0,779,779,0,1.0,779,True,0.0,11382,779,0.06844139869970128,210,57,0.00023559998953714967,0.0011357000039424747,0.0013712999934796244
DEV-2276,HIGH,LARGE,30,2,3,0,Optimization terminated successfully. (HiGHS Status 7: Optimal),True,1549.0,1549.0,0.0,0,1549,1549,0,1.0,1549,True,0.0,22465,1549,0.06895170264856443,180,96,0.00023780000628903508,0.0010571999882813543,0.0012949999945703894
DEV-2277,MODERATE,MEDIUM,9,2,1,0,Optimization terminated successfully. (HiGHS Status 7: Optimal),True,411.0,411.0,0.0,0,411,411,0,1.0,411,True,0.0,5118,411,0.08030480656506447,54,33,0.000149500003317371,0.0007434999861288816,0.0008929999894462526
DEV-2278,HIGH,SMALL,6,4,2,0,Optimization terminated successfully. (HiGHS Status 7: Optimal),True,1559.0,1559.0,0.0,1,1848,1559,289,0.8436147186147186,1559,True,0.0,3924,1559,0.3972986748216106,72,30,0.0001564999984111637,0.006167699990328401,0.006324199988739565
DEV-2279,MODERATE,MEDIUM,10,5,3,0,Optimization terminated successfully. (HiGHS Status 7: Optimal),True,1675.0,1675.0,0.0,1,1675,1675,0,1.0,1675,True,0.0,8502,1675,0.19701246765466948,150,45,0.00020249999943189323,0.004879799991613254,0.005082299991045147
DEV-2280,LOW,SMALL,4,4,1,0,Optimization terminated successfully. (HiGHS Status 7: Optimal),True,680.0,680.0,0.0,0,680,680,0,1.0,680,True,0.0,4344,680,0.15653775322283608,48,24,0.00014760001795366406,0.0007605999999213964,0.0009082000178750604
DEV-2281,MODERATE,MEDIUM,10,4,2,0,Optimization terminated successfully. (HiGHS Status 7: Optimal),True,2215.0,2215.0,0.0,0,2215,2215,0,1.0,2215,True,0.0,8335,2215,0.265746850629874,120,42,0.00018659999477677047,0.0009279999940190464,0.001114599988795817
DEV-2282,HIGH,LARGE,19,4,5,0,Optimization terminated successfully. (HiGHS Status 7: Optimal),True,3712.0,3712.0,0.0,1,3921,3712,209,0.9466972711043101,3712,True,0.0,11095,3712,0.3345651194231636,228,69,0.0002457000082358718,0.003790699993260205,0.004036400001496077
DEV-2283,MODERATE,LARGE,20,2,3,0,Optimization terminated successfully. (HiGHS Status 7: Optimal),True,3523.0,3523.0,0.0,0,3523,3523,0,1.0,3523,True,0.0,14229,3523,0.2475929439876309,120,66,0.00019720001728273928,0.0009242000232916325,0.0011214000405743718
DEV-2284,MODERATE,MEDIUM,9,4,1,0,Optimization terminated successfully. (HiGHS Status 7: Optimal),True,1090.0,1090.0,0.0,0,1090,1090,0,1.0,1090,True,0.0,7053,1090,0.15454416560328937,108,39,0.00017749998369254172,0.0008817999914754182,0.00105929997516796
DEV-2285,MODERATE,MEDIUM,12,3,1,0,Optimization terminated successfully. (HiGHS Status 7: Optimal),True,461.0,461.0,0.0,0,461,461,0,1.0,461,True,0.0,11281,461,0.040865171527346866,108,45,0.00018649999401532114,0.0008653999830130488,0.00105189997702837
DEV-2286,LOW,MEDIUM,13,5,2,0,Optimization terminated successfully. (HiGHS Status 7: Optimal),True,1268.0,1268.0,0.0,0,1268,1268,0,1.0,1268,True,0.0,8059,1268,0.1573396203002854,195,54,0.00022709998302161694,0.0010713000083342195,0.0012983999913558364
DEV-2287,MODERATE,SMALL,3,3,1,0,Optimization terminated successfully. (HiGHS Status 7: Optimal),True,1535.0,1535.0,0.0,0,1535,1535,0,1.0,1535,True,0.0,3585,1535,0.4281729428172943,27,18,0.00013100000796839595,0.0006923000037204474,0.0008233000116888434
DEV-2288,MODERATE,SMALL,4,5,1,0,Optimization terminated successfully. (HiGHS Status 7: Optimal),True,1213.0,1213.0,0.0,0,1213,1213,0,1.0,1213,True,0.0,6256,1213,0.19389386189258312,60,27,0.000148899998748675,0.0007425999792758375,0.0008914999780245125
DEV-2289,MODERATE,SMALL,6,2,1,0,Optimization terminated successfully. (HiGHS Status 7: Optimal),True,977.0,977.0,0.0,0,977,977,0,1.0,977,True,0.0,4251,977,0.22982827569983533,36,24,0.00013890000991523266,0.0007099999929778278,0.0008489000028930604
DEV-2290,HIGH,SMALL,6,3,2,0,Optimization terminated successfully. (HiGHS Status 7: Optimal),True,542.0,542.0,0.0,0,542,542,0,1.0,542,True,0.0,4736,542,0.11444256756756757,54,27,0.00017189999925903976,0.0007403999916277826,0.0009122999908868223
DEV-2291,MODERATE,SMALL,4,5,1,0,Optimization terminated successfully. (HiGHS Status 7: Optimal),True,866.0,866.0,0.0,0,866,866,0,1.0,866,True,0.0,3339,866,0.2593590895477688,60,27,0.00014910000027157366,0.0007523000240325928,0.0009014000243041664
DEV-2292,HIGH,LARGE,30,5,11,0,Optimization terminated successfully. (HiGHS Status 7: Optimal),True,4509.0,4509.0,0.0,1,6003,4509,1494,0.7511244377811095,4509,True,0.0,14498,4509,0.3110084149537867,450,105,0.00036380000528879464,0.003491900017252192,0.0038557000225409865
DEV-2293,HIGH,LARGE,27,2,3,0,Optimization terminated successfully. (HiGHS Status 7: Optimal),True,1716.0,1716.0,0.0,0,1716,1716,0,1.0,1716,True,0.0,18790,1716,0.09132517296434274,162,87,0.0002235999854747206,0.0010261000134050846,0.0012496999988798052
DEV-2294,MODERATE,MEDIUM,8,3,1,0,Optimization terminated successfully. (HiGHS Status 7: Optimal),True,108.0,108.0,0.0,0,108,108,0,1.0,108,True,0.0,5449,108,0.019820150486327768,72,33,0.00016250001499429345,0.0007965000113472342,0.0009590000263415277
DEV-2295,MODERATE,LARGE,20,4,12,0,Optimization terminated successfully. (HiGHS Status 7: Optimal),True,7116.0,7116.0,0.0,1,7116,7116,0,1.0,7116,True,0.0,11271,7116,0.631354804365185,240,72,0.00024560000747442245,0.002955299976747483,0.0032008999842219055
DEV-2296,MODERATE,SMALL,5,4,1,0,Optimization terminated successfully. (HiGHS Status 7: Optimal),True,462.0,462.0,0.0,0,462,462,0,1.0,462,True,0.0,2858,462,0.16165150454863542,60,27,0.00015849998453631997,0.0007654000073671341,0.0009238999919034541
DEV-2297,HIGH,MEDIUM,14,2,3,0,Optimization terminated successfully. (HiGHS Status 7: Optimal),True,1682.0,1682.0,0.0,1,1682,1682,0,1.0,1682,True,0.0,7239,1682,0.23235253488050836,84,48,0.00016950001008808613,0.006235299981199205,0.006404799991287291
DEV-2298,HIGH,MEDIUM,13,3,1,0,Optimization terminated successfully. (HiGHS Status 7: Optimal),True,238.0,238.0,0.0,0,238,238,0,1.0,238,True,0.0,8181,238,0.02909179806869576,117,48,0.00019820002489723265,0.0009166999952867627,0.0011149000201839954
DEV-2299,MODERATE,LARGE,28,3,13,0,Optimization terminated successfully. (HiGHS Status 7: Optimal),True,8616.0,8616.0,0.0,1,8616,8616,0,1.0,8616,True,0.0,20153,8616,0.4275294000893167,252,93,0.0002634999982547015,0.004044300003442913,0.004307800001697615
DEV-2300,HIGH,LARGE,27,2,3,0,Optimization terminated successfully. (HiGHS Status 7: Optimal),True,1152.0,1152.0,0.0,0,1152,1152,0,1.0,1152,True,0.0,14955,1152,0.07703109327983952,162,87,0.00022950000129640102,0.0010377000144217163,0.0012672000157181174
DEV-2301,HIGH,LARGE,20,4,1,0,Optimization terminated successfully. (HiGHS Status 7: Optimal),True,967.0,967.0,0.0,0,967,967,0,1.0,967,True,0.0,13411,967,0.07210498844232346,240,72,0.00024510000366717577,0.001205300010042265,0.0014504000137094408
DEV-2302,MODERATE,SMALL,6,4,1,0,Optimization terminated successfully. (HiGHS Status 7: Optimal),True,7.0,7.0,0.0,0,7,7,0,1.0,7,True,0.0,4911,7,0.0014253716147424149,72,30,0.00015659999917261302,0.0007806999783497304,0.0009372999775223434
DEV-2303,HIGH,MEDIUM,9,2,1,0,Optimization terminated successfully. (HiGHS Status 7: Optimal),True,1277.0,1277.0,0.0,0,1277,1277,0,1.0,1277,True,0.0,5260,1277,0.24277566539923953,54,33,0.00014899999951012433,0.0007576000061817467,0.000906600005691871
DEV-2304,MODERATE,SMALL,5,4,2,0,Optimization terminated successfully. (HiGHS Status 7: Optimal),True,1894.0,1894.0,0.0,1,1894,1894,0,1.0,1894,True,0.0,3958,1894,0.4785245073269328,60,27,0.0001506999833509326,0.00498860000516288,0.005139299988513812
DEV-2305,MODERATE,SMALL,4,3,1,0,Optimization terminated successfully. (HiGHS Status 7: Optimal),True,545.0,545.0,0.0,0,545,545,0,1.0,545,True,0.0,3060,545,0.1781045751633987,36,21,0.00014600000577047467,0.0007203999848570675,0.0008663999906275421
DEV-2306,MODERATE,LARGE,30,5,6,0,Optimization terminated successfully. (HiGHS Status 7: Optimal),True,4331.0,4331.0,0.0,1,4331,4331,0,1.0,4331,True,0.0,18288,4331,0.23682195975503062,450,105,0.00039110000943765044,0.004768199985846877,0.0051592999952845275
DEV-2307,HIGH,SMALL,3,2,1,0,Optimization terminated successfully. (HiGHS Status 7: Optimal),True,1473.0,1473.0,0.0,0,2094,1473,621,0.7034383954154728,1473,True,0.0,3273,1473,0.45004582951420713,18,15,0.000129400024889037,0.0006546999793499708,0.0007841000042390078
DEV-2308,MODERATE,MEDIUM,12,2,2,0,Optimization terminated successfully. (HiGHS Status 7: Optimal),True,684.0,684.0,0.0,0,684,684,0,1.0,684,True,0.0,8372,684,0.0817009077878643,72,42,0.00016499997582286596,0.0007832999981474131,0.0009482999739702791
DEV-2309,HIGH,MEDIUM,11,5,1,0,Optimization terminated successfully. (HiGHS Status 7: Optimal),True,340.0,340.0,0.0,0,340,340,0,1.0,340,True,0.0,5429,340,0.06262663473936268,165,48,0.0002297000028192997,0.0010035000159405172,0.0012332000187598169
DEV-2310,LOW,LARGE,21,2,6,0,Optimization terminated successfully. (HiGHS Status 7: Optimal),True,3900.0,3900.0,0.0,0,3900,3900,0,1.0,3900,True,0.0,11876,3900,0.3283933984506568,126,69,0.0001970999874174595,0.0009516999998595566,0.001148799987277016
DEV-2311,HIGH,SMALL,5,5,2,0,Optimization terminated successfully. (HiGHS Status 7: Optimal),True,1622.0,1622.0,0.0,1,1631,1622,9,0.9944819129368485,1622,True,0.0,5832,1622,0.2781207133058985,75,30,0.0001568000006955117,0.00557670000125654,0.005733500001952052
DEV-2312,HIGH,MEDIUM,9,3,1,0,Optimization terminated successfully. (HiGHS Status 7: Optimal),True,472.0,472.0,0.0,0,472,472,0,1.0,472,True,0.0,7921,472,0.05958843580356016,81,36,0.00016989998403005302,0.0008649000083096325,0.0010347999923396856
DEV-2313,HIGH,MEDIUM,8,4,1,0,Optimization terminated successfully. (HiGHS Status 7: Optimal),True,1526.0,1526.0,0.0,0,1526,1526,0,1.0,1526,True,0.0,6819,1526,0.22378647895585863,96,36,0.00017630000365898013,0.000847299990709871,0.0010235999943688512
DEV-2314,MODERATE,LARGE,29,2,2,0,Optimization terminated successfully. (HiGHS Status 7: Optimal),True,995.0,995.0,0.0,0,995,995,0,1.0,995,True,0.0,19288,995,0.051586478639568646,174,93,0.00022649997845292091,0.0010576000204309821,0.001284099998883903
DEV-2315,MODERATE,LARGE,24,5,9,0,Optimization terminated successfully. (HiGHS Status 7: Optimal),True,4630.0,4630.0,0.0,1,4630,4630,0,1.0,4630,True,0.0,15321,4630,0.3021995953266758,360,87,0.0003206999972462654,0.004078099998878315,0.0043987999961245805
DEV-2316,HIGH,LARGE,29,2,4,0,Optimization terminated successfully. (HiGHS Status 7: Optimal),True,3358.0,3358.0,0.0,0,3358,3358,0,1.0,3358,True,0.0,23842,3358,0.140843888935492,174,93,0.00023220002185553312,0.0010603999835439026,0.0012926000053994358
DEV-2317,MODERATE,MEDIUM,10,2,1,0,Optimization terminated successfully. (HiGHS Status 7: Optimal),True,1459.0,1459.0,0.0,0,1459,1459,0,1.0,1459,True,0.0,8139,1459,0.1792603513945202,60,36,0.00016649998724460602,0.0007716999971307814,0.0009381999843753874
DEV-2318,MODERATE,SMALL,6,4,1,0,Optimization terminated successfully. (HiGHS Status 7: Optimal),True,813.0,813.0,0.0,0,813,813,0,1.0,813,True,0.0,4253,813,0.19115918175405597,72,30,0.00016170000890269876,0.0007912000000942498,0.0009529000089969486
DEV-2319,MODERATE,SMALL,5,3,2,0,Optimization terminated successfully. (HiGHS Status 7: Optimal),True,1996.0,1996.0,0.0,1,1996,1996,0,1.0,1996,True,0.0,4505,1996,0.44306326304106547,45,24,0.00015120001626200974,0.008558400004403666,0.008709600020665675
DEV-2320,HIGH,LARGE,23,5,1,0,Optimization terminated successfully. (HiGHS Status 7: Optimal),True,1122.0,1122.0,0.0,0,1122,1122,0,1.0,1122,True,0.0,18986,1122,0.05909617612977984,345,84,0.00030980000155977905,0.0014367999974638224,0.0017465999990236014
DEV-2321,HIGH,MEDIUM,9,4,2,0,Optimization terminated successfully. (HiGHS Status 7: Optimal),True,1633.0,1633.0,0.0,1,1633,1633,0,1.0,1633,True,0.0,6252,1633,0.2611964171465131,108,39,0.00018080000882036984,0.004323699977248907,0.004504499986069277
DEV-2322,HIGH,LARGE,25,5,2,0,Optimization terminated successfully. (HiGHS Status 7: Optimal),True,1426.0,1426.0,0.0,0,1426,1426,0,1.0,1426,True,0.0,18841,1426,0.07568600392760469,375,90,0.0003252000024076551,0.0015859999984968454,0.0019112000009045005
DEV-2323,MODERATE,MEDIUM,9,5,1,0,Optimization terminated successfully. (HiGHS Status 7: Optimal),True,1065.0,1065.0,0.0,0,1065,1065,0,1.0,1065,True,0.0,4821,1065,0.2209085252022402,135,42,0.0001956000050995499,0.0009493000106886029,0.0011449000157881528
DEV-2324,MODERATE,LARGE,27,5,2,0,Optimization terminated successfully. (HiGHS Status 7: Optimal),True,1423.0,1423.0,0.0,0,1423,1423,0,1.0,1423,True,0.0,20432,1423,0.06964565387627251,405,96,0.00036940001882612705,0.0015968999941833317,0.0019663000130094588
DEV-2325,MODERATE,LARGE,18,5,2,0,Optimization terminated successfully. (HiGHS Status 7: Optimal),True,640.0,640.0,0.0,0,640,640,0,1.0,640,True,0.0,14937,640,0.04284662248108723,270,69,0.0002613999822642654,0.0012562000192701817,0.001517600001534447
DEV-2326,MODERATE,LARGE,20,2,3,0,Optimization terminated successfully. (HiGHS Status 7: Optimal),True,1513.0,1513.0,0.0,0,1513,1513,0,1.0,1513,True,0.0,14225,1513,0.10636203866432338,120,66,0.00019459999748505652,0.0009235000179614872,0.0011181000154465437
DEV-2327,LOW,MEDIUM,14,2,5,0,Optimization terminated successfully. (HiGHS Status 7: Optimal),True,2954.0,2954.0,0.0,0,2954,2954,0,1.0,2954,True,0.0,7563,2954,0.39058574639693244,84,48,0.00017579999985173345,0.0008120000129565597,0.000987800012808293
DEV-2328,LOW,LARGE,27,4,5,0,Optimization terminated successfully. (HiGHS Status 7: Optimal),True,1254.0,1254.0,0.0,0,1254,1254,0,1.0,1254,True,0.0,17360,1254,0.07223502304147465,324,93,0.00029880000511184335,0.0013820999884046614,0.0016808999935165048
DEV-2329,HIGH,LARGE,19,2,1,0,Optimization terminated successfully. (HiGHS Status 7: Optimal),True,442.0,442.0,0.0,0,442,442,0,1.0,442,True,0.0,14366,442,0.03076708896004455,114,63,0.00019010002142749727,0.0008885999850463122,0.0010787000064738095
DEV-2330,HIGH,LARGE,20,5,2,0,Optimization terminated successfully. (HiGHS Status 7: Optimal),True,242.0,242.0,0.0,0,242,242,0,1.0,242,True,0.0,16082,242,0.015047879616963064,300,75,0.00028369997744448483,0.001323700009379536,0.0016073999868240207
DEV-2331,MODERATE,SMALL,5,3,1,0,Optimization terminated successfully. (HiGHS Status 7: Optimal),True,209.0,209.0,0.0,0,209,209,0,1.0,209,True,0.0,2963,209,0.07053661829227134,45,24,0.00014329998521134257,0.0007253999938257039,0.0008686999790370464
DEV-2332,MODERATE,SMALL,5,4,1,0,Optimization terminated successfully. (HiGHS Status 7: Optimal),True,680.0,680.0,0.0,0,680,680,0,1.0,680,True,0.0,4485,680,0.1516164994425864,60,27,0.00014970000484026968,0.0007525999972131103,0.00090230000205338
DEV-2333,MODERATE,MEDIUM,13,4,4,0,Optimization terminated successfully. (HiGHS Status 7: Optimal),True,2623.0,2623.0,0.0,0,2623,2623,0,1.0,2623,True,0.0,9599,2623,0.27325763100322953,156,51,0.00020310000400058925,0.0010277999972458929,0.0012309000012464821
DEV-2334,MODERATE,SMALL,4,3,2,0,Optimization terminated successfully. (HiGHS Status 7: Optimal),True,1015.0,1015.0,0.0,1,1015,1015,0,1.0,1015,True,0.0,3549,1015,0.2859960552268245,36,21,0.00013460000627674162,0.007139499997720122,0.007274100003996864
DEV-2335,HIGH,MEDIUM,8,2,2,0,Optimization terminated successfully. (HiGHS Status 7: Optimal),True,1049.0,1049.0,0.0,0,1049,1049,0,1.0,1049,True,0.0,5175,1049,0.20270531400966182,48,30,0.000149500003317371,0.0007667999889235944,0.0009162999922409654
DEV-2336,HIGH,MEDIUM,12,4,1,0,Optimization terminated successfully. (HiGHS Status 7: Optimal),True,1527.0,1527.0,0.0,0,1527,1527,0,1.0,1527,True,0.0,9482,1527,0.16104197426703226,144,48,0.0002007999864872545,0.0009596000018063933,0.0011603999882936478
DEV-2337,HIGH,MEDIUM,12,2,1,0,Optimization terminated successfully. (HiGHS Status 7: Optimal),True,299.0,299.0,0.0,0,299,299,0,1.0,299,True,0.0,10032,299,0.029804625199362042,72,42,0.00016369999502785504,0.000794500025222078,0.000958200020249933
DEV-2338,HIGH,MEDIUM,14,3,6,0,Optimization terminated successfully. (HiGHS Status 7: Optimal),True,4391.0,4391.0,0.0,1,4391,4391,0,1.0,4391,True,0.0,8897,4391,0.49353714735304033,126,51,0.00018890001229010522,0.003345999983139336,0.0035348999954294413
DEV-2339,MODERATE,MEDIUM,9,4,1,0,Optimization terminated successfully. (HiGHS Status 7: Optimal),True,868.0,868.0,0.0,0,868,868,0,1.0,868,True,0.0,6672,868,0.13009592326139088,108,39,0.00018450000789016485,0.000887200003489852,0.0010717000113800168
DEV-2340,HIGH,LARGE,30,5,1,0,Optimization terminated successfully. (HiGHS Status 7: Optimal),True,893.0,893.0,0.0,0,893,893,0,1.0,893,True,0.0,18985,893,0.04703713457993153,450,105,0.0003611999854911119,0.0017448000144213438,0.0021059999999124557
DEV-2341,MODERATE,SMALL,5,5,1,0,Optimization terminated successfully. (HiGHS Status 7: Optimal),True,163.0,163.0,0.0,0,163,163,0,1.0,163,True,0.0,2566,163,0.06352299298519096,75,30,0.00016220001270994544,0.0008060999971348792,0.0009683000098448247
DEV-2342,LOW,SMALL,4,2,1,0,Optimization terminated successfully. (HiGHS Status 7: Optimal),True,1284.0,1284.0,0.0,0,1284,1284,0,1.0,1284,True,0.0,5882,1284,0.21829309758585516,24,18,0.00013119998038746417,0.0006755000213161111,0.0008067000017035753
DEV-2343,HIGH,MEDIUM,8,3,3,0,Optimization terminated successfully. (HiGHS Status 7: Optimal),True,848.0,848.0,0.0,1,848,848,0,1.0,848,True,0.0,4212,848,0.201329534662868,72,33,0.00015879998682066798,0.007069700019201264,0.007228500006021932
DEV-2344,HIGH,MEDIUM,8,3,1,0,Optimization terminated successfully. (HiGHS Status 7: Optimal),True,432.0,432.0,0.0,0,432,432,0,1.0,432,True,0.0,5315,432,0.0812793979303857,72,33,0.0001640999980736524,0.0007993000035639852,0.0009634000016376376
DEV-2345,MODERATE,SMALL,6,4,2,0,Optimization terminated successfully. (HiGHS Status 7: Optimal),True,1074.0,1074.0,0.0,0,1074,1074,0,1.0,1074,True,0.0,2885,1074,0.3722703639514731,72,30,0.0001644000003580004,0.0007853999850340188,0.0009497999853920192
DEV-2346,HIGH,MEDIUM,14,2,1,0,Optimization terminated successfully. (HiGHS Status 7: Optimal),True,2137.0,2137.0,0.0,0,2137,2137,0,1.0,2137,True,0.0,10113,2137,0.2113121724513003,84,48,0.00017140002455562353,0.0008203999896068126,0.0009918000141624361
DEV-2347,HIGH,SMALL,4,2,3,0,Optimization terminated successfully. (HiGHS Status 7: Optimal),True,721.0,721.0,0.0,0,894,721,173,0.8064876957494407,721,True,0.0,1663,721,0.4335538184004811,24,18,0.00013020000187680125,0.0006804000004194677,0.0008106000022962689
DEV-2348,HIGH,SMALL,3,4,1,0,Optimization terminated successfully. (HiGHS Status 7: Optimal),True,597.0,597.0,0.0,0,597,597,0,1.0,597,True,0.0,2219,597,0.2690401081568274,36,21,0.0001348000077996403,0.0007255999953486025,0.0008604000031482428
DEV-2349,MODERATE,LARGE,26,4,8,0,Optimization terminated successfully. (HiGHS Status 7: Optimal),True,8652.0,8652.0,0.0,1,8652,8652,0,1.0,8652,True,0.0,22960,8652,0.37682926829268293,312,90,0.0002935999946203083,0.0036729999992530793,0.003966599993873388
DEV-2350,HIGH,SMALL,3,4,1,0,Optimization terminated successfully. (HiGHS Status 7: Optimal),True,14.0,14.0,0.0,0,14,14,0,1.0,14,True,0.0,1286,14,0.01088646967340591,36,21,0.00014699998428113759,0.0007061999931465834,0.000853199977427721
DEV-2351,MODERATE,SMALL,5,2,4,0,Optimization terminated successfully. (HiGHS Status 7: Optimal),True,4622.0,4622.0,0.0,1,4821,4622,199,0.9587222567931964,4622,True,0.0,4921,4622,0.9392399918715708,30,21,0.0001351999817416072,0.004534800013061613,0.00466999999480322
DEV-2352,HIGH,LARGE,28,2,3,0,Optimization terminated successfully. (HiGHS Status 7: Optimal),True,2073.0,2073.0,0.0,0,2073,2073,0,1.0,2073,True,0.0,19424,2073,0.10672364085667216,168,90,0.0002282000205013901,0.0010429000249132514,0.0012711000454146415
DEV-2353,HIGH,MEDIUM,11,5,2,0,Optimization terminated successfully. (HiGHS Status 7: Optimal),True,1027.0,1027.0,0.0,1,1088,1027,61,0.9439338235294118,1027,True,0.0,3753,1027,0.27364774846789236,165,48,0.00020520001999102533,0.0056902999931480736,0.005895500013139099
DEV-2354,MODERATE,MEDIUM,12,2,2,0,Optimization terminated successfully. (HiGHS Status 7: Optimal),True,1887.0,1887.0,0.0,0,1887,1887,0,1.0,1887,True,0.0,9866,1887,0.1912629231704845,72,42,0.00016719999257475138,0.0008231000101659447,0.000990300002740696
DEV-2355,HIGH,MEDIUM,8,5,2,0,Optimization terminated successfully. (HiGHS Status 7: Optimal),True,631.0,631.0,0.0,1,631,631,0,1.0,631,True,0.0,4063,631,0.1553039625892198,120,39,0.00018090000958181918,0.0055921000021044165,0.005773000011686236
DEV-2356,MODERATE,MEDIUM,12,2,2,0,Optimization terminated successfully. (HiGHS Status 7: Optimal),True,1725.0,1725.0,0.0,0,1725,1725,0,1.0,1725,True,0.0,11046,1725,0.15616512764801738,72,42,0.0001680999994277954,0.0008069000032264739,0.0009750000026542693
DEV-2357,MODERATE,SMALL,5,5,1,0,Optimization terminated successfully. (HiGHS Status 7: Optimal),True,94.0,94.0,0.0,0,94,94,0,1.0,94,True,0.0,2760,94,0.034057971014492754,75,30,0.00015730000450275838,0.0007982999959494919,0.0009556000004522502
DEV-2358,MODERATE,SMALL,5,2,1,0,Optimization terminated successfully. (HiGHS Status 7: Optimal),True,178.0,178.0,0.0,0,178,178,0,1.0,178,True,0.0,3418,178,0.052077238150965474,30,21,0.00013329999637790024,0.0007004000071901828,0.000833700003568083
DEV-2359,MODERATE,MEDIUM,10,3,4,0,Optimization terminated successfully. (HiGHS Status 7: Optimal),True,2011.0,2011.0,0.0,1,2011,2011,0,1.0,2011,True,0.0,6476,2011,0.31053119209388513,90,39,0.00017519999528303742,0.004758099996251985,0.004933299991535023
DEV-2360,HIGH,LARGE,24,2,1,0,Optimization terminated successfully. (HiGHS Status 7: Optimal),True,1472.0,1472.0,0.0,0,1472,1472,0,1.0,1472,True,0.0,17610,1472,0.08358886996024986,144,78,0.0002159999858122319,0.0011687999940477312,0.001384799979859963
DEV-2361,MODERATE,MEDIUM,10,3,4,0,Optimization terminated successfully. (HiGHS Status 7: Optimal),True,1679.0,1679.0,0.0,0,1679,1679,0,1.0,1679,True,0.0,6846,1679,0.24525270230791704,90,39,0.00019160000374540687,0.0008749999979045242,0.001066600001649931
DEV-2362,MODERATE,LARGE,18,2,2,0,Optimization terminated successfully. (HiGHS Status 7: Optimal),True,2519.0,2519.0,0.0,0,2519,2519,0,1.0,2519,True,0.0,11419,2519,0.22059725019704002,108,60,0.0001942999952007085,0.0009052999957930297,0.0010995999909937382
DEV-2363,HIGH,LARGE,18,2,2,0,Optimization terminated successfully. (HiGHS Status 7: Optimal),True,2212.0,2212.0,0.0,0,2212,2212,0,1.0,2212,True,0.0,10966,2212,0.2017143899325187,108,60,0.0002023999986704439,0.0009046999912243336,0.0011070999898947775
DEV-2364,HIGH,MEDIUM,9,4,5,0,Optimization terminated successfully. (HiGHS Status 7: Optimal),True,4362.0,4362.0,0.0,1,5315,4362,953,0.8206961429915334,4362,True,0.0,8039,4362,0.5426048015922379,108,39,0.00017770001431927085,0.003929099999368191,0.004106800013687462
DEV-2365,HIGH,SMALL,4,4,1,0,Optimization terminated successfully. (HiGHS Status 7: Optimal),True,165.0,165.0,0.0,0,165,165,0,1.0,165,True,0.0,1647,165,0.10018214936247723,48,24,0.00014730001566931605,0.0007425999792758375,0.0008898999949451536
DEV-2366,MODERATE,MEDIUM,12,4,1,0,Optimization terminated successfully. (HiGHS Status 7: Optimal),True,1796.0,1796.0,0.0,0,1796,1796,0,1.0,1796,True,0.0,11603,1796,0.15478755494268723,144,48,0.0001975000195670873,0.0009793000062927604,0.0011768000258598477
DEV-2367,MODERATE,LARGE,18,2,2,0,Optimization terminated successfully. (HiGHS Status 7: Optimal),True,552.0,552.0,0.0,0,552,552,0,1.0,552,True,0.0,14616,552,0.03776683087027915,108,60,0.00018620002083480358,0.000906600005691871,0.0010928000265266746
DEV-2368,MODERATE,SMALL,6,3,3,0,Optimization terminated successfully. (HiGHS Status 7: Optimal),True,1374.0,1374.0,0.0,1,1374,1374,0,1.0,1374,True,0.0,2885,1374,0.47625649913344886,54,27,0.0001579000090714544,0.006924199988134205,0.00708209999720566
DEV-2369,HIGH,MEDIUM,8,2,2,0,Optimization terminated successfully. (HiGHS Status 7: Optimal),True,2476.0,2476.0,0.0,1,2508,2476,32,0.9872408293460925,2476,True,0.0,6658,2476,0.37188344848302796,48,30,0.00015260002692230046,0.008001400012290105,0.008154000039212406
DEV-2370,HIGH,MEDIUM,14,5,2,0,Optimization terminated successfully. (HiGHS Status 7: Optimal),True,640.0,640.0,0.0,0,640,640,0,1.0,640,True,0.0,10407,640,0.06149706928029211,210,57,0.00023249999503605068,0.0011832999880425632,0.0014157999830786139
DEV-2371,HIGH,LARGE,25,4,4,0,Optimization terminated successfully. (HiGHS Status 7: Optimal),True,4079.0,4079.0,0.0,1,4079,4079,0,1.0,4079,True,0.0,16487,4079,0.24740704797719415,300,87,0.00029600001289509237,0.0044804000062868,0.004776400019181892
DEV-2372,HIGH,LARGE,26,2,2,0,Optimization terminated successfully. (HiGHS Status 7: Optimal),True,705.0,705.0,0.0,0,705,705,0,1.0,705,True,0.0,18853,705,0.03739457911207766,156,84,0.00022350001381710172,0.0010102999804075807,0.0012337999942246825
DEV-2373,HIGH,SMALL,5,4,2,0,Optimization terminated successfully. (HiGHS Status 7: Optimal),True,1079.0,1079.0,0.0,1,1111,1079,32,0.9711971197119712,1079,True,0.0,3236,1079,0.33343634116192833,60,27,0.0001509999856352806,0.00482709999778308,0.00497809998341836
DEV-2374,HIGH,LARGE,20,4,2,0,Optimization terminated successfully. (HiGHS Status 7: Optimal),True,96.0,96.0,0.0,0,96,96,0,1.0,96,True,0.0,17257,96,0.0055629599582778,240,72,0.00025820001610554755,0.0012077000283170491,0.0014659000444225967
DEV-2375,MODERATE,MEDIUM,11,2,2,0,Optimization terminated successfully. (HiGHS Status 7: Optimal),True,741.0,741.0,0.0,0,741,741,0,1.0,741,True,0.0,6575,741,0.11269961977186312,66,39,0.00016270001651719213,0.0007949999999254942,0.0009577000164426863
DEV-2376,HIGH,LARGE,28,3,1,0,Optimization terminated successfully. (HiGHS Status 7: Optimal),True,621.0,621.0,0.0,0,621,621,0,1.0,621,True,0.0,22166,621,0.028015880176847426,252,93,0.0002606000052765012,0.0012160000042058527,0.001476600009482354
DEV-2377,MODERATE,SMALL,3,3,1,0,Optimization terminated successfully. (HiGHS Status 7: Optimal),True,960.0,960.0,0.0,0,960,960,0,1.0,960,True,0.0,3229,960,0.2973056673892846,27,18,0.00013100000796839595,0.0006936999852769077,0.0008246999932453036
DEV-2378,MODERATE,SMALL,3,2,1,0,Optimization terminated successfully. (HiGHS Status 7: Optimal),True,1926.0,1926.0,0.0,0,1926,1926,0,1.0,1926,True,0.0,3358,1926,0.5735556879094699,18,15,0.00012450001668184996,0.0006544000061694533,0.0007789000228513032
DEV-2379,MODERATE,MEDIUM,9,3,1,0,Optimization terminated successfully. (HiGHS Status 7: Optimal),True,2344.0,2344.0,0.0,0,2344,2344,0,1.0,2344,True,0.0,6366,2344,0.36820609487904493,81,36,0.0001640999980736524,0.000816700019640848,0.0009808000177145004
DEV-2380,HIGH,SMALL,5,3,2,0,Optimization terminated successfully. (HiGHS Status 7: Optimal),True,1597.0,1597.0,0.0,1,2722,1597,1125,0.5867009551800147,1597,True,0.0,4238,1597,0.376828692779613,45,24,0.00014170000213198364,0.006940899998880923,0.007082600001012906
DEV-2381,MODERATE,SMALL,5,3,1,0,Optimization terminated successfully. (HiGHS Status 7: Optimal),True,541.0,541.0,0.0,0,541,541,0,1.0,541,True,0.0,3322,541,0.1628537025888019,45,24,0.00014749998808838427,0.000742600008379668,0.0008900999964680523
DEV-2382,MODERATE,LARGE,27,4,8,0,Optimization terminated successfully. (HiGHS Status 7: Optimal),True,7468.0,7468.0,0.0,0,7468,7468,0,1.0,7468,True,0.0,22698,7468,0.3290157723147414,324,93,0.0002969000197481364,0.0015463999880012125,0.0018433000077493489
DEV-2383,HIGH,SMALL,3,3,1,0,Optimization terminated successfully. (HiGHS Status 7: Optimal),True,539.0,539.0,0.0,0,647,539,108,0.8330757341576507,539,True,0.0,1596,539,0.33771929824561403,27,18,0.00013500000932253897,0.0006885000038892031,0.000823500013211742
DEV-2384,LOW,LARGE,18,2,2,0,Optimization terminated successfully. (HiGHS Status 7: Optimal),True,1441.0,1441.0,0.0,0,1441,1441,0,1.0,1441,True,0.0,11910,1441,0.12099076406381193,108,60,0.0001942999952007085,0.0008765999809838831,0.0010708999761845917
DEV-2385,HIGH,MEDIUM,10,2,2,0,Optimization terminated successfully. (HiGHS Status 7: Optimal),True,1237.0,1237.0,0.0,1,1237,1237,0,1.0,1237,True,0.0,5206,1237,0.23761044948136764,60,36,0.00015430001076310873,0.007958399975905195,0.008112699986668304
DEV-2386,HIGH,MEDIUM,8,2,2,0,Optimization terminated successfully. (HiGHS Status 7: Optimal),True,2095.0,2095.0,0.0,1,2095,2095,0,1.0,2095,True,0.0,7352,2095,0.2849564744287269,48,30,0.00014859999646432698,0.0067442999861668795,0.0068928999826312065
DEV-2387,HIGH,SMALL,3,2,1,0,Optimization terminated successfully. (HiGHS Status 7: Optimal),True,1.0,1.0,0.0,0,2,1,1,0.5,1,True,0.0,943,1,0.0010604453870625664,18,15,0.00012739998055621982,0.0006578000029549003,0.0007851999835111201
DEV-2388,MODERATE,MEDIUM,11,2,3,0,Optimization terminated successfully. (HiGHS Status 7: Optimal),True,1299.0,1299.0,0.0,0,1299,1299,0,1.0,1299,True,0.0,6693,1299,0.19408337068579112,66,39,0.0001640999980736524,0.0007796999998390675,0.0009437999979127198
DEV-2389,HIGH,MEDIUM,14,5,1,0,Optimization terminated successfully. (HiGHS Status 7: Optimal),True,1333.0,1333.0,0.0,0,1333,1333,0,1.0,1333,True,0.0,9983,1333,0.13352699589301814,210,57,0.0002243999915663153,0.0011159999994561076,0.001340399991022423
DEV-2390,LOW,SMALL,3,3,1,0,Optimization terminated successfully. (HiGHS Status 7: Optimal),True,1407.0,1407.0,0.0,0,1407,1407,0,1.0,1407,True,0.0,3653,1407,0.3851628798248015,27,18,0.00014150000060908496,0.000685799983330071,0.0008272999839391559
DEV-2391,MODERATE,SMALL,4,2,1,0,Optimization terminated successfully. (HiGHS Status 7: Optimal),True,2113.0,2113.0,0.0,0,2113,2113,0,1.0,2113,True,0.0,4521,2113,0.46737447467374477,24,18,0.00012850001803599298,0.0006555999862030149,0.0007841000042390078
DEV-2392,HIGH,SMALL,5,4,1,0,Optimization terminated successfully. (HiGHS Status 7: Optimal),True,201.0,201.0,0.0,0,201,201,0,1.0,201,True,0.0,2247,201,0.08945260347129506,60,27,0.00014910000027157366,0.0007623000128660351,0.0009114000131376088
DEV-2393,MODERATE,SMALL,5,2,2,0,Optimization terminated successfully. (HiGHS Status 7: Optimal),True,1963.0,1963.0,0.0,1,1963,1963,0,1.0,1963,True,0.0,6115,1963,0.32101390024529847,30,21,0.00013390000094659626,0.008031099976506084,0.00816499997745268
DEV-2394,HIGH,LARGE,25,5,3,0,Optimization terminated successfully. (HiGHS Status 7: Optimal),True,2619.0,2619.0,0.0,1,2619,2619,0,1.0,2619,True,0.0,15319,2619,0.17096416215157648,375,90,0.00032869999995455146,0.005458600004203618,0.005787300004158169
DEV-2395,MODERATE,SMALL,6,5,1,0,Optimization terminated successfully. (HiGHS Status 7: Optimal),True,1694.0,1694.0,0.0,0,1694,1694,0,1.0,1694,True,0.0,5450,1694,0.3108256880733945,90,33,0.00017030001617968082,0.0009070999803952873,0.001077399996574968
DEV-2396,HIGH,SMALL,6,5,2,0,Optimization terminated successfully. (HiGHS Status 7: Optimal),True,1092.0,1092.0,0.0,1,1092,1092,0,1.0,1092,True,0.0,3313,1092,0.32961062481134923,90,33,0.00020940002286806703,0.005447700008517131,0.005657100031385198
DEV-2397,MODERATE,MEDIUM,12,3,2,0,Optimization terminated successfully. (HiGHS Status 7: Optimal),True,2205.0,2205.0,0.0,0,2205,2205,0,1.0,2205,True,0.0,9758,2205,0.2259684361549498,108,45,0.00018229999113827944,0.0009390999912284315,0.001121399982366711
DEV-2398,LOW,LARGE,30,3,3,0,Optimization terminated successfully. (HiGHS Status 7: Optimal),True,732.0,732.0,0.0,0,732,732,0,1.0,732,True,0.0,19456,732,0.037623355263157895,270,99,0.00027409999165683985,0.0012815999798476696,0.0015556999715045094
DEV-2399,MODERATE,LARGE,23,4,9,0,Optimization terminated successfully. (HiGHS Status 7: Optimal),True,5656.0,5656.0,0.0,1,5656,5656,0,1.0,5656,True,0.0,16282,5656,0.3473774720550301,276,81,0.0002689999819267541,0.003986600000644103,0.004255599982570857
DEV-2400,MODERATE,SMALL,3,3,1,0,Optimization terminated successfully. (HiGHS Status 7: Optimal),True,607.0,607.0,0.0,0,607,607,0,1.0,607,True,0.0,2416,607,0.25124172185430466,27,18,0.0001351000100839883,0.0006850000063423067,0.000820100016426295
DEV-2401,HIGH,MEDIUM,11,2,2,0,Optimization terminated successfully. (HiGHS Status 7: Optimal),True,1876.0,1876.0,0.0,0,1876,1876,0,1.0,1876,True,0.0,9335,1876,0.20096411355115157,66,39,0.00016039999900385737,0.0007857000164221972,0.0009461000154260546
DEV-2402,HIGH,SMALL,5,2,1,0,Optimization terminated successfully. (HiGHS Status 7: Optimal),True,1133.0,1133.0,0.0,0,1133,1133,0,1.0,1133,True,0.0,5105,1133,0.22193927522037218,30,21,0.0001345000055152923,0.0007656000088900328,0.0009001000144053251
DEV-2403,LOW,LARGE,29,4,1,0,Optimization terminated successfully. (HiGHS Status 7: Optimal),True,1559.0,1559.0,0.0,0,1559,1559,0,1.0,1559,True,0.0,26538,1559,0.05874594920491371,348,99,0.0003107000084128231,0.0014368999982252717,0.0017476000066380948
DEV-2404,HIGH,LARGE,23,5,11,0,Optimization terminated successfully. (HiGHS Status 7: Optimal),True,8370.0,8370.0,0.0,1,8470,8370,100,0.9881936245572609,8370,True,0.0,15581,8370,0.5371927347410308,345,84,0.0003042000171262771,0.003214199998183176,0.003518400015309453
DEV-2405,MODERATE,SMALL,4,5,1,0,Optimization terminated successfully. (HiGHS Status 7: Optimal),True,1660.0,1660.0,0.0,0,1660,1660,0,1.0,1660,True,0.0,4022,1660,0.4127299850820487,60,27,0.00015730000450275838,0.000774099986301735,0.0009313999908044934
DEV-2406,HIGH,LARGE,24,2,9,0,Optimization terminated successfully. (HiGHS Status 7: Optimal),True,6289.0,6289.0,0.0,1,6289,6289,0,1.0,6289,True,0.0,20717,6289,0.3035671187913308,144,78,0.00020929999300278723,0.00351590002537705,0.0037252000183798373
DEV-2407,HIGH,SMALL,6,2,2,0,Optimization terminated successfully. (HiGHS Status 7: Optimal),True,1758.0,1758.0,0.0,1,1758,1758,0,1.0,1758,True,0.0,4872,1758,0.3608374384236453,36,24,0.0001422999775968492,0.006714200018905103,0.006856499996501952
DEV-2408,HIGH,SMALL,5,5,3,0,Optimization terminated successfully. (HiGHS Status 7: Optimal),True,1573.0,1573.0,0.0,1,3164,1573,1591,0.4971554993678888,1573,True,0.0,3325,1573,0.47308270676691727,75,30,0.00016939998022280633,0.004734400019515306,0.004903799999738112
DEV-2409,MODERATE,MEDIUM,10,3,5,0,Optimization terminated successfully. (HiGHS Status 7: Optimal),True,2987.0,2987.0,0.0,1,2987,2987,0,1.0,2987,True,0.0,5473,2987,0.5457701443449662,90,39,0.0001742999884299934,0.003436900005908683,0.0036111999943386763
DEV-2410,HIGH,LARGE,25,4,1,0,Optimization terminated successfully. (HiGHS Status 7: Optimal),True,99.0,99.0,0.0,0,99,99,0,1.0,99,True,0.0,12479,99,0.007933327991024922,300,87,0.00029490000451914966,0.0013340000004973263,0.001628900005016476
DEV-2411,MODERATE,MEDIUM,11,3,2,0,Optimization terminated successfully. (HiGHS Status 7: Optimal),True,1181.0,1181.0,0.0,0,1181,1181,0,1.0,1181,True,0.0,10921,1181,0.10814028019412142,99,42,0.0001753999968059361,0.0008725000079721212,0.0010479000047780573
DEV-2412,MODERATE,MEDIUM,10,3,2,0,Optimization terminated successfully. (HiGHS Status 7: Optimal),True,1423.0,1423.0,0.0,0,1423,1423,0,1.0,1423,True,0.0,8029,1423,0.17723253207124176,90,39,0.00017129999469034374,0.0008339999767486006,0.0010052999714389443
DEV-2413,HIGH,LARGE,25,2,3,0,Optimization terminated successfully. (HiGHS Status 7: Optimal),True,1752.0,1752.0,0.0,0,1752,1752,0,1.0,1752,True,0.0,20072,1752,0.08728577122359506,150,81,0.00021749999723397195,0.001018200011458248,0.0012357000086922199
DEV-2414,HIGH,LARGE,28,4,4,0,Optimization terminated successfully. (HiGHS Status 7: Optimal),True,2541.0,2541.0,0.0,0,2541,2541,0,1.0,2541,True,0.0,24859,2541,0.10221650106601231,336,96,0.00032649998320266604,0.0014509000175166875,0.0017774000007193536
DEV-2415,MODERATE,SMALL,4,3,1,0,Optimization terminated successfully. (HiGHS Status 7: Optimal),True,1151.0,1151.0,0.0,0,1151,1151,0,1.0,1151,True,0.0,3084,1151,0.3732166018158236,36,21,0.000139000010676682,0.0007142999966163188,0.0008533000072930008
DEV-2416,HIGH,MEDIUM,13,4,2,0,Optimization terminated successfully. (HiGHS Status 7: Optimal),True,790.0,790.0,0.0,0,790,790,0,1.0,790,True,0.0,10561,790,0.07480352239371271,156,51,0.0002038000093307346,0.001021600008243695,0.0012254000175744295
DEV-2417,HIGH,LARGE,27,3,5,0,Optimization terminated successfully. (HiGHS Status 7: Optimal),True,3126.0,3126.0,0.0,0,3126,3126,0,1.0,3126,True,0.0,17456,3126,0.1790788267644363,243,90,0.00025690000620670617,0.00122079998254776,0.0014776999887544662
DEV-2418,HIGH,LARGE,18,3,6,0,Optimization terminated successfully. (HiGHS Status 7: Optimal),True,2185.0,2185.0,0.0,1,2185,2185,0,1.0,2185,True,0.0,9774,2185,0.2235522815633313,162,63,0.000218700006371364,0.003788000001804903,0.004006700008176267
DEV-2419,HIGH,SMALL,5,2,1,0,Optimization terminated successfully. (HiGHS Status 7: Optimal),True,1714.0,1714.0,0.0,0,1714,1714,0,1.0,1714,True,0.0,5679,1714,0.3018136995949991,30,21,0.00013949998538009822,0.0007056999893393368,0.000845199974719435
DEV-2420,HIGH,LARGE,18,2,3,0,Optimization terminated successfully. (HiGHS Status 7: Optimal),True,3511.0,3511.0,0.0,0,3511,3511,0,1.0,3511,True,0.0,16586,3511,0.21168455323767033,108,60,0.00019759999122470617,0.0008984000014606863,0.0010959999926853925
DEV-2421,MODERATE,MEDIUM,12,3,1,0,Optimization terminated successfully. (HiGHS Status 7: Optimal),True,329.0,329.0,0.0,0,329,329,0,1.0,329,True,0.0,7630,329,0.043119266055045874,108,45,0.00017939999816007912,0.0008947000023908913,0.0010741000005509704
DEV-2422,MODERATE,MEDIUM,12,4,1,0,Optimization terminated successfully. (HiGHS Status 7: Optimal),True,825.0,825.0,0.0,0,825,825,0,1.0,825,True,0.0,8020,825,0.10286783042394015,144,48,0.000212200015084818,0.0009688999853096902,0.0011811000003945082
DEV-2423,HIGH,LARGE,18,2,2,0,Optimization terminated successfully. (HiGHS Status 7: Optimal),True,594.0,594.0,0.0,0,594,594,0,1.0,594,True,0.0,14199,594,0.04183393196703993,108,60,0.0001846000086516142,0.0008818999922368675,0.0010665000008884817
DEV-2424,HIGH,LARGE,29,3,1,0,Optimization terminated successfully. (HiGHS Status 7: Optimal),True,949.0,949.0,0.0,0,949,949,0,1.0,949,True,0.0,20744,949,0.045748168145005784,261,96,0.0002734999870881438,0.0012635999883059412,0.001537099975394085
DEV-2425,MODERATE,SMALL,3,2,2,0,Optimization terminated successfully. (HiGHS Status 7: Optimal),True,709.0,709.0,0.0,1,709,709,0,1.0,709,True,0.0,1393,709,0.5089734386216799,18,15,0.0001278999843634665,0.007977100001880899,0.008104999986244366
DEV-2426,HIGH,SMALL,5,4,1,0,Optimization terminated successfully. (HiGHS Status 7: Optimal),True,993.0,993.0,0.0,0,1125,993,132,0.8826666666666667,993,True,0.0,3123,993,0.31796349663784823,60,27,0.0001598000235389918,0.0007627000159118325,0.0009225000394508243
DEV-2427,HIGH,SMALL,5,4,2,0,Optimization terminated successfully. (HiGHS Status 7: Optimal),True,1031.0,1031.0,0.0,1,1031,1031,0,1.0,1031,True,0.0,3496,1031,0.29490846681922195,60,27,0.00015050001093186438,0.006075899989809841,0.006226400000741705
DEV-2428,LOW,LARGE,26,2,4,0,Optimization terminated successfully. (HiGHS Status 7: Optimal),True,2123.0,2123.0,0.0,0,2123,2123,0,1.0,2123,True,0.0,15852,2123,0.133926318445622,156,84,0.00022310001077130437,0.0010164999985136092,0.0012396000092849135
DEV-2429,HIGH,LARGE,30,3,5,0,Optimization terminated successfully. (HiGHS Status 7: Optimal),True,2773.0,2773.0,0.0,0,2773,2773,0,1.0,2773,True,0.0,20447,2773,0.13561891720056732,270,99,0.0002749999985098839,0.001299499999731779,0.001574499998241663
DEV-2430,HIGH,MEDIUM,12,3,1,0,Optimization terminated successfully. (HiGHS Status 7: Optimal),True,1314.0,1314.0,0.0,0,1314,1314,0,1.0,1314,True,0.0,9928,1314,0.1323529411764706,108,45,0.00018579998868517578,0.0008728000102564692,0.001058599998941645
DEV-2431,HIGH,LARGE,19,5,3,0,Optimization terminated successfully. (HiGHS Status 7: Optimal),True,1451.0,1451.0,0.0,0,1451,1451,0,1.0,1451,True,0.0,16106,1451,0.09009064944741091,285,72,0.0002759999770205468,0.0013253000215627253,0.001601299998583272
DEV-2432,HIGH,SMALL,6,3,1,0,Optimization terminated successfully. (HiGHS Status 7: Optimal),True,618.0,618.0,0.0,0,618,618,0,1.0,618,True,0.0,4666,618,0.13244749249892843,54,27,0.00014790002023801208,0.000759899994591251,0.0009078000148292631
DEV-2433,MODERATE,SMALL,4,2,1,0,Optimization terminated successfully. (HiGHS Status 7: Optimal),True,1471.0,1471.0,0.0,0,1471,1471,0,1.0,1471,True,0.0,4233,1471,0.34750767776990316,24,18,0.00013100000796839595,0.0006730000022798777,0.0008040000102482736
DEV-2434,LOW,MEDIUM,14,4,2,0,Optimization terminated successfully. (HiGHS Status 7: Optimal),True,2179.0,2179.0,0.0,0,2179,2179,0,1.0,2179,True,0.0,10880,2179,0.20027573529411766,168,54,0.0002077000099234283,0.001021499978378415,0.0012291999883018434
DEV-2435,HIGH,SMALL,4,3,2,0,Optimization terminated successfully. (HiGHS Status 7: Optimal),True,1181.0,1181.0,0.0,0,2949,1181,1768,0.4004747371990505,1181,True,0.0,3536,1181,0.33399321266968324,36,21,0.00013409997336566448,0.0007103000243660063,0.0008443999977316707
DEV-2436,LOW,SMALL,3,3,1,0,Optimization terminated successfully. (HiGHS Status 7: Optimal),True,163.0,163.0,0.0,0,163,163,0,1.0,163,True,0.0,530,163,0.30754716981132074,27,18,0.00013080000644549727,0.0006673999887425452,0.0007981999951880425
DEV-2437,MODERATE,LARGE,21,2,3,0,Optimization terminated successfully. (HiGHS Status 7: Optimal),True,1277.0,1277.0,0.0,0,1277,1277,0,1.0,1277,True,0.0,10881,1277,0.11736053671537543,126,69,0.0002018999948631972,0.0009142999770119786,0.0011161999718751758
DEV-2438,HIGH,SMALL,3,3,2,0,Optimization terminated successfully. (HiGHS Status 7: Optimal),True,812.0,812.0,0.0,0,1460,812,648,0.5561643835616439,812,True,0.0,2176,812,0.37316176470588236,27,18,0.00013020000187680125,0.0006661000079475343,0.0007963000098243356
DEV-2439,HIGH,LARGE,19,5,2,0,Optimization terminated successfully. (HiGHS Status 7: Optimal),True,497.0,497.0,0.0,0,497,497,0,1.0,497,True,0.0,13206,497,0.03763440860215054,285,72,0.0002715999726206064,0.0012976000143680722,0.0015691999869886786
DEV-2440,MODERATE,MEDIUM,11,5,1,0,Optimization terminated successfully. (HiGHS Status 7: Optimal),True,586.0,586.0,0.0,0,586,586,0,1.0,586,True,0.0,7574,586,0.07736994982836018,165,48,0.00020470001618377864,0.0011137000110466033,0.001318400027230382
DEV-2441,HIGH,LARGE,20,4,3,0,Optimization terminated successfully. (HiGHS Status 7: Optimal),True,1452.0,1452.0,0.0,0,1452,1452,0,1.0,1452,True,0.0,12790,1452,0.11352619233776388,240,72,0.0002468000166118145,0.0012484999897424132,0.0014953000063542277
DEV-2442,HIGH,SMALL,3,4,1,0,Optimization terminated successfully. (HiGHS Status 7: Optimal),True,247.0,247.0,0.0,0,247,247,0,1.0,247,True,0.0,2714,247,0.09100957995578482,36,21,0.0001362999901175499,0.0006929000082891434,0.0008291999984066933
DEV-2443,MODERATE,MEDIUM,12,2,1,0,Optimization terminated successfully. (HiGHS Status 7: Optimal),True,477.0,477.0,0.0,0,477,477,0,1.0,477,True,0.0,5333,477,0.08944309019313706,72,42,0.0001619999820832163,0.0008050999895203859,0.0009670999716036022
DEV-2444,HIGH,MEDIUM,11,4,1,0,Optimization terminated successfully. (HiGHS Status 7: Optimal),True,551.0,551.0,0.0,0,551,551,0,1.0,551,True,0.0,6222,551,0.08855673416907747,132,45,0.00018890001229010522,0.0009142000053543597,0.001103100017644465
DEV-2445,MODERATE,LARGE,24,2,1,0,Optimization terminated successfully. (HiGHS Status 7: Optimal),True,646.0,646.0,0.0,0,646,646,0,1.0,646,True,0.0,11959,646,0.054017894472782005,144,78,0.00020549999317154288,0.0009707999997772276,0.0011762999929487705
DEV-2446,HIGH,MEDIUM,11,5,2,0,Optimization terminated successfully. (HiGHS Status 7: Optimal),True,910.0,910.0,0.0,1,910,910,0,1.0,910,True,0.0,6479,910,0.14045377373051396,165,48,0.00020179999410174787,0.005771099997218698,0.005972899991320446
DEV-2447,HIGH,SMALL,3,3,1,0,Optimization terminated successfully. (HiGHS Status 7: Optimal),True,1284.0,1284.0,0.0,0,1300,1284,16,0.9876923076923076,1284,True,0.0,3806,1284,0.3373620599054125,27,18,0.00013490000856108963,0.0007033000001683831,0.0008382000087294728
DEV-2448,MODERATE,SMALL,6,4,2,0,Optimization terminated successfully. (HiGHS Status 7: Optimal),True,1075.0,1075.0,0.0,1,1075,1075,0,1.0,1075,True,0.0,4202,1075,0.2558305568776773,72,30,0.0001576000067871064,0.006176399998366833,0.006334000005153939
DEV-2449,HIGH,MEDIUM,10,4,1,0,Optimization terminated successfully. (HiGHS Status 7: Optimal),True,1563.0,1563.0,0.0,0,1563,1563,0,1.0,1563,True,0.0,5854,1563,0.2669969251793645,120,42,0.00018679999629966915,0.0009216000034939498,0.001108399999793619
DEV-2450,MODERATE,MEDIUM,8,3,3,0,Optimization terminated successfully. (HiGHS Status 7: Optimal),True,779.0,779.0,0.0,1,779,779,0,1.0,779,True,0.0,5157,779,0.15105681597828194,72,33,0.00016490000416524708,0.005819600017275661,0.005984500021440908
DEV-2451,HIGH,MEDIUM,8,3,2,0,Optimization terminated successfully. (HiGHS Status 7: Optimal),True,39.0,39.0,0.0,1,39,39,0,1.0,39,True,0.0,6102,39,0.006391347099311701,72,33,0.0001680999994277954,0.0069457000063266605,0.007113800005754456
DEV-2452,HIGH,MEDIUM,9,4,1,0,Optimization terminated successfully. (HiGHS Status 7: Optimal),True,254.0,254.0,0.0,0,254,254,0,1.0,254,True,0.0,4815,254,0.052751817237798544,108,39,0.00018319999799132347,0.0009028000058606267,0.0010860000038519502
DEV-2453,MODERATE,MEDIUM,11,4,1,0,Optimization terminated successfully. (HiGHS Status 7: Optimal),True,291.0,291.0,0.0,0,291,291,0,1.0,291,True,0.0,9170,291,0.03173391494002181,132,45,0.00019150000298395753,0.0009487999777775258,0.0011402999807614833
DEV-2454,MODERATE,SMALL,5,2,1,0,Optimization terminated successfully. (HiGHS Status 7: Optimal),True,1068.0,1068.0,0.0,0,1068,1068,0,1.0,1068,True,0.0,3609,1068,0.2959268495428096,30,21,0.0001345000055152923,0.0006925000052433461,0.0008270000107586384
DEV-2455,HIGH,MEDIUM,13,3,1,0,Optimization terminated successfully. (HiGHS Status 7: Optimal),True,1310.0,1310.0,0.0,0,1310,1310,0,1.0,1310,True,0.0,11779,1310,0.11121487392817726,117,48,0.0001857000170275569,0.0009119999886024743,0.0010977000056300312
DEV-2456,LOW,LARGE,23,2,10,0,Optimization terminated successfully. (HiGHS Status 7: Optimal),True,5135.0,5135.0,0.0,0,5135,5135,0,1.0,5135,True,0.0,12212,5135,0.42048804454634786,138,75,0.00020740000763908029,0.0009732999897096306,0.001180699997348711
DEV-2457,MODERATE,LARGE,29,3,6,0,Optimization terminated successfully. (HiGHS Status 7: Optimal),True,5762.0,5762.0,0.0,0,5762,5762,0,1.0,5762,True,0.0,25359,5762,0.2272171615599984,261,96,0.0002708999963942915,0.001299199997447431,0.0015700999938417226
DEV-2458,MODERATE,SMALL,6,3,1,0,Optimization terminated successfully. (HiGHS Status 7: Optimal),True,1252.0,1252.0,0.0,0,1252,1252,0,1.0,1252,True,0.0,4575,1252,0.2736612021857924,54,27,0.00014919997192919254,0.0007566999993287027,0.0009058999712578952
DEV-2459,HIGH,SMALL,3,5,1,0,Optimization terminated successfully. (HiGHS Status 7: Optimal),True,780.0,780.0,0.0,0,1045,780,265,0.7464114832535885,780,True,0.0,2311,780,0.33751622674167026,45,24,0.0001477000187151134,0.0007233999785967171,0.0008710999973118305
DEV-2460,MODERATE,LARGE,20,3,3,0,Optimization terminated successfully. (HiGHS Status 7: Optimal),True,1672.0,1672.0,0.0,0,1672,1672,0,1.0,1672,True,0.0,13442,1672,0.12438625204582651,180,69,0.00021959998412057757,0.0010700999991968274,0.001289699983317405
DEV-2461,MODERATE,SMALL,5,2,2,0,Optimization terminated successfully. (HiGHS Status 7: Optimal),True,522.0,522.0,0.0,0,522,522,0,1.0,522,True,0.0,2515,522,0.20755467196819086,30,21,0.00013470000703819096,0.0006861000147182494,0.0008208000217564404
DEV-2462,LOW,MEDIUM,8,4,1,0,Optimization terminated successfully. (HiGHS Status 7: Optimal),True,258.0,258.0,0.0,0,258,258,0,1.0,258,True,0.0,4613,258,0.0559288965965749,96,36,0.00016639998648315668,0.0008681000035721809,0.0010344999900553375
DEV-2463,MODERATE,SMALL,4,4,1,0,Optimization terminated successfully. (HiGHS Status 7: Optimal),True,584.0,584.0,0.0,0,584,584,0,1.0,584,True,0.0,2074,584,0.2815814850530376,48,24,0.00014220000593923032,0.0007253999938257039,0.0008675999997649342
DEV-2464,MODERATE,SMALL,4,5,1,0,Optimization terminated successfully. (HiGHS Status 7: Optimal),True,418.0,418.0,0.0,0,418,418,0,1.0,418,True,0.0,2396,418,0.17445742904841402,60,27,0.00014710001414641738,0.0007892999856267124,0.0009363999997731298
DEV-2465,LOW,LARGE,22,3,6,0,Optimization terminated successfully. (HiGHS Status 7: Optimal),True,4041.0,4041.0,0.0,0,4041,4041,0,1.0,4041,True,0.0,15289,4041,0.26430767218261497,198,75,0.00025409998488612473,0.0011539999977685511,0.0014080999826546758
DEV-2466,MODERATE,LARGE,22,2,4,0,Optimization terminated successfully. (HiGHS Status 7: Optimal),True,2562.0,2562.0,0.0,0,2562,2562,0,1.0,2562,True,0.0,12774,2562,0.20056364490371067,132,72,0.0002032000047620386,0.0009296000062022358,0.0011328000109642744
DEV-2467,MODERATE,MEDIUM,14,2,1,0,Optimization terminated successfully. (HiGHS Status 7: Optimal),True,928.0,928.0,0.0,0,928,928,0,1.0,928,True,0.0,10520,928,0.08821292775665399,84,48,0.00017839999054558575,0.0008274000138044357,0.0010058000043500215
DEV-2468,HIGH,MEDIUM,11,5,2,0,Optimization terminated successfully. (HiGHS Status 7: Optimal),True,2604.0,2604.0,0.0,1,2604,2604,0,1.0,2604,True,0.0,8568,2604,0.30392156862745096,165,48,0.0002035000070463866,0.0046910000091884285,0.004894500016234815
DEV-2469,MODERATE,SMALL,5,2,3,0,Optimization terminated successfully. (HiGHS Status 7: Optimal),True,1923.0,1923.0,0.0,1,1923,1923,0,1.0,1923,True,0.0,2784,1923,0.6907327586206896,30,21,0.00013679999392479658,0.006817899993620813,0.0069546999875456095
DEV-2470,MODERATE,LARGE,30,3,10,0,Optimization terminated successfully. (HiGHS Status 7: Optimal),True,8609.0,8609.0,0.0,1,8609,8609,0,1.0,8609,True,0.0,24163,8609,0.35628854033025703,270,99,0.0002767999831121415,0.004437600000528619,0.00471439998364076
DEV-2471,HIGH,SMALL,4,4,2,0,Optimization terminated successfully. (HiGHS Status 7: Optimal),True,786.0,786.0,0.0,0,1102,786,316,0.7132486388384754,786,True,0.0,3112,786,0.2525706940874036,48,24,0.000149500003317371,0.0007804000051692128,0.0009299000084865838
DEV-2472,HIGH,MEDIUM,10,4,1,0,Optimization terminated successfully. (HiGHS Status 7: Optimal),True,511.0,511.0,0.0,0,511,511,0,1.0,511,True,0.0,6953,511,0.07349345606213145,120,42,0.00018280002404935658,0.0008953999786172062,0.0010782000026665628
DEV-2473,HIGH,SMALL,4,5,2,0,Optimization terminated successfully. (HiGHS Status 7: Optimal),True,1214.0,1214.0,0.0,1,1822,1214,608,0.6663007683863886,1214,True,0.0,2519,1214,0.481937276697102,60,27,0.00014869999722577631,0.005421999987447634,0.005570699984673411
DEV-2474,HIGH,LARGE,19,3,4,0,Optimization terminated successfully. (HiGHS Status 7: Optimal),True,2276.0,2276.0,0.0,0,2276,2276,0,1.0,2276,True,0.0,12529,2276,0.18165855215899113,171,66,0.00021749999723397195,0.0010869000107049942,0.0013044000079389662
DEV-2475,HIGH,SMALL,6,2,1,0,Optimization terminated successfully. (HiGHS Status 7: Optimal),True,665.0,665.0,0.0,0,665,665,0,1.0,665,True,0.0,5080,665,0.1309055118110236,36,24,0.00013780000153928995,0.0008947000023908913,0.0010325000039301813
DEV-2476,MODERATE,LARGE,23,5,3,0,Optimization terminated successfully. (HiGHS Status 7: Optimal),True,1648.0,1648.0,0.0,0,1648,1648,0,1.0,1648,True,0.0,17639,1648,0.09342933272861273,345,84,0.00031289999606087804,0.0014669999945908785,0.0017798999906517565
DEV-2477,HIGH,MEDIUM,13,3,4,0,Optimization terminated successfully. (HiGHS Status 7: Optimal),True,4155.0,4155.0,0.0,1,4157,4155,2,0.9995188838104402,4155,True,0.0,9720,4155,0.42746913580246915,117,48,0.0001841000048443675,0.003941500006476417,0.004125600011320785
DEV-2478,HIGH,MEDIUM,9,3,1,0,Optimization terminated successfully. (HiGHS Status 7: Optimal),True,1697.0,1697.0,0.0,0,1757,1697,60,0.9658508821855435,1697,True,0.0,4908,1697,0.3457620211898941,81,36,0.0001720000000204891,0.0008175999973900616,0.0009895999974105507
DEV-2479,HIGH,LARGE,25,5,4,0,Optimization terminated successfully. (HiGHS Status 7: Optimal),True,5628.0,5628.0,0.0,1,5628,5628,0,1.0,5628,True,0.0,20794,5628,0.27065499663364434,375,90,0.0003160000196658075,0.003798199992161244,0.004114200011827052
DEV-2480,LOW,SMALL,4,4,1,0,Optimization terminated successfully. (HiGHS Status 7: Optimal),True,1130.0,1130.0,0.0,0,1130,1130,0,1.0,1130,True,0.0,5188,1130,0.21781033153430995,48,24,0.00014590000500902534,0.0007515000179409981,0.0008974000229500234
DEV-2481,HIGH,LARGE,28,2,4,0,Optimization terminated successfully. (HiGHS Status 7: Optimal),True,4889.0,4889.0,0.0,0,4889,4889,0,1.0,4889,True,0.0,21146,4889,0.23120211860399129,168,90,0.00022489999537356198,0.0010683999862521887,0.0012932999816257507
DEV-2482,HIGH,SMALL,4,2,2,0,Optimization terminated successfully. (HiGHS Status 7: Optimal),True,1598.0,1598.0,0.0,1,1946,1598,348,0.8211716341212744,1598,True,0.0,2404,1598,0.6647254575707154,24,18,0.00013719999697059393,0.006055999983800575,0.006193199980771169
DEV-2483,LOW,MEDIUM,8,5,1,0,Optimization terminated successfully. (HiGHS Status 7: Optimal),True,133.0,133.0,0.0,0,133,133,0,1.0,133,True,0.0,7594,133,0.017513826705293653,120,39,0.00018840000848285854,0.0009091000247281045,0.001097500033210963
DEV-2484,HIGH,LARGE,27,2,5,0,Optimization terminated successfully. (HiGHS Status 7: Optimal),True,2904.0,2904.0,0.0,0,2904,2904,0,1.0,2904,True,0.0,18813,2904,0.15436134587785041,162,87,0.000222400005441159,0.0010360000014770776,0.0012584000069182366
DEV-2485,MODERATE,SMALL,5,4,1,0,Optimization terminated successfully. (HiGHS Status 7: Optimal),True,1155.0,1155.0,0.0,0,1155,1155,0,1.0,1155,True,0.0,3218,1155,0.3589185829707893,60,27,0.00016259998665191233,0.0007743000169284642,0.0009369000035803765
DEV-2486,MODERATE,SMALL,6,3,1,0,Optimization terminated successfully. (HiGHS Status 7: Optimal),True,319.0,319.0,0.0,0,319,319,0,1.0,319,True,0.0,3172,319,0.10056746532156369,54,27,0.00015140001778490841,0.0007627999875694513,0.0009142000053543597
DEV-2487,HIGH,SMALL,6,5,1,0,Optimization terminated successfully. (HiGHS Status 7: Optimal),True,1494.0,1494.0,0.0,0,1633,1494,139,0.9148805878750765,1494,True,0.0,4958,1494,0.30133118192819686,90,33,0.00016650001634843647,0.0008236999856308103,0.0009902000019792467
DEV-2488,MODERATE,MEDIUM,12,5,1,0,Optimization terminated successfully. (HiGHS Status 7: Optimal),True,93.0,93.0,0.0,0,93,93,0,1.0,93,True,0.0,8599,93,0.010815211071054773,180,51,0.00021739999647252262,0.0010571999882813543,0.001274599984753877
DEV-2489,LOW,MEDIUM,12,3,1,0,Optimization terminated successfully. (HiGHS Status 7: Optimal),True,228.0,228.0,0.0,0,228,228,0,1.0,228,True,0.0,5076,228,0.04491725768321513,108,45,0.0001799000019673258,0.0008848000143188983,0.0010647000162862241
DEV-2490,HIGH,SMALL,4,4,1,0,Optimization terminated successfully. (HiGHS Status 7: Optimal),True,689.0,689.0,0.0,0,689,689,0,1.0,689,True,0.0,2448,689,0.28145424836601307,48,24,0.00014440002269111574,0.0007248999900184572,0.0008693000127095729
DEV-2491,HIGH,MEDIUM,8,5,1,0,Optimization terminated successfully. (HiGHS Status 7: Optimal),True,606.0,606.0,0.0,0,606,606,0,1.0,606,True,0.0,4661,606,0.13001501823642994,120,39,0.0001787999935913831,0.0009011999936774373,0.0010799999872688204
DEV-2492,HIGH,MEDIUM,12,3,4,0,Optimization terminated successfully. (HiGHS Status 7: Optimal),True,4953.0,4953.0,0.0,1,4972,4953,19,0.9961786001609011,4953,True,0.0,9649,4953,0.5133174422219919,108,45,0.00019920000340789557,0.003860199998598546,0.004059400002006441
DEV-2493,MODERATE,LARGE,22,4,1,0,Optimization terminated successfully. (HiGHS Status 7: Optimal),True,13.0,13.0,0.0,0,13,13,0,1.0,13,True,0.0,13860,13,0.000937950937950938,264,78,0.00026760000037029386,0.0012658000050578266,0.0015334000054281205
DEV-2494,MODERATE,LARGE,20,5,6,0,Optimization terminated successfully. (HiGHS Status 7: Optimal),True,3809.0,3809.0,0.0,0,3809,3809,0,1.0,3809,True,0.0,17494,3809,0.21773179375785984,300,75,0.00028020000900141895,0.0014040999813005328,0.0016842999903019518
DEV-2495,HIGH,SMALL,4,5,1,0,Optimization terminated successfully. (HiGHS Status 7: Optimal),True,897.0,897.0,0.0,0,897,897,0,1.0,897,True,0.0,3969,897,0.22600151171579744,60,27,0.000149200001033023,0.0007594999915454537,0.0009086999925784767
DEV-2496,HIGH,MEDIUM,8,2,1,0,Optimization terminated successfully. (HiGHS Status 7: Optimal),True,1334.0,1334.0,0.0,0,1334,1334,0,1.0,1334,True,0.0,5184,1334,0.25733024691358025,48,30,0.00014509999891743064,0.0007339000003412366,0.0008789999992586672
DEV-2497,HIGH,LARGE,24,4,2,0,Optimization terminated successfully. (HiGHS Status 7: Optimal),True,642.0,642.0,0.0,0,642,642,0,1.0,642,True,0.0,14823,642,0.043311070633475,288,84,0.0002714000002015382,0.0013128999853506684,0.0015842999855522066
DEV-2498,MODERATE,MEDIUM,14,2,3,0,Optimization terminated successfully. (HiGHS Status 7: Optimal),True,1857.0,1857.0,0.0,0,1857,1857,0,1.0,1857,True,0.0,11615,1857,0.1598794662074903,84,48,0.00018999999156221747,0.0008372000011149794,0.0010271999926771969
DEV-2499,HIGH,SMALL,3,2,1,0,Optimization terminated successfully. (HiGHS Status 7: Optimal),True,899.0,899.0,0.0,0,928,899,29,0.96875,899,True,0.0,2407,899,0.37349397590361444,18,15,0.00012470001820474863,0.0006402999861165881,0.0007650000043213367
DEV-2500,HIGH,LARGE,28,5,13,0,Optimization terminated successfully. (HiGHS Status 7: Optimal),True,9923.0,9923.0,0.0,1,9923,9923,0,1.0,9923,True,0.0,25355,9923,0.39136265036481954,420,99,0.00035149999894201756,0.003400099987629801,0.0037515999865718186
DEV-2501,MODERATE,MEDIUM,10,4,2,0,Optimization terminated successfully. (HiGHS Status 7: Optimal),True,1503.0,1503.0,0.0,1,1503,1503,0,1.0,1503,True,0.0,4243,1503,0.35423049728965356,120,42,0.0001956000050995499,0.006103399995481595,0.006299000000581145
DEV-2502,MODERATE,LARGE,23,3,1,0,Optimization terminated successfully. (HiGHS Status 7: Optimal),True,492.0,492.0,0.0,0,492,492,0,1.0,492,True,0.0,19509,492,0.025219129632477317,207,78,0.00024419999681413174,0.001117000007070601,0.0013612000038847327
DEV-2503,MODERATE,LARGE,22,2,3,0,Optimization terminated successfully. (HiGHS Status 7: Optimal),True,1497.0,1497.0,0.0,0,1497,1497,0,1.0,1497,True,0.0,16518,1497,0.0906284053759535,132,72,0.0002004000125452876,0.0009560999751556665,0.001156499987700954
DEV-2504,LOW,SMALL,3,3,1,0,Optimization terminated successfully. (HiGHS Status 7: Optimal),True,437.0,437.0,0.0,0,437,437,0,1.0,437,True,0.0,931,437,0.46938775510204084,27,18,0.00012939999578520656,0.0007254999945871532,0.0008548999903723598
DEV-2505,MODERATE,MEDIUM,8,5,1,0,Optimization terminated successfully. (HiGHS Status 7: Optimal),True,403.0,403.0,0.0,0,403,403,0,1.0,403,True,0.0,4417,403,0.0912383971021055,120,39,0.0001857000170275569,0.0008868000004440546,0.0010725000174716115
DEV-2506,MODERATE,LARGE,20,3,1,0,Optimization terminated successfully. (HiGHS Status 7: Optimal),True,607.0,607.0,0.0,0,607,607,0,1.0,607,True,0.0,12509,607,0.04852506195539212,180,69,0.00021800000104121864,0.0011564000160433352,0.0013744000170845538
DEV-2507,HIGH,MEDIUM,8,3,1,0,Optimization terminated successfully. (HiGHS Status 7: Optimal),True,126.0,126.0,0.0,0,126,126,0,1.0,126,True,0.0,5813,126,0.02167555479098572,72,33,0.00016060000052675605,0.0007885000086389482,0.0009491000091657043
DEV-2508,MODERATE,SMALL,3,5,1,0,Optimization terminated successfully. (HiGHS Status 7: Optimal),True,671.0,671.0,0.0,0,676,671,5,0.992603550295858,671,True,0.0,1836,671,0.36546840958605664,45,24,0.00014099999680183828,0.0007235999801196158,0.0008645999769214541
DEV-2509,HIGH,LARGE,28,3,3,0,Optimization terminated successfully. (HiGHS Status 7: Optimal),True,3766.0,3766.0,0.0,1,3766,3766,0,1.0,3766,True,0.0,23835,3766,0.15800293685756242,252,93,0.00028840001323260367,0.006356800004141405,0.006645200017374009
DEV-2510,MODERATE,MEDIUM,8,2,2,0,Optimization terminated successfully. (HiGHS Status 7: Optimal),True,607.0,607.0,0.0,0,607,607,0,1.0,607,True,0.0,3908,607,0.15532241555783008,48,30,0.00015360000543296337,0.000755899993237108,0.0009094999986700714
DEV-2511,HIGH,SMALL,5,5,1,0,Optimization terminated successfully. (HiGHS Status 7: Optimal),True,276.0,276.0,0.0,0,276,276,0,1.0,276,True,0.0,5355,276,0.0515406162464986,75,30,0.00016070000128820539,0.0007900000200606883,0.0009507000213488936
DEV-2512,MODERATE,SMALL,5,3,3,0,Optimization terminated successfully. (HiGHS Status 7: Optimal),True,1812.0,1812.0,0.0,1,1812,1812,0,1.0,1812,True,0.0,2639,1812,0.6866237211064797,45,24,0.0001409000251442194,0.005567399988649413,0.005708300013793632
DEV-2513,MODERATE,LARGE,30,4,4,0,Optimization terminated successfully. (HiGHS Status 7: Optimal),True,2495.0,2495.0,0.0,0,2495,2495,0,1.0,2495,True,0.0,22484,2495,0.11096779932396371,360,102,0.00032140000257641077,0.001515799987828359,0.0018371999904047698
DEV-2514,MODERATE,LARGE,28,3,6,0,Optimization terminated successfully. (HiGHS Status 7: Optimal),True,4049.0,4049.0,0.0,0,4049,4049,0,1.0,4049,True,0.0,19700,4049,0.20553299492385788,252,93,0.0002727000101003796,0.0012833999935537577,0.0015561000036541373
DEV-2515,MODERATE,SMALL,4,5,1,0,Optimization terminated successfully. (HiGHS Status 7: Optimal),True,305.0,305.0,0.0,0,305,305,0,1.0,305,True,0.0,2994,305,0.10187040748162993,60,27,0.0001498999772593379,0.0007617000082973391,0.000911599985556677
DEV-2516,MODERATE,MEDIUM,8,4,1,0,Optimization terminated successfully. (HiGHS Status 7: Optimal),True,904.0,904.0,0.0,0,904,904,0,1.0,904,True,0.0,7084,904,0.12761151891586675,96,36,0.00016789999790489674,0.0008828999998513609,0.0010507999977562577
DEV-2517,HIGH,SMALL,5,4,1,0,Optimization terminated successfully. (HiGHS Status 7: Optimal),True,2070.0,2070.0,0.0,0,2070,2070,0,1.0,2070,True,0.0,5768,2070,0.358876560332871,60,27,0.00014779999037273228,0.0007639000250492245,0.0009117000154219568
DEV-2518,LOW,MEDIUM,13,4,1,0,Optimization terminated successfully. (HiGHS Status 7: Optimal),True,1155.0,1155.0,0.0,0,1155,1155,0,1.0,1155,True,0.0,12114,1155,0.09534422981674096,156,51,0.00020760000916197896,0.0010033999860752374,0.0012109999952372164
DEV-2519,HIGH,SMALL,6,3,1,0,Optimization terminated successfully. (HiGHS Status 7: Optimal),True,494.0,494.0,0.0,0,494,494,0,1.0,494,True,0.0,5248,494,0.09413109756097561,54,27,0.00015479998546652496,0.0007673000218346715,0.0009221000073011965
DEV-2520,MODERATE,MEDIUM,13,5,2,0,Optimization terminated successfully. (HiGHS Status 7: Optimal),True,2094.0,2094.0,0.0,0,2094,2094,0,1.0,2094,True,0.0,9032,2094,0.23184233835252435,195,54,0.00021840000408701599,0.0011125000019092113,0.0013309000059962273
DEV-2521,HIGH,MEDIUM,12,2,4,0,Optimization terminated successfully. (HiGHS Status 7: Optimal),True,1832.0,1832.0,0.0,1,1832,1832,0,1.0,1832,True,0.0,6672,1832,0.2745803357314149,72,42,0.00020069998572580516,0.006168499996419996,0.006369199982145801
DEV-2522,HIGH,MEDIUM,8,3,1,0,Optimization terminated successfully. (HiGHS Status 7: Optimal),True,496.0,496.0,0.0,0,496,496,0,1.0,496,True,0.0,5949,496,0.08337535720289124,72,33,0.0002161000156775117,0.0008488000021316111,0.0010649000178091228
DEV-2523,HIGH,SMALL,5,2,1,0,Optimization terminated successfully. (HiGHS Status 7: Optimal),True,6.0,6.0,0.0,0,6,6,0,1.0,6,True,0.0,4425,6,0.0013559322033898306,30,21,0.00013749999925494194,0.0006884999747853726,0.0008259999740403146
DEV-2524,HIGH,MEDIUM,13,2,1,0,Optimization terminated successfully. (HiGHS Status 7: Optimal),True,1327.0,1327.0,0.0,0,1327,1327,0,1.0,1327,True,0.0,8247,1327,0.1609069964835698,78,45,0.00017770001431927085,0.0007920999778434634,0.0009697999921627343
DEV-2525,HIGH,SMALL,6,5,1,0,Optimization terminated successfully. (HiGHS Status 7: Optimal),True,354.0,354.0,0.0,0,354,354,0,1.0,354,True,0.0,2963,354,0.11947350658116773,90,33,0.00017220000154338777,0.0008049999887589365,0.0009771999903023243
DEV-2526,MODERATE,MEDIUM,13,5,1,0,Optimization terminated successfully. (HiGHS Status 7: Optimal),True,1000.0,1000.0,0.0,0,1000,1000,0,1.0,1000,True,0.0,8016,1000,0.124750499001996,195,54,0.00021940001170150936,0.001080799993360415,0.0013002000050619245
DEV-2527,MODERATE,LARGE,19,3,1,0,Optimization terminated successfully. (HiGHS Status 7: Optimal),True,132.0,132.0,0.0,0,132,132,0,1.0,132,True,0.0,12579,132,0.010493679942761746,171,66,0.00021319999359548092,0.0010318999993614852,0.0012450999929569662
DEV-2528,HIGH,LARGE,20,3,3,0,Optimization terminated successfully. (HiGHS Status 7: Optimal),True,2693.0,2693.0,0.0,1,2693,2693,0,1.0,2693,True,0.0,11466,2693,0.23486830629687772,180,69,0.00022159999934956431,0.006295900006080046,0.006517500005429611
DEV-2529,MODERATE,MEDIUM,12,2,2,0,Optimization terminated successfully. (HiGHS Status 7: Optimal),True,1761.0,1761.0,0.0,0,1761,1761,0,1.0,1761,True,0.0,8875,1761,0.1984225352112676,72,42,0.00017169999773614109,0.0008074000070337206,0.0009791000047698617
DEV-2530,MODERATE,SMALL,3,2,1,0,Optimization terminated successfully. (HiGHS Status 7: Optimal),True,1138.0,1138.0,0.0,0,1138,1138,0,1.0,1138,True,0.0,1926,1138,0.5908618899273105,18,15,0.00012519999290816486,0.0006538000016007572,0.0007789999945089221
DEV-2531,LOW,SMALL,5,2,1,0,Optimization terminated successfully. (HiGHS Status 7: Optimal),True,1265.0,1265.0,0.0,0,1265,1265,0,1.0,1265,True,0.0,3111,1265,0.4066216650594664,30,21,0.00013229998876340687,0.0007411000260617584,0.0008734000148251653
DEV-2532,HIGH,MEDIUM,11,4,1,0,Optimization terminated successfully. (HiGHS Status 7: Optimal),True,1144.0,1144.0,0.0,0,1144,1144,0,1.0,1144,True,0.0,6663,1144,0.17169443193756567,132,45,0.00020520001999102533,0.0009458999847993255,0.0011511000047903508
DEV-2533,HIGH,LARGE,25,3,1,0,Optimization terminated successfully. (HiGHS Status 7: Optimal),True,1097.0,1097.0,0.0,0,1097,1097,0,1.0,1097,True,0.0,18129,1097,0.06051078382701749,225,84,0.00025069998810067773,0.0011563000152818859,0.0014070000033825636
DEV-2534,MODERATE,LARGE,30,3,2,0,Optimization terminated successfully. (HiGHS Status 7: Optimal),True,2388.0,2388.0,0.0,0,2388,2388,0,1.0,2388,True,0.0,21842,2388,0.10933064737661387,270,99,0.0002762000076472759,0.001280399999814108,0.001556600007461384
DEV-2535,HIGH,MEDIUM,13,2,1,0,Optimization terminated successfully. (HiGHS Status 7: Optimal),True,939.0,939.0,0.0,0,939,939,0,1.0,939,True,0.0,9798,939,0.09583588487446418,78,45,0.00016580001101829112,0.0008121999853756279,0.000977999996393919
DEV-2536,HIGH,LARGE,20,2,3,0,Optimization terminated successfully. (HiGHS Status 7: Optimal),True,2447.0,2447.0,0.0,0,2447,2447,0,1.0,2447,True,0.0,17940,2447,0.13639910813823858,120,66,0.0001900999923236668,0.0008978999976534396,0.0010879999899771065
DEV-2537,MODERATE,SMALL,6,2,2,0,Optimization terminated successfully. (HiGHS Status 7: Optimal),True,889.0,889.0,0.0,0,889,889,0,1.0,889,True,0.0,4798,889,0.18528553563984992,36,24,0.00013490000856108963,0.0007194000063464046,0.0008543000149074942
DEV-2538,HIGH,SMALL,5,4,1,0,Optimization terminated successfully. (HiGHS Status 7: Optimal),True,589.0,589.0,0.0,0,637,589,48,0.9246467817896389,589,True,0.0,1130,589,0.5212389380530974,60,27,0.00014540000120177865,0.0007480000203941017,0.0008934000215958804
DEV-2539,MODERATE,LARGE,28,4,3,0,Optimization terminated successfully. (HiGHS Status 7: Optimal),True,2109.0,2109.0,0.0,0,2109,2109,0,1.0,2109,True,0.0,19596,2109,0.10762400489895897,336,96,0.00029769999673590064,0.0014230999804567546,0.0017207999771926552
DEV-2540,HIGH,LARGE,28,5,1,0,Optimization terminated successfully. (HiGHS Status 7: Optimal),True,514.0,514.0,0.0,0,514,514,0,1.0,514,True,0.0,18814,514,0.027320080790900394,420,99,0.00033930002246052027,0.0015854999946895987,0.001924800017150119
DEV-2541,MODERATE,LARGE,21,4,6,0,Optimization terminated successfully. (HiGHS Status 7: Optimal),True,3612.0,3612.0,0.0,0,3612,3612,0,1.0,3612,True,0.0,14690,3612,0.24588155207624235,252,75,0.0002500999835319817,0.0012762999976985157,0.0015263999812304974
DEV-2542,MODERATE,MEDIUM,12,5,2,0,Optimization terminated successfully. (HiGHS Status 7: Optimal),True,1659.0,1659.0,0.0,1,1659,1659,0,1.0,1659,True,0.0,5457,1659,0.3040131940626718,180,51,0.00021200001356191933,0.005709099990781397,0.005921100004343316
DEV-2543,MODERATE,SMALL,3,5,2,0,Optimization terminated successfully. (HiGHS Status 7: Optimal),True,1116.0,1116.0,0.0,0,1116,1116,0,1.0,1116,True,0.0,2286,1116,0.4881889763779528,45,24,0.00014519999967887998,0.000747500016586855,0.000892700016265735
DEV-2544,MODERATE,MEDIUM,10,2,1,0,Optimization terminated successfully. (HiGHS Status 7: Optimal),True,208.0,208.0,0.0,0,208,208,0,1.0,208,True,0.0,5325,208,0.039061032863849765,60,36,0.00015449998318217695,0.0007832999981474131,0.0009377999813295901
DEV-2545,HIGH,SMALL,6,3,1,0,Optimization terminated successfully. (HiGHS Status 7: Optimal),True,823.0,823.0,0.0,0,823,823,0,1.0,823,True,0.0,5052,823,0.1629057798891528,54,27,0.00014670001110062003,0.000755299988668412,0.000901999999769032
DEV-2546,MODERATE,LARGE,27,3,3,0,Optimization terminated successfully. (HiGHS Status 7: Optimal),True,1931.0,1931.0,0.0,0,1931,1931,0,1.0,1931,True,0.0,23577,1931,0.08190185350129363,243,90,0.00025350000942125916,0.0012183999933768064,0.0014719000027980655
DEV-2547,HIGH,MEDIUM,8,5,1,0,Optimization terminated successfully. (HiGHS Status 7: Optimal),True,28.0,28.0,0.0,0,28,28,0,1.0,28,True,0.0,4293,28,0.006522245515956208,120,39,0.00017919999663718045,0.000906000001123175,0.0010851999977603555
DEV-2548,MODERATE,MEDIUM,8,4,1,0,Optimization terminated successfully. (HiGHS Status 7: Optimal),True,1917.0,1917.0,0.0,0,1917,1917,0,1.0,1917,True,0.0,8743,1917,0.2192611231842617,96,36,0.00017449998995289207,0.0008391000155825168,0.0010136000055354089
DEV-2549,LOW,SMALL,5,4,2,0,Optimization terminated successfully. (HiGHS Status 7: Optimal),True,649.0,649.0,0.0,0,649,649,0,1.0,649,True,0.0,2551,649,0.2544100352802822,60,27,0.00016029999824240804,0.0007596999930683523,0.0009199999913107604
DEV-2550,HIGH,LARGE,24,2,4,0,Optimization terminated successfully. (HiGHS Status 7: Optimal),True,3538.0,3538.0,0.0,1,3538,3538,0,1.0,3538,True,0.0,14478,3538,0.24437076944329328,144,78,0.00021570001263171434,0.006335500016575679,0.0065512000292073935
DEV-2551,HIGH,MEDIUM,11,5,1,0,Optimization terminated successfully. (HiGHS Status 7: Optimal),True,1500.0,1500.0,0.0,0,1500,1500,0,1.0,1500,True,0.0,7518,1500,0.19952114924181963,165,48,0.00021630001720041037,0.0010276999964844435,0.001244000013684854
DEV-2552,HIGH,MEDIUM,12,2,2,0,Optimization terminated successfully. (HiGHS Status 7: Optimal),True,695.0,695.0,0.0,0,695,695,0,1.0,695,True,0.0,6405,695,0.10850897736143637,72,42,0.00017290000687353313,0.0008058999956119806,0.0009788000024855137
DEV-2553,MODERATE,LARGE,19,3,3,0,Optimization terminated successfully. (HiGHS Status 7: Optimal),True,1066.0,1066.0,0.0,0,1066,1066,0,1.0,1066,True,0.0,16172,1066,0.06591639871382636,171,66,0.00024610001128166914,0.0010250999766867608,0.00127119998796843
DEV-2554,LOW,LARGE,26,4,9,0,Optimization terminated successfully. (HiGHS Status 7: Optimal),True,3897.0,3897.0,0.0,0,3897,3897,0,1.0,3897,True,0.0,14894,3897,0.26164898616892707,312,90,0.0002857999934349209,0.0014695999852847308,0.0017553999787196517
DEV-2555,MODERATE,SMALL,5,4,1,0,Optimization terminated successfully. (HiGHS Status 7: Optimal),True,384.0,384.0,0.0,0,384,384,0,1.0,384,True,0.0,3839,384,0.10002604845011721,60,27,0.0001576000067871064,0.0007691000064369291,0.0009267000132240355
DEV-2556,HIGH,MEDIUM,11,5,3,0,Optimization terminated successfully. (HiGHS Status 7: Optimal),True,1924.0,1924.0,0.0,1,1924,1924,0,1.0,1924,True,0.0,7838,1924,0.24547078336310282,165,48,0.0002106000029016286,0.004323999979533255,0.004534599982434884
DEV-2557,HIGH,LARGE,25,4,2,0,Optimization terminated successfully. (HiGHS Status 7: Optimal),True,463.0,463.0,0.0,0,463,463,0,1.0,463,True,0.0,19991,463,0.023160422189985493,300,87,0.0002820999943651259,0.0013758999994024634,0.0016579999937675893
DEV-2558,MODERATE,LARGE,29,2,3,0,Optimization terminated successfully. (HiGHS Status 7: Optimal),True,1834.0,1834.0,0.0,0,1834,1834,0,1.0,1834,True,0.0,14907,1834,0.12302944925202924,174,93,0.00023869998403824866,0.001065699994796887,0.0013043999788351357
DEV-2559,HIGH,MEDIUM,14,3,4,0,Optimization terminated successfully. (HiGHS Status 7: Optimal),True,4054.0,4054.0,0.0,1,4205,4054,151,0.964090368608799,4054,True,0.0,9854,4054,0.4114065354170895,126,51,0.0001881999778561294,0.0045514999947045,0.004739699972560629
DEV-2560,HIGH,SMALL,4,3,2,0,Optimization terminated successfully. (HiGHS Status 7: Optimal),True,1992.0,1992.0,0.0,1,2232,1992,240,0.8924731182795699,1992,True,0.0,4288,1992,0.46455223880597013,36,21,0.00014170000213198364,0.007185299997217953,0.007326999999349937
DEV-2561,MODERATE,MEDIUM,12,2,4,0,Optimization terminated successfully. (HiGHS Status 7: Optimal),True,3340.0,3340.0,0.0,0,3340,3340,0,1.0,3340,True,0.0,9042,3340,0.369387303693873,72,42,0.0001742999884299934,0.0008067000017035753,0.0009809999901335686
DEV-2562,HIGH,MEDIUM,11,3,1,0,Optimization terminated successfully. (HiGHS Status 7: Optimal),True,513.0,513.0,0.0,0,513,513,0,1.0,513,True,0.0,7053,513,0.07273500638026371,99,42,0.00018269999418407679,0.0008823999960441142,0.001065099990228191
DEV-2563,MODERATE,MEDIUM,10,5,1,0,Optimization terminated successfully. (HiGHS Status 7: Optimal),True,821.0,821.0,0.0,0,821,821,0,1.0,821,True,0.0,6930,821,0.11847041847041848,150,45,0.000228599994443357,0.0010105000110343099,0.0012391000054776669
DEV-2564,HIGH,LARGE,27,2,6,0,Optimization terminated successfully. (HiGHS Status 7: Optimal),True,4555.0,4555.0,0.0,0,4555,4555,0,1.0,4555,True,0.0,18020,4555,0.2527746947835738,162,87,0.00022119999630376697,0.0010613000195007771,0.001282500015804544
DEV-2565,HIGH,SMALL,6,2,1,0,Optimization terminated successfully. (HiGHS Status 7: Optimal),True,389.0,389.0,0.0,0,389,389,0,1.0,389,True,0.0,2703,389,0.14391416944136146,36,24,0.00013920001219958067,0.0006986999942455441,0.0008379000064451247
DEV-2566,MODERATE,MEDIUM,10,5,1,0,Optimization terminated successfully. (HiGHS Status 7: Optimal),True,1596.0,1596.0,0.0,0,1596,1596,0,1.0,1596,True,0.0,7174,1596,0.22247003066629495,150,45,0.00019640001119114459,0.0009892000234685838,0.0011856000346597284
DEV-2567,LOW,LARGE,27,3,3,0,Optimization terminated successfully. (HiGHS Status 7: Optimal),True,308.0,308.0,0.0,0,308,308,0,1.0,308,True,0.0,18527,308,0.016624386031197712,243,90,0.0002646000066306442,0.0011992999934591353,0.0014639000000897795
DEV-2568,MODERATE,LARGE,20,4,3,0,Optimization terminated successfully. (HiGHS Status 7: Optimal),True,1834.0,1834.0,0.0,0,1834,1834,0,1.0,1834,True,0.0,12519,1834,0.14649732406741753,240,72,0.00025469998945482075,0.001199499994982034,0.0014541999844368547
DEV-2569,MODERATE,MEDIUM,9,4,1,0,Optimization terminated successfully. (HiGHS Status 7: Optimal),True,22.0,22.0,0.0,0,22,22,0,1.0,22,True,0.0,4695,22,0.004685835995740149,108,39,0.00017529999604448676,0.0008540000126231462,0.001029300008667633
DEV-2570,HIGH,MEDIUM,13,5,5,0,Optimization terminated successfully. (HiGHS Status 7: Optimal),True,3747.0,3747.0,0.0,1,4532,3747,785,0.8267872903795234,3747,True,0.0,11018,3747,0.340079869304774,195,54,0.00021660001948475838,0.003522799990605563,0.0037394000100903213
DEV-2571,MODERATE,LARGE,24,2,6,0,Optimization terminated successfully. (HiGHS Status 7: Optimal),True,5886.0,5886.0,0.0,0,5886,5886,0,1.0,5886,True,0.0,21918,5886,0.26854640021899806,144,78,0.00021310002193786204,0.000995899987174198,0.00120900000911206
DEV-2572,HIGH,LARGE,25,4,11,0,Optimization terminated successfully. (HiGHS Status 7: Optimal),True,5698.0,5698.0,0.0,1,5879,5698,181,0.9692124510971254,5698,True,0.0,14775,5698,0.3856514382402707,300,87,0.0002844999835360795,0.0032900999940466136,0.003574599977582693
DEV-2573,MODERATE,LARGE,25,4,2,0,Optimization terminated successfully. (HiGHS Status 7: Optimal),True,811.0,811.0,0.0,0,811,811,0,1.0,811,True,0.0,12460,811,0.06508828250401284,300,87,0.0002896999940276146,0.0013796999992337078,0.0016693999932613224
DEV-2574,HIGH,LARGE,25,2,3,0,Optimization terminated successfully. (HiGHS Status 7: Optimal),True,1556.0,1556.0,0.0,0,1556,1556,0,1.0,1556,True,0.0,17375,1556,0.08955395683453238,150,81,0.000222100003156811,0.001011299988022074,0.001233399991178885
DEV-2575,LOW,LARGE,30,2,5,0,Optimization terminated successfully. (HiGHS Status 7: Optimal),True,3293.0,3293.0,0.0,0,3293,3293,0,1.0,3293,True,0.0,20663,3293,0.15936698446498573,180,96,0.00023230002261698246,0.0010762999881990254,0.0013086000108160079
DEV-2576,LOW,SMALL,3,4,1,0,Optimization terminated successfully. (HiGHS Status 7: Optimal),True,887.0,887.0,0.0,0,887,887,0,1.0,887,True,0.0,2949,887,0.3007799253984402,36,21,0.00014300001203082502,0.0006954000273253769,0.0008384000393562019
DEV-2577,MODERATE,SMALL,3,5,1,0,Optimization terminated successfully. (HiGHS Status 7: Optimal),True,1127.0,1127.0,0.0,0,1127,1127,0,1.0,1127,True,0.0,2333,1127,0.4830690098585512,45,24,0.00013989998842589557,0.000718200026312843,0.0008581000147387385
DEV-2578,LOW,LARGE,19,4,2,0,Optimization terminated successfully. (HiGHS Status 7: Optimal),True,573.0,573.0,0.0,0,573,573,0,1.0,573,True,0.0,9453,573,0.060615677562678515,228,69,0.00023669999791309237,0.0011534999939613044,0.0013901999918743968
DEV-2579,MODERATE,SMALL,5,3,1,0,Optimization terminated successfully. (HiGHS Status 7: Optimal),True,1190.0,1190.0,0.0,0,1190,1190,0,1.0,1190,True,0.0,4501,1190,0.2643856920684292,45,24,0.0001461999781895429,0.0007146999996621162,0.0008608999778516591
DEV-2580,HIGH,SMALL,6,2,1,0,Optimization terminated successfully. (HiGHS Status 7: Optimal),True,827.0,827.0,0.0,0,827,827,0,1.0,827,True,0.0,4007,827,0.2063888195657599,36,24,0.00014139999984763563,0.0006788000173401088,0.0008202000171877444
DEV-2581,HIGH,SMALL,3,4,1,0,Optimization terminated successfully. (HiGHS Status 7: Optimal),True,6.0,6.0,0.0,0,6,6,0,1.0,6,True,0.0,1003,6,0.005982053838484547,36,21,0.0001320999872405082,0.0006664000102318823,0.0007984999974723905
DEV-2582,HIGH,LARGE,26,2,4,0,Optimization terminated successfully. (HiGHS Status 7: Optimal),True,3241.0,3241.0,0.0,1,3241,3241,0,1.0,3241,True,0.0,19240,3241,0.16845114345114345,156,84,0.00021990001550875604,0.00639900000533089,0.0066189000208396465
DEV-2583,HIGH,MEDIUM,9,2,1,0,Optimization terminated successfully. (HiGHS Status 7: Optimal),True,267.0,267.0,0.0,0,267,267,0,1.0,267,True,0.0,8397,267,0.031797070382279385,54,33,0.000155999994603917,0.0007569000008516014,0.0009128999954555184
DEV-2584,MODERATE,SMALL,6,2,1,0,Optimization terminated successfully. (HiGHS Status 7: Optimal),True,3.0,3.0,0.0,0,3,3,0,1.0,3,True,0.0,4611,3,0.0006506180871828237,36,24,0.0001441999920643866,0.0007019999902695417,0.0008461999823339283
DEV-2585,HIGH,MEDIUM,10,2,1,0,Optimization terminated successfully. (HiGHS Status 7: Optimal),True,428.0,428.0,0.0,0,428,428,0,1.0,428,True,0.0,5607,428,0.07633315498484038,60,36,0.00015199999324977398,0.0007393999840132892,0.0008913999772630632
DEV-2586,HIGH,SMALL,5,2,3,0,Optimization terminated successfully. (HiGHS Status 7: Optimal),True,1579.0,1579.0,0.0,1,1615,1579,36,0.9777089783281734,1579,True,0.0,3198,1579,0.4937460913070669,30,21,0.0001317999849561602,0.0059520000068005174,0.006083799991756678
DEV-2587,HIGH,SMALL,3,5,1,0,Optimization terminated successfully. (HiGHS Status 7: Optimal),True,675.0,675.0,0.0,0,696,675,21,0.9698275862068966,675,True,0.0,1749,675,0.38593481989708406,45,24,0.0001427999814040959,0.000735200010240078,0.0008779999916441739
DEV-2588,HIGH,LARGE,18,2,1,0,Optimization terminated successfully. (HiGHS Status 7: Optimal),True,892.0,892.0,0.0,0,892,892,0,1.0,892,True,0.0,13502,892,0.06606428677233002,108,60,0.00018870001076720655,0.0008661999891046435,0.00105489999987185
DEV-2589,HIGH,MEDIUM,14,3,1,0,Optimization terminated successfully. (HiGHS Status 7: Optimal),True,793.0,793.0,0.0,0,793,793,0,1.0,793,True,0.0,12673,793,0.06257397616980984,126,51,0.00018689999706111848,0.0009231000149156898,0.0011100000119768083
DEV-2590,LOW,LARGE,22,2,4,0,Optimization terminated successfully. (HiGHS Status 7: Optimal),True,1486.0,1486.0,0.0,0,1486,1486,0,1.0,1486,True,0.0,12255,1486,0.12125662994696042,132,72,0.00019949997658841312,0.0010019000037573278,0.001201399980345741
DEV-2591,LOW,SMALL,3,4,1,0,Optimization terminated successfully. (HiGHS Status 7: Optimal),True,169.0,169.0,0.0,0,169,169,0,1.0,169,True,0.0,1174,169,0.14395229982964225,36,21,0.00014180000289343297,0.0007504999812226743,0.0008922999841161072
DEV-2592,HIGH,SMALL,5,3,1,0,Optimization terminated successfully. (HiGHS Status 7: Optimal),True,843.0,843.0,0.0,0,875,843,32,0.9634285714285714,843,True,0.0,2093,843,0.4027711419015767,45,24,0.00014099999680183828,0.0007324999896809459,0.0008734999864827842
DEV-2593,LOW,MEDIUM,9,5,3,0,Optimization terminated successfully. (HiGHS Status 7: Optimal),True,1967.0,1967.0,0.0,1,1967,1967,0,1.0,1967,True,0.0,5245,1967,0.37502383222116303,135,42,0.00018709999858401716,0.0049915999989025295,0.005178699997486547
DEV-2594,MODERATE,LARGE,26,2,2,0,Optimization terminated successfully. (HiGHS Status 7: Optimal),True,1268.0,1268.0,0.0,0,1268,1268,0,1.0,1268,True,0.0,19342,1268,0.06555681935684003,156,84,0.00021869997726753354,0.0010245000012218952,0.0012431999784894288
DEV-2595,MODERATE,MEDIUM,8,5,1,0,Optimization terminated successfully. (HiGHS Status 7: Optimal),True,587.0,587.0,0.0,0,587,587,0,1.0,587,True,0.0,5013,587,0.11709555156592859,120,39,0.0001847999810706824,0.0009105000062845647,0.0010952999873552471
DEV-2596,LOW,MEDIUM,13,4,5,0,Optimization terminated successfully. (HiGHS Status 7: Optimal),True,4538.0,4538.0,0.0,1,4538,4538,0,1.0,4538,True,0.0,9858,4538,0.4603367823087847,156,51,0.00020700000459328294,0.004815399996004999,0.005022400000598282
DEV-2597,LOW,LARGE,30,3,3,0,Optimization terminated successfully. (HiGHS Status 7: Optimal),True,3908.0,3908.0,0.0,0,3908,3908,0,1.0,3908,True,0.0,28112,3908,0.1390153671030165,270,99,0.0003664999967440963,0.0013151999737601727,0.001681699970504269
DEV-2598,HIGH,LARGE,20,3,1,0,Optimization terminated successfully. (HiGHS Status 7: Optimal),True,512.0,512.0,0.0,0,512,512,0,1.0,512,True,0.0,15054,512,0.03401089411452106,180,69,0.000225499999942258,0.00104599999031052,0.001271499990252778
DEV-2599,MODERATE,LARGE,19,5,7,0,Optimization terminated successfully. (HiGHS Status 7: Optimal),True,3794.0,3794.0,0.0,1,3794,3794,0,1.0,3794,True,0.0,12130,3794,0.31277823577906017,285,72,0.0002701000194065273,0.0035689000214915723,0.0038390000408980995
DEV-2600,HIGH,SMALL,4,2,1,0,Optimization terminated successfully. (HiGHS Status 7: Optimal),True,1104.0,1104.0,0.0,0,1200,1104,96,0.92,1104,True,0.0,3091,1104,0.35716596570689096,24,18,0.00013390000094659626,0.0006886000046506524,0.0008225000055972487
DEV-2601,HIGH,SMALL,6,3,1,0,Optimization terminated successfully. (HiGHS Status 7: Optimal),True,2114.0,2114.0,0.0,0,2114,2114,0,1.0,2114,True,0.0,7594,2114,0.2783776665788781,54,27,0.00014789999113418162,0.0007430999830830842,0.0008909999742172658
DEV-2602,HIGH,SMALL,4,5,1,0,Optimization terminated successfully. (HiGHS Status 7: Optimal),True,330.0,330.0,0.0,0,330,330,0,1.0,330,True,0.0,1505,330,0.21926910299003322,60,27,0.0001466000103391707,0.0007683000003453344,0.0009149000106845051
DEV-2603,HIGH,LARGE,28,3,3,0,Optimization terminated successfully. (HiGHS Status 7: Optimal),True,3315.0,3315.0,0.0,0,3315,3315,0,1.0,3315,True,0.0,20575,3315,0.16111786148238152,252,93,0.0002564000023994595,0.0012425000022631139,0.0014989000046625733
DEV-2604,MODERATE,LARGE,23,4,3,0,Optimization terminated successfully. (HiGHS Status 7: Optimal),True,1265.0,1265.0,0.0,0,1265,1265,0,1.0,1265,True,0.0,18491,1265,0.06841165972635337,276,81,0.00026760000037029386,0.0012789999891538173,0.0015465999895241112
DEV-2605,MODERATE,LARGE,21,2,3,0,Optimization terminated successfully. (HiGHS Status 7: Optimal),True,3726.0,3726.0,0.0,0,3726,3726,0,1.0,3726,True,0.0,14393,3726,0.2588758424234003,126,69,0.00020149999181739986,0.0009379999828524888,0.0011394999746698886
DEV-2606,HIGH,MEDIUM,10,4,2,0,Optimization terminated successfully. (HiGHS Status 7: Optimal),True,815.0,815.0,0.0,1,815,815,0,1.0,815,True,0.0,6259,815,0.13021249400862758,120,42,0.00019269998301751912,0.006370100018102676,0.006562800001120195
DEV-2607,HIGH,MEDIUM,12,3,2,0,Optimization terminated successfully. (HiGHS Status 7: Optimal),True,3029.0,3029.0,0.0,1,3029,3029,0,1.0,3029,True,0.0,12441,3029,0.24346917450365727,108,45,0.00018469998030923307,0.006991600006585941,0.007176299986895174
DEV-2608,HIGH,LARGE,25,4,3,0,Optimization terminated successfully. (HiGHS Status 7: Optimal),True,1465.0,1465.0,0.0,0,1465,1465,0,1.0,1465,True,0.0,19257,1465,0.07607623201952536,300,87,0.00029070000164210796,0.0014084000140428543,0.0016991000156849623
DEV-2609,HIGH,LARGE,26,4,3,0,Optimization terminated successfully. (HiGHS Status 7: Optimal),True,3344.0,3344.0,0.0,1,3344,3344,0,1.0,3344,True,0.0,21454,3344,0.15586836953481867,312,90,0.0003189000126440078,0.005819299985887483,0.0061381999985314906
DEV-2610,HIGH,SMALL,4,3,1,0,Optimization terminated successfully. (HiGHS Status 7: Optimal),True,272.0,272.0,0.0,0,272,272,0,1.0,272,True,0.0,4122,272,0.06598738476467735,36,21,0.00014290001126937568,0.0007167999865487218,0.0008596999978180975
DEV-2611,MODERATE,SMALL,3,2,1,0,Optimization terminated successfully. (HiGHS Status 7: Optimal),True,960.0,960.0,0.0,0,960,960,0,1.0,960,True,0.0,1764,960,0.54421768707483,18,15,0.00013100000796839595,0.0006474000110756606,0.0007784000190440565
DEV-2612,MODERATE,SMALL,6,4,1,0,Optimization terminated successfully. (HiGHS Status 7: Optimal),True,279.0,279.0,0.0,0,279,279,0,1.0,279,True,0.0,2233,279,0.12494402149574563,72,30,0.00015629999688826501,0.0007859999896027148,0.0009422999864909798
DEV-2613,HIGH,LARGE,24,5,1,0,Optimization terminated successfully. (HiGHS Status 7: Optimal),True,19.0,19.0,0.0,0,19,19,0,1.0,19,True,0.0,22428,19,0.000847155341537364,360,87,0.0003350999904796481,0.0014513999922201037,0.0017864999826997519
DEV-2614,MODERATE,LARGE,19,4,4,0,Optimization terminated successfully. (HiGHS Status 7: Optimal),True,2070.0,2070.0,0.0,0,2070,2070,0,1.0,2070,True,0.0,13990,2070,0.14796283059328091,228,69,0.00023870001314207911,0.0012061999877914786,0.0014449000009335577
DEV-2615,LOW,LARGE,28,2,4,0,Optimization terminated successfully. (HiGHS Status 7: Optimal),True,2088.0,2088.0,0.0,0,2088,2088,0,1.0,2088,True,0.0,17191,2088,0.12145890291431563,168,90,0.00022650000755675137,0.001046599994879216,0.0012731000024359673
DEV-2616,MODERATE,LARGE,20,3,3,0,Optimization terminated successfully. (HiGHS Status 7: Optimal),True,2807.0,2807.0,0.0,0,2807,2807,0,1.0,2807,True,0.0,14137,2807,0.19855697814246304,180,69,0.0002179000002797693,0.0010793999827001244,0.0012972999829798937
DEV-2617,MODERATE,MEDIUM,13,4,1,0,Optimization terminated successfully. (HiGHS Status 7: Optimal),True,1345.0,1345.0,0.0,0,1345,1345,0,1.0,1345,True,0.0,7597,1345,0.17704356983019612,156,51,0.0002018999948631972,0.0009808000177145004,0.0011827000125776976
DEV-2618,MODERATE,SMALL,5,3,1,0,Optimization terminated successfully. (HiGHS Status 7: Optimal),True,480.0,480.0,0.0,0,480,480,0,1.0,480,True,0.0,3107,480,0.15448986160283232,45,24,0.00014620000729337335,0.0007866999949328601,0.0009329000022262335
DEV-2619,LOW,SMALL,4,4,1,0,Optimization terminated successfully. (HiGHS Status 7: Optimal),True,1346.0,1346.0,0.0,0,1346,1346,0,1.0,1346,True,0.0,2913,1346,0.4620665980089255,48,24,0.00017250000382773578,0.0007375999994110316,0.0009101000032387674
DEV-2620,HIGH,LARGE,23,5,9,0,Optimization terminated successfully. (HiGHS Status 7: Optimal),True,4839.0,4839.0,0.0,1,4868,4839,29,0.9940427280197206,4839,True,0.0,12497,4839,0.38721293110346483,345,84,0.00030780001543462276,0.003349399979924783,0.003657199995359406
DEV-2621,HIGH,SMALL,3,2,1,0,Optimization terminated successfully. (HiGHS Status 7: Optimal),True,317.0,317.0,0.0,0,391,317,74,0.8107416879795396,317,True,0.0,1256,317,0.25238853503184716,18,15,0.0001297999988310039,0.0006682999955955893,0.0007980999944265932
DEV-2622,MODERATE,LARGE,23,5,2,0,Optimization terminated successfully. (HiGHS Status 7: Optimal),True,1086.0,1086.0,0.0,0,1086,1086,0,1.0,1086,True,0.0,14676,1086,0.07399836467702371,345,84,0.00029910000739619136,0.001424999994924292,0.0017241000023204833
DEV-2623,HIGH,LARGE,21,4,3,0,Optimization terminated successfully. (HiGHS Status 7: Optimal),True,1565.0,1565.0,0.0,0,1565,1565,0,1.0,1565,True,0.0,14948,1565,0.10469628043885469,252,75,0.0002504000149201602,0.001239299977896735,0.0014896999928168952
DEV-2624,HIGH,MEDIUM,8,2,2,0,Optimization terminated successfully. (HiGHS Status 7: Optimal),True,1313.0,1313.0,0.0,1,1313,1313,0,1.0,1313,True,0.0,6198,1313,0.21184252984833818,48,30,0.0001517999917268753,0.008189699990907684,0.00834149998263456
DEV-2625,HIGH,LARGE,22,2,2,0,Optimization terminated successfully. (HiGHS Status 7: Optimal),True,602.0,602.0,0.0,0,602,602,0,1.0,602,True,0.0,17841,602,0.033742503222913514,132,72,0.00020610002684406936,0.000958200020249933,0.0011643000470940024
DEV-2626,HIGH,LARGE,19,2,4,0,Optimization terminated successfully. (HiGHS Status 7: Optimal),True,1910.0,1910.0,0.0,0,1910,1910,0,1.0,1910,True,0.0,11092,1910,0.1721961774251713,114,63,0.00018999999156221747,0.000926699984120205,0.0011166999756824225
DEV-2627,HIGH,LARGE,28,4,2,0,Optimization terminated successfully. (HiGHS Status 7: Optimal),True,2162.0,2162.0,0.0,0,2162,2162,0,1.0,2162,True,0.0,23026,2162,0.09389385911578216,336,96,0.0002986000035889447,0.0014349999837577343,0.001733599987346679
DEV-2628,HIGH,LARGE,21,2,1,0,Optimization terminated successfully. (HiGHS Status 7: Optimal),True,1925.0,1925.0,0.0,0,1925,1925,0,1.0,1925,True,0.0,12753,1925,0.15094487571551793,126,69,0.0001970999874174595,0.0009238000202458352,0.0011209000076632947
DEV-2629,MODERATE,SMALL,4,2,1,0,Optimization terminated successfully. (HiGHS Status 7: Optimal),True,251.0,251.0,0.0,0,251,251,0,1.0,251,True,0.0,2052,251,0.12231968810916179,24,18,0.00012809998588636518,0.0006834999949205667,0.0008115999808069319
DEV-2630,HIGH,LARGE,20,2,1,0,Optimization terminated successfully. (HiGHS Status 7: Optimal),True,1175.0,1175.0,0.0,0,1175,1175,0,1.0,1175,True,0.0,15529,1175,0.07566488505377036,120,66,0.0001914000022225082,0.0009067000064533204,0.0010981000086758286
DEV-2631,HIGH,LARGE,20,3,7,0,Optimization terminated successfully. (HiGHS Status 7: Optimal),True,4390.0,4390.0,0.0,1,4390,4390,0,1.0,4390,True,0.0,11441,4390,0.3837077178568307,180,69,0.00022329998319037259,0.0038069000001996756,0.004030199983390048
DEV-2632,MODERATE,MEDIUM,13,5,1,0,Optimization terminated successfully. (HiGHS Status 7: Optimal),True,918.0,918.0,0.0,0,918,918,0,1.0,918,True,0.0,9383,918,0.0978365128423745,195,54,0.00023320000036619604,0.001082399976439774,0.00131559997680597
DEV-2633,MODERATE,LARGE,19,2,2,0,Optimization terminated successfully. (HiGHS Status 7: Optimal),True,1404.0,1404.0,0.0,0,1404,1404,0,1.0,1404,True,0.0,12733,1404,0.11026466661430928,114,63,0.00019039999460801482,0.0009583999926690012,0.001148799987277016
DEV-2634,MODERATE,SMALL,6,2,1,0,Optimization terminated successfully. (HiGHS Status 7: Optimal),True,18.0,18.0,0.0,0,18,18,0,1.0,18,True,0.0,2612,18,0.006891271056661562,36,24,0.00013990001752972603,0.0007130999874789268,0.0008530000050086528
DEV-2635,HIGH,SMALL,6,5,3,0,Optimization terminated successfully. (HiGHS Status 7: Optimal),True,1416.0,1416.0,0.0,1,1441,1416,25,0.9826509368494102,1416,True,0.0,2916,1416,0.48559670781893005,90,33,0.0001647000026423484,0.005967600009171292,0.006132300011813641
DEV-2636,MODERATE,LARGE,18,2,2,0,Optimization terminated successfully. (HiGHS Status 7: Optimal),True,823.0,823.0,0.0,0,823,823,0,1.0,823,True,0.0,8404,823,0.09792955735364112,108,60,0.0001871999993454665,0.0008932999917306006,0.001080499991076067
DEV-2637,LOW,LARGE,24,3,4,0,Optimization terminated successfully. (HiGHS Status 7: Optimal),True,2052.0,2052.0,0.0,0,2052,2052,0,1.0,2052,True,0.0,14307,2052,0.14342629482071714,216,81,0.00024339999072253704,0.0011876999924425036,0.0014310999831650406
DEV-2638,HIGH,SMALL,5,5,1,0,Optimization terminated successfully. (HiGHS Status 7: Optimal),True,1171.0,1171.0,0.0,0,1172,1171,1,0.9991467576791809,1171,True,0.0,3224,1171,0.3632133995037221,75,30,0.00015879998682066798,0.0008344000088982284,0.0009931999957188964
DEV-2639,HIGH,MEDIUM,9,4,1,0,Optimization terminated successfully. (HiGHS Status 7: Optimal),True,1227.0,1227.0,0.0,0,1227,1227,0,1.0,1227,True,0.0,7023,1227,0.17471166168304145,108,39,0.00018130001262761652,0.0008840999798849225,0.001065399992512539
DEV-2640,HIGH,MEDIUM,11,4,1,0,Optimization terminated successfully. (HiGHS Status 7: Optimal),True,1155.0,1155.0,0.0,0,1155,1155,0,1.0,1155,True,0.0,10865,1155,0.1063046479521399,132,45,0.00018850000924430788,0.0009336000075563788,0.0011221000168006867
DEV-2641,HIGH,MEDIUM,11,5,3,0,Optimization terminated successfully. (HiGHS Status 7: Optimal),True,936.0,936.0,0.0,1,936,936,0,1.0,936,True,0.0,7038,936,0.1329923273657289,165,48,0.00020390001009218395,0.005855999974301085,0.006059899984393269
DEV-2642,MODERATE,MEDIUM,8,3,1,0,Optimization terminated successfully. (HiGHS Status 7: Optimal),True,587.0,587.0,0.0,0,587,587,0,1.0,587,True,0.0,7739,587,0.07584959297066804,72,33,0.0001647000026423484,0.0008004000119399279,0.0009651000145822763
DEV-2643,HIGH,SMALL,6,5,1,0,Optimization terminated successfully. (HiGHS Status 7: Optimal),True,825.0,825.0,0.0,0,825,825,0,1.0,825,True,0.0,4178,825,0.1974629009095261,90,33,0.00017260000458918512,0.0008459000091534108,0.001018500013742596
DEV-2644,MODERATE,MEDIUM,11,4,2,0,Optimization terminated successfully. (HiGHS Status 7: Optimal),True,2115.0,2115.0,0.0,0,2115,2115,0,1.0,2115,True,0.0,9287,2115,0.22773769785721976,132,45,0.00018950001685880125,0.0009420999849680811,0.0011316000018268824
DEV-2645,MODERATE,SMALL,6,4,1,0,Optimization terminated successfully. (HiGHS Status 7: Optimal),True,180.0,180.0,0.0,0,180,180,0,1.0,180,True,0.0,2096,180,0.08587786259541985,72,30,0.00016029999824240804,0.0007889000116847456,0.0009492000099271536
DEV-2646,MODERATE,SMALL,5,3,1,0,Optimization terminated successfully. (HiGHS Status 7: Optimal),True,668.0,668.0,0.0,0,668,668,0,1.0,668,True,0.0,3532,668,0.18912797281993204,45,24,0.00014310001279227436,0.0007237999816425145,0.0008668999944347888
DEV-2647,MODERATE,LARGE,24,2,5,0,Optimization terminated successfully. (HiGHS Status 7: Optimal),True,1891.0,1891.0,0.0,0,1891,1891,0,1.0,1891,True,0.0,15986,1891,0.11829100462905041,144,78,0.00021840000408701599,0.0010046999959740788,0.0012231000000610948
DEV-2648,MODERATE,LARGE,24,5,4,0,Optimization terminated successfully. (HiGHS Status 7: Optimal),True,2491.0,2491.0,0.0,0,2491,2491,0,1.0,2491,True,0.0,13108,2491,0.19003661885871223,360,87,0.0003051000239793211,0.0015180999762378633,0.0018232000002171844
DEV-2649,MODERATE,SMALL,4,5,2,0,Optimization terminated successfully. (HiGHS Status 7: Optimal),True,1006.0,1006.0,0.0,1,1006,1006,0,1.0,1006,True,0.0,3312,1006,0.303743961352657,60,27,0.00015150001854635775,0.0045544999884441495,0.004706000006990507
DEV-2650,LOW,MEDIUM,14,5,1,0,Optimization terminated successfully. (HiGHS Status 7: Optimal),True,19.0,19.0,0.0,0,19,19,0,1.0,19,True,0.0,10088,19,0.0018834258524980175,210,57,0.00023090001195669174,0.001125399983720854,0.0013562999956775457
DEV-2651,HIGH,LARGE,26,5,2,0,Optimization terminated successfully. (HiGHS Status 7: Optimal),True,659.0,659.0,0.0,0,659,659,0,1.0,659,True,0.0,17661,659,0.037313855387577144,390,93,0.00033599999733269215,0.0015337000077124685,0.0018697000050451607
DEV-2652,LOW,MEDIUM,11,2,1,0,Optimization terminated successfully. (HiGHS Status 7: Optimal),True,361.0,361.0,0.0,0,361,361,0,1.0,361,True,0.0,5745,361,0.0628372497824195,66,39,0.00016480000340379775,0.0007763000030536205,0.0009411000064574182
DEV-2653,HIGH,SMALL,4,4,1,0,Optimization terminated successfully. (HiGHS Status 7: Optimal),True,1037.0,1037.0,0.0,0,1129,1037,92,0.9185119574844995,1037,True,0.0,2995,1037,0.34624373956594323,48,24,0.00014780001947656274,0.0006988999957684427,0.0008467000152450055
DEV-2654,HIGH,MEDIUM,12,5,3,0,Optimization terminated successfully. (HiGHS Status 7: Optimal),True,2649.0,2649.0,0.0,1,2649,2649,0,1.0,2649,True,0.0,9456,2649,0.2801395939086294,180,51,0.00021719999494962394,0.0047737999993842095,0.0049909999943338335
DEV-2655,LOW,MEDIUM,14,3,4,0,Optimization terminated successfully. (HiGHS Status 7: Optimal),True,1637.0,1637.0,0.0,0,1637,1637,0,1.0,1637,True,0.0,9712,1637,0.16855436573311366,126,51,0.00019729998894035816,0.0009541000181343406,0.0011514000070746988
DEV-2656,MODERATE,MEDIUM,8,2,2,0,Optimization terminated successfully. (HiGHS Status 7: Optimal),True,560.0,560.0,0.0,0,560,560,0,1.0,560,True,0.0,5427,560,0.10318776487930717,48,30,0.00015520001761615276,0.0007317000126931816,0.0008869000303093344
DEV-2657,HIGH,LARGE,25,4,7,0,Optimization terminated successfully. (HiGHS Status 7: Optimal),True,6965.0,6965.0,0.0,1,6971,6965,6,0.9991392913498781,6965,True,0.0,19454,6965,0.35802405674925464,300,87,0.0002835000050254166,0.0038907999987713993,0.004174300003796816
DEV-2658,HIGH,LARGE,26,4,3,0,Optimization terminated successfully. (HiGHS Status 7: Optimal),True,1206.0,1206.0,0.0,0,1206,1206,0,1.0,1206,True,0.0,14985,1206,0.08048048048048048,312,90,0.0002911999763455242,0.0013995000044815242,0.0016906999808270484
DEV-2659,HIGH,SMALL,3,3,1,0,Optimization terminated successfully. (HiGHS Status 7: Optimal),True,290.0,290.0,0.0,0,472,290,182,0.614406779661017,290,True,0.0,2390,290,0.12133891213389121,27,18,0.00013429997488856316,0.0006735000060871243,0.0008077999809756875
DEV-2660,MODERATE,SMALL,5,3,2,0,Optimization terminated successfully. (HiGHS Status 7: Optimal),True,873.0,873.0,0.0,0,873,873,0,1.0,873,True,0.0,4597,873,0.18990646073526213,45,24,0.00014069999451749027,0.0007070999999996275,0.0008477999945171177
DEV-2661,HIGH,LARGE,29,2,1,0,Optimization terminated successfully. (HiGHS Status 7: Optimal),True,659.0,659.0,0.0,0,659,659,0,1.0,659,True,0.0,19657,659,0.03352495294297197,174,93,0.00022810001973994076,0.0010500999924261123,0.001278200012166053
DEV-2662,HIGH,SMALL,3,3,2,0,Optimization terminated successfully. (HiGHS Status 7: Optimal),True,352.0,352.0,0.0,1,489,352,137,0.7198364008179959,352,True,0.0,1058,352,0.332703213610586,27,18,0.00013249999028630555,0.005723200010834262,0.005855700001120567
DEV-2663,HIGH,SMALL,6,5,2,0,Optimization terminated successfully. (HiGHS Status 7: Optimal),True,1300.0,1300.0,0.0,1,2185,1300,885,0.5949656750572082,1300,True,0.0,3543,1300,0.36692068868190797,90,33,0.0001686000032350421,0.004503300006035715,0.0046719000092707574
DEV-2664,MODERATE,LARGE,23,3,1,0,Optimization terminated successfully. (HiGHS Status 7: Optimal),True,574.0,574.0,0.0,0,574,574,0,1.0,574,True,0.0,17347,574,0.0330892949789589,207,78,0.00023949999012984335,0.001127800001995638,0.0013672999921254814
DEV-2665,HIGH,MEDIUM,9,2,2,0,Optimization terminated successfully. (HiGHS Status 7: Optimal),True,1126.0,1126.0,0.0,0,1126,1126,0,1.0,1126,True,0.0,6105,1126,0.18443898443898443,54,33,0.00014970000484026968,0.0007687000033911318,0.0009184000082314014
DEV-2666,MODERATE,LARGE,26,5,10,0,Optimization terminated successfully. (HiGHS Status 7: Optimal),True,6571.0,6571.0,0.0,1,6571,6571,0,1.0,6571,True,0.0,17109,6571,0.38406686539248347,390,93,0.0003308999876026064,0.003341800009366125,0.0036726999969687313
DEV-2667,MODERATE,LARGE,30,3,3,0,Optimization terminated successfully. (HiGHS Status 7: Optimal),True,1760.0,1760.0,0.0,0,1760,1760,0,1.0,1760,True,0.0,23050,1760,0.07635574837310195,270,99,0.00028279999969527125,0.001282899989746511,0.0015656999894417822
DEV-2668,HIGH,SMALL,4,4,2,0,Optimization terminated successfully. (HiGHS Status 7: Optimal),True,24.0,24.0,0.0,0,37,24,13,0.6486486486486487,24,True,0.0,2023,24,0.011863568956994563,48,24,0.00014429999282583594,0.0007339000003412366,0.0008781999931670725
DEV-2669,HIGH,LARGE,23,3,1,0,Optimization terminated successfully. (HiGHS Status 7: Optimal),True,702.0,702.0,0.0,0,702,702,0,1.0,702,True,0.0,13948,702,0.05032979638657872,207,78,0.00024190000840462744,0.0011004999978467822,0.0013424000062514096
DEV-2670,LOW,MEDIUM,10,3,1,0,Optimization terminated successfully. (HiGHS Status 7: Optimal),True,622.0,622.0,0.0,0,622,622,0,1.0,622,True,0.0,2384,622,0.2609060402684564,90,39,0.00027260000933893025,0.000825099996291101,0.0010977000056300312
DEV-2671,MODERATE,LARGE,27,2,2,0,Optimization terminated successfully. (HiGHS Status 7: Optimal),True,2357.0,2357.0,0.0,0,2357,2357,0,1.0,2357,True,0.0,18937,2357,0.12446533241801763,162,87,0.00021889997879043221,0.0010099000064656138,0.001228799985256046
DEV-2672,MODERATE,SMALL,6,3,1,0,Optimization terminated successfully. (HiGHS Status 7: Optimal),True,5.0,5.0,0.0,0,5,5,0,1.0,5,True,0.0,2695,5,0.0018552875695732839,54,27,0.00015189999248832464,0.0007237000099848956,0.0008756000024732202
DEV-2673,MODERATE,MEDIUM,10,2,2,0,Optimization terminated successfully. (HiGHS Status 7: Optimal),True,1374.0,1374.0,0.0,0,1374,1374,0,1.0,1374,True,0.0,4241,1374,0.32398019335062483,60,36,0.00015170002006925642,0.0009950999810826033,0.0011468000011518598
DEV-2674,HIGH,MEDIUM,14,2,2,0,Optimization terminated successfully. (HiGHS Status 7: Optimal),True,221.0,221.0,0.0,0,221,221,0,1.0,221,True,0.0,7854,221,0.02813852813852814,84,48,0.00017869999282993376,0.0008299000037368387,0.0010085999965667725
DEV-2675,HIGH,SMALL,4,2,1,0,Optimization terminated successfully. (HiGHS Status 7: Optimal),True,363.0,363.0,0.0,0,363,363,0,1.0,363,True,0.0,2734,363,0.1327724945135333,24,18,0.00012849998893216252,0.0006624000088777393,0.0007908999978099018
DEV-2676,HIGH,MEDIUM,14,4,2,0,Optimization terminated successfully. (HiGHS Status 7: Optimal),True,1160.0,1160.0,0.0,0,1160,1160,0,1.0,1160,True,0.0,11505,1160,0.10082572794437202,168,54,0.00021779999951831996,0.001045600016368553,0.001263400015886873
DEV-2677,HIGH,SMALL,4,3,1,0,Optimization terminated successfully. (HiGHS Status 7: Optimal),True,215.0,215.0,0.0,0,215,215,0,1.0,215,True,0.0,2340,215,0.09188034188034189,36,21,0.00013780000153928995,0.0007020999910309911,0.000839899992570281
DEV-2678,MODERATE,MEDIUM,12,5,3,0,Optimization terminated successfully. (HiGHS Status 7: Optimal),True,1290.0,1290.0,0.0,1,1290,1290,0,1.0,1290,True,0.0,10244,1290,0.12592737212026553,180,51,0.0002136999974027276,0.005170399992493913,0.00538409998989664
DEV-2679,MODERATE,SMALL,4,4,1,0,Optimization terminated successfully. (HiGHS Status 7: Optimal),True,673.0,673.0,0.0,0,673,673,0,1.0,673,True,0.0,1966,673,0.34231943031536116,48,24,0.00015549999079667032,0.0007520000217482448,0.0009075000125449151
DEV-2680,HIGH,LARGE,20,2,1,0,Optimization terminated successfully. (HiGHS Status 7: Optimal),True,943.0,943.0,0.0,0,943,943,0,1.0,943,True,0.0,17080,943,0.05521077283372365,120,66,0.00019640001119114459,0.0009068000072147697,0.0011032000184059143
DEV-2681,HIGH,SMALL,4,4,2,0,Optimization terminated successfully. (HiGHS Status 7: Optimal),True,695.0,695.0,0.0,1,695,695,0,1.0,695,True,0.0,4530,695,0.1534216335540839,48,24,0.00014369998825713992,0.00597379999817349,0.00611749998643063
DEV-2682,MODERATE,SMALL,5,3,2,0,Optimization terminated successfully. (HiGHS Status 7: Optimal),True,379.0,379.0,0.0,0,379,379,0,1.0,379,True,0.0,2789,379,0.13589100035855145,45,24,0.0001519000215921551,0.0007470999844372272,0.0008990000060293823
DEV-2683,MODERATE,LARGE,23,2,1,0,Optimization terminated successfully. (HiGHS Status 7: Optimal),True,656.0,656.0,0.0,0,656,656,0,1.0,656,True,0.0,18050,656,0.03634349030470914,138,75,0.00021579998428933322,0.0009559000027365983,0.0011716999870259315
DEV-2684,HIGH,LARGE,19,2,5,0,Optimization terminated successfully. (HiGHS Status 7: Optimal),True,3159.0,3159.0,0.0,1,3166,3159,7,0.9977890082122552,3159,True,0.0,12038,3159,0.26241900647948163,114,63,0.0001889999839477241,0.005322800017893314,0.0055118000018410385
DEV-2685,MODERATE,LARGE,25,3,5,0,Optimization terminated successfully. (HiGHS Status 7: Optimal),True,1325.0,1325.0,0.0,0,1325,1325,0,1.0,1325,True,0.0,17635,1325,0.07513467536149702,225,84,0.00024850000045262277,0.0011906000145245343,0.0014391000149771571
DEV-2686,HIGH,MEDIUM,11,5,2,0,Optimization terminated successfully. (HiGHS Status 7: Optimal),True,3076.0,3076.0,0.0,1,3290,3076,214,0.9349544072948328,3076,True,0.0,7835,3076,0.3925973197192087,165,48,0.0002127000188920647,0.0047061999794095755,0.00491889999830164
DEV-2687,MODERATE,MEDIUM,12,3,2,0,Optimization terminated successfully. (HiGHS Status 7: Optimal),True,242.0,242.0,0.0,0,242,242,0,1.0,242,True,0.0,6562,242,0.03687900030478513,108,45,0.00018569998792372644,0.0009241000225301832,0.0011098000104539096
DEV-2688,HIGH,SMALL,5,5,1,0,Optimization terminated successfully. (HiGHS Status 7: Optimal),True,407.0,407.0,0.0,0,407,407,0,1.0,407,True,0.0,2273,407,0.17905851297844258,75,30,0.00016270001651719213,0.0007973999890964478,0.00096010000561364
DEV-2689,MODERATE,MEDIUM,10,3,1,0,Optimization terminated successfully. (HiGHS Status 7: Optimal),True,1501.0,1501.0,0.0,0,1501,1501,0,1.0,1501,True,0.0,6535,1501,0.22968630451415456,90,39,0.00017099999240599573,0.0008259000023826957,0.0009968999947886914
DEV-2690,HIGH,MEDIUM,12,3,3,0,Optimization terminated successfully. (HiGHS Status 7: Optimal),True,1659.0,1659.0,0.0,1,1659,1659,0,1.0,1659,True,0.0,8582,1659,0.1933115823817292,108,45,0.00017820001812651753,0.007104599993908778,0.007282800012035295
DEV-2691,HIGH,SMALL,5,5,2,0,Optimization terminated successfully. (HiGHS Status 7: Optimal),True,807.0,807.0,0.0,1,807,807,0,1.0,807,True,0.0,2353,807,0.342966425839354,75,30,0.00016080000204965472,0.005539399979170412,0.0057001999812200665
DEV-2692,MODERATE,MEDIUM,10,5,1,0,Optimization terminated successfully. (HiGHS Status 7: Optimal),True,501.0,501.0,0.0,0,501,501,0,1.0,501,True,0.0,6551,501,0.07647687375973133,150,45,0.00020670000230893493,0.00096750000375323,0.001174200006062165
DEV-2693,HIGH,MEDIUM,11,3,1,0,Optimization terminated successfully. (HiGHS Status 7: Optimal),True,204.0,204.0,0.0,0,204,204,0,1.0,204,True,0.0,6876,204,0.029668411867364748,99,42,0.0001750999945215881,0.0008701999904587865,0.0010452999849803746
DEV-2694,MODERATE,MEDIUM,9,3,1,0,Optimization terminated successfully. (HiGHS Status 7: Optimal),True,814.0,814.0,0.0,0,814,814,0,1.0,814,True,0.0,10105,814,0.08055418109846611,81,36,0.00017889999435283244,0.000811500009149313,0.0009904000035021454
DEV-2695,LOW,SMALL,6,5,1,0,Optimization terminated successfully. (HiGHS Status 7: Optimal),True,915.0,915.0,0.0,0,915,915,0,1.0,915,True,0.0,3934,915,0.23258769700050838,90,33,0.00016589998267591,0.0008251999970525503,0.0009910999797284603
DEV-2696,MODERATE,LARGE,27,3,10,0,Optimization terminated successfully. (HiGHS Status 7: Optimal),True,4080.0,4080.0,0.0,0,4080,4080,0,1.0,4080,True,0.0,15048,4080,0.2711323763955343,243,90,0.00026489997981116176,0.0012774000060744584,0.0015422999858856201
DEV-2697,MODERATE,SMALL,3,2,1,0,Optimization terminated successfully. (HiGHS Status 7: Optimal),True,352.0,352.0,0.0,0,352,352,0,1.0,352,True,0.0,2341,352,0.1503630926954293,18,15,0.00012549999519251287,0.0006614000012632459,0.0007868999964557588
DEV-2698,MODERATE,MEDIUM,12,5,2,0,Optimization terminated successfully. (HiGHS Status 7: Optimal),True,1134.0,1134.0,0.0,1,1134,1134,0,1.0,1134,True,0.0,6301,1134,0.17997143310585623,180,51,0.00021269998978823423,0.005825200001709163,0.006037899991497397
DEV-2699,LOW,SMALL,3,4,1,0,Optimization terminated successfully. (HiGHS Status 7: Optimal),True,355.0,355.0,0.0,0,355,355,0,1.0,355,True,0.0,2207,355,0.16085183507023107,36,21,0.0001385000068694353,0.0008746999956201762,0.0010132000024896115
DEV-2700,MODERATE,SMALL,5,4,1,0,Optimization terminated successfully. (HiGHS Status 7: Optimal),True,1815.0,1815.0,0.0,0,1815,1815,0,1.0,1815,True,0.0,4789,1815,0.37899352683232407,60,27,0.00017899999511428177,0.0009142999770119786,0.0010932999721262604
DEV-2701,MODERATE,LARGE,29,2,5,0,Optimization terminated successfully. (HiGHS Status 7: Optimal),True,4601.0,4601.0,0.0,0,4601,4601,0,1.0,4601,True,0.0,19686,4601,0.23371939449354873,174,93,0.0002673999988473952,0.0012626000097952783,0.0015300000086426735
DEV-2702,MODERATE,SMALL,5,3,2,0,Optimization terminated successfully. (HiGHS Status 7: Optimal),True,1844.0,1844.0,0.0,1,1844,1844,0,1.0,1844,True,0.0,3950,1844,0.4668354430379747,45,24,0.00015459998394362628,0.006943699991097674,0.0070982999750413
DEV-2703,HIGH,MEDIUM,11,5,1,0,Optimization terminated successfully. (HiGHS Status 7: Optimal),True,1432.0,1432.0,0.0,0,1432,1432,0,1.0,1432,True,0.0,8082,1432,0.17718386537985648,165,48,0.0002072000061161816,0.0010930999997071922,0.0013003000058233738
DEV-2704,HIGH,LARGE,22,5,3,0,Optimization terminated successfully. (HiGHS Status 7: Optimal),True,2938.0,2938.0,0.0,1,2938,2938,0,1.0,2938,True,0.0,16640,2938,0.1765625,330,81,0.00028890001703985035,0.004567999974824488,0.0048568999918643385
DEV-2705,HIGH,LARGE,28,2,2,0,Optimization terminated successfully. (HiGHS Status 7: Optimal),True,1413.0,1413.0,0.0,0,1413,1413,0,1.0,1413,True,0.0,23341,1413,0.06053725204575639,168,90,0.00022839999292045832,0.0010580000234767795,0.0012864000163972378
DEV-2706,HIGH,LARGE,29,4,3,0,Optimization terminated successfully. (HiGHS Status 7: Optimal),True,1481.0,1481.0,0.0,0,1481,1481,0,1.0,1481,True,0.0,19509,1481,0.07591368086524168,348,99,0.00031140001374296844,0.0014577000110875815,0.00176910002483055
DEV-2707,HIGH,MEDIUM,10,4,4,0,Optimization terminated successfully. (HiGHS Status 7: Optimal),True,2766.0,2766.0,0.0,1,3331,2766,565,0.8303812668868208,2766,True,0.0,7608,2766,0.3635646687697161,120,42,0.00017919999663718045,0.0033164999913424253,0.003495699987979606
DEV-2708,HIGH,LARGE,19,3,2,0,Optimization terminated successfully. (HiGHS Status 7: Optimal),True,1129.0,1129.0,0.0,0,1129,1129,0,1.0,1129,True,0.0,15765,1129,0.07161433555344117,171,66,0.00021680002100765705,0.0010218000097665936,0.0012386000307742506
DEV-2709,MODERATE,MEDIUM,10,4,1,0,Optimization terminated successfully. (HiGHS Status 7: Optimal),True,554.0,554.0,0.0,0,554,554,0,1.0,554,True,0.0,8004,554,0.06921539230384807,120,42,0.00018419997650198638,0.0008869000012055039,0.0010710999777074903
DEV-2710,MODERATE,LARGE,22,5,2,0,Optimization terminated successfully. (HiGHS Status 7: Optimal),True,1092.0,1092.0,0.0,0,1092,1092,0,1.0,1092,True,0.0,13296,1092,0.08212996389891697,330,81,0.0002905000001192093,0.0014054999919608235,0.0016959999920800328
DEV-2711,MODERATE,LARGE,25,2,2,0,Optimization terminated successfully. (HiGHS Status 7: Optimal),True,1389.0,1389.0,0.0,0,1389,1389,0,1.0,1389,True,0.0,16928,1389,0.08205340264650283,150,81,0.00020680000307038426,0.0009740999958012253,0.0011808999988716096
DEV-2712,LOW,MEDIUM,9,5,2,0,Optimization terminated successfully. (HiGHS Status 7: Optimal),True,1124.0,1124.0,0.0,0,1124,1124,0,1.0,1124,True,0.0,5480,1124,0.20510948905109488,135,42,0.0001846000086516142,0.0009350999898742884,0.0011196999985259026
DEV-2713,MODERATE,MEDIUM,14,3,4,0,Optimization terminated successfully. (HiGHS Status 7: Optimal),True,2581.0,2581.0,0.0,0,2581,2581,0,1.0,2581,True,0.0,9859,2581,0.26179125671974846,126,51,0.0001852000132203102,0.000989099993603304,0.0011743000068236142
DEV-2714,HIGH,SMALL,4,3,1,0,Optimization terminated successfully. (HiGHS Status 7: Optimal),True,161.0,161.0,0.0,0,350,161,189,0.46,161,True,0.0,2283,161,0.07052124397722295,36,21,0.0001346999779343605,0.0006692000024486333,0.0008038999803829938
DEV-2715,HIGH,LARGE,23,3,3,0,Optimization terminated successfully. (HiGHS Status 7: Optimal),True,2026.0,2026.0,0.0,0,2026,2026,0,1.0,2026,True,0.0,18869,2026,0.10737187980285123,207,78,0.00023439998039975762,0.001109600008931011,0.0013439999893307686
DEV-2716,MODERATE,MEDIUM,12,4,4,0,Optimization terminated successfully. (HiGHS Status 7: Optimal),True,3567.0,3567.0,0.0,1,3567,3567,0,1.0,3567,True,0.0,8997,3567,0.39646548849616536,144,48,0.0001925000105984509,0.0037697000079788268,0.003962200018577278
DEV-2717,HIGH,SMALL,5,3,1,0,Optimization terminated successfully. (HiGHS Status 7: Optimal),True,490.0,490.0,0.0,0,696,490,206,0.7040229885057471,490,True,0.0,4825,490,0.10155440414507771,45,24,0.00014509999891743064,0.0007258999976329505,0.0008709999965503812
DEV-2718,MODERATE,MEDIUM,8,5,3,0,Optimization terminated successfully. (HiGHS Status 7: Optimal),True,2046.0,2046.0,0.0,1,2046,2046,0,1.0,2046,True,0.0,6543,2046,0.31270059605685463,120,39,0.00018099998123943806,0.0037979000189807266,0.003978900000220165
DEV-2719,MODERATE,SMALL,5,5,2,0,Optimization terminated successfully. (HiGHS Status 7: Optimal),True,1051.0,1051.0,0.0,1,1051,1051,0,1.0,1051,True,0.0,2868,1051,0.36645746164574616,75,30,0.00015879998682066798,0.0054376000189222395,0.0055964000057429075
DEV-2720,HIGH,MEDIUM,11,3,2,0,Optimization terminated successfully. (HiGHS Status 7: Optimal),True,933.0,933.0,0.0,1,1092,933,159,0.8543956043956044,933,True,0.0,4062,933,0.22968980797636632,99,42,0.00017940002726390958,0.005610400025034323,0.005789800052298233
DEV-2721,LOW,SMALL,6,3,2,0,Optimization terminated successfully. (HiGHS Status 7: Optimal),True,2179.0,2179.0,0.0,0,2179,2179,0,1.0,2179,True,0.0,4592,2179,0.47452090592334495,54,27,0.00015009997878223658,0.0007834999996703118,0.0009335999784525484
DEV-2722,HIGH,LARGE,18,4,4,0,Optimization terminated successfully. (HiGHS Status 7: Optimal),True,1845.0,1845.0,0.0,1,1845,1845,0,1.0,1845,True,0.0,11505,1845,0.16036505867014342,216,66,0.00023179998970590532,0.004461400007130578,0.0046931999968364835
DEV-2723,MODERATE,LARGE,23,5,7,0,Optimization terminated successfully. (HiGHS Status 7: Optimal),True,3378.0,3378.0,0.0,1,3378,3378,0,1.0,3378,True,0.0,12967,3378,0.2605074419680728,345,84,0.0003065000055357814,0.004533600003924221,0.004840100009460002
DEV-2724,MODERATE,MEDIUM,11,4,2,0,Optimization terminated successfully. (HiGHS Status 7: Optimal),True,1471.0,1471.0,0.0,0,1471,1471,0,1.0,1471,True,0.0,8247,1471,0.1783678913544319,132,45,0.00019359998987056315,0.0009451000078115612,0.0011386999976821244
DEV-2725,HIGH,MEDIUM,10,4,1,0,Optimization terminated successfully. (HiGHS Status 7: Optimal),True,1497.0,1497.0,0.0,0,1497,1497,0,1.0,1497,True,0.0,7312,1497,0.2047319474835886,120,42,0.0001846000086516142,0.0009017999982461333,0.0010864000068977475
DEV-2726,MODERATE,LARGE,19,2,8,0,Optimization terminated successfully. (HiGHS Status 7: Optimal),True,7688.0,7688.0,0.0,1,7688,7688,0,1.0,7688,True,0.0,15434,7688,0.49812103148892056,114,63,0.00018820000695995986,0.004701000027125701,0.004889200034085661
DEV-2727,MODERATE,MEDIUM,8,4,1,0,Optimization terminated successfully. (HiGHS Status 7: Optimal),True,263.0,263.0,0.0,0,263,263,0,1.0,263,True,0.0,4748,263,0.05539174389216512,96,36,0.00018010000349022448,0.0008578999841120094,0.0010379999876022339
DEV-2728,LOW,SMALL,3,4,1,0,Optimization terminated successfully. (HiGHS Status 7: Optimal),True,965.0,965.0,0.0,0,965,965,0,1.0,965,True,0.0,1702,965,0.5669800235017627,36,21,0.0001340000017080456,0.000693499983754009,0.0008274999854620546
DEV-2729,HIGH,SMALL,3,3,1,0,Optimization terminated successfully. (HiGHS Status 7: Optimal),True,346.0,346.0,0.0,0,349,346,3,0.9914040114613181,346,True,0.0,2910,346,0.11890034364261168,27,18,0.0001272000081371516,0.0006618000043090433,0.0007890000124461949
DEV-2730,LOW,MEDIUM,14,3,1,0,Optimization terminated successfully. (HiGHS Status 7: Optimal),True,710.0,710.0,0.0,0,710,710,0,1.0,710,True,0.0,9484,710,0.07486292703500633,126,51,0.0001852999848779291,0.0008812000160105526,0.0010665000008884817
DEV-2731,HIGH,MEDIUM,10,3,2,0,Optimization terminated successfully. (HiGHS Status 7: Optimal),True,1249.0,1249.0,0.0,1,1249,1249,0,1.0,1249,True,0.0,8596,1249,0.14530013959981386,90,39,0.00016769999638199806,0.006937300000572577,0.007104999996954575
DEV-2732,HIGH,MEDIUM,11,3,2,0,Optimization terminated successfully. (HiGHS Status 7: Optimal),True,1813.0,1813.0,0.0,1,1813,1813,0,1.0,1813,True,0.0,8797,1813,0.2060929862453109,99,42,0.0001770000089891255,0.005559099983656779,0.005736099992645904
DEV-2733,HIGH,LARGE,23,4,2,0,Optimization terminated successfully. (HiGHS Status 7: Optimal),True,168.0,168.0,0.0,0,168,168,0,1.0,168,True,0.0,18290,168,0.00918534718425369,276,81,0.00027129999944008887,0.0012925000046379864,0.0015638000040780753
DEV-2734,MODERATE,MEDIUM,10,2,1,0,Optimization terminated successfully. (HiGHS Status 7: Optimal),True,90.0,90.0,0.0,0,90,90,0,1.0,90,True,0.0,3720,90,0.024193548387096774,60,36,0.0001587000151630491,0.000746600009733811,0.0009053000248968601
DEV-2735,MODERATE,LARGE,21,2,3,0,Optimization terminated successfully. (HiGHS Status 7: Optimal),True,1780.0,1780.0,0.0,0,1780,1780,0,1.0,1780,True,0.0,12457,1780,0.14289154692140965,126,69,0.00020219999714754522,0.0009406000026501715,0.0011427999997977167
DEV-2736,MODERATE,SMALL,6,2,1,0,Optimization terminated successfully. (HiGHS Status 7: Optimal),True,652.0,652.0,0.0,0,652,652,0,1.0,652,True,0.0,5475,652,0.11908675799086758,36,24,0.00013689999468624592,0.0007445999945048243,0.0008814999891910702
DEV-2737,MODERATE,MEDIUM,14,3,4,0,Optimization terminated successfully. (HiGHS Status 7: Optimal),True,2712.0,2712.0,0.0,0,2712,2712,0,1.0,2712,True,0.0,9744,2712,0.27832512315270935,126,51,0.00018599999020807445,0.0009248999995179474,0.0011108999897260219
DEV-2738,MODERATE,LARGE,28,2,9,0,Optimization terminated successfully. (HiGHS Status 7: Optimal),True,7497.0,7497.0,0.0,0,7497,7497,0,1.0,7497,True,0.0,21064,7497,0.35591530573490315,168,90,0.0002237000153400004,0.0010578000219538808,0.0012815000372938812
DEV-2739,HIGH,SMALL,6,2,1,0,Optimization terminated successfully. (HiGHS Status 7: Optimal),True,131.0,131.0,0.0,0,131,131,0,1.0,131,True,0.0,3204,131,0.04088639200998752,36,24,0.0001354999840259552,0.0006800999981351197,0.0008155999821610749
DEV-2740,MODERATE,MEDIUM,8,2,3,0,Optimization terminated successfully. (HiGHS Status 7: Optimal),True,3977.0,3977.0,0.0,0,3977,3977,0,1.0,3977,True,0.0,8352,3977,0.47617337164750956,48,30,0.00014330001431517303,0.000748799997381866,0.000892100011697039
DEV-2741,MODERATE,LARGE,22,2,2,0,Optimization terminated successfully. (HiGHS Status 7: Optimal),True,760.0,760.0,0.0,0,760,760,0,1.0,760,True,0.0,18415,760,0.041270703231061634,132,72,0.00020060001406818628,0.0009157999884337187,0.001116400002501905
DEV-2742,HIGH,MEDIUM,8,5,2,0,Optimization terminated successfully. (HiGHS Status 7: Optimal),True,1759.0,1759.0,0.0,1,1759,1759,0,1.0,1759,True,0.0,8451,1759,0.20814104839663944,120,39,0.00017759998445399106,0.0038877000042703003,0.004065299988724291
DEV-2743,HIGH,SMALL,4,4,1,0,Optimization terminated successfully. (HiGHS Status 7: Optimal),True,544.0,544.0,0.0,0,544,544,0,1.0,544,True,0.0,2951,544,0.18434429007116232,48,24,0.00014380001812241971,0.0007235999801196158,0.0008673999982420355
DEV-2744,MODERATE,MEDIUM,8,2,3,0,Optimization terminated successfully. (HiGHS Status 7: Optimal),True,1567.0,1567.0,0.0,0,1567,1567,0,1.0,1567,True,0.0,4099,1567,0.3822883630153696,48,30,0.00014570000348612666,0.0007335999980568886,0.0008793000015430152
DEV-2745,HIGH,LARGE,29,3,3,0,Optimization terminated successfully. (HiGHS Status 7: Optimal),True,2438.0,2438.0,0.0,0,2438,2438,0,1.0,2438,True,0.0,21862,2438,0.1115177019485866,261,96,0.0002652000111993402,0.00126530000125058,0.0015305000124499202
DEV-2746,MODERATE,LARGE,19,3,4,0,Optimization terminated successfully. (HiGHS Status 7: Optimal),True,2856.0,2856.0,0.0,0,2856,2856,0,1.0,2856,True,0.0,12997,2856,0.21974301761945064,171,66,0.00021200001356191933,0.0010583999974187464,0.0012704000109806657
DEV-2747,MODERATE,SMALL,5,3,2,0,Optimization terminated successfully. (HiGHS Status 7: Optimal),True,1406.0,1406.0,0.0,1,1406,1406,0,1.0,1406,True,0.0,2919,1406,0.4816718054128126,45,24,0.00014109999756328762,0.007104200019966811,0.0072453000175300986
DEV-2748,MODERATE,MEDIUM,9,5,1,0,Optimization terminated successfully. (HiGHS Status 7: Optimal),True,258.0,258.0,0.0,0,258,258,0,1.0,258,True,0.0,8380,258,0.030787589498806684,135,42,0.00019130000146105886,0.0009310999885201454,0.0011223999899812043
DEV-2749,MODERATE,SMALL,3,4,1,0,Optimization terminated successfully. (HiGHS Status 7: Optimal),True,704.0,704.0,0.0,0,704,704,0,1.0,704,True,0.0,2198,704,0.3202911737943585,36,21,0.00013529998250305653,0.0007054000161588192,0.0008406999986618757
DEV-2750,MODERATE,LARGE,19,5,1,0,Optimization terminated successfully. (HiGHS Status 7: Optimal),True,246.0,246.0,0.0,0,246,246,0,1.0,246,True,0.0,14453,246,0.017020687746488617,285,72,0.00026569998590275645,0.0012684999965131283,0.0015341999824158847
DEV-2751,HIGH,MEDIUM,11,2,1,0,Optimization terminated successfully. (HiGHS Status 7: Optimal),True,11.0,11.0,0.0,0,11,11,0,1.0,11,True,0.0,7547,11,0.001457532794487876,66,39,0.0001587000151630491,0.0007551999879069626,0.0009139000030700117
DEV-2752,MODERATE,SMALL,5,5,2,0,Optimization terminated successfully. (HiGHS Status 7: Optimal),True,1638.0,1638.0,0.0,1,1638,1638,0,1.0,1638,True,0.0,3552,1638,0.46114864864864863,75,30,0.0001564999984111637,0.004397200013045222,0.004553700011456385
DEV-2753,HIGH,MEDIUM,8,4,1,0,Optimization terminated successfully. (HiGHS Status 7: Optimal),True,397.0,397.0,0.0,0,397,397,0,1.0,397,True,0.0,4380,397,0.09063926940639269,96,36,0.0001714999962132424,0.000857199978781864,0.0010286999749951065
DEV-2754,HIGH,MEDIUM,9,2,1,0,Optimization terminated successfully. (HiGHS Status 7: Optimal),True,347.0,347.0,0.0,0,347,347,0,1.0,347,True,0.0,8747,347,0.0396707442551732,54,33,0.00015020000864751637,0.0007356999849434942,0.0008858999935910106
DEV-2755,HIGH,SMALL,4,4,1,0,Optimization terminated successfully. (HiGHS Status 7: Optimal),True,852.0,852.0,0.0,0,862,852,10,0.988399071925754,852,True,0.0,2070,852,0.4115942028985507,48,24,0.00013890000991523266,0.0006978999881539494,0.000836799998069182
DEV-2756,HIGH,MEDIUM,14,4,1,0,Optimization terminated successfully. (HiGHS Status 7: Optimal),True,218.0,218.0,0.0,0,218,218,0,1.0,218,True,0.0,10981,218,0.01985247245241781,168,54,0.00020589999621734023,0.000981999997748062,0.0011878999939654022
DEV-2757,MODERATE,SMALL,3,4,2,0,Optimization terminated successfully. (HiGHS Status 7: Optimal),True,1074.0,1074.0,0.0,1,1131,1074,57,0.9496021220159151,1074,True,0.0,1279,1074,0.8397185301016419,36,21,0.0001396999869029969,0.0048430000024382025,0.004982699989341199
DEV-2758,HIGH,MEDIUM,11,2,2,0,Optimization terminated successfully. (HiGHS Status 7: Optimal),True,2626.0,2626.0,0.0,0,2626,2626,0,1.0,2626,True,0.0,12961,2626,0.20260782347041123,66,39,0.000162799988174811,0.0007951000006869435,0.0009578999888617545
DEV-2759,HIGH,LARGE,19,4,2,0,Optimization terminated successfully. (HiGHS Status 7: Optimal),True,2201.0,2201.0,0.0,1,2201,2201,0,1.0,2201,True,0.0,13820,2201,0.15926193921852388,228,69,0.000239099987084046,0.006336000020382926,0.006575100007466972
DEV-2760,HIGH,MEDIUM,13,5,2,0,Optimization terminated successfully. (HiGHS Status 7: Optimal),True,1937.0,1937.0,0.0,0,1937,1937,0,1.0,1937,True,0.0,8564,1937,0.22617935544138254,195,54,0.00022069999249652028,0.0010782000026665628,0.001298899995163083
DEV-2761,HIGH,MEDIUM,8,4,1,0,Optimization terminated successfully. (HiGHS Status 7: Optimal),True,1324.0,1324.0,0.0,0,1324,1324,0,1.0,1324,True,0.0,6752,1324,0.19609004739336494,96,36,0.00017029998707585037,0.000838999985717237,0.0010092999727930874
DEV-2762,MODERATE,SMALL,3,2,1,0,Optimization terminated successfully. (HiGHS Status 7: Optimal),True,891.0,891.0,0.0,0,891,891,0,1.0,891,True,0.0,2428,891,0.3669686985172982,18,15,0.0001244999875780195,0.0006486000202130526,0.0007731000077910721
DEV-2763,HIGH,LARGE,30,3,1,0,Optimization terminated successfully. (HiGHS Status 7: Optimal),True,3.0,3.0,0.0,0,3,3,0,1.0,3,True,0.0,21773,3,0.00013778533045515087,270,99,0.0002674999996088445,0.001221399987116456,0.0014888999867253006
DEV-2764,MODERATE,SMALL,3,2,1,0,Optimization terminated successfully. (HiGHS Status 7: Optimal),True,174.0,174.0,0.0,0,174,174,0,1.0,174,True,0.0,1820,174,0.0956043956043956,18,15,0.00012519999290816486,0.0006363000138662755,0.0007615000067744404
DEV-2765,MODERATE,MEDIUM,13,4,2,0,Optimization terminated successfully. (HiGHS Status 7: Optimal),True,1123.0,1123.0,0.0,0,1123,1123,0,1.0,1123,True,0.0,9632,1123,0.11659053156146179,156,51,0.00020130001939833164,0.0009562000050209463,0.001157500024419278
DEV-2766,MODERATE,MEDIUM,10,2,1,0,Optimization terminated successfully. (HiGHS Status 7: Optimal),True,464.0,464.0,0.0,0,464,464,0,1.0,464,True,0.0,7272,464,0.0638063806380638,60,36,0.0001509999856352806,0.0007289999921340495,0.0008799999777693301
DEV-2767,HIGH,MEDIUM,9,4,1,0,Optimization terminated successfully. (HiGHS Status 7: Optimal),True,937.0,937.0,0.0,0,937,937,0,1.0,937,True,0.0,4333,937,0.21624740364643433,108,39,0.00017159999697469175,0.0008501000120304525,0.0010217000090051442
DEV-2768,HIGH,SMALL,6,4,1,0,Optimization terminated successfully. (HiGHS Status 7: Optimal),True,83.0,83.0,0.0,0,83,83,0,1.0,83,True,0.0,3619,83,0.022934512296214425,72,30,0.00015430001076310873,0.0007571000023745,0.0009114000131376088
DEV-2769,HIGH,LARGE,25,3,1,0,Optimization terminated successfully. (HiGHS Status 7: Optimal),True,20.0,20.0,0.0,0,20,20,0,1.0,20,True,0.0,18807,20,0.0010634338278300633,225,84,0.00024009999469853938,0.0011537999962456524,0.0013938999909441918
DEV-2770,MODERATE,MEDIUM,10,2,3,0,Optimization terminated successfully. (HiGHS Status 7: Optimal),True,3775.0,3775.0,0.0,0,3775,3775,0,1.0,3775,True,0.0,7337,3775,0.5145154695379583,60,36,0.00015410000924021006,0.0007600999961141497,0.0009142000053543597
DEV-2771,HIGH,MEDIUM,8,2,1,0,Optimization terminated successfully. (HiGHS Status 7: Optimal),True,237.0,237.0,0.0,0,237,237,0,1.0,237,True,0.0,5517,237,0.042958129418162044,48,30,0.00014219997683539987,0.0007168000156525522,0.0008589999924879521
DEV-2772,HIGH,MEDIUM,13,3,5,0,Optimization terminated successfully. (HiGHS Status 7: Optimal),True,3700.0,3700.0,0.0,1,3700,3700,0,1.0,3700,True,0.0,11976,3700,0.3089512358049432,117,48,0.00018080000882036984,0.006032800010871142,0.006213600019691512
DEV-2773,HIGH,SMALL,5,4,1,0,Optimization terminated successfully. (HiGHS Status 7: Optimal),True,742.0,742.0,0.0,0,742,742,0,1.0,742,True,0.0,4594,742,0.16151501959077058,60,27,0.00015510001685470343,0.0007416000007651746,0.000896700017619878
DEV-2774,MODERATE,LARGE,20,3,2,0,Optimization terminated successfully. (HiGHS Status 7: Optimal),True,145.0,145.0,0.0,0,145,145,0,1.0,145,True,0.0,13513,145,0.01073040775549471,180,69,0.0002258999738842249,0.0010414000134915113,0.0012672999873757362
DEV-2775,LOW,MEDIUM,10,5,3,0,Optimization terminated successfully. (HiGHS Status 7: Optimal),True,1958.0,1958.0,0.0,1,1958,1958,0,1.0,1958,True,0.0,7326,1958,0.2672672672672673,150,45,0.00019910000264644623,0.004567500000121072,0.004766600002767518
DEV-2776,HIGH,SMALL,3,3,1,0,Optimization terminated successfully. (HiGHS Status 7: Optimal),True,312.0,312.0,0.0,0,313,312,1,0.9968051118210862,312,True,0.0,911,312,0.3424807903402854,27,18,0.00014910000027157366,0.0007049000123515725,0.0008540000126231462
DEV-2777,HIGH,MEDIUM,10,3,1,0,Optimization terminated successfully. (HiGHS Status 7: Optimal),True,1337.0,1337.0,0.0,0,1337,1337,0,1.0,1337,True,0.0,7586,1337,0.17624571579224887,90,39,0.00016880000475794077,0.000815500010503456,0.0009843000152613968
DEV-2778,HIGH,SMALL,4,5,1,0,Optimization terminated successfully. (HiGHS Status 7: Optimal),True,165.0,165.0,0.0,0,165,165,0,1.0,165,True,0.0,2185,165,0.07551487414187644,60,27,0.00014790002023801208,0.0007959999784361571,0.0009438999986741692
DEV-2779,MODERATE,SMALL,3,5,1,0,Optimization terminated successfully. (HiGHS Status 7: Optimal),True,179.0,179.0,0.0,0,179,179,0,1.0,179,True,0.0,859,179,0.20838183934807916,45,24,0.00013949998538009822,0.0007024999940767884,0.0008419999794568866
DEV-2780,MODERATE,SMALL,3,2,1,0,Optimization terminated successfully. (HiGHS Status 7: Optimal),True,1028.0,1028.0,0.0,0,1028,1028,0,1.0,1028,True,0.0,2797,1028,0.3675366464068645,18,15,0.00013020000187680125,0.0006498000002466142,0.0007800000021234155
DEV-2781,LOW,MEDIUM,10,2,4,0,Optimization terminated successfully. (HiGHS Status 7: Optimal),True,3876.0,3876.0,0.0,0,3876,3876,0,1.0,3876,True,0.0,8123,3876,0.4771636095038779,60,36,0.00014970000484026968,0.0007498000049963593,0.000899500009836629
DEV-2782,HIGH,LARGE,25,5,4,0,Optimization terminated successfully. (HiGHS Status 7: Optimal),True,2152.0,2152.0,0.0,1,2152,2152,0,1.0,2152,True,0.0,18239,2152,0.11798892483140523,375,90,0.0003262000100221485,0.0055124000064097345,0.005838600016431883
DEV-2783,HIGH,MEDIUM,8,5,1,0,Optimization terminated successfully. (HiGHS Status 7: Optimal),True,1185.0,1185.0,0.0,0,1185,1185,0,1.0,1185,True,0.0,6608,1185,0.17932808716707022,120,39,0.00018770000315271318,0.0008896999934222549,0.001077399996574968
DEV-2784,HIGH,SMALL,6,4,1,0,Optimization terminated successfully. (HiGHS Status 7: Optimal),True,601.0,601.0,0.0,0,601,601,0,1.0,601,True,0.0,3360,601,0.17886904761904762,72,30,0.00015469998470507562,0.0007867999956943095,0.0009414999803993851
DEV-2785,HIGH,LARGE,22,3,3,0,Optimization terminated successfully. (HiGHS Status 7: Optimal),True,2234.0,2234.0,0.0,1,2234,2234,0,1.0,2234,True,0.0,17633,2234,0.1266942664322577,198,75,0.000225800002226606,0.0061990999965928495,0.0064248999988194555
DEV-2786,HIGH,LARGE,22,4,1,0,Optimization terminated successfully. (HiGHS Status 7: Optimal),True,93.0,93.0,0.0,0,93,93,0,1.0,93,True,0.0,15696,93,0.005925076452599388,264,78,0.0002632999967318028,0.0012379999971017241,0.001501299993833527
DEV-2787,HIGH,MEDIUM,9,4,1,0,Optimization terminated successfully. (HiGHS Status 7: Optimal),True,758.0,758.0,0.0,0,758,758,0,1.0,758,True,0.0,5562,758,0.1362819129809421,108,39,0.00017579999985173345,0.0008579999848734587,0.0010337999847251922
DEV-2788,MODERATE,MEDIUM,12,3,1,0,Optimization terminated successfully. (HiGHS Status 7: Optimal),True,1164.0,1164.0,0.0,0,1164,1164,0,1.0,1164,True,0.0,6824,1164,0.17057444314185227,108,45,0.00017759998445399106,0.0008580000139772892,0.0010355999984312803
DEV-2789,HIGH,MEDIUM,13,2,4,0,Optimization terminated successfully. (HiGHS Status 7: Optimal),True,2461.0,2461.0,0.0,1,2461,2461,0,1.0,2461,True,0.0,10145,2461,0.24258255298176443,78,45,0.0001708999916445464,0.006948399997781962,0.0071192999894265085
DEV-2790,HIGH,SMALL,6,2,1,0,Optimization terminated successfully. (HiGHS Status 7: Optimal),True,827.0,827.0,0.0,0,827,827,0,1.0,827,True,0.0,3371,827,0.24532779590625928,36,24,0.00014650000957772136,0.0006917999999132007,0.0008383000094909221
DEV-2791,MODERATE,SMALL,4,5,1,0,Optimization terminated successfully. (HiGHS Status 7: Optimal),True,481.0,481.0,0.0,0,481,481,0,1.0,481,True,0.0,2655,481,0.18116760828625236,60,27,0.00015320000238716602,0.0007436000159941614,0.0008968000183813274
DEV-2792,MODERATE,MEDIUM,11,2,4,0,Optimization terminated successfully. (HiGHS Status 7: Optimal),True,2998.0,2998.0,0.0,0,2998,2998,0,1.0,2998,True,0.0,7477,2998,0.4009629530560385,66,39,0.00015919998986646533,0.0008168000204022974,0.0009760000102687627
DEV-2793,MODERATE,LARGE,22,4,9,0,Optimization terminated successfully. (HiGHS Status 7: Optimal),True,5118.0,5118.0,0.0,1,5118,5118,0,1.0,5118,True,0.0,14493,5118,0.3531359966880563,264,78,0.0002597999991849065,0.003531399997882545,0.0037911999970674515
DEV-2794,HIGH,SMALL,5,5,1,0,Optimization terminated successfully. (HiGHS Status 7: Optimal),True,1247.0,1247.0,0.0,0,1247,1247,0,1.0,1247,True,0.0,3623,1247,0.3441898978746895,75,30,0.00016160000814124942,0.0007931000145617872,0.0009547000227030367
DEV-2795,LOW,SMALL,4,5,1,0,Optimization terminated successfully. (HiGHS Status 7: Optimal),True,1189.0,1189.0,0.0,0,1189,1189,0,1.0,1189,True,0.0,3129,1189,0.37999360818152766,60,27,0.0001568000006955117,0.0007501000072807074,0.0009069000079762191
DEV-2796,HIGH,SMALL,6,2,1,0,Optimization terminated successfully. (HiGHS Status 7: Optimal),True,361.0,361.0,0.0,0,361,361,0,1.0,361,True,0.0,5102,361,0.07075656605252842,36,24,0.00013460000627674162,0.0006813000072725117,0.0008159000135492533
DEV-2797,HIGH,MEDIUM,9,4,1,0,Optimization terminated successfully. (HiGHS Status 7: Optimal),True,215.0,215.0,0.0,0,215,215,0,1.0,215,True,0.0,3920,215,0.0548469387755102,108,39,0.00017210000078193843,0.0009546999935992062,0.0011267999943811446
DEV-2798,MODERATE,LARGE,21,3,6,0,Optimization terminated successfully. (HiGHS Status 7: Optimal),True,5941.0,5941.0,0.0,1,5941,5941,0,1.0,5941,True,0.0,14725,5941,0.40346349745331067,189,72,0.00022270000772550702,0.004954600008204579,0.005177300015930086
DEV-2799,HIGH,SMALL,5,3,2,0,Optimization terminated successfully. (HiGHS Status 7: Optimal),True,1556.0,1556.0,0.0,1,1556,1556,0,1.0,1556,True,0.0,5937,1556,0.26208522822974567,45,24,0.00014509999891743064,0.007859500008635223,0.008004600007552654
DEV-2800,MODERATE,SMALL,5,5,1,0,Optimization terminated successfully. (HiGHS Status 7: Optimal),True,521.0,521.0,0.0,0,521,521,0,1.0,521,True,0.0,4793,521,0.10870018777383685,75,30,0.0001644000003580004,0.0007756000268273056,0.000940000027185306
DEV-2801,MODERATE,SMALL,5,3,2,0,Optimization terminated successfully. (HiGHS Status 7: Optimal),True,1575.0,1575.0,0.0,1,1577,1575,2,0.9987317691819911,1575,True,0.0,3137,1575,0.5020720433535225,45,24,0.0001388999808114022,0.00555299999541603,0.0056918999762274325
DEV-2802,MODERATE,SMALL,3,5,1,0,Optimization terminated successfully. (HiGHS Status 7: Optimal),True,528.0,528.0,0.0,0,528,528,0,1.0,528,True,0.0,1522,528,0.3469119579500657,45,24,0.00014599997666664422,0.0007424000068567693,0.0008883999835234135
DEV-2803,HIGH,SMALL,4,3,1,0,Optimization terminated successfully. (HiGHS Status 7: Optimal),True,1415.0,1415.0,0.0,0,1720,1415,305,0.8226744186046512,1415,True,0.0,3234,1415,0.43753865182436613,36,21,0.0001365999924018979,0.0006826000171713531,0.000819200009573251
DEV-2804,HIGH,MEDIUM,8,4,1,0,Optimization terminated successfully. (HiGHS Status 7: Optimal),True,869.0,869.0,0.0,0,869,869,0,1.0,869,True,0.0,8723,869,0.09962168978562422,96,36,0.00016840000171214342,0.0008197999850381166,0.00098819998675026
DEV-2805,HIGH,MEDIUM,8,5,1,0,Optimization terminated successfully. (HiGHS Status 7: Optimal),True,15.0,15.0,0.0,0,17,15,2,0.8823529411764706,15,True,0.0,7718,15,0.0019435086810054417,120,39,0.00017809998826123774,0.0009109000093303621,0.0010889999975915998
DEV-2806,MODERATE,LARGE,20,3,2,0,Optimization terminated successfully. (HiGHS Status 7: Optimal),True,3507.0,3507.0,0.0,0,3507,3507,0,1.0,3507,True,0.0,18918,3507,0.1853790041230574,180,69,0.00024569997913204134,0.0010551000013947487,0.00130079998052679
DEV-2807,HIGH,LARGE,25,2,7,0,Optimization terminated successfully. (HiGHS Status 7: Optimal),True,4837.0,4837.0,0.0,0,4837,4837,0,1.0,4837,True,0.0,21271,4837,0.227398805885948,150,81,0.0002108000044245273,0.000993099994957447,0.0012038999993819743
DEV-2808,MODERATE,MEDIUM,8,3,2,0,Optimization terminated successfully. (HiGHS Status 7: Optimal),True,601.0,601.0,0.0,0,601,601,0,1.0,601,True,0.0,6329,601,0.09495970927476695,72,33,0.00015780000831000507,0.0007836000004317611,0.0009414000087417662
DEV-2809,HIGH,MEDIUM,11,4,1,0,Optimization terminated successfully. (HiGHS Status 7: Optimal),True,1717.0,1717.0,0.0,0,1717,1717,0,1.0,1717,True,0.0,10946,1717,0.15686095377306777,132,45,0.00018840000848285854,0.0009125999931711704,0.001101000001654029
DEV-2810,MODERATE,MEDIUM,13,3,2,0,Optimization terminated successfully. (HiGHS Status 7: Optimal),True,501.0,501.0,0.0,0,501,501,0,1.0,501,True,0.0,4534,501,0.11049845610939568,117,48,0.00020619999850168824,0.0008721000049263239,0.0010783000034280121
DEV-2811,HIGH,SMALL,6,3,1,0,Optimization terminated successfully. (HiGHS Status 7: Optimal),True,15.0,15.0,0.0,0,15,15,0,1.0,15,True,0.0,3414,15,0.004393673110720563,54,27,0.00014509999891743064,0.0007192000048235059,0.0008643000037409365
DEV-2812,MODERATE,LARGE,20,2,2,0,Optimization terminated successfully. (HiGHS Status 7: Optimal),True,3563.0,3563.0,0.0,0,3563,3563,0,1.0,3563,True,0.0,13997,3563,0.2545545474030149,120,66,0.00019099999917671084,0.0008984999731183052,0.001089499972295016
DEV-2813,LOW,MEDIUM,13,3,6,0,Optimization terminated successfully. (HiGHS Status 7: Optimal),True,1817.0,1817.0,0.0,0,1817,1817,0,1.0,1817,True,0.0,8251,1817,0.22021573142649375,117,48,0.0001878999755717814,0.0009432000224478543,0.0011310999980196357
DEV-2814,HIGH,MEDIUM,12,2,2,0,Optimization terminated successfully. (HiGHS Status 7: Optimal),True,1635.0,1635.0,0.0,0,1635,1635,0,1.0,1635,True,0.0,10945,1635,0.14938328003654636,72,42,0.00016450000111944973,0.0007864999934099615,0.0009509999945294112
DEV-2815,MODERATE,LARGE,23,3,2,0,Optimization terminated successfully. (HiGHS Status 7: Optimal),True,1854.0,1854.0,0.0,0,1854,1854,0,1.0,1854,True,0.0,13631,1854,0.1360134986427995,207,78,0.00023209999199025333,0.0011092000058852136,0.001341299997875467
DEV-2816,HIGH,MEDIUM,10,4,1,0,Optimization terminated successfully. (HiGHS Status 7: Optimal),True,1244.0,1244.0,0.0,0,1244,1244,0,1.0,1244,True,0.0,4273,1244,0.291130353381699,120,42,0.00018179998733103275,0.000901399995200336,0.0010831999825313687
DEV-2817,MODERATE,MEDIUM,9,3,1,0,Optimization terminated successfully. (HiGHS Status 7: Optimal),True,1119.0,1119.0,0.0,0,1119,1119,0,1.0,1119,True,0.0,9551,1119,0.11716050675321955,81,36,0.00016190001042559743,0.0008027000003494322,0.0009646000107750297
DEV-2818,HIGH,LARGE,19,4,3,0,Optimization terminated successfully. (HiGHS Status 7: Optimal),True,2362.0,2362.0,0.0,0,2362,2362,0,1.0,2362,True,0.0,13128,2362,0.1799207800121877,228,69,0.00023509998572990298,0.0011622000019997358,0.0013972999877296388
DEV-2819,HIGH,SMALL,3,5,1,0,Optimization terminated successfully. (HiGHS Status 7: Optimal),True,17.0,17.0,0.0,0,17,17,0,1.0,17,True,0.0,676,17,0.02514792899408284,45,24,0.00017939999816007912,0.0007478000188712031,0.0009272000170312822
DEV-2820,MODERATE,LARGE,18,4,1,0,Optimization terminated successfully. (HiGHS Status 7: Optimal),True,93.0,93.0,0.0,0,93,93,0,1.0,93,True,0.0,13306,93,0.006989328122651435,216,66,0.00023839998175390065,0.0010939000057987869,0.0013322999875526875
DEV-2821,MODERATE,SMALL,3,4,1,0,Optimization terminated successfully. (HiGHS Status 7: Optimal),True,1125.0,1125.0,0.0,0,1193,1125,68,0.9430008382229673,1125,True,0.0,2406,1125,0.46758104738154616,36,21,0.00013249999028630555,0.0006889000069350004,0.000821399997221306
DEV-2822,HIGH,SMALL,6,4,1,0,Optimization terminated successfully. (HiGHS Status 7: Optimal),True,514.0,514.0,0.0,0,514,514,0,1.0,514,True,0.0,3118,514,0.16484926234765876,72,30,0.00015609999536536634,0.0007744999893475324,0.0009305999847128987
DEV-2823,MODERATE,MEDIUM,12,5,6,0,Optimization terminated successfully. (HiGHS Status 7: Optimal),True,3338.0,3338.0,0.0,1,3338,3338,0,1.0,3338,True,0.0,6543,3338,0.5101635335473025,180,51,0.00021070000366307795,0.0033976999984588474,0.0036084000021219254
DEV-2824,MODERATE,MEDIUM,10,2,3,0,Optimization terminated successfully. (HiGHS Status 7: Optimal),True,5005.0,5005.0,0.0,0,5005,5005,0,1.0,5005,True,0.0,9806,5005,0.5104017948194982,60,36,0.00018099998123943806,0.0007871999987401068,0.0009681999799795449
DEV-2825,LOW,MEDIUM,9,4,3,0,Optimization terminated successfully. (HiGHS Status 7: Optimal),True,1547.0,1547.0,0.0,0,1547,1547,0,1.0,1547,True,0.0,5368,1547,0.28818926974664677,108,39,0.0001799000019673258,0.0008916000078897923,0.0010715000098571181
DEV-2826,MODERATE,MEDIUM,12,3,1,0,Optimization terminated successfully. (HiGHS Status 7: Optimal),True,161.0,161.0,0.0,0,161,161,0,1.0,161,True,0.0,6392,161,0.025187734668335418,108,45,0.0001770000089891255,0.0008551999926567078,0.0010322000016458333
DEV-2827,HIGH,LARGE,22,4,4,0,Optimization terminated successfully. (HiGHS Status 7: Optimal),True,3428.0,3428.0,0.0,1,3428,3428,0,1.0,3428,True,0.0,16365,3428,0.2094714329361442,264,78,0.00025710000772960484,0.0038975999923422933,0.004154700000071898
DEV-2828,MODERATE,SMALL,5,3,2,0,Optimization terminated successfully. (HiGHS Status 7: Optimal),True,1426.0,1426.0,0.0,0,1426,1426,0,1.0,1426,True,0.0,4015,1426,0.3551681195516812,45,24,0.000149500003317371,0.0009027000050991774,0.0010522000084165484
DEV-2829,MODERATE,MEDIUM,8,4,2,0,Optimization terminated successfully. (HiGHS Status 7: Optimal),True,946.0,946.0,0.0,1,946,946,0,1.0,946,True,0.0,6761,946,0.1399201301582606,96,36,0.00020680000307038426,0.006514300010167062,0.0067211000132374465
DEV-2830,HIGH,LARGE,24,2,5,0,Optimization terminated successfully. (HiGHS Status 7: Optimal),True,2896.0,2896.0,0.0,1,2896,2896,0,1.0,2896,True,0.0,18741,2896,0.15452750653647085,144,78,0.00022639997769147158,0.0063897000218275934,0.006616099999519065
DEV-2831,HIGH,LARGE,22,5,3,0,Optimization terminated successfully. (HiGHS Status 7: Optimal),True,1081.0,1081.0,0.0,1,1081,1081,0,1.0,1081,True,0.0,13033,1081,0.08294329778255198,330,81,0.000301799998851493,0.005481500003952533,0.005783300002804026
DEV-2832,MODERATE,MEDIUM,14,3,2,0,Optimization terminated successfully. (HiGHS Status 7: Optimal),True,2466.0,2466.0,0.0,0,2466,2466,0,1.0,2466,True,0.0,12234,2466,0.20156939676311916,126,51,0.00019720001728273928,0.0009500999876763672,0.0011473000049591064
DEV-2833,HIGH,LARGE,25,5,7,0,Optimization terminated successfully. (HiGHS Status 7: Optimal),True,3077.0,3077.0,0.0,1,3077,3077,0,1.0,3077,True,0.0,20046,3077,0.15349695699890253,375,90,0.00032469999860040843,0.003867999999783933,0.004192699998384342
DEV-2834,LOW,SMALL,5,4,1,0,Optimization terminated successfully. (HiGHS Status 7: Optimal),True,828.0,828.0,0.0,0,828,828,0,1.0,828,True,0.0,3935,828,0.21041931385006354,60,27,0.00015919998986646533,0.0007692000071983784,0.0009283999970648438
DEV-2835,MODERATE,MEDIUM,12,2,1,0,Optimization terminated successfully. (HiGHS Status 7: Optimal),True,162.0,162.0,0.0,0,162,162,0,1.0,162,True,0.0,4467,162,0.03626595030221625,72,42,0.00016419999883510172,0.0007776000129524618,0.0009418000117875636
DEV-2836,HIGH,MEDIUM,12,5,1,0,Optimization terminated successfully. (HiGHS Status 7: Optimal),True,203.0,203.0,0.0,0,203,203,0,1.0,203,True,0.0,8083,203,0.025114437708771496,180,51,0.00021169998217374086,0.0012469000066630542,0.001458599988836795
DEV-2837,MODERATE,MEDIUM,14,5,2,0,Optimization terminated successfully. (HiGHS Status 7: Optimal),True,2296.0,2296.0,0.0,0,2296,2296,0,1.0,2296,True,0.0,10847,2296,0.21167142988844842,210,57,0.00022749998606741428,0.001135800004703924,0.0013632999907713383
DEV-2838,MODERATE,MEDIUM,14,2,1,0,Optimization terminated successfully. (HiGHS Status 7: Optimal),True,454.0,454.0,0.0,0,454,454,0,1.0,454,True,0.0,7622,454,0.05956441878771976,84,48,0.0001708000199869275,0.0008768999832682312,0.0010477000032551587
DEV-2839,HIGH,MEDIUM,14,4,3,0,Optimization terminated successfully. (HiGHS Status 7: Optimal),True,2473.0,2473.0,0.0,1,2656,2473,183,0.9310993975903614,2473,True,0.0,7490,2473,0.330173564753004,168,54,0.0002148000057786703,0.004003000009106472,0.0042178000148851424
DEV-2840,LOW,MEDIUM,10,3,1,0,Optimization terminated successfully. (HiGHS Status 7: Optimal),True,437.0,437.0,0.0,0,437,437,0,1.0,437,True,0.0,5153,437,0.08480496797981758,90,39,0.00017320000915788114,0.0008675999997649342,0.0010408000089228153
DEV-2841,HIGH,LARGE,24,4,1,0,Optimization terminated successfully. (HiGHS Status 7: Optimal),True,222.0,222.0,0.0,0,222,222,0,1.0,222,True,0.0,15290,222,0.014519293655984304,288,84,0.00027469999622553587,0.0012932999816257507,0.0015679999778512865
DEV-2842,LOW,LARGE,28,3,5,0,Optimization terminated successfully. (HiGHS Status 7: Optimal),True,2465.0,2465.0,0.0,0,2465,2465,0,1.0,2465,True,0.0,16464,2465,0.14972060252672498,252,93,0.0002597999991849065,0.0012240000069141388,0.0014838000060990453
DEV-2843,LOW,SMALL,6,2,1,0,Optimization terminated successfully. (HiGHS Status 7: Optimal),True,78.0,78.0,0.0,0,78,78,0,1.0,78,True,0.0,1842,78,0.04234527687296417,36,24,0.00013689999468624592,0.0006868999917060137,0.0008237999863922596
DEV-2844,HIGH,LARGE,29,5,3,0,Optimization terminated successfully. (HiGHS Status 7: Optimal),True,3229.0,3229.0,0.0,1,3229,3229,0,1.0,3229,True,0.0,21209,3229,0.1522466877269084,435,102,0.00034940001205541193,0.005730899982154369,0.006080299994209781
DEV-2845,HIGH,SMALL,4,4,1,0,Optimization terminated successfully. (HiGHS Status 7: Optimal),True,739.0,739.0,0.0,0,739,739,0,1.0,739,True,0.0,3977,739,0.18581845612270556,48,24,0.00016950001008808613,0.0007634999928995967,0.0009330000029876828
DEV-2846,MODERATE,LARGE,29,3,6,0,Optimization terminated successfully. (HiGHS Status 7: Optimal),True,4165.0,4165.0,0.0,0,4165,4165,0,1.0,4165,True,0.0,17007,4165,0.24489915916975363,261,96,0.0002710999979171902,0.0012774000060744584,0.0015485000039916486
DEV-2847,HIGH,MEDIUM,8,2,1,0,Optimization terminated successfully. (HiGHS Status 7: Optimal),True,2074.0,2074.0,0.0,0,2108,2074,34,0.9838709677419355,2074,True,0.0,5623,2074,0.3688422550240085,48,30,0.000155999994603917,0.0007265000022016466,0.0008824999968055636
DEV-2848,LOW,SMALL,3,3,2,0,Optimization terminated successfully. (HiGHS Status 7: Optimal),True,860.0,860.0,0.0,0,860,860,0,1.0,860,True,0.0,3110,860,0.2765273311897106,27,18,0.00013000000035390258,0.0007165000133682042,0.0008465000137221068
DEV-2849,HIGH,SMALL,5,5,1,0,Optimization terminated successfully. (HiGHS Status 7: Optimal),True,752.0,752.0,0.0,0,752,752,0,1.0,752,True,0.0,4484,752,0.16770740410347904,75,30,0.0001571000029798597,0.0008002000104170293,0.000957300013396889
DEV-2850,MODERATE,SMALL,5,3,1,0,Optimization terminated successfully. (HiGHS Status 7: Optimal),True,857.0,857.0,0.0,0,886,857,29,0.9672686230248307,857,True,0.0,2399,857,0.35723218007503127,45,24,0.00013989998842589557,0.0007151000027079135,0.0008549999911338091
DEV-2851,MODERATE,LARGE,23,2,2,0,Optimization terminated successfully. (HiGHS Status 7: Optimal),True,343.0,343.0,0.0,0,343,343,0,1.0,343,True,0.0,15539,343,0.022073492502735055,138,75,0.00020050001330673695,0.0009370999759994447,0.0011375999893061817
DEV-2852,MODERATE,LARGE,26,5,1,0,Optimization terminated successfully. (HiGHS Status 7: Optimal),True,1596.0,1596.0,0.0,0,1596,1596,0,1.0,1596,True,0.0,22279,1596,0.07163696754791507,390,93,0.0003203999949619174,0.0015073000104166567,0.0018277000053785741
DEV-2853,MODERATE,SMALL,6,3,1,0,Optimization terminated successfully. (HiGHS Status 7: Optimal),True,939.0,939.0,0.0,0,939,939,0,1.0,939,True,0.0,3429,939,0.27384076990376205,54,27,0.00014689998351968825,0.0007283000159077346,0.0008751999994274229
DEV-2854,LOW,LARGE,30,5,3,0,Optimization terminated successfully. (HiGHS Status 7: Optimal),True,2722.0,2722.0,0.0,0,2722,2722,0,1.0,2722,True,0.0,25818,2722,0.10543031993183051,450,105,0.0003591999993659556,0.0016656999941915274,0.002024899993557483
DEV-2855,HIGH,SMALL,4,2,1,0,Optimization terminated successfully. (HiGHS Status 7: Optimal),True,239.0,239.0,0.0,0,239,239,0,1.0,239,True,0.0,1896,239,0.1260548523206751,24,18,0.0001351999817416072,0.0006565000221598893,0.0007917000039014965
DEV-2856,MODERATE,MEDIUM,8,4,1,0,Optimization terminated successfully. (HiGHS Status 7: Optimal),True,270.0,270.0,0.0,0,270,270,0,1.0,270,True,0.0,5043,270,0.05353955978584176,96,36,0.00016840000171214342,0.0008328999974764884,0.0010012999991886318
DEV-2857,LOW,LARGE,22,3,5,0,Optimization terminated successfully. (HiGHS Status 7: Optimal),True,3331.0,3331.0,0.0,0,3331,3331,0,1.0,3331,True,0.0,17549,3331,0.18981138526411762,198,75,0.0002314999874215573,0.0011861000093631446,0.001417599996784702
DEV-2858,HIGH,LARGE,29,3,6,0,Optimization terminated successfully. (HiGHS Status 7: Optimal),True,3204.0,3204.0,0.0,1,3204,3204,0,1.0,3204,True,0.0,14836,3204,0.21596117551900781,261,96,0.00026929998421110213,0.004669900023145601,0.004939200007356703
DEV-2859,HIGH,MEDIUM,14,5,2,0,Optimization terminated successfully. (HiGHS Status 7: Optimal),True,1117.0,1117.0,0.0,0,1117,1117,0,1.0,1117,True,0.0,10606,1117,0.1053177446728267,210,57,0.00022929999977350235,0.0011246000067330897,0.001353900006506592
DEV-2860,LOW,MEDIUM,9,3,1,0,Optimization terminated successfully. (HiGHS Status 7: Optimal),True,399.0,399.0,0.0,0,399,399,0,1.0,399,True,0.0,6681,399,0.05972159856308936,81,36,0.0001720000000204891,0.0007956000044941902,0.0009676000045146793
DEV-2861,HIGH,SMALL,4,5,2,0,Optimization terminated successfully. (HiGHS Status 7: Optimal),True,1253.0,1253.0,0.0,1,1338,1253,85,0.9364723467862481,1253,True,0.0,2056,1253,0.6094357976653697,60,27,0.00014629997895099223,0.0052844000165350735,0.005430699995486066
DEV-2862,MODERATE,LARGE,26,3,1,0,Optimization terminated successfully. (HiGHS Status 7: Optimal),True,873.0,873.0,0.0,0,873,873,0,1.0,873,True,0.0,20700,873,0.04217391304347826,234,87,0.00025630000163801014,0.0011760999914258718,0.001432399993063882
DEV-2863,MODERATE,MEDIUM,14,5,2,0,Optimization terminated successfully. (HiGHS Status 7: Optimal),True,608.0,608.0,0.0,0,608,608,0,1.0,608,True,0.0,7152,608,0.08501118568232663,210,57,0.0002330999996047467,0.0011666000063996762,0.001399700006004423
DEV-2864,HIGH,LARGE,21,3,3,0,Optimization terminated successfully. (HiGHS Status 7: Optimal),True,3061.0,3061.0,0.0,1,3061,3061,0,1.0,3061,True,0.0,13589,3061,0.22525572153948045,189,72,0.0002319000195711851,0.006293000013101846,0.006524900032673031
DEV-2865,MODERATE,MEDIUM,8,2,2,0,Optimization terminated successfully. (HiGHS Status 7: Optimal),True,450.0,450.0,0.0,0,450,450,0,1.0,450,True,0.0,5535,450,0.08130081300813008,48,30,0.00014829999417997897,0.0007276000105775893,0.0008759000047575682
DEV-2866,HIGH,SMALL,6,4,1,0,Optimization terminated successfully. (HiGHS Status 7: Optimal),True,560.0,560.0,0.0,0,560,560,0,1.0,560,True,0.0,3870,560,0.14470284237726097,72,30,0.00015570002142339945,0.0007826000219210982,0.0009383000433444977
DEV-2867,HIGH,SMALL,4,5,1,0,Optimization terminated successfully. (HiGHS Status 7: Optimal),True,599.0,599.0,0.0,0,599,599,0,1.0,599,True,0.0,2109,599,0.28402086296823137,60,27,0.00014650000957772136,0.000738300004741177,0.0008848000143188983
DEV-2868,LOW,LARGE,21,2,2,0,Optimization terminated successfully. (HiGHS Status 7: Optimal),True,593.0,593.0,0.0,0,593,593,0,1.0,593,True,0.0,9772,593,0.06068358575521899,126,69,0.00019299998530186713,0.0009216000034939498,0.001114599988795817
DEV-2869,MODERATE,LARGE,29,3,2,0,Optimization terminated successfully. (HiGHS Status 7: Optimal),True,2013.0,2013.0,0.0,0,2013,2013,0,1.0,2013,True,0.0,19647,2013,0.10245839059398382,261,96,0.00026470000739209354,0.0012196000025141984,0.001484300009906292
DEV-2870,MODERATE,SMALL,6,4,3,0,Optimization terminated successfully. (HiGHS Status 7: Optimal),True,2024.0,2024.0,0.0,1,2024,2024,0,1.0,2024,True,0.0,4375,2024,0.46262857142857144,72,30,0.00015750000602565706,0.004039299994474277,0.004196800000499934
DEV-2871,HIGH,MEDIUM,8,3,1,0,Optimization terminated successfully. (HiGHS Status 7: Optimal),True,441.0,441.0,0.0,0,441,441,0,1.0,441,True,0.0,5922,441,0.07446808510638298,72,33,0.00018169998656958342,0.0007941000221762806,0.000975800008745864
DEV-2872,HIGH,LARGE,18,4,3,0,Optimization terminated successfully. (HiGHS Status 7: Optimal),True,1785.0,1785.0,0.0,1,1785,1785,0,1.0,1785,True,0.0,13662,1785,0.13065436978480457,216,66,0.0002364999963901937,0.006305099988821894,0.006541599985212088
DEV-2873,HIGH,SMALL,4,3,1,0,Optimization terminated successfully. (HiGHS Status 7: Optimal),True,236.0,236.0,0.0,0,236,236,0,1.0,236,True,0.0,3901,236,0.06049730838246604,36,21,0.00014039999223314226,0.0007046000100672245,0.0008450000023003668
DEV-2874,HIGH,MEDIUM,14,5,1,0,Optimization terminated successfully. (HiGHS Status 7: Optimal),True,539.0,539.0,0.0,0,539,539,0,1.0,539,True,0.0,9196,539,0.05861244019138756,210,57,0.00022879999596625566,0.0010855000000447035,0.0013142999960109591
DEV-2875,HIGH,MEDIUM,8,4,3,0,Optimization terminated successfully. (HiGHS Status 7: Optimal),True,2384.0,2384.0,0.0,1,2651,2384,267,0.8992832893247831,2384,True,0.0,4990,2384,0.4777555110220441,96,36,0.00016990001313388348,0.0035137999802827835,0.003683699993416667
DEV-2876,HIGH,LARGE,29,2,2,0,Optimization terminated successfully. (HiGHS Status 7: Optimal),True,2293.0,2293.0,0.0,0,2293,2293,0,1.0,2293,True,0.0,25911,2293,0.08849523368453553,174,93,0.00023010000586509705,0.0011295000149402767,0.0013596000208053738
DEV-2877,HIGH,SMALL,6,2,2,0,Optimization terminated successfully. (HiGHS Status 7: Optimal),True,1665.0,1665.0,0.0,0,1665,1665,0,1.0,1665,True,0.0,5324,1665,0.31273478587528175,36,24,0.00014799999189563096,0.0007142000249586999,0.0008622000168543309
DEV-2878,MODERATE,SMALL,3,5,1,0,Optimization terminated successfully. (HiGHS Status 7: Optimal),True,287.0,287.0,0.0,0,287,287,0,1.0,287,True,0.0,1684,287,0.17042755344418054,45,24,0.00013910001143813133,0.0007248999900184572,0.0008640000014565885
DEV-2879,HIGH,SMALL,3,3,1,0,Optimization terminated successfully. (HiGHS Status 7: Optimal),True,1167.0,1167.0,0.0,0,1311,1167,144,0.8901601830663616,1167,True,0.0,3255,1167,0.3585253456221198,27,18,0.00012839998817071319,0.0006780000112485141,0.0008063999994192272
DEV-2880,HIGH,LARGE,20,5,3,0,Optimization terminated successfully. (HiGHS Status 7: Optimal),True,2597.0,2597.0,0.0,1,2597,2597,0,1.0,2597,True,0.0,13360,2597,0.19438622754491017,300,75,0.00027299998328089714,0.004978800017852336,0.005251800001133233
DEV-2881,HIGH,SMALL,5,5,2,0,Optimization terminated successfully. (HiGHS Status 7: Optimal),True,1055.0,1055.0,0.0,1,1055,1055,0,1.0,1055,True,0.0,2076,1055,0.5081888246628131,75,30,0.0001598999951966107,0.005430699995486066,0.0055905999906826764
DEV-2882,HIGH,LARGE,19,4,6,0,Optimization terminated successfully. (HiGHS Status 7: Optimal),True,3863.0,3863.0,0.0,1,3864,3863,1,0.9997412008281573,3863,True,0.0,13040,3863,0.29624233128834354,228,69,0.00024280001525767148,0.003553899994585663,0.0037967000098433346
DEV-2883,MODERATE,LARGE,23,3,1,0,Optimization terminated successfully. (HiGHS Status 7: Optimal),True,1520.0,1520.0,0.0,0,1520,1520,0,1.0,1520,True,0.0,13815,1520,0.1100253347810351,207,78,0.00023880001390352845,0.001133099984144792,0.0013718999980483204
DEV-2884,MODERATE,LARGE,26,2,11,0,Optimization terminated successfully. (HiGHS Status 7: Optimal),True,5421.0,5421.0,0.0,0,5421,5421,0,1.0,5421,True,0.0,13481,5421,0.4021215043394407,156,84,0.0002179000002797693,0.00103859999217093,0.0012564999924506992
DEV-2885,HIGH,SMALL,4,3,1,0,Optimization terminated successfully. (HiGHS Status 7: Optimal),True,758.0,758.0,0.0,0,758,758,0,1.0,758,True,0.0,2631,758,0.2881033827442037,36,21,0.00013639999087899923,0.0006890000076964498,0.000825399998575449
DEV-2886,MODERATE,LARGE,27,5,11,0,Optimization terminated successfully. (HiGHS Status 7: Optimal),True,6502.0,6502.0,0.0,1,6502,6502,0,1.0,6502,True,0.0,17029,6502,0.3818192495155323,405,96,0.0003336000081617385,0.0031795999966561794,0.003513200004817918
DEV-2887,MODERATE,SMALL,3,5,1,0,Optimization terminated successfully. (HiGHS Status 7: Optimal),True,1234.0,1234.0,0.0,0,1234,1234,0,1.0,1234,True,0.0,3405,1234,0.3624082232011747,45,24,0.0001441999920643866,0.0007401999901048839,0.0008843999821692705
DEV-2888,HIGH,SMALL,4,4,2,0,Optimization terminated successfully. (HiGHS Status 7: Optimal),True,1650.0,1650.0,0.0,0,2210,1650,560,0.746606334841629,1650,True,0.0,3460,1650,0.476878612716763,48,24,0.00014180000289343297,0.000745700002880767,0.0008875000057742
DEV-2889,HIGH,SMALL,6,2,1,0,Optimization terminated successfully. (HiGHS Status 7: Optimal),True,701.0,701.0,0.0,0,701,701,0,1.0,701,True,0.0,3249,701,0.2157586949830717,36,24,0.0001364000199828297,0.0007001999765634537,0.0008365999965462834
DEV-2890,MODERATE,MEDIUM,13,2,3,0,Optimization terminated successfully. (HiGHS Status 7: Optimal),True,1389.0,1389.0,0.0,0,1389,1389,0,1.0,1389,True,0.0,8717,1389,0.15934381094413216,78,45,0.00019029999384656549,0.0008015000203158706,0.0009918000141624361
DEV-2891,HIGH,SMALL,4,3,1,0,Optimization terminated successfully. (HiGHS Status 7: Optimal),True,254.0,254.0,0.0,0,254,254,0,1.0,254,True,0.0,1549,254,0.16397675919948354,36,21,0.00013269999180920422,0.0006802999996580184,0.0008129999914672226
DEV-2892,MODERATE,LARGE,25,4,3,0,Optimization terminated successfully. (HiGHS Status 7: Optimal),True,682.0,682.0,0.0,0,682,682,0,1.0,682,True,0.0,12468,682,0.05470003208213026,300,87,0.000305499997921288,0.0013904999941587448,0.0016959999920800328
DEV-2893,HIGH,LARGE,24,4,2,0,Optimization terminated successfully. (HiGHS Status 7: Optimal),True,521.0,521.0,0.0,1,521,521,0,1.0,521,True,0.0,17542,521,0.029700148215710865,288,84,0.00027320001390762627,0.006689200003165752,0.006962400017073378
DEV-2894,HIGH,SMALL,3,2,1,0,Optimization terminated successfully. (HiGHS Status 7: Optimal),True,72.0,72.0,0.0,0,222,72,150,0.32432432432432434,72,True,0.0,2529,72,0.028469750889679714,18,15,0.00012879999121651053,0.0006370999908540398,0.0007658999820705503
DEV-2895,HIGH,SMALL,3,5,2,0,Optimization terminated successfully. (HiGHS Status 7: Optimal),True,1156.0,1156.0,0.0,1,1559,1156,403,0.7415009621552278,1156,True,0.0,1919,1156,0.6023970818134445,45,24,0.00013940001372247934,0.005250899994280189,0.005390300008002669
DEV-2896,HIGH,SMALL,6,5,3,0,Optimization terminated successfully. (HiGHS Status 7: Optimal),True,922.0,922.0,0.0,1,934,922,12,0.987152034261242,922,True,0.0,2736,922,0.3369883040935672,90,33,0.00018840000848285854,0.005463100009365007,0.005651500017847866
DEV-2897,HIGH,LARGE,29,5,1,0,Optimization terminated successfully. (HiGHS Status 7: Optimal),True,625.0,625.0,0.0,0,625,625,0,1.0,625,True,0.0,17180,625,0.036379511059371365,435,102,0.00035349998506717384,0.0016522000078111887,0.0020056999928783625
DEV-2898,HIGH,SMALL,5,3,1,0,Optimization terminated successfully. (HiGHS Status 7: Optimal),True,631.0,631.0,0.0,0,631,631,0,1.0,631,True,0.0,2302,631,0.2741094700260643,45,24,0.0001592000189702958,0.0007168999873101711,0.0008761000062804669
DEV-2899,HIGH,SMALL,4,3,1,0,Optimization terminated successfully. (HiGHS Status 7: Optimal),True,1361.0,1361.0,0.0,0,1361,1361,0,1.0,1361,True,0.0,4250,1361,0.32023529411764706,36,21,0.00013410000246949494,0.0006856000109110028,0.0008197000133804977
DEV-2900,HIGH,MEDIUM,10,5,1,0,Optimization terminated successfully. (HiGHS Status 7: Optimal),True,174.0,174.0,0.0,0,174,174,0,1.0,174,True,0.0,4083,174,0.0426157237325496,150,45,0.00019439999596215785,0.0009277000208385289,0.0011221000168006867
DEV-2901,LOW,MEDIUM,10,3,1,0,Optimization terminated successfully. (HiGHS Status 7: Optimal),True,328.0,328.0,0.0,0,328,328,0,1.0,328,True,0.0,5019,328,0.06535166367802352,90,39,0.0001677999971434474,0.0008208999934140593,0.0009886999905575067
DEV-2902,HIGH,LARGE,29,4,7,0,Optimization terminated successfully. (HiGHS Status 7: Optimal),True,6071.0,6071.0,0.0,1,6071,6071,0,1.0,6071,True,0.0,19359,6071,0.3136009091378687,348,99,0.00031030000536702573,0.003838100004941225,0.004148400010308251
DEV-2903,MODERATE,MEDIUM,14,4,1,0,Optimization terminated successfully. (HiGHS Status 7: Optimal),True,1274.0,1274.0,0.0,0,1274,1274,0,1.0,1274,True,0.0,13050,1274,0.09762452107279694,168,54,0.00021249998826533556,0.0010108000133186579,0.0012233000015839934
DEV-2904,LOW,LARGE,21,2,3,0,Optimization terminated successfully. (HiGHS Status 7: Optimal),True,2302.0,2302.0,0.0,0,2302,2302,0,1.0,2302,True,0.0,19312,2302,0.11920049710024855,126,69,0.0001959000073838979,0.0010360000014770776,0.0012319000088609755
DEV-2905,MODERATE,SMALL,3,5,1,0,Optimization terminated successfully. (HiGHS Status 7: Optimal),True,1107.0,1107.0,0.0,0,1107,1107,0,1.0,1107,True,0.0,2988,1107,0.3704819277108434,45,24,0.00015300000086426735,0.0007209999894257635,0.0008739999902900308
DEV-2906,MODERATE,SMALL,6,2,1,0,Optimization terminated successfully. (HiGHS Status 7: Optimal),True,624.0,624.0,0.0,0,624,624,0,1.0,624,True,0.0,1319,624,0.47308567096285065,36,24,0.00014819999341852963,0.0006817000103183091,0.0008299000037368387
DEV-2907,LOW,MEDIUM,12,5,3,0,Optimization terminated successfully. (HiGHS Status 7: Optimal),True,4004.0,4004.0,0.0,1,4004,4004,0,1.0,4004,True,0.0,7813,4004,0.5124792013311148,180,51,0.00021100000594742596,0.0034039999882224947,0.0036149999941699207
DEV-2908,HIGH,LARGE,23,2,10,0,Optimization terminated successfully. (HiGHS Status 7: Optimal),True,8503.0,8503.0,0.0,1,9378,8503,875,0.9066965237790574,8503,True,0.0,19029,8503,0.44684429029376216,138,75,0.00021359999664127827,0.003769899980397895,0.003983499977039173
DEV-2909,MODERATE,MEDIUM,10,5,2,0,Optimization terminated successfully. (HiGHS Status 7: Optimal),True,737.0,737.0,0.0,0,737,737,0,1.0,737,True,0.0,5908,737,0.12474610697359513,150,45,0.0002032000047620386,0.000995299982605502,0.0011984999873675406
DEV-2910,HIGH,MEDIUM,11,3,2,0,Optimization terminated successfully. (HiGHS Status 7: Optimal),True,1116.0,1116.0,0.0,1,1116,1116,0,1.0,1116,True,0.0,4426,1116,0.25214640759150475,99,42,0.0001790999958757311,0.006916399986948818,0.007095499982824549
DEV-2911,HIGH,LARGE,28,4,3,0,Optimization terminated successfully. (HiGHS Status 7: Optimal),True,1562.0,1562.0,0.0,0,1562,1562,0,1.0,1562,True,0.0,18646,1562,0.08377131824520004,336,96,0.00030780001543462276,0.001451199990697205,0.0017590000061318278
DEV-2912,MODERATE,SMALL,6,3,2,0,Optimization terminated successfully. (HiGHS Status 7: Optimal),True,209.0,209.0,0.0,0,209,209,0,1.0,209,True,0.0,4043,209,0.051694286420974525,54,27,0.00014859999646432698,0.0007587999862153083,0.0009073999826796353
DEV-2913,MODERATE,LARGE,25,4,8,0,Optimization terminated successfully. (HiGHS Status 7: Optimal),True,6117.0,6117.0,0.0,1,6117,6117,0,1.0,6117,True,0.0,18144,6117,0.3371362433862434,300,87,0.0002852999896276742,0.004186200007097796,0.00447149999672547
DEV-2914,HIGH,MEDIUM,11,2,4,0,Optimization terminated successfully. (HiGHS Status 7: Optimal),True,3267.0,3267.0,0.0,1,3348,3267,81,0.9758064516129032,3267,True,0.0,8002,3267,0.40827293176705826,66,39,0.00016319999122060835,0.00505229999544099,0.005215499986661598
DEV-2915,HIGH,LARGE,30,5,3,0,Optimization terminated successfully. (HiGHS Status 7: Optimal),True,3505.0,3505.0,0.0,1,3505,3505,0,1.0,3505,True,0.0,23481,3505,0.1492696222477748,450,105,0.0003640999784693122,0.004970100009813905,0.005334199988283217
DEV-2916,MODERATE,SMALL,4,2,1,0,Optimization terminated successfully. (HiGHS Status 7: Optimal),True,693.0,693.0,0.0,0,693,693,0,1.0,693,True,0.0,1864,693,0.3717811158798283,24,18,0.00013530001160688698,0.0006851000071037561,0.000820400018710643
DEV-2917,HIGH,LARGE,28,4,9,0,Optimization terminated successfully. (HiGHS Status 7: Optimal),True,7287.0,7287.0,0.0,1,7287,7287,0,1.0,7287,True,0.0,23384,7287,0.31162333219295246,336,96,0.000301199994282797,0.0034186000120826066,0.0037198000063654035
DEV-2918,HIGH,SMALL,3,4,1,0,Optimization terminated successfully. (HiGHS Status 7: Optimal),True,1088.0,1088.0,0.0,0,1340,1088,252,0.8119402985074626,1088,True,0.0,2991,1088,0.36375794048813104,36,21,0.000159099989105016,0.0007089999853633344,0.0008680999744683504
DEV-2919,MODERATE,LARGE,26,2,8,0,Optimization terminated successfully. (HiGHS Status 7: Optimal),True,8303.0,8303.0,0.0,0,8303,8303,0,1.0,8303,True,0.0,18453,8303,0.4499539370292093,156,84,0.00021800000104121864,0.00103270000545308,0.0012507000064942986
DEV-2920,MODERATE,MEDIUM,12,5,2,0,Optimization terminated successfully. (HiGHS Status 7: Optimal),True,220.0,220.0,0.0,0,220,220,0,1.0,220,True,0.0,5178,220,0.04248744689069139,180,51,0.0002091999922413379,0.0010156999924220145,0.0012248999846633524
DEV-2921,HIGH,SMALL,4,5,1,0,Optimization terminated successfully. (HiGHS Status 7: Optimal),True,1759.0,1759.0,0.0,0,1760,1759,1,0.9994318181818181,1759,True,0.0,3862,1759,0.45546349041947176,60,27,0.0001542000100016594,0.00073640001937747,0.0008906000293791294
DEV-2922,MODERATE,LARGE,30,4,7,0,Optimization terminated successfully. (HiGHS Status 7: Optimal),True,4479.0,4479.0,0.0,0,4479,4479,0,1.0,4479,True,0.0,20061,4479,0.22326902946014654,360,102,0.0003132999991066754,0.0015252000011969358,0.0018385000003036112
DEV-2923,MODERATE,LARGE,26,5,6,0,Optimization terminated successfully. (HiGHS Status 7: Optimal),True,4484.0,4484.0,0.0,0,4484,4484,0,1.0,4484,True,0.0,19012,4484,0.23585104144750685,390,93,0.0003217000048607588,0.001569500018376857,0.0018912000232376158
DEV-2924,MODERATE,SMALL,4,4,1,0,Optimization terminated successfully. (HiGHS Status 7: Optimal),True,584.0,584.0,0.0,0,584,584,0,1.0,584,True,0.0,1463,584,0.39917976760082025,48,24,0.00014489999739453197,0.0007140000234358013,0.0008589000208303332
DEV-2925,MODERATE,MEDIUM,9,3,2,0,Optimization terminated successfully. (HiGHS Status 7: Optimal),True,753.0,753.0,0.0,0,753,753,0,1.0,753,True,0.0,5790,753,0.1300518134715026,81,36,0.00016170000890269876,0.0008035000064410269,0.0009652000153437257
DEV-2926,HIGH,LARGE,24,2,3,0,Optimization terminated successfully. (HiGHS Status 7: Optimal),True,1164.0,1164.0,0.0,0,1164,1164,0,1.0,1164,True,0.0,16960,1164,0.06863207547169811,144,78,0.00020739997853524983,0.0009568000095896423,0.0011641999881248921
DEV-2927,MODERATE,LARGE,22,3,4,0,Optimization terminated successfully. (HiGHS Status 7: Optimal),True,2289.0,2289.0,0.0,0,2289,2289,0,1.0,2289,True,0.0,16589,2289,0.1379830007836518,198,75,0.0002243000199086964,0.0011026999854948372,0.0013270000054035336
DEV-2928,HIGH,MEDIUM,9,4,4,0,Optimization terminated successfully. (HiGHS Status 7: Optimal),True,1884.0,1884.0,0.0,1,1884,1884,0,1.0,1884,True,0.0,5743,1884,0.3280515410064426,108,39,0.00017319998005405068,0.0038967000145930797,0.00406989999464713
DEV-2929,LOW,SMALL,3,2,1,0,Optimization terminated successfully. (HiGHS Status 7: Optimal),True,523.0,523.0,0.0,0,523,523,0,1.0,523,True,0.0,2039,523,0.2564982834722903,18,15,0.0001281999866478145,0.0006603999936487526,0.0007885999802965671
DEV-2930,HIGH,MEDIUM,8,2,1,0,Optimization terminated successfully. (HiGHS Status 7: Optimal),True,327.0,327.0,0.0,0,327,327,0,1.0,327,True,0.0,4203,327,0.07780157030692363,48,30,0.0001449999981559813,0.0007089000137057155,0.0008539000118616968
DEV-2931,MODERATE,LARGE,27,4,6,0,Optimization terminated successfully. (HiGHS Status 7: Optimal),True,3272.0,3272.0,0.0,0,3272,3272,0,1.0,3272,True,0.0,16297,3272,0.2007731484322268,324,93,0.0002932000206783414,0.0014290000253822654,0.0017222000460606068
DEV-2932,HIGH,LARGE,26,3,5,0,Optimization terminated successfully. (HiGHS Status 7: Optimal),True,2875.0,2875.0,0.0,1,2875,2875,0,1.0,2875,True,0.0,17862,2875,0.16095621990818498,234,87,0.0002486000012140721,0.004858000000240281,0.005106600001454353
DEV-2933,LOW,SMALL,3,3,1,0,Optimization terminated successfully. (HiGHS Status 7: Optimal),True,1362.0,1362.0,0.0,0,1362,1362,0,1.0,1362,True,0.0,2337,1362,0.582798459563543,27,18,0.00013780000153928995,0.000689799984684214,0.000827599986223504
DEV-2934,HIGH,MEDIUM,10,5,1,0,Optimization terminated successfully. (HiGHS Status 7: Optimal),True,26.0,26.0,0.0,0,26,26,0,1.0,26,True,0.0,6474,26,0.004016064257028112,150,45,0.00019809999503195286,0.00100460002431646,0.0012027000193484128
DEV-2935,MODERATE,LARGE,27,2,3,0,Optimization terminated successfully. (HiGHS Status 7: Optimal),True,739.0,739.0,0.0,0,739,739,0,1.0,739,True,0.0,15115,739,0.04889182930863381,162,87,0.00021920001017861068,0.0010334000107832253,0.001252600020961836
DEV-2936,MODERATE,LARGE,29,4,1,0,Optimization terminated successfully. (HiGHS Status 7: Optimal),True,733.0,733.0,0.0,0,733,733,0,1.0,733,True,0.0,21215,733,0.034551025218006126,348,99,0.0003141000051982701,0.0014026999997440726,0.0017168000049423426
DEV-2937,MODERATE,LARGE,20,3,1,0,Optimization terminated successfully. (HiGHS Status 7: Optimal),True,544.0,544.0,0.0,0,544,544,0,1.0,544,True,0.0,13049,544,0.04168901831557974,180,69,0.0002542999864090234,0.0010307000193279237,0.001285000005736947
DEV-2938,MODERATE,LARGE,26,5,1,0,Optimization terminated successfully. (HiGHS Status 7: Optimal),True,498.0,498.0,0.0,0,498,498,0,1.0,498,True,0.0,17496,498,0.028463648834019206,390,93,0.00032199997804127634,0.0014986000023782253,0.0018205999804195017
DEV-2939,HIGH,SMALL,6,3,2,0,Optimization terminated successfully. (HiGHS Status 7: Optimal),True,1354.0,1354.0,0.0,1,1354,1354,0,1.0,1354,True,0.0,4032,1354,0.33581349206349204,54,27,0.000145500001963228,0.0052198999910615385,0.0053653999930247664
DEV-2940,HIGH,MEDIUM,8,3,1,0,Optimization terminated successfully. (HiGHS Status 7: Optimal),True,929.0,929.0,0.0,0,929,929,0,1.0,929,True,0.0,6502,929,0.1428791141187327,72,33,0.00017439998919144273,0.0007960000075399876,0.0009703999967314303
DEV-2941,HIGH,MEDIUM,8,4,1,0,Optimization terminated successfully. (HiGHS Status 7: Optimal),True,235.0,235.0,0.0,0,235,235,0,1.0,235,True,0.0,4820,235,0.0487551867219917,96,36,0.00017040001694113016,0.0008289999968837947,0.0009994000138249248
DEV-2942,HIGH,LARGE,21,4,1,0,Optimization terminated successfully. (HiGHS Status 7: Optimal),True,606.0,606.0,0.0,0,606,606,0,1.0,606,True,0.0,15498,606,0.03910181958962447,252,75,0.00024999998277053237,0.001196400000480935,0.0014463999832514673
DEV-2943,MODERATE,MEDIUM,11,5,2,0,Optimization terminated successfully. (HiGHS Status 7: Optimal),True,1651.0,1651.0,0.0,1,1651,1651,0,1.0,1651,True,0.0,7126,1651,0.23168678080269436,165,48,0.0002038000093307346,0.005641099996864796,0.00584490000619553
DEV-2944,HIGH,LARGE,29,4,5,0,Optimization terminated successfully. (HiGHS Status 7: Optimal),True,2399.0,2399.0,0.0,0,2399,2399,0,1.0,2399,True,0.0,21078,2399,0.11381535250023721,348,99,0.0003133999998681247,0.0015023999731056392,0.001815799972973764
DEV-2945,MODERATE,SMALL,3,4,1,0,Optimization terminated successfully. (HiGHS Status 7: Optimal),True,875.0,875.0,0.0,0,875,875,0,1.0,875,True,0.0,1511,875,0.5790866975512905,36,21,0.00013609998859465122,0.0007130000158213079,0.0008491000044159591
DEV-2946,HIGH,LARGE,26,4,7,0,Optimization terminated successfully. (HiGHS Status 7: Optimal),True,2620.0,2620.0,0.0,1,2620,2620,0,1.0,2620,True,0.0,16716,2620,0.15673606125867431,312,90,0.00030610000248998404,0.003958699991926551,0.004264799994416535
DEV-2947,HIGH,LARGE,19,3,1,0,Optimization terminated successfully. (HiGHS Status 7: Optimal),True,366.0,366.0,0.0,0,366,366,0,1.0,366,True,0.0,13529,366,0.027052997265134156,171,66,0.0002175999979954213,0.0010318999993614852,0.0012494999973569065
DEV-2948,MODERATE,LARGE,25,2,1,0,Optimization terminated successfully. (HiGHS Status 7: Optimal),True,490.0,490.0,0.0,0,490,490,0,1.0,490,True,0.0,19790,490,0.024759979787771603,150,81,0.00021580001339316368,0.000973999995039776,0.0011898000084329396
DEV-2949,HIGH,SMALL,5,2,2,0,Optimization terminated successfully. (HiGHS Status 7: Optimal),True,255.0,255.0,0.0,0,255,255,0,1.0,255,True,0.0,2829,255,0.09013785790031813,30,21,0.00015320000238716602,0.0006947999936528504,0.0008479999960400164
DEV-2950,HIGH,MEDIUM,14,3,3,0,Optimization terminated successfully. (HiGHS Status 7: Optimal),True,2640.0,2640.0,0.0,1,2640,2640,0,1.0,2640,True,0.0,8600,2640,0.30697674418604654,126,51,0.00018840000848285854,0.0052167999965604395,0.005405200005043298
DEV-2951,HIGH,MEDIUM,12,4,5,0,Optimization terminated successfully. (HiGHS Status 7: Optimal),True,3258.0,3258.0,0.0,1,3258,3258,0,1.0,3258,True,0.0,8888,3258,0.36656165616561653,144,48,0.00019880000036209822,0.0036071999929845333,0.0038059999933466315
DEV-2952,MODERATE,LARGE,27,2,2,0,Optimization terminated successfully. (HiGHS Status 7: Optimal),True,1405.0,1405.0,0.0,0,1405,1405,0,1.0,1405,True,0.0,24519,1405,0.057302500101961744,162,87,0.0002305000089108944,0.00101039998116903,0.0012408999900799245
DEV-2953,HIGH,LARGE,19,5,2,0,Optimization terminated successfully. (HiGHS Status 7: Optimal),True,1517.0,1517.0,0.0,1,1517,1517,0,1.0,1517,True,0.0,14368,1517,0.10558184855233853,285,72,0.0002671999973244965,0.005921200005104765,0.006188400002429262
DEV-2954,MODERATE,MEDIUM,10,3,1,0,Optimization terminated successfully. (HiGHS Status 7: Optimal),True,772.0,772.0,0.0,0,772,772,0,1.0,772,True,0.0,4448,772,0.1735611510791367,90,39,0.0001812000118661672,0.000837799976579845,0.0010189999884460121
DEV-2955,HIGH,MEDIUM,11,2,1,0,Optimization terminated successfully. (HiGHS Status 7: Optimal),True,123.0,123.0,0.0,0,123,123,0,1.0,123,True,0.0,5813,123,0.021159470153105108,66,39,0.0001584000128787011,0.0007722000009380281,0.0009306000138167292
DEV-2956,HIGH,MEDIUM,10,4,4,0,Optimization terminated successfully. (HiGHS Status 7: Optimal),True,3120.0,3120.0,0.0,1,3150,3120,30,0.9904761904761905,3120,True,0.0,8595,3120,0.36300174520069806,120,42,0.0001897999900393188,0.00363140000263229,0.003821199992671609
DEV-2957,MODERATE,SMALL,3,3,2,0,Optimization terminated successfully. (HiGHS Status 7: Optimal),True,2218.0,2218.0,0.0,1,2221,2218,3,0.9986492570914003,2218,True,0.0,4270,2218,0.5194379391100703,27,18,0.00013440000475384295,0.004854200000409037,0.00498860000516288
DEV-2958,HIGH,SMALL,4,4,1,0,Optimization terminated successfully. (HiGHS Status 7: Optimal),True,100.0,100.0,0.0,0,100,100,0,1.0,100,True,0.0,3106,100,0.03219575016097875,48,24,0.00015090001397766173,0.0007367999933194369,0.0008877000072970986
DEV-2959,MODERATE,LARGE,28,2,5,0,Optimization terminated successfully. (HiGHS Status 7: Optimal),True,2108.0,2108.0,0.0,0,2108,2108,0,1.0,2108,True,0.0,18984,2108,0.1110408765276022,168,90,0.0002282000205013901,0.0010387999936938286,0.0012670000141952187
DEV-2960,HIGH,MEDIUM,14,3,2,0,Optimization terminated successfully. (HiGHS Status 7: Optimal),True,866.0,866.0,0.0,0,866,866,0,1.0,866,True,0.0,11156,866,0.07762638938687702,126,51,0.00018930001533590257,0.0009204999951180071,0.0011098000104539096
DEV-2961,MODERATE,MEDIUM,12,3,1,0,Optimization terminated successfully. (HiGHS Status 7: Optimal),True,305.0,305.0,0.0,0,305,305,0,1.0,305,True,0.0,11572,305,0.026356723124783963,108,45,0.00017660000594332814,0.000846099981572479,0.0010226999875158072
DEV-2962,LOW,LARGE,18,4,2,0,Optimization terminated successfully. (HiGHS Status 7: Optimal),True,3183.0,3183.0,0.0,0,3183,3183,0,1.0,3183,True,0.0,11305,3183,0.2815568332596196,216,66,0.000228899996727705,0.0011437000066507608,0.0013726000033784658
DEV-2963,MODERATE,MEDIUM,12,5,2,0,Optimization terminated successfully. (HiGHS Status 7: Optimal),True,2723.0,2723.0,0.0,0,2723,2723,0,1.0,2723,True,0.0,12921,2723,0.2107422026158966,180,51,0.00021050000214017928,0.001065399992512539,0.0012758999946527183
DEV-2964,HIGH,MEDIUM,12,5,3,0,Optimization terminated successfully. (HiGHS Status 7: Optimal),True,813.0,813.0,0.0,1,813,813,0,1.0,813,True,0.0,9527,813,0.08533641230187887,180,51,0.00020959999528713524,0.0049866000190377235,0.005196200014324859
DEV-2965,MODERATE,MEDIUM,11,4,3,0,Optimization terminated successfully. (HiGHS Status 7: Optimal),True,1631.0,1631.0,0.0,1,1631,1631,0,1.0,1631,True,0.0,6313,1631,0.25835577380009506,132,45,0.00019299998530186713,0.004291499993996695,0.004484499979298562
DEV-2966,LOW,MEDIUM,14,4,3,0,Optimization terminated successfully. (HiGHS Status 7: Optimal),True,3222.0,3222.0,0.0,0,3222,3222,0,1.0,3222,True,0.0,9583,3222,0.33622039027444434,168,54,0.0002133000234607607,0.0010519999777898192,0.00126530000125058
DEV-2967,MODERATE,MEDIUM,8,5,1,0,Optimization terminated successfully. (HiGHS Status 7: Optimal),True,675.0,675.0,0.0,0,675,675,0,1.0,675,True,0.0,4885,675,0.13817809621289662,120,39,0.00020799998310394585,0.0009077000140678138,0.0011156999971717596
DEV-2968,LOW,LARGE,23,3,1,0,Optimization terminated successfully. (HiGHS Status 7: Optimal),True,782.0,782.0,0.0,0,782,782,0,1.0,782,True,0.0,18785,782,0.0416289592760181,207,78,0.00023499998496845365,0.001105600007576868,0.0013405999925453216
DEV-2969,HIGH,LARGE,27,3,3,0,Optimization terminated successfully. (HiGHS Status 7: Optimal),True,1544.0,1544.0,0.0,0,1544,1544,0,1.0,1544,True,0.0,21231,1544,0.07272384720455938,243,90,0.0002573000092525035,0.0011953999928664416,0.0014527000021189451
DEV-2970,MODERATE,SMALL,6,2,1,0,Optimization terminated successfully. (HiGHS Status 7: Optimal),True,382.0,382.0,0.0,0,382,382,0,1.0,382,True,0.0,3189,382,0.11978676701160239,36,24,0.000142400007462129,0.0006986999942455441,0.0008411000017076731
DEV-2971,HIGH,MEDIUM,12,5,1,0,Optimization terminated successfully. (HiGHS Status 7: Optimal),True,640.0,640.0,0.0,0,640,640,0,1.0,640,True,0.0,7302,640,0.08764721993974253,180,51,0.00021329999435693026,0.0010150000161956996,0.0012283000105526298
DEV-2972,MODERATE,SMALL,5,2,2,0,Optimization terminated successfully. (HiGHS Status 7: Optimal),True,1555.0,1555.0,0.0,0,1555,1555,0,1.0,1555,True,0.0,4124,1555,0.37706110572259943,30,21,0.00013329999637790024,0.0006741000106558204,0.0008074000070337206
DEV-2973,LOW,MEDIUM,8,4,2,0,Optimization terminated successfully. (HiGHS Status 7: Optimal),True,265.0,265.0,0.0,0,265,265,0,1.0,265,True,0.0,5239,265,0.0505821721702615,96,36,0.00016530000721104443,0.0008162999874912202,0.0009815999947022647
DEV-2974,MODERATE,SMALL,3,2,2,0,Optimization terminated successfully. (HiGHS Status 7: Optimal),True,589.0,589.0,0.0,0,589,589,0,1.0,589,True,0.0,2706,589,0.21766444937176643,18,15,0.00012989999959245324,0.0006854000093881041,0.0008153000089805573
DEV-2975,HIGH,MEDIUM,13,3,1,0,Optimization terminated successfully. (HiGHS Status 7: Optimal),True,685.0,685.0,0.0,0,685,685,0,1.0,685,True,0.0,7419,685,0.09233050276317563,117,48,0.00018159998580813408,0.000881300016772002,0.001062900002580136
DEV-2976,HIGH,SMALL,3,2,1,0,Optimization terminated successfully. (HiGHS Status 7: Optimal),True,473.0,473.0,0.0,0,473,473,0,1.0,473,True,0.0,2569,473,0.1841183339820942,18,15,0.0001297999988310039,0.0006458999996539205,0.0007756999984849244
DEV-2977,MODERATE,SMALL,3,3,1,0,Optimization terminated successfully. (HiGHS Status 7: Optimal),True,183.0,183.0,0.0,0,183,183,0,1.0,183,True,0.0,1351,183,0.13545521835677277,27,18,0.00012769998284056783,0.0006588000105693936,0.0007864999934099615
DEV-2978,MODERATE,SMALL,3,3,1,0,Optimization terminated successfully. (HiGHS Status 7: Optimal),True,12.0,12.0,0.0,0,12,12,0,1.0,12,True,0.0,394,12,0.030456852791878174,27,18,0.00012700000661425292,0.0006680999940726906,0.0007951000006869435
DEV-2979,HIGH,MEDIUM,9,3,4,0,Optimization terminated successfully. (HiGHS Status 7: Optimal),True,3038.0,3038.0,0.0,1,3053,3038,15,0.9950867998689813,3038,True,0.0,6317,3038,0.48092448947285105,81,36,0.0001632999919820577,0.004456199996639043,0.004619499988621101
DEV-2980,MODERATE,SMALL,5,5,1,0,Optimization terminated successfully. (HiGHS Status 7: Optimal),True,285.0,285.0,0.0,0,285,285,0,1.0,285,True,0.0,3254,285,0.08758451137062077,75,30,0.00016140000661835074,0.0007931000145617872,0.000954500021180138
DEV-2981,MODERATE,MEDIUM,12,5,5,0,Optimization terminated successfully. (HiGHS Status 7: Optimal),True,3379.0,3379.0,0.0,1,3379,3379,0,1.0,3379,True,0.0,6635,3379,0.5092690278824415,180,51,0.0002161000156775117,0.003197999991243705,0.003414100006921217
DEV-2982,HIGH,MEDIUM,9,4,2,0,Optimization terminated successfully. (HiGHS Status 7: Optimal),True,2216.0,2216.0,0.0,1,2216,2216,0,1.0,2216,True,0.0,7264,2216,0.30506607929515417,108,39,0.00017900002421811223,0.004191299987724051,0.004370300011942163
DEV-2983,MODERATE,LARGE,29,3,1,0,Optimization terminated successfully. (HiGHS Status 7: Optimal),True,322.0,322.0,0.0,0,322,322,0,1.0,322,True,0.0,21378,322,0.015062213490504257,261,96,0.00027279998175799847,0.001261600002180785,0.0015343999839387834
DEV-2984,HIGH,SMALL,4,4,1,0,Optimization terminated successfully. (HiGHS Status 7: Optimal),True,333.0,333.0,0.0,0,333,333,0,1.0,333,True,0.0,2340,333,0.1423076923076923,48,24,0.000142700009746477,0.0007252999930642545,0.0008680000028107315
DEV-2985,LOW,LARGE,27,5,3,0,Optimization terminated successfully. (HiGHS Status 7: Optimal),True,2479.0,2479.0,0.0,0,2479,2479,0,1.0,2479,True,0.0,19739,2479,0.12558893560970666,405,96,0.0003318999952170998,0.001584300014656037,0.0019162000098731369
DEV-2986,MODERATE,SMALL,6,3,1,0,Optimization terminated successfully. (HiGHS Status 7: Optimal),True,351.0,351.0,0.0,0,351,351,0,1.0,351,True,0.0,4549,351,0.07715981534403166,54,27,0.0001553000183776021,0.0007528999994974583,0.0009082000178750604
DEV-2987,HIGH,SMALL,5,4,1,0,Optimization terminated successfully. (HiGHS Status 7: Optimal),True,305.0,305.0,0.0,0,305,305,0,1.0,305,True,0.0,2043,305,0.14929025942241803,60,27,0.00014780001947656274,0.0007408000237774104,0.0008886000432539731
DEV-2988,HIGH,SMALL,6,3,1,0,Optimization terminated successfully. (HiGHS Status 7: Optimal),True,25.0,25.0,0.0,0,25,25,0,1.0,25,True,0.0,3286,25,0.007608034083992696,54,27,0.0001453000004403293,0.0007222999993246049,0.0008675999997649342
DEV-2989,MODERATE,MEDIUM,9,2,2,0,Optimization terminated successfully. (HiGHS Status 7: Optimal),True,1112.0,1112.0,0.0,0,1112,1112,0,1.0,1112,True,0.0,5978,1112,0.18601538976246237,54,33,0.00014590000500902534,0.0007347000064328313,0.0008806000114418566
DEV-2990,HIGH,LARGE,27,3,4,0,Optimization terminated successfully. (HiGHS Status 7: Optimal),True,1834.0,1834.0,0.0,0,1834,1834,0,1.0,1834,True,0.0,19769,1834,0.09277151095148971,243,90,0.00025159999495372176,0.0011760999914258718,0.0014276999863795936
DEV-2991,HIGH,SMALL,4,5,2,0,Optimization terminated successfully. (HiGHS Status 7: Optimal),True,741.0,741.0,0.0,0,1477,741,736,0.5016926201760324,741,True,0.0,1867,741,0.3968934118907338,60,27,0.00014819999341852963,0.000751899991882965,0.0009000999853014946
DEV-2992,HIGH,MEDIUM,12,3,2,0,Optimization terminated successfully. (HiGHS Status 7: Optimal),True,2533.0,2533.0,0.0,1,2533,2533,0,1.0,2533,True,0.0,11686,2533,0.2167550915625535,108,45,0.00017710000975057483,0.005797399993753061,0.0059745000035036355
DEV-2993,HIGH,SMALL,3,2,1,0,Optimization terminated successfully. (HiGHS Status 7: Optimal),True,178.0,178.0,0.0,0,369,178,191,0.4823848238482385,178,True,0.0,388,178,0.4587628865979381,18,15,0.00012780001270584762,0.0006540000031236559,0.0007818000158295035
DEV-2994,HIGH,LARGE,18,5,1,0,Optimization terminated successfully. (HiGHS Status 7: Optimal),True,439.0,439.0,0.0,0,439,439,0,1.0,439,True,0.0,10334,439,0.04248113024966131,270,69,0.0002614000113680959,0.0012344999995548278,0.0014959000109229237
DEV-2995,HIGH,MEDIUM,13,2,2,0,Optimization terminated successfully. (HiGHS Status 7: Optimal),True,991.0,991.0,0.0,0,991,991,0,1.0,991,True,0.0,9436,991,0.10502331496396779,78,45,0.00016709999181330204,0.0008159000135492533,0.0009830000053625554
DEV-2996,MODERATE,SMALL,3,5,2,0,Optimization terminated successfully. (HiGHS Status 7: Optimal),True,1052.0,1052.0,0.0,1,1052,1052,0,1.0,1052,True,0.0,1792,1052,0.5870535714285714,45,24,0.00014210000517778099,0.004370399983599782,0.004512499988777563
DEV-2997,HIGH,SMALL,4,5,1,0,Optimization terminated successfully. (HiGHS Status 7: Optimal),True,130.0,130.0,0.0,0,130,130,0,1.0,130,True,0.0,1788,130,0.07270693512304251,60,27,0.00015390000771731138,0.0007683000003453344,0.0009222000080626458
DEV-2998,HIGH,LARGE,28,3,8,0,Optimization terminated successfully. (HiGHS Status 7: Optimal),True,6083.0,6083.0,0.0,1,6334,6083,251,0.9603725923586991,6083,True,0.0,18712,6083,0.32508550662676355,252,93,0.0002624999906402081,0.003638099995441735,0.003900599986081943
DEV-2999,HIGH,SMALL,3,3,1,0,Optimization terminated successfully. (HiGHS Status 7: Optimal),True,788.0,788.0,0.0,0,788,788,0,1.0,788,True,0.0,2330,788,0.3381974248927039,27,18,0.00013570001465268433,0.0007030999986454844,0.0008388000132981688
DEV-3000,HIGH,LARGE,27,4,6,0,Optimization terminated successfully. (HiGHS Status 7: Optimal),True,4602.0,4602.0,0.0,1,4633,4602,31,0.9933088711418088,4602,True,0.0,19915,4602,0.23108209892041176,324,93,0.00029880000511184335,0.003704600007040426,0.0040034000121522695
