config_id,alpha,k,m,n,equivalence_class_id,is_class_representative,mean_cdc,median_cdc,std_cdc,p10_cdc,p25_cdc,p75_cdc,p90_cdc,min_cdc,max_cdc,mean_tdc,median_tdc,mean_cdc_LOW,median_cdc_LOW,mean_cdc_MODERATE,median_cdc_MODERATE,mean_cdc_HIGH,median_cdc_HIGH,mean_diff_vs_fcfs,n_higher_vs_fcfs,n_lower_vs_fcfs,mean_diff_vs_linear,n_higher_vs_linear,n_lower_vs_linear
C000,0.0,0.0,0.0,1.0,R001,True,0.8762318541809433,1.0,0.2590774684458285,0.5,0.9129185854548614,1.0,1.0,0.0,1.0,0.7384696715627372,0.7991398108192074,1.0,1.0,0.9877937573181792,1.0,0.7622287025073432,0.9671618251173708,0.1501359143268877,1236,325,-0.0728074772526962,152,726
C001,0.0,0.0,0.1,0.9,R001,False,0.8762318541809433,1.0,0.2590774684458285,0.5,0.9129185854548614,1.0,1.0,0.0,1.0,0.7384696715627372,0.7991398108192074,1.0,1.0,0.9877937573181792,1.0,0.7622287025073432,0.9671618251173708,0.1501359143268877,1236,325,-0.0728074772526962,152,726
C002,0.0,0.0,0.2,0.8,R001,False,0.8762318541809433,1.0,0.2590774684458285,0.5,0.9129185854548614,1.0,1.0,0.0,1.0,0.7384696715627372,0.7991398108192074,1.0,1.0,0.9877937573181792,1.0,0.7622287025073432,0.9671618251173708,0.1501359143268877,1236,325,-0.0728074772526962,152,726
C003,0.0,0.0,0.3,0.7,R001,False,0.8762318541809433,1.0,0.2590774684458285,0.5,0.9129185854548614,1.0,1.0,0.0,1.0,0.7384696715627372,0.7991398108192074,1.0,1.0,0.9877937573181792,1.0,0.7622287025073432,0.9671618251173708,0.1501359143268877,1236,325,-0.0728074772526962,152,726
C004,0.0,0.0,0.4,0.6,R001,False,0.8762318541809433,1.0,0.2590774684458285,0.5,0.9129185854548614,1.0,1.0,0.0,1.0,0.7384696715627372,0.7991398108192074,1.0,1.0,0.9877937573181792,1.0,0.7622287025073432,0.9671618251173708,0.1501359143268877,1236,325,-0.0728074772526962,152,726
C005,0.0,0.0,0.5,0.5,R001,False,0.8762318541809433,1.0,0.2590774684458285,0.5,0.9129185854548614,1.0,1.0,0.0,1.0,0.7384696715627372,0.7991398108192074,1.0,1.0,0.9877937573181792,1.0,0.7622287025073432,0.9671618251173708,0.1501359143268877,1236,325,-0.0728074772526962,152,726
C006,0.0,0.0,0.6,0.4,R001,False,0.8762318541809433,1.0,0.2590774684458285,0.5,0.9129185854548614,1.0,1.0,0.0,1.0,0.7384696715627372,0.7991398108192074,1.0,1.0,0.9877937573181792,1.0,0.7622287025073432,0.9671618251173708,0.1501359143268877,1236,325,-0.0728074772526962,152,726
C007,0.0,0.0,0.7,0.3,R001,False,0.8762318541809433,1.0,0.2590774684458285,0.5,0.9129185854548614,1.0,1.0,0.0,1.0,0.7384696715627372,0.7991398108192074,1.0,1.0,0.9877937573181792,1.0,0.7622287025073432,0.9671618251173708,0.1501359143268877,1236,325,-0.0728074772526962,152,726
C008,0.0,0.0,0.8,0.2,R001,False,0.8762318541809433,1.0,0.2590774684458285,0.5,0.9129185854548614,1.0,1.0,0.0,1.0,0.7384696715627372,0.7991398108192074,1.0,1.0,0.9877937573181792,1.0,0.7622287025073432,0.9671618251173708,0.1501359143268877,1236,325,-0.0728074772526962,152,726
C009,0.0,0.0,0.9,0.1,R001,False,0.8762318541809433,1.0,0.2590774684458285,0.5,0.9129185854548614,1.0,1.0,0.0,1.0,0.7384696715627372,0.7991398108192074,1.0,1.0,0.9877937573181792,1.0,0.7622287025073432,0.9671618251173708,0.1501359143268877,1236,325,-0.0728074772526962,152,726
C010,0.0,0.0,1.0,0.0,R001,False,0.8762318541809433,1.0,0.2590774684458285,0.5,0.9129185854548614,1.0,1.0,0.0,1.0,0.7384696715627372,0.7991398108192074,1.0,1.0,0.9877937573181792,1.0,0.7622287025073432,0.9671618251173708,0.1501359143268877,1236,325,-0.0728074772526962,152,726
C011,0.0,0.1,0.0,0.9,R002,True,0.894288468518135,1.0,0.2389525543102076,0.5826994317294928,0.9640177680388389,1.0,1.0,0.0,1.0,0.7384696715627372,0.7991398108192074,1.0,1.0,0.9910764062411175,1.0,0.7957158120433762,0.9963702329459292,0.16819252866407947,1288,278,-0.05475086291550445,162,605
C012,0.0,0.1,0.1,0.8,R002,False,0.894288468518135,1.0,0.2389525543102076,0.5826994317294928,0.9640177680388389,1.0,1.0,0.0,1.0,0.7384696715627372,0.7991398108192074,1.0,1.0,0.9910764062411175,1.0,0.7957158120433762,0.9963702329459292,0.16819252866407947,1288,278,-0.05475086291550445,162,605
C013,0.0,0.1,0.2,0.7,R002,False,0.894288468518135,1.0,0.2389525543102076,0.5826994317294928,0.9640177680388389,1.0,1.0,0.0,1.0,0.7384696715627372,0.7991398108192074,1.0,1.0,0.9910764062411175,1.0,0.7957158120433762,0.9963702329459292,0.16819252866407947,1288,278,-0.05475086291550445,162,605
C014,0.0,0.1,0.3,0.6,R002,False,0.894288468518135,1.0,0.2389525543102076,0.5826994317294928,0.9640177680388389,1.0,1.0,0.0,1.0,0.7384696715627372,0.7991398108192074,1.0,1.0,0.9910764062411175,1.0,0.7957158120433762,0.9963702329459292,0.16819252866407947,1288,278,-0.05475086291550445,162,605
C015,0.0,0.1,0.4,0.5,R002,False,0.894288468518135,1.0,0.2389525543102076,0.5826994317294928,0.9640177680388389,1.0,1.0,0.0,1.0,0.7384696715627372,0.7991398108192074,1.0,1.0,0.9910764062411175,1.0,0.7957158120433762,0.9963702329459292,0.16819252866407947,1288,278,-0.05475086291550445,162,605
C016,0.0,0.1,0.5,0.4,R002,False,0.894288468518135,1.0,0.2389525543102076,0.5826994317294928,0.9640177680388389,1.0,1.0,0.0,1.0,0.7384696715627372,0.7991398108192074,1.0,1.0,0.9910764062411175,1.0,0.7957158120433762,0.9963702329459292,0.16819252866407947,1288,278,-0.05475086291550445,162,605
C017,0.0,0.1,0.6,0.3,R002,False,0.894288468518135,1.0,0.2389525543102076,0.5826994317294928,0.9640177680388389,1.0,1.0,0.0,1.0,0.7384696715627372,0.7991398108192074,1.0,1.0,0.9910764062411175,1.0,0.7957158120433762,0.9963702329459292,0.16819252866407947,1288,278,-0.05475086291550445,162,605
C018,0.0,0.1,0.7,0.2,R002,False,0.894288468518135,1.0,0.2389525543102076,0.5826994317294928,0.9640177680388389,1.0,1.0,0.0,1.0,0.7384696715627372,0.7991398108192074,1.0,1.0,0.9910764062411175,1.0,0.7957158120433762,0.9963702329459292,0.16819252866407947,1288,278,-0.05475086291550445,162,605
C019,0.0,0.1,0.8,0.1,R002,False,0.894288468518135,1.0,0.2389525543102076,0.5826994317294928,0.9640177680388389,1.0,1.0,0.0,1.0,0.7384696715627372,0.7991398108192074,1.0,1.0,0.9910764062411175,1.0,0.7957158120433762,0.9963702329459292,0.16819252866407947,1288,278,-0.05475086291550445,162,605
C020,0.0,0.1,0.9,0.0,R002,False,0.894288468518135,1.0,0.2389525543102076,0.5826994317294928,0.9640177680388389,1.0,1.0,0.0,1.0,0.7384696715627372,0.7991398108192074,1.0,1.0,0.9910764062411175,1.0,0.7957158120433762,0.9963702329459292,0.16819252866407947,1288,278,-0.05475086291550445,162,605
C021,0.0,0.2,0.0,0.8,R003,True,0.9086527450648986,1.0,0.22056940027225927,0.6420059543547526,0.9928765514565887,1.0,1.0,0.0,1.0,0.7384696715627372,0.7991398108192074,1.0,1.0,0.9934300182526854,1.0,0.8225614755276488,1.0,0.18255680521084292,1327,224,-0.040386586368740984,165,495
C022,0.0,0.2,0.1,0.7,R003,False,0.9086527450648986,1.0,0.22056940027225927,0.6420059543547526,0.9928765514565887,1.0,1.0,0.0,1.0,0.7384696715627372,0.7991398108192074,1.0,1.0,0.9934300182526854,1.0,0.8225614755276488,1.0,0.18255680521084292,1327,224,-0.040386586368740984,165,495
C023,0.0,0.2,0.2,0.6,R003,False,0.9086527450648986,1.0,0.22056940027225927,0.6420059543547526,0.9928765514565887,1.0,1.0,0.0,1.0,0.7384696715627372,0.7991398108192074,1.0,1.0,0.9934300182526854,1.0,0.8225614755276488,1.0,0.18255680521084292,1327,224,-0.040386586368740984,165,495
C024,0.0,0.2,0.3,0.5,R003,False,0.9086527450648986,1.0,0.22056940027225927,0.6420059543547526,0.9928765514565887,1.0,1.0,0.0,1.0,0.7384696715627372,0.7991398108192074,1.0,1.0,0.9934300182526854,1.0,0.8225614755276488,1.0,0.18255680521084292,1327,224,-0.040386586368740984,165,495
C025,0.0,0.2,0.4,0.4,R003,False,0.9086527450648986,1.0,0.22056940027225927,0.6420059543547526,0.9928765514565887,1.0,1.0,0.0,1.0,0.7384696715627372,0.7991398108192074,1.0,1.0,0.9934300182526854,1.0,0.8225614755276488,1.0,0.18255680521084292,1327,224,-0.040386586368740984,165,495
C026,0.0,0.2,0.5,0.3,R003,False,0.9086527450648986,1.0,0.22056940027225927,0.6420059543547526,0.9928765514565887,1.0,1.0,0.0,1.0,0.7384696715627372,0.7991398108192074,1.0,1.0,0.9934300182526854,1.0,0.8225614755276488,1.0,0.18255680521084292,1327,224,-0.040386586368740984,165,495
C027,0.0,0.2,0.6,0.2,R003,False,0.9086527450648986,1.0,0.22056940027225927,0.6420059543547526,0.9928765514565887,1.0,1.0,0.0,1.0,0.7384696715627372,0.7991398108192074,1.0,1.0,0.9934300182526854,1.0,0.8225614755276488,1.0,0.18255680521084292,1327,224,-0.040386586368740984,165,495
C028,0.0,0.2,0.7,0.1,R003,False,0.9086527450648986,1.0,0.22056940027225927,0.6420059543547526,0.9928765514565887,1.0,1.0,0.0,1.0,0.7384696715627372,0.7991398108192074,1.0,1.0,0.9934300182526854,1.0,0.8225614755276488,1.0,0.18255680521084292,1327,224,-0.040386586368740984,165,495
C029,0.0,0.2,0.8,0.0,R003,False,0.9086527450648986,1.0,0.22056940027225927,0.6420059543547526,0.9928765514565887,1.0,1.0,0.0,1.0,0.7384696715627372,0.7991398108192074,1.0,1.0,0.9934300182526854,1.0,0.8225614755276488,1.0,0.18255680521084292,1327,224,-0.040386586368740984,165,495
C030,0.0,0.3,0.0,0.7,R004,True,0.9209221525129189,1.0,0.2013299710289476,0.68977986354159,0.9981331307576766,1.0,1.0,0.0,1.0,0.7384696715627372,0.7991398108192074,1.0,1.0,0.9969350783076452,1.0,0.8442962423797217,1.0,0.1948262126588632,1362,175,-0.02811717892072069,138,398
C031,0.0,0.3,0.1,0.6,R004,False,0.9209221525129189,1.0,0.2013299710289476,0.68977986354159,0.9981331307576766,1.0,1.0,0.0,1.0,0.7384696715627372,0.7991398108192074,1.0,1.0,0.9969350783076452,1.0,0.8442962423797217,1.0,0.1948262126588632,1362,175,-0.02811717892072069,138,398
C032,0.0,0.3,0.2,0.5,R004,False,0.9209221525129189,1.0,0.2013299710289476,0.68977986354159,0.9981331307576766,1.0,1.0,0.0,1.0,0.7384696715627372,0.7991398108192074,1.0,1.0,0.9969350783076452,1.0,0.8442962423797217,1.0,0.1948262126588632,1362,175,-0.02811717892072069,138,398
C033,0.0,0.3,0.3,0.4,R004,False,0.9209221525129189,1.0,0.2013299710289476,0.68977986354159,0.9981331307576766,1.0,1.0,0.0,1.0,0.7384696715627372,0.7991398108192074,1.0,1.0,0.9969350783076452,1.0,0.8442962423797217,1.0,0.1948262126588632,1362,175,-0.02811717892072069,138,398
C034,0.0,0.3,0.4,0.3,R004,False,0.9209221525129189,1.0,0.2013299710289476,0.68977986354159,0.9981331307576766,1.0,1.0,0.0,1.0,0.7384696715627372,0.7991398108192074,1.0,1.0,0.9969350783076452,1.0,0.8442962423797217,1.0,0.1948262126588632,1362,175,-0.02811717892072069,138,398
C035,0.0,0.3,0.5,0.2,R004,False,0.9209221525129189,1.0,0.2013299710289476,0.68977986354159,0.9981331307576766,1.0,1.0,0.0,1.0,0.7384696715627372,0.7991398108192074,1.0,1.0,0.9969350783076452,1.0,0.8442962423797217,1.0,0.1948262126588632,1362,175,-0.02811717892072069,138,398
C036,0.0,0.3,0.6,0.1,R004,False,0.9209221525129189,1.0,0.2013299710289476,0.68977986354159,0.9981331307576766,1.0,1.0,0.0,1.0,0.7384696715627372,0.7991398108192074,1.0,1.0,0.9969350783076452,1.0,0.8442962423797217,1.0,0.1948262126588632,1362,175,-0.02811717892072069,138,398
C037,0.0,0.3,0.7,0.0,R004,False,0.9209221525129189,1.0,0.2013299710289476,0.68977986354159,0.9981331307576766,1.0,1.0,0.0,1.0,0.7384696715627372,0.7991398108192074,1.0,1.0,0.9969350783076452,1.0,0.8442962423797217,1.0,0.1948262126588632,1362,175,-0.02811717892072069,138,398
C038,0.0,0.4,0.0,0.6,R005,True,0.9342662119212761,1.0,0.1781808003593362,0.7563444398738517,1.0,1.0,1.0,0.0,1.0,0.7384696715627372,0.7991398108192074,1.0,1.0,0.998010994835873,1.0,0.8701236279738537,1.0,0.20817027206722044,1381,141,-0.014773119512363467,115,273
C039,0.0,0.4,0.1,0.5,R005,False,0.9342662119212761,1.0,0.1781808003593362,0.7563444398738517,1.0,1.0,1.0,0.0,1.0,0.7384696715627372,0.7991398108192074,1.0,1.0,0.998010994835873,1.0,0.8701236279738537,1.0,0.20817027206722044,1381,141,-0.014773119512363467,115,273
C040,0.0,0.4,0.2,0.4,R005,False,0.9342662119212761,1.0,0.1781808003593362,0.7563444398738517,1.0,1.0,1.0,0.0,1.0,0.7384696715627372,0.7991398108192074,1.0,1.0,0.998010994835873,1.0,0.8701236279738537,1.0,0.20817027206722044,1381,141,-0.014773119512363467,115,273
C041,0.0,0.4,0.3,0.3,R005,False,0.9342662119212761,1.0,0.1781808003593362,0.7563444398738517,1.0,1.0,1.0,0.0,1.0,0.7384696715627372,0.7991398108192074,1.0,1.0,0.998010994835873,1.0,0.8701236279738537,1.0,0.20817027206722044,1381,141,-0.014773119512363467,115,273
C042,0.0,0.4,0.4,0.2,R005,False,0.9342662119212761,1.0,0.1781808003593362,0.7563444398738517,1.0,1.0,1.0,0.0,1.0,0.7384696715627372,0.7991398108192074,1.0,1.0,0.998010994835873,1.0,0.8701236279738537,1.0,0.20817027206722044,1381,141,-0.014773119512363467,115,273
C043,0.0,0.4,0.5,0.1,R005,False,0.9342662119212761,1.0,0.1781808003593362,0.7563444398738517,1.0,1.0,1.0,0.0,1.0,0.7384696715627372,0.7991398108192074,1.0,1.0,0.998010994835873,1.0,0.8701236279738537,1.0,0.20817027206722044,1381,141,-0.014773119512363467,115,273
C044,0.0,0.4,0.6,0.0,R005,False,0.9342662119212761,1.0,0.1781808003593362,0.7563444398738517,1.0,1.0,1.0,0.0,1.0,0.7384696715627372,0.7991398108192074,1.0,1.0,0.998010994835873,1.0,0.8701236279738537,1.0,0.20817027206722044,1381,141,-0.014773119512363467,115,273
C045,0.0,0.5,0.0,0.5,R006,True,0.9490393314336394,1.0,0.1487123702538861,0.8105509921442665,1.0,1.0,1.0,0.0,1.0,0.7384696715627372,0.7991398108192074,1.0,1.0,0.9984521793444054,1.0,0.8993169193917547,1.0,0.2229433915795839,1407,97,0.0,0,0
C046,0.0,0.5,0.1,0.4,R006,False,0.9490393314336394,1.0,0.1487123702538861,0.8105509921442665,1.0,1.0,1.0,0.0,1.0,0.7384696715627372,0.7991398108192074,1.0,1.0,0.9984521793444054,1.0,0.8993169193917547,1.0,0.2229433915795839,1407,97,0.0,0,0
C047,0.0,0.5,0.2,0.3,R006,False,0.9490393314336394,1.0,0.1487123702538861,0.8105509921442665,1.0,1.0,1.0,0.0,1.0,0.7384696715627372,0.7991398108192074,1.0,1.0,0.9984521793444054,1.0,0.8993169193917547,1.0,0.2229433915795839,1407,97,0.0,0,0
C048,0.0,0.5,0.3,0.2,R006,False,0.9490393314336394,1.0,0.1487123702538861,0.8105509921442665,1.0,1.0,1.0,0.0,1.0,0.7384696715627372,0.7991398108192074,1.0,1.0,0.9984521793444054,1.0,0.8993169193917547,1.0,0.2229433915795839,1407,97,0.0,0,0
C049,0.0,0.5,0.4,0.1,R006,False,0.9490393314336394,1.0,0.1487123702538861,0.8105509921442665,1.0,1.0,1.0,0.0,1.0,0.7384696715627372,0.7991398108192074,1.0,1.0,0.9984521793444054,1.0,0.8993169193917547,1.0,0.2229433915795839,1407,97,0.0,0,0
C050,0.0,0.5,0.5,0.0,R006,False,0.9490393314336394,1.0,0.1487123702538861,0.8105509921442665,1.0,1.0,1.0,0.0,1.0,0.7384696715627372,0.7991398108192074,1.0,1.0,0.9984521793444054,1.0,0.8993169193917547,1.0,0.2229433915795839,1407,97,0.0,0,0
C051,0.0,0.6,0.0,0.4,R007,True,0.9390951736905078,1.0,0.16546806390344013,0.7684613444733178,1.0,1.0,1.0,0.0,1.0,0.7384696715627372,0.7991398108192074,1.0,1.0,0.997627293774578,1.0,0.8800885123613531,1.0,0.21299923383645217,1387,126,-0.009944157743131739,130,256
C052,0.0,0.6,0.1,0.3,R007,False,0.9390951736905078,1.0,0.16546806390344013,0.7684613444733178,1.0,1.0,1.0,0.0,1.0,0.7384696715627372,0.7991398108192074,1.0,1.0,0.997627293774578,1.0,0.8800885123613531,1.0,0.21299923383645217,1387,126,-0.009944157743131739,130,256
C053,0.0,0.6,0.2,0.2,R007,False,0.9390951736905078,1.0,0.16546806390344013,0.7684613444733178,1.0,1.0,1.0,0.0,1.0,0.7384696715627372,0.7991398108192074,1.0,1.0,0.997627293774578,1.0,0.8800885123613531,1.0,0.21299923383645217,1387,126,-0.009944157743131739,130,256
C054,0.0,0.6,0.3,0.1,R007,False,0.9390951736905078,1.0,0.16546806390344013,0.7684613444733178,1.0,1.0,1.0,0.0,1.0,0.7384696715627372,0.7991398108192074,1.0,1.0,0.997627293774578,1.0,0.8800885123613531,1.0,0.21299923383645217,1387,126,-0.009944157743131739,130,256
C055,0.0,0.6,0.4,0.0,R007,False,0.9390951736905078,1.0,0.16546806390344013,0.7684613444733178,1.0,1.0,1.0,0.0,1.0,0.7384696715627372,0.7991398108192074,1.0,1.0,0.997627293774578,1.0,0.8800885123613531,1.0,0.21299923383645217,1387,126,-0.009944157743131739,130,256
C056,0.0,0.7,0.0,0.3,R008,True,0.9273775850462439,1.0,0.18754837069476388,0.7204594110069098,0.9994022006636146,1.0,1.0,0.0,1.0,0.7384696715627372,0.7991398108192074,1.0,1.0,0.9956916039531087,1.0,0.8582018869300007,1.0,0.2012816451921882,1356,167,-0.021661746387395694,162,383
C057,0.0,0.7,0.1,0.2,R008,False,0.9273775850462439,1.0,0.18754837069476388,0.7204594110069098,0.9994022006636146,1.0,1.0,0.0,1.0,0.7384696715627372,0.7991398108192074,1.0,1.0,0.9956916039531087,1.0,0.8582018869300007,1.0,0.2012816451921882,1356,167,-0.021661746387395694,162,383
C058,0.0,0.7,0.2,0.1,R008,False,0.9273775850462439,1.0,0.18754837069476388,0.7204594110069098,0.9994022006636146,1.0,1.0,0.0,1.0,0.7384696715627372,0.7991398108192074,1.0,1.0,0.9956916039531087,1.0,0.8582018869300007,1.0,0.2012816451921882,1356,167,-0.021661746387395694,162,383
C059,0.0,0.7,0.3,0.0,R008,False,0.9273775850462439,1.0,0.18754837069476388,0.7204594110069098,0.9994022006636146,1.0,1.0,0.0,1.0,0.7384696715627372,0.7991398108192074,1.0,1.0,0.9956916039531087,1.0,0.8582018869300007,1.0,0.2012816451921882,1356,167,-0.021661746387395694,162,383
C060,0.0,0.8,0.0,0.2,R009,True,0.9175937591048605,1.0,0.20520870497094498,0.6759643097404667,0.9966188300263974,1.0,1.0,0.0,1.0,0.7384696715627372,0.7991398108192074,1.0,1.0,0.994571131998494,1.0,0.839530612610926,1.0,0.19149781925080497,1327,200,-0.031445572328778953,173,472
C061,0.0,0.8,0.1,0.1,R009,False,0.9175937591048605,1.0,0.20520870497094498,0.6759643097404667,0.9966188300263974,1.0,1.0,0.0,1.0,0.7384696715627372,0.7991398108192074,1.0,1.0,0.994571131998494,1.0,0.839530612610926,1.0,0.19149781925080497,1327,200,-0.031445572328778953,173,472
C062,0.0,0.8,0.2,0.0,R009,False,0.9175937591048605,1.0,0.20520870497094498,0.6759643097404667,0.9966188300263974,1.0,1.0,0.0,1.0,0.7384696715627372,0.7991398108192074,1.0,1.0,0.994571131998494,1.0,0.839530612610926,1.0,0.19149781925080497,1327,200,-0.031445572328778953,173,472
C063,0.0,0.9,0.0,0.1,R010,True,0.9067941279301222,1.0,0.21957161193893204,0.6483724685934023,0.9824711227563244,1.0,1.0,0.0,1.0,0.7384696715627372,0.7991398108192074,1.0,1.0,0.9911698266224429,1.0,0.8206523945622901,1.0,0.1806981880760666,1276,259,-0.04224520350351729,172,579
C064,0.0,0.9,0.1,0.0,R010,False,0.9067941279301222,1.0,0.21957161193893204,0.6483724685934023,0.9824711227563244,1.0,1.0,0.0,1.0,0.7384696715627372,0.7991398108192074,1.0,1.0,0.9911698266224429,1.0,0.8206523945622901,1.0,0.1806981880760666,1276,259,-0.04224520350351729,172,579
C065,0.0,1.0,0.0,0.0,R011,True,0.8895801268716802,1.0,0.2406655342901791,0.5605141093913303,0.9358331516604897,1.0,1.0,0.0,1.0,0.7384696715627372,0.7991398108192074,1.0,1.0,0.985130857563283,1.0,0.791055567692734,0.991750077364403,0.16348418701762454,1242,309,-0.05945920456195936,163,690
C066,0.1,0.0,0.0,1.0,R012,True,0.8862429147077543,1.0,0.24800400147045404,0.5425934415207359,0.9366247118624778,1.0,1.0,0.0,1.0,0.7384696715627372,0.7991398108192074,1.0,1.0,0.9880198202515242,1.0,0.7820699732142892,0.9879335574451256,0.1601469748536986,1263,304,-0.06279641672588528,140,634
C067,0.1,0.0,0.1,0.9,R013,True,0.8864723785599532,1.0,0.2478804989838012,0.5442739820565907,0.9359741485655226,1.0,1.0,0.0,1.0,0.7384696715627372,0.7991398108192074,1.0,1.0,0.9880198202515242,1.0,0.7825289009186871,0.9879335574451256,0.1603764387058976,1265,301,-0.06256695287368631,141,641
C068,0.1,0.0,0.2,0.8,R014,True,0.8859562927631929,1.0,0.24856105631990472,0.5440250570685353,0.9364037392563529,1.0,1.0,0.0,1.0,0.7384696715627372,0.7991398108192074,1.0,1.0,0.9880198202515242,1.0,0.7814967293251665,0.9871124781651097,0.15986035290913733,1265,301,-0.0630830386704466,145,647
C069,0.1,0.0,0.3,0.7,R015,True,0.8849425572715042,1.0,0.25032510534412356,0.5377497527156602,0.9357683259758365,1.0,1.0,0.0,1.0,0.7384696715627372,0.7991398108192074,1.0,1.0,0.9881963168984041,1.0,0.7793280610242852,0.986486387774929,0.15884661741744863,1264,300,-0.06409677416213526,151,655
C070,0.1,0.0,0.4,0.6,R016,True,0.8837529108164669,1.0,0.251792861364586,0.5338352898935629,0.9342012846075461,1.0,1.0,0.0,1.0,0.7384696715627372,0.7991398108192074,1.0,1.0,0.9881963168984041,1.0,0.7769487681142103,0.9847798531711052,0.1576569709624112,1260,302,-0.06528642061717269,154,661
C071,0.1,0.0,0.5,0.5,R017,True,0.8825462547042653,1.0,0.25264005101653525,0.5334743912845039,0.9306464117850798,1.0,1.0,0.0,1.0,0.7384696715627372,0.7991398108192074,1.0,1.0,0.9881607686348002,1.0,0.7745638945006904,0.984073848650842,0.15645031485020963,1256,306,-0.06649307672937427,154,670
C072,0.1,0.0,0.6,0.4,R018,True,0.8812316327376325,1.0,0.2539183458909218,0.523694046859331,0.9258596191608817,1.0,1.0,0.0,1.0,0.7384696715627372,0.7991398108192074,1.0,1.0,0.9881330672745677,1.0,0.7719568116556108,0.9823751760602238,0.15513569288357687,1251,311,-0.06780769869600702,154,678
C073,0.1,0.0,0.7,0.3,R019,True,0.8796759494972132,1.0,0.2551098509396862,0.5217789185066073,0.9222454095126712,1.0,1.0,0.0,1.0,0.7384696715627372,0.7991398108192074,1.0,1.0,0.9879364326282304,1.0,0.7690027528918418,0.975103550877561,0.15358000964315752,1249,315,-0.06936338193642638,156,693
C074,0.1,0.0,0.8,0.2,R020,True,0.8790724931001672,1.0,0.2561495479721139,0.5173437752218238,0.9214960630759356,1.0,1.0,0.0,1.0,0.7384696715627372,0.7991398108192074,1.0,1.0,0.9878797788436264,1.0,0.7678411631254332,0.973271410565826,0.15297655324611162,1246,319,-0.06996683833347227,156,701
C075,0.1,0.0,0.9,0.1,R021,True,0.8778657573019204,1.0,0.2573633016764739,0.5160049729769739,0.9199194345498963,1.0,1.0,0.0,1.0,0.7384696715627372,0.7991398108192074,1.0,1.0,0.9878710887674634,1.0,0.7654346435898701,0.9693091278248667,0.1517698174478648,1240,321,-0.07117357413171908,156,714
C076,0.1,0.0,1.0,0.0,R001,False,0.8762318541809433,1.0,0.2590774684458285,0.5,0.9129185854548614,1.0,1.0,0.0,1.0,0.7384696715627372,0.7991398108192074,1.0,1.0,0.9877937573181792,1.0,0.7622287025073432,0.9671618251173708,0.1501359143268877,1236,325,-0.0728074772526962,152,726
C077,0.1,0.1,0.0,0.9,R022,True,0.8979529097783484,1.0,0.2341222119336732,0.6046695526695527,0.9710871569754456,1.0,1.0,0.0,1.0,0.7384696715627372,0.7991398108192074,1.0,1.0,0.9913766015184527,1.0,0.8028045383419345,0.9966065888014553,0.1718569699242928,1296,266,-0.05108642165529111,126,541
C078,0.1,0.1,0.1,0.8,R023,True,0.8977906747222958,1.0,0.23468531089484798,0.6045526112388713,0.9693993257738278,1.0,1.0,0.0,1.0,0.7384696715627372,0.7991398108192074,1.0,1.0,0.9913150681669549,1.0,0.8025292949110278,0.996767358271811,0.17169473486824025,1295,266,-0.05124865671134366,135,544
C079,0.1,0.1,0.2,0.7,R024,True,0.8974805966287395,1.0,0.23501046849993504,0.6045526112388713,0.9685777704591891,1.0,1.0,0.0,1.0,0.7384696715627372,0.7991398108192074,1.0,1.0,0.991288452401819,1.0,0.8019304313360238,0.9966688989319068,0.1713846567746839,1294,265,-0.0515587348049,142,547
C080,0.1,0.1,0.3,0.6,R025,True,0.8973426275393254,1.0,0.23518446175803742,0.6045526112388713,0.9689994614799798,1.0,1.0,0.0,1.0,0.7384696715627372,0.7991398108192074,1.0,1.0,0.991288452401819,1.0,0.8016544931571955,0.9969600748431071,0.17124668768526977,1295,264,-0.05169670389431413,147,550
C081,0.1,0.1,0.4,0.5,R026,True,0.8981942970009583,1.0,0.2345871688551016,0.6037462842899316,0.9754550012452321,1.0,1.0,0.0,1.0,0.7384696715627372,0.7991398108192074,1.0,1.0,0.9914415145251341,1.0,0.8032353823818094,0.9981729570945345,0.1720983571469027,1293,267,-0.050845034432681215,155,562
C082,0.1,0.1,0.5,0.4,R027,True,0.8978912960522587,1.0,0.2348529499147916,0.6037462842899316,0.9719403978755828,1.0,1.0,0.0,1.0,0.7384696715627372,0.7991398108192074,1.0,1.0,0.9914560386963619,1.0,0.8026177611474279,0.9973941808189122,0.17179535619820305,1295,267,-0.05114803538138084,159,569
C083,0.1,0.1,0.6,0.3,R028,True,0.8966909773539201,1.0,0.2364639405521477,0.591416583442925,0.9693993257738278,1.0,1.0,0.0,1.0,0.7384696715627372,0.7991398108192074,1.0,1.0,0.9912751466313097,1.0,0.8003618374027924,0.9969600748431071,0.17059503749986446,1292,271,-0.05234835407971944,159,580
C084,0.1,0.1,0.7,0.2,R029,True,0.8958883288417369,1.0,0.23713829249540674,0.5866739823385932,0.9685777704591891,1.0,1.0,0.0,1.0,0.7384696715627372,0.7991398108192074,1.0,1.0,0.9912490190185483,1.0,0.7987774424686352,0.996767358271811,0.16979238898768134,1292,271,-0.05315100259190256,160,587
C085,0.1,0.1,0.8,0.1,R030,True,0.8951436476956066,1.0,0.23817458319773316,0.5863059916531035,0.9669266900178883,1.0,1.0,0.0,1.0,0.7384696715627372,0.7991398108192074,1.0,1.0,0.9911758883413472,1.0,0.7973465847181352,0.9963702329459292,0.16904770784155093,1290,275,-0.05389568373803296,160,599
C086,0.1,0.1,0.9,0.0,R002,False,0.894288468518135,1.0,0.2389525543102076,0.5826994317294928,0.9640177680388389,1.0,1.0,0.0,1.0,0.7384696715627372,0.7991398108192074,1.0,1.0,0.9910764062411175,1.0,0.7957158120433762,0.9963702329459292,0.16819252866407947,1288,278,-0.05475086291550445,162,605
C087,0.1,0.2,0.0,0.8,R031,True,0.9089143874911274,1.0,0.21710985842004527,0.647872347876597,0.9883430057438014,1.0,1.0,0.0,1.0,0.7384696715627372,0.7991398108192074,1.0,1.0,0.9947141199794881,1.0,0.8220574789986642,0.9993479915044484,0.1828184476370717,1330,223,-0.04012494394251219,96,456
C088,0.1,0.2,0.1,0.7,R032,True,0.9085400951180981,1.0,0.21864489718291383,0.6481053449627496,0.9892963049621735,1.0,1.0,0.0,1.0,0.7384696715627372,0.7991398108192074,1.0,1.0,0.994828501334444,1.0,0.8212173891686408,1.0,0.18244415526404245,1328,223,-0.040499236315541476,107,460
C089,0.1,0.2,0.2,0.6,R033,True,0.908771786392284,1.0,0.21791388054437735,0.647872347876597,0.9880541823215345,1.0,1.0,0.0,1.0,0.7384696715627372,0.7991398108192074,1.0,1.0,0.9942220029777331,1.0,0.8221659704023816,1.0,0.18267584653822838,1326,226,-0.04026754504135552,117,465
C090,0.1,0.2,0.3,0.5,R034,True,0.9090761566274342,1.0,0.21854289627104043,0.648713055509172,0.989792940879971,1.0,1.0,0.0,1.0,0.7384696715627372,0.7991398108192074,1.0,1.0,0.994194131893671,1.0,0.8227970077399315,1.0,0.18298021677337856,1329,221,-0.03996317480620533,128,471
C091,0.1,0.2,0.4,0.4,R035,True,0.9096939096579204,1.0,0.2183221586934652,0.6485951628808772,0.9907798652959944,1.0,1.0,0.0,1.0,0.7384696715627372,0.7991398108192074,1.0,1.0,0.9941314862060253,1.0,0.8240826303510205,1.0,0.18359796980386472,1330,221,-0.03934542177571916,136,475
C092,0.1,0.2,0.5,0.3,R036,True,0.9093463715479958,1.0,0.21942903421615353,0.6464185721206683,0.9920985418539365,1.0,1.0,0.0,1.0,0.7384696715627372,0.7991398108192074,1.0,1.0,0.9935952023548994,1.0,0.8238165812120722,1.0,0.18325043169394026,1329,224,-0.03969295988564363,151,481
C093,0.1,0.2,0.6,0.2,R037,True,0.9094135597190044,1.0,0.21919496814820186,0.647872347876597,0.992477699374251,1.0,1.0,0.0,1.0,0.7384696715627372,0.7991398108192074,1.0,1.0,0.993533685902825,1.0,0.8240001707157489,1.0,0.18331761986494885,1328,224,-0.03962577171463503,153,485
C094,0.1,0.2,0.7,0.1,R038,True,0.9089159748163215,1.0,0.2198234280241785,0.6456538259900347,0.992477699374251,1.0,1.0,0.0,1.0,0.7384696715627372,0.7991398108192074,1.0,1.0,0.9934153164770346,1.0,0.8230996964510153,1.0,0.1828200349622659,1327,223,-0.040123356617317994,159,489
C095,0.1,0.2,0.8,0.0,R003,False,0.9086527450648986,1.0,0.22056940027225927,0.6420059543547526,0.9928765514565887,1.0,1.0,0.0,1.0,0.7384696715627372,0.7991398108192074,1.0,1.0,0.9934300182526854,1.0,0.8225614755276488,1.0,0.18255680521084292,1327,224,-0.040386586368740984,165,495
C096,0.1,0.3,0.0,0.7,R039,True,0.9184779277491478,1.0,0.20225698917196477,0.6833643666708182,0.9960519742080529,1.0,1.0,0.0,1.0,0.7384696715627372,0.7991398108192074,1.0,1.0,0.9965660903156336,1.0,0.8397029832457886,1.0,0.19238198789509214,1347,181,-0.030561403684491735,64,375
C097,0.1,0.3,0.1,0.6,R040,True,0.9188610426730172,1.0,0.20226470462387142,0.6840095240263733,0.996190429109923,1.0,1.0,0.0,1.0,0.7384696715627372,0.7991398108192074,1.0,1.0,0.996551320790215,1.0,0.8404810287138621,1.0,0.19276510281896142,1351,183,-0.03017828876062245,74,368
C098,0.1,0.3,0.2,0.5,R041,True,0.919574897932937,1.0,0.20156298533639294,0.6840095240263733,0.9965379627160554,1.0,1.0,0.0,1.0,0.7384696715627372,0.7991398108192074,1.0,1.0,0.9966604853697197,1.0,0.8418214075700985,1.0,0.1934789580788815,1355,182,-0.02946443350070242,89,367
C099,0.1,0.3,0.3,0.4,R042,True,0.9195900622069098,1.0,0.20148172556021457,0.6840095240263733,0.9970610213399265,1.0,1.0,0.0,1.0,0.7384696715627372,0.7991398108192074,1.0,1.0,0.996625774625918,1.0,0.8418795047130853,1.0,0.19349412235285418,1352,183,-0.02944926922672973,103,373
C100,0.1,0.3,0.4,0.3,R043,True,0.9200538951705065,1.0,0.20038703685377646,0.6859726147333878,0.9965991946496523,1.0,1.0,0.0,1.0,0.7384696715627372,0.7991398108192074,1.0,1.0,0.9965850228653195,1.0,0.8428397720487574,1.0,0.19395795531645085,1356,180,-0.028985436263133064,117,384
C101,0.1,0.3,0.5,0.2,R044,True,0.920713633063635,1.0,0.20067113975823597,0.68977986354159,0.9971963003589949,1.0,1.0,0.0,1.0,0.7384696715627372,0.7991398108192074,1.0,1.0,0.996616268401787,1.0,0.8441342514058403,1.0,0.19461769320957925,1359,176,-0.028325698370004655,127,389
C102,0.1,0.3,0.6,0.1,R045,True,0.9211580154563471,1.0,0.2001658633384198,0.68977986354159,0.997781089423844,1.0,1.0,0.0,1.0,0.7384696715627372,0.7991398108192074,1.0,1.0,0.9967665576426741,1.0,0.8449027847985552,1.0,0.19506207560229158,1361,176,-0.02788131597729232,134,392
C103,0.1,0.3,0.7,0.0,R004,False,0.9209221525129189,1.0,0.2013299710289476,0.68977986354159,0.9981331307576766,1.0,1.0,0.0,1.0,0.7384696715627372,0.7991398108192074,1.0,1.0,0.9969350783076452,1.0,0.8442962423797217,1.0,0.1948262126588632,1362,175,-0.02811717892072069,138,398
C104,0.1,0.4,0.0,0.6,R046,True,0.9285911400872912,1.0,0.18621971612399768,0.7267227277327468,1.0,1.0,1.0,0.0,1.0,0.7384696715627372,0.7991398108192074,1.0,1.0,0.9970292647922318,1.0,0.859558868340797,1.0,0.20249520023323558,1363,152,-0.02044819134634829,14,275
C105,0.1,0.4,0.1,0.5,R047,True,0.9296297683122338,1.0,0.18449222982467653,0.7349735470493444,1.0,1.0,1.0,0.0,1.0,0.7384696715627372,0.7991398108192074,1.0,1.0,0.9974045231342522,1.0,0.8613359181170657,1.0,0.20353382845817813,1366,146,-0.019409563121405776,23,260
C106,0.1,0.4,0.2,0.4,R048,True,0.9311653457082114,1.0,0.18200031590082313,0.7383822249681387,1.0,1.0,1.0,0.0,1.0,0.7384696715627372,0.7991398108192074,1.0,1.0,0.9977628383388341,1.0,0.8641204207453557,1.0,0.2050694058541558,1370,145,-0.017873985725428095,36,253
C107,0.1,0.4,0.3,0.3,R049,True,0.932656452647903,1.0,0.1795411531659823,0.7465868496828248,1.0,1.0,1.0,0.0,1.0,0.7384696715627372,0.7991398108192074,1.0,1.0,0.9979031593304047,1.0,0.8669903778314821,1.0,0.20656051279384738,1377,143,-0.016382878785736524,57,247
C108,0.1,0.4,0.4,0.2,R050,True,0.9329683423928222,1.0,0.17988457977090064,0.749534849691928,1.0,1.0,1.0,0.0,1.0,0.7384696715627372,0.7991398108192074,1.0,1.0,0.9979254645196973,1.0,0.8675963131698865,1.0,0.20687240253876654,1373,150,-0.016070989040817336,78,255
C109,0.1,0.4,0.5,0.1,R051,True,0.9337188022647459,1.0,0.1788996054911517,0.7533012958940823,1.0,1.0,1.0,0.0,1.0,0.7384696715627372,0.7991398108192074,1.0,1.0,0.998010994835873,1.0,0.8690288086607936,1.0,0.2076228624106903,1382,140,-0.015320529168893579,99,266
C110,0.1,0.4,0.6,0.0,R005,False,0.9342662119212761,1.0,0.1781808003593362,0.7563444398738517,1.0,1.0,1.0,0.0,1.0,0.7384696715627372,0.7991398108192074,1.0,1.0,0.998010994835873,1.0,0.8701236279738537,1.0,0.20817027206722044,1381,141,-0.014773119512363467,115,273
C111,0.1,0.5,0.0,0.5,R052,True,0.9320469225456162,1.0,0.17879479878345356,0.7387887778698896,1.0,1.0,1.0,0.0,1.0,0.7384696715627372,0.7991398108192074,1.0,1.0,0.9964382195142146,1.0,0.8669432694798604,1.0,0.2059509826915605,1370,142,-0.01699240888802337,47,248
C112,0.1,0.5,0.1,0.4,R053,True,0.9362297305563501,1.0,0.17058837376981045,0.7510589864842016,1.0,1.0,1.0,0.0,1.0,0.7384696715627372,0.7991398108192074,1.0,1.0,0.9965743721812363,1.0,0.875199963367711,1.0,0.21013379070229443,1380,128,-0.012809600877289475,41,200
C113,0.1,0.5,0.2,0.3,R054,True,0.9389846371894165,1.0,0.16551527424779786,0.7602105263157894,1.0,1.0,1.0,0.0,1.0,0.7384696715627372,0.7991398108192074,1.0,1.0,0.9974413508213553,1.0,0.8800161937217489,1.0,0.21288869733536092,1386,122,-0.010054694244222978,32,171
C114,0.1,0.5,0.3,0.2,R055,True,0.943446600314858,1.0,0.15850642673016616,0.7827933094845099,1.0,1.0,1.0,0.0,1.0,0.7384696715627372,0.7991398108192074,1.0,1.0,0.9975816378843912,1.0,0.8888278903222032,1.0,0.21735066046080248,1392,111,-0.00559273111878143,25,124
C115,0.1,0.5,0.4,0.1,R056,True,0.9460488037823054,1.0,0.15386307890677048,0.7921260768243724,1.0,1.0,1.0,0.0,1.0,0.7384696715627372,0.7991398108192074,1.0,1.0,0.9981082298626218,1.0,0.8936110236745132,1.0,0.21995286392824975,1399,103,-0.0029905276513341596,15,68
C116,0.1,0.5,0.5,0.0,R006,False,0.9490393314336394,1.0,0.1487123702538861,0.8105509921442665,1.0,1.0,1.0,0.0,1.0,0.7384696715627372,0.7991398108192074,1.0,1.0,0.9984521793444054,1.0,0.8993169193917547,1.0,0.2229433915795839,1407,97,0.0,0,0
C117,0.1,0.6,0.0,0.4,R057,True,0.9272185925979258,1.0,0.18745412829194819,0.7192936724826571,0.9990540730223855,1.0,1.0,0.0,1.0,0.7384696715627372,0.7991398108192074,1.0,1.0,0.9956586994761687,1.0,0.8579102256149166,1.0,0.20112265274387017,1349,169,-0.021820738835713727,127,359
C118,0.1,0.6,0.1,0.3,R058,True,0.9295112370925922,1.0,0.18314138342626393,0.7290443081204415,1.0,1.0,1.0,0.0,1.0,0.7384696715627372,0.7991398108192074,1.0,1.0,0.9958644973872841,1.0,0.8623308762753571,1.0,0.2034152972385366,1360,157,-0.019528094341047308,129,338
C119,0.1,0.6,0.2,0.2,R059,True,0.9322716073015441,1.0,0.17850078591387578,0.7417944392377381,1.0,1.0,1.0,0.0,1.0,0.7384696715627372,0.7991398108192074,1.0,1.0,0.9959287606426801,1.0,0.867800206088944,1.0,0.2061756674474885,1369,148,-0.01676772413209539,127,314
C120,0.1,0.6,0.3,0.1,R060,True,0.935912366221522,1.0,0.1711946477335049,0.755651012837394,1.0,1.0,1.0,0.0,1.0,0.7384696715627372,0.7991398108192074,1.0,1.0,0.9962683062375103,1.0,0.8748100874530358,1.0,0.2098164263674664,1381,139,-0.013126965212117508,132,291
C121,0.1,0.6,0.4,0.0,R007,False,0.9390951736905078,1.0,0.16546806390344013,0.7684613444733178,1.0,1.0,1.0,0.0,1.0,0.7384696715627372,0.7991398108192074,1.0,1.0,0.997627293774578,1.0,0.8800885123613531,1.0,0.21299923383645217,1387,126,-0.009944157743131739,130,256
C122,0.1,0.7,0.0,0.3,R061,True,0.9195103571357578,1.0,0.20190386569584776,0.6827525403938398,0.996881307167089,1.0,1.0,0.0,1.0,0.7384696715627372,0.7991398108192074,1.0,1.0,0.9943356524170778,1.0,0.8435521923378536,1.0,0.19341441728170225,1333,193,-0.029528974297881632,163,434
C123,0.1,0.7,0.1,0.2,R062,True,0.9215873896926302,1.0,0.19785260172371488,0.6867202231210069,0.9978959777392694,1.0,1.0,0.0,1.0,0.7384696715627372,0.7991398108192074,1.0,1.0,0.9952634291928129,1.0,0.84696403603101,1.0,0.19549144983857453,1338,184,-0.027451941741009386,163,419
C124,0.1,0.7,0.2,0.1,R063,True,0.9248546891364552,1.0,0.1920127205906993,0.7042002311571869,0.9987100020834874,1.0,1.0,0.0,1.0,0.7384696715627372,0.7991398108192074,1.0,1.0,0.9956330405647388,1.0,0.8532029458211196,1.0,0.19875874928239967,1353,171,-0.02418464229718425,162,400
C125,0.1,0.7,0.3,0.0,R008,False,0.9273775850462439,1.0,0.18754837069476388,0.7204594110069098,0.9994022006636146,1.0,1.0,0.0,1.0,0.7384696715627372,0.7991398108192074,1.0,1.0,0.9956916039531087,1.0,0.8582018869300007,1.0,0.2012816451921882,1356,167,-0.021661746387395694,162,383
C126,0.1,0.8,0.0,0.2,R064,True,0.9137820558017445,1.0,0.2102284042505618,0.667703191839421,0.9931584340102247,1.0,1.0,0.0,1.0,0.7384696715627372,0.7991398108192074,1.0,1.0,0.9928611638691412,1.0,0.8332751805081762,1.0,0.18768611594768894,1297,229,-0.03525727563189496,171,516
C127,0.1,0.8,0.1,0.1,R065,True,0.9150194898965316,1.0,0.20891998339089268,0.6700331499207285,0.9945134858163521,1.0,1.0,0.0,1.0,0.7384696715627372,0.7991398108192074,1.0,1.0,0.9936545153272982,1.0,0.8351153675312246,1.0,0.188923550042476,1313,214,-0.03401984153710791,171,496
C128,0.1,0.8,0.2,0.0,R009,False,0.9175937591048605,1.0,0.20520870497094498,0.6759643097404667,0.9966188300263974,1.0,1.0,0.0,1.0,0.7384696715627372,0.7991398108192074,1.0,1.0,0.994571131998494,1.0,0.839530612610926,1.0,0.19149781925080497,1327,200,-0.031445572328778953,173,472
C129,0.1,0.9,0.0,0.1,R066,True,0.9044487662410008,1.0,0.22235391326784304,0.6375555365686946,0.9753956057453828,1.0,1.0,0.0,1.0,0.7384696715627372,0.7991398108192074,1.0,1.0,0.9889231406880149,1.0,0.8177590199315896,1.0,0.17835282638694513,1271,268,-0.044590565192638765,171,596
C130,0.1,0.9,0.1,0.0,R010,False,0.9067941279301222,1.0,0.21957161193893204,0.6483724685934023,0.9824711227563244,1.0,1.0,0.0,1.0,0.7384696715627372,0.7991398108192074,1.0,1.0,0.9911698266224429,1.0,0.8206523945622901,1.0,0.1806981880760666,1276,259,-0.04224520350351729,172,579
C131,0.1,1.0,0.0,0.0,R011,False,0.8895801268716802,1.0,0.2406655342901791,0.5605141093913303,0.9358331516604897,1.0,1.0,0.0,1.0,0.7384696715627372,0.7991398108192074,1.0,1.0,0.985130857563283,1.0,0.791055567692734,0.991750077364403,0.16348418701762454,1242,309,-0.05945920456195936,163,690
C132,0.2,0.0,0.0,1.0,R067,True,0.8861241220342572,1.0,0.24557200950898023,0.550014856388247,0.9311420250003011,1.0,1.0,0.0,1.0,0.7384696715627372,0.7991398108192074,1.0,1.0,0.9883239723277653,1.0,0.7815890662063021,0.9861902258838506,0.16002818218020157,1258,310,-0.06291520939938233,83,604
C133,0.2,0.0,0.1,0.9,R068,True,0.8875377761772291,1.0,0.24511139646883512,0.5598428128231645,0.9388761272534092,1.0,1.0,0.0,1.0,0.7384696715627372,0.7991398108192074,1.0,1.0,0.9883115327119583,1.0,0.7844263261848916,0.9882050506577953,0.16144183632317344,1266,305,-0.061501555256410455,98,594
C134,0.2,0.0,0.2,0.8,R069,True,0.8881208198495958,1.0,0.2447122933106312,0.55601323324093,0.9393656960765804,1.0,1.0,0.0,1.0,0.7384696715627372,0.7991398108192074,1.0,1.0,0.9882977906709711,1.0,0.7856034071624146,0.9887350550885601,0.1620248799955401,1273,300,-0.06091851158404377,108,603
C135,0.2,0.0,0.3,0.7,R070,True,0.8881228865707953,1.0,0.24603581045325487,0.550014856388247,0.9410198858508326,1.0,1.0,0.0,1.0,0.7384696715627372,0.7991398108192074,1.0,1.0,0.9883413770928291,1.0,0.7855726714673276,0.9918795002201499,0.16202694671673978,1271,299,-0.06091644486284412,130,607
C136,0.2,0.0,0.4,0.6,R071,True,0.8881585186328261,1.0,0.24602919316993008,0.5467763305917352,0.9411852723233889,1.0,1.0,0.0,1.0,0.7384696715627372,0.7991398108192074,1.0,1.0,0.9880971988220468,1.0,0.7858392782080148,0.9905911050601316,0.1620625787787705,1271,299,-0.060880812800813394,142,612
C137,0.2,0.0,0.5,0.5,R072,True,0.8874696544731071,1.0,0.24690253777489207,0.550014856388247,0.9389664740272883,1.0,1.0,0.0,1.0,0.7384696715627372,0.7991398108192074,1.0,1.0,0.9880205115276199,1.0,0.7845228997241185,0.9896846742956169,0.1613737146190516,1268,298,-0.06156967696053231,144,634
C138,0.2,0.0,0.6,0.4,R073,True,0.8865331105084197,1.0,0.24851600707170413,0.5440250570685353,0.9389664740272883,1.0,1.0,0.0,1.0,0.7384696715627372,0.7991398108192074,1.0,1.0,0.9882021627846603,1.0,0.7825044907891111,0.9883171830217006,0.1604371706543641,1266,299,-0.06250622092521979,154,645
C139,0.2,0.0,0.7,0.3,R074,True,0.8839024132637388,1.0,0.2515558412030134,0.5349222470050149,0.9344316957560685,1.0,1.0,0.0,1.0,0.7384696715627372,0.7991398108192074,1.0,1.0,0.9881963168984041,1.0,0.7772477730087539,0.986362651132427,0.15780647340968304,1261,303,-0.06513691816990087,156,661
C140,0.2,0.0,0.8,0.2,R075,True,0.8807834433761512,1.0,0.2540581330391613,0.522608958510702,0.9240087149382102,1.0,1.0,0.0,1.0,0.7384696715627372,0.7991398108192074,1.0,1.0,0.9881607686348002,1.0,0.7710382718444624,0.9804646846596823,0.15468750352209565,1251,310,-0.06825588805748825,154,684
C141,0.2,0.0,0.9,0.1,R076,True,0.8790512550175646,1.0,0.25631952596123764,0.5173437752218238,0.9214960630759356,1.0,1.0,0.0,1.0,0.7384696715627372,0.7991398108192074,1.0,1.0,0.9878797788436264,1.0,0.7677986869602279,0.9769051563470699,0.15295531516350894,1246,320,-0.06998807641607498,157,705
C142,0.2,0.0,1.0,0.0,R001,False,0.8762318541809433,1.0,0.2590774684458285,0.5,0.9129185854548614,1.0,1.0,0.0,1.0,0.7384696715627372,0.7991398108192074,1.0,1.0,0.9877937573181792,1.0,0.7622287025073432,0.9671618251173708,0.1501359143268877,1236,325,-0.0728074772526962,152,726
C143,0.2,0.1,0.0,0.9,R077,True,0.8962626517228999,1.0,0.23375768716095668,0.5973670342906613,0.9625379390085272,1.0,1.0,0.0,1.0,0.7384696715627372,0.7991398108192074,1.0,1.0,0.9911222253169859,1.0,0.7996275231922109,0.9940736853068389,0.17016671186884424,1288,267,-0.052776679710739655,67,538
C144,0.2,0.1,0.1,0.8,R078,True,0.8977701617934144,1.0,0.2320180141396196,0.6074345680696728,0.9632577030812325,1.0,1.0,0.0,1.0,0.7384696715627372,0.7991398108192074,1.0,1.0,0.9917262501417268,1.0,0.8021593234734474,0.994686536210761,0.17167422193935883,1291,269,-0.051269169640225064,74,534
C145,0.2,0.1,0.2,0.7,R079,True,0.8981717255588328,1.0,0.23262904980252597,0.6074345680696728,0.9683796557562077,1.0,1.0,0.0,1.0,0.7384696715627372,0.7991398108192074,1.0,1.0,0.9919154174383931,1.0,0.802811117166951,0.9961719281440246,0.1720757857047772,1296,268,-0.05086760587480672,93,525
C146,0.2,0.1,0.3,0.6,R080,True,0.8981366825677554,1.0,0.23346427765729597,0.6069843117937695,0.9693993257738278,1.0,1.0,0.0,1.0,0.7384696715627372,0.7991398108192074,1.0,1.0,0.9914412658205809,1.0,0.8031203524790459,0.9963291681404856,0.17204074271369973,1296,265,-0.050902648865884186,109,534
C147,0.2,0.1,0.4,0.5,R081,True,0.8987999201798127,1.0,0.23316055433524313,0.6049550670935713,0.9740595731869688,1.0,1.0,0.0,1.0,0.7384696715627372,0.7991398108192074,1.0,1.0,0.9915439302408708,1.0,0.8043646961669284,0.9967144937237381,0.17270398032575698,1298,263,-0.050239411253826916,127,536
C148,0.2,0.1,0.5,0.4,R082,True,0.8989637380050404,1.0,0.23348343371004163,0.6086768804188717,0.9754550012452321,1.0,1.0,0.0,1.0,0.7384696715627372,0.7991398108192074,1.0,1.0,0.9913355640677749,1.0,0.8048590247558608,0.9972778539676534,0.1728677981509847,1298,262,-0.05007559342859923,142,539
C149,0.2,0.1,0.6,0.3,R083,True,0.8990922756797203,1.0,0.23375910442520262,0.6074345680696728,0.9786821524454302,1.0,1.0,0.0,1.0,0.7384696715627372,0.7991398108192074,1.0,1.0,0.991472276755912,1.0,0.8050067299547109,0.9985514131914521,0.17299633582566462,1297,262,-0.049947055753919285,158,550
C150,0.2,0.1,0.7,0.2,R084,True,0.8980570997517479,1.0,0.2347617811219509,0.6037462842899316,0.9754550012452321,1.0,1.0,0.0,1.0,0.7384696715627372,0.7991398108192074,1.0,1.0,0.9914560386963619,1.0,0.8029493685464061,0.9980523080024188,0.17196115989769215,1295,267,-0.05098223168189176,161,571
C151,0.2,0.1,0.8,0.1,R085,True,0.8960238914720954,1.0,0.23687492952661798,0.5866739823385932,0.9685777704591891,1.0,1.0,0.0,1.0,0.7384696715627372,0.7991398108192074,1.0,1.0,0.9912490190185483,1.0,0.7990485677293518,0.9967965601931983,0.16992795161803964,1292,271,-0.053015439961544245,160,586
C152,0.2,0.1,0.9,0.0,R002,False,0.894288468518135,1.0,0.2389525543102076,0.5826994317294928,0.9640177680388389,1.0,1.0,0.0,1.0,0.7384696715627372,0.7991398108192074,1.0,1.0,0.9910764062411175,1.0,0.7957158120433762,0.9963702329459292,0.16819252866407947,1288,278,-0.05475086291550445,162,605
C153,0.2,0.2,0.0,0.8,R086,True,0.9052832843651063,1.0,0.22092121022608802,0.6416742687829646,0.9826091989963789,1.0,1.0,0.0,1.0,0.7384696715627372,0.7991398108192074,1.0,1.0,0.994327814183715,1.0,0.8151043173832404,0.9966798738875469,0.17918734451105062,1311,231,-0.043756047068533276,40,469
C154,0.2,0.2,0.1,0.7,R087,True,0.9068998132535856,1.0,0.2198765673877481,0.6485951628808772,0.9871704272541496,1.0,1.0,0.0,1.0,0.7384696715627372,0.7991398108192074,1.0,1.0,0.9949500121089636,1.0,0.8178396168200002,0.9984763404978227,0.1808038733995299,1315,223,-0.04213951818005397,56,460
C155,0.2,0.2,0.2,0.6,R088,True,0.9077846352316945,1.0,0.21790694255050524,0.648713055509172,0.9874087859448547,1.0,1.0,0.0,1.0,0.7384696715627372,0.7991398108192074,1.0,1.0,0.9948561354369398,1.0,0.8196843621138373,0.9984263384635195,0.18168869537763896,1317,225,-0.04125469620194495,68,455
C156,0.2,0.2,0.3,0.5,R089,True,0.9090100036048252,1.0,0.21659198673085175,0.649483499090268,0.9883430057438014,1.0,1.0,0.0,1.0,0.7384696715627372,0.7991398108192074,1.0,1.0,0.9948283141448212,1.0,0.8221573558937935,0.9993479915044484,0.18291406375076963,1329,221,-0.04002932782881426,85,449
C157,0.2,0.2,0.4,0.4,R090,True,0.9095113333525148,1.0,0.21688968060394218,0.648713055509172,0.9902638839403989,1.0,1.0,0.0,1.0,0.7384696715627372,0.7991398108192074,1.0,1.0,0.994828501334444,1.0,0.8231598656374743,1.0,0.18341539349845914,1329,222,-0.039527998081124754,107,453
C158,0.2,0.2,0.5,0.3,R091,True,0.9100694963776884,1.0,0.21643000508035848,0.6511468406729379,0.989792940879971,1.0,1.0,0.0,1.0,0.7384696715627372,0.7991398108192074,1.0,1.0,0.9947207047915564,1.0,0.8243624289221316,1.0,0.1839735565236328,1333,215,-0.03896983505595113,123,462
C159,0.2,0.2,0.6,0.2,R092,True,0.910209434472287,1.0,0.21801930871568248,0.6485951628808772,0.992588729823478,1.0,1.0,0.0,1.0,0.7384696715627372,0.7991398108192074,1.0,1.0,0.9943513404826282,1.0,0.8249377965584714,1.0,0.18411349461823134,1332,220,-0.03882989696135255,148,473
C160,0.2,0.2,0.7,0.1,R093,True,0.9096686287979622,1.0,0.21883843924347407,0.6481053449627496,0.992477699374251,1.0,1.0,0.0,1.0,0.7384696715627372,0.7991398108192074,1.0,1.0,0.993533685902825,1.0,0.8245103088736645,1.0,0.18357268894390663,1328,224,-0.039370702635677296,153,485
C161,0.2,0.2,0.8,0.0,R003,False,0.9086527450648986,1.0,0.22056940027225927,0.6420059543547526,0.9928765514565887,1.0,1.0,0.0,1.0,0.7384696715627372,0.7991398108192074,1.0,1.0,0.9934300182526854,1.0,0.8225614755276488,1.0,0.18255680521084292,1327,224,-0.040386586368740984,165,495
C162,0.2,0.3,0.0,0.7,R094,True,0.911664851458444,1.0,0.2115321245771659,0.6536691885385361,0.9909171872405131,1.0,1.0,0.0,1.0,0.7384696715627372,0.7991398108192074,1.0,1.0,0.9950778357095945,1.0,0.8272674343492121,1.0,0.1855689116043883,1328,208,-0.0373744799751956,13,416
C163,0.2,0.3,0.1,0.6,R095,True,0.9152449500361923,1.0,0.20705947275823722,0.671738245729458,0.9947888478477174,1.0,1.0,0.0,1.0,0.7384696715627372,0.7991398108192074,1.0,1.0,0.9957363082302868,1.0,0.8339008534881553,1.0,0.1891490101821367,1335,191,-0.03379438139744718,23,387
C164,0.2,0.3,0.2,0.5,R096,True,0.9168313247060486,1.0,0.20522569358218756,0.6732672734838973,0.9960269737225786,1.0,1.0,0.0,1.0,0.7384696715627372,0.7991398108192074,1.0,1.0,0.9965439092122803,1.0,0.8364275220422728,1.0,0.19073538485199287,1339,184,-0.032208006727591006,41,367
C165,0.2,0.3,0.3,0.4,R097,True,0.9195390217751683,1.0,0.20151003409019702,0.6851838508096562,0.9965991946496523,1.0,1.0,0.0,1.0,0.7384696715627372,0.7991398108192074,1.0,1.0,0.9966227093550233,1.0,0.8417798760663179,1.0,0.19344308192111262,1352,177,-0.029500309658471262,64,363
C166,0.2,0.3,0.4,0.3,R098,True,0.9203651549667216,1.0,0.2002216842374197,0.6860079309039132,0.9971147776773452,1.0,1.0,0.0,1.0,0.7384696715627372,0.7991398108192074,1.0,1.0,0.9966768394801752,1.0,0.843388838349303,1.0,0.19426921511266593,1356,178,-0.028674176466917993,86,358
C167,0.2,0.3,0.5,0.2,R099,True,0.9208364063300682,1.0,0.19990279431011374,0.6859527671240504,0.9979003284015354,1.0,1.0,0.0,1.0,0.7384696715627372,0.7991398108192074,1.0,1.0,0.9966322276779533,1.0,0.8443670305177738,1.0,0.1947404664760126,1356,177,-0.02820292510357132,114,368
C168,0.2,0.3,0.6,0.1,R100,True,0.9209657850855939,1.0,0.20040356381700758,0.6958915430845823,0.9972410740984391,1.0,1.0,0.0,1.0,0.7384696715627372,0.7991398108192074,1.0,1.0,0.9967734769907438,1.0,0.8445127885785927,1.0,0.19486984523153827,1360,176,-0.028073546348045635,130,388
C169,0.2,0.3,0.7,0.0,R004,False,0.9209221525129189,1.0,0.2013299710289476,0.68977986354159,0.9981331307576766,1.0,1.0,0.0,1.0,0.7384696715627372,0.7991398108192074,1.0,1.0,0.9969350783076452,1.0,0.8442962423797217,1.0,0.1948262126588632,1362,175,-0.02811717892072069,138,398
C170,0.2,0.4,0.0,0.6,R101,True,0.9192764316135472,1.0,0.19880112717832,0.6739968637207647,0.9947888478477174,1.0,1.0,0.0,1.0,0.7384696715627372,0.7991398108192074,1.0,1.0,0.9959693008632134,1.0,0.8417774225365237,1.0,0.19318049175949156,1338,185,-0.029762899820092368,6,354
C171,0.2,0.4,0.1,0.5,R102,True,0.9242309243007705,1.0,0.19078416540265516,0.7033326511120208,0.9979293627854581,1.0,1.0,0.0,1.0,0.7384696715627372,0.7991398108192074,1.0,1.0,0.9962274729215543,1.0,0.8514798702642976,1.0,0.1981349844467149,1351,172,-0.024808407132868984,1,323
C172,0.2,0.4,0.2,0.4,R103,True,0.9284135138785856,1.0,0.18385910053542098,0.7206822612345261,0.9991043433925754,1.0,1.0,0.0,1.0,0.7384696715627372,0.7991398108192074,1.0,1.0,0.9962348362610178,1.0,0.859839158748357,1.0,0.20231757402453004,1360,157,-0.02062581755505386,5,287
C173,0.2,0.4,0.3,0.3,R104,True,0.930320543305077,1.0,0.1830307520807988,0.7349735470493444,1.0,1.0,1.0,0.0,1.0,0.7384696715627372,0.7991398108192074,1.0,1.0,0.9973605924306577,1.0,0.8627526126656277,1.0,0.2042246034510213,1366,146,-0.018718788128562588,16,258
C174,0.2,0.4,0.4,0.2,R105,True,0.9325642211395659,1.0,0.18041462276027628,0.7461367207962284,1.0,1.0,1.0,0.0,1.0,0.7384696715627372,0.7991398108192074,1.0,1.0,0.9978831718911624,1.0,0.866821904766202,1.0,0.20646828128551034,1376,143,-0.016475110294073565,44,238
C175,0.2,0.4,0.5,0.1,R106,True,0.9341117635058828,1.0,0.1778831006010109,0.7551989103929749,1.0,1.0,1.0,0.0,1.0,0.7384696715627372,0.7991398108192074,1.0,1.0,0.9979399933698425,1.0,0.8698715323158918,1.0,0.20801582365182728,1377,146,-0.014927567927756624,91,253
C176,0.2,0.4,0.6,0.0,R005,False,0.9342662119212761,1.0,0.1781808003593362,0.7563444398738517,1.0,1.0,1.0,0.0,1.0,0.7384696715627372,0.7991398108192074,1.0,1.0,0.998010994835873,1.0,0.8701236279738537,1.0,0.20817027206722044,1381,141,-0.014773119512363467,115,273
C177,0.2,0.5,0.0,0.5,R107,True,0.919672926818737,1.0,0.19880521933566359,0.6738151553617027,0.9963863601833328,1.0,1.0,0.0,1.0,0.7384696715627372,0.7991398108192074,1.0,1.0,0.9949119735854552,1.0,0.8434162747691099,1.0,0.19357698696468148,1330,193,-0.029366404614902444,66,364
C178,0.2,0.5,0.1,0.4,R108,True,0.9258823571664831,1.0,0.18824697353087802,0.7104183759991878,0.9985387633397331,1.0,1.0,0.0,1.0,0.7384696715627372,0.7991398108192074,1.0,1.0,0.9958752130942552,1.0,0.8550645438575619,1.0,0.19978641731242744,1351,171,-0.02315697426715644,59,322
C179,0.2,0.5,0.2,0.3,R109,True,0.9313649422428542,1.0,0.17991928155750167,0.7362994088697548,1.0,1.0,1.0,0.0,1.0,0.7384696715627372,0.7991398108192074,1.0,1.0,0.9964225361144208,1.0,0.865591855594172,1.0,0.20526900238879864,1366,146,-0.017674389190785268,51,263
C180,0.2,0.5,0.3,0.2,R110,True,0.9372997475208071,1.0,0.16818745240968938,0.7556693616015282,1.0,1.0,1.0,0.0,1.0,0.7384696715627372,0.7991398108192074,1.0,1.0,0.9974535691660268,1.0,0.8766366397087928,1.0,0.21120380766675156,1381,125,-0.011739583912832335,41,189
C181,0.2,0.5,0.4,0.1,R111,True,0.9443731556980797,1.0,0.15688598726831615,0.7862943371433866,1.0,1.0,1.0,0.0,1.0,0.7384696715627372,0.7991398108192074,1.0,1.0,0.9977026007845039,1.0,0.8905842307685563,1.0,0.21827721584402407,1394,109,-0.004666175735559843,24,114
C182,0.2,0.5,0.5,0.0,R006,False,0.9490393314336394,1.0,0.1487123702538861,0.8105509921442665,1.0,1.0,1.0,0.0,1.0,0.7384696715627372,0.7991398108192074,1.0,1.0,0.9984521793444054,1.0,0.8993169193917547,1.0,0.2229433915795839,1407,97,0.0,0,0
C183,0.2,0.6,0.0,0.4,R112,True,0.9178352261446565,1.0,0.20334957393678144,0.6739793280649312,0.9944788303788556,1.0,1.0,0.0,1.0,0.7384696715627372,0.7991398108192074,1.0,1.0,0.9939336651469451,1.0,0.840523520171757,1.0,0.19173928629060094,1321,205,-0.03120410528898296,128,426
C184,0.2,0.6,0.1,0.3,R113,True,0.9225237288901069,1.0,0.19575490560841527,0.6936185271889755,0.9977511414258018,1.0,1.0,0.0,1.0,0.7384696715627372,0.7991398108192074,1.0,1.0,0.9955001117472284,1.0,0.848647368382431,1.0,0.19642778903605132,1337,182,-0.026515602543532586,123,388
C185,0.2,0.6,0.2,0.2,R114,True,0.9280510816390958,1.0,0.18644344946963284,0.7216581789534188,0.9994884365762284,1.0,1.0,0.0,1.0,0.7384696715627372,0.7991398108192074,1.0,1.0,0.9958562180496311,1.0,0.8594171888384866,1.0,0.20195514178504012,1354,164,-0.02098824979454377,128,348
C186,0.2,0.6,0.3,0.1,R115,True,0.9330117291062233,1.0,0.17739067891118518,0.7465868496828248,1.0,1.0,1.0,0.0,1.0,0.7384696715627372,0.7991398108192074,1.0,1.0,0.9959328997155278,1.0,0.8692771384400245,1.0,0.20691578925216778,1371,145,-0.016027602327416127,128,310
C187,0.2,0.6,0.4,0.0,R007,False,0.9390951736905078,1.0,0.16546806390344013,0.7684613444733178,1.0,1.0,1.0,0.0,1.0,0.7384696715627372,0.7991398108192074,1.0,1.0,0.997627293774578,1.0,0.8800885123613531,1.0,0.21299923383645217,1387,126,-0.009944157743131739,130,256
C188,0.2,0.7,0.0,0.3,R116,True,0.9145570883100657,1.0,0.2097563195027802,0.667703191839421,0.9945134858163521,1.0,1.0,0.0,1.0,0.7384696715627372,0.7991398108192074,1.0,1.0,0.9928416058169607,1.0,0.8348408919665629,1.0,0.18846114845601009,1311,216,-0.034482243123573814,166,478
C189,0.2,0.7,0.1,0.2,R117,True,0.9188426654214527,1.0,0.2031873674514135,0.6788417408108216,0.9965552598071521,1.0,1.0,0.0,1.0,0.7384696715627372,0.7991398108192074,1.0,1.0,0.9940456255938243,1.0,0.8424488303678461,1.0,0.1927467255673971,1330,197,-0.030196666012186783,166,446
C190,0.2,0.7,0.2,0.1,R118,True,0.9227927642698164,1.0,0.1954889433532789,0.6933806804684981,0.9981273815872693,1.0,1.0,0.0,1.0,0.7384696715627372,0.7991398108192074,1.0,1.0,0.9953917932448314,1.0,0.8492720939437676,1.0,0.19669682441576075,1342,182,-0.026246567163823148,163,414
C191,0.2,0.7,0.3,0.0,R008,False,0.9273775850462439,1.0,0.18754837069476388,0.7204594110069098,0.9994022006636146,1.0,1.0,0.0,1.0,0.7384696715627372,0.7991398108192074,1.0,1.0,0.9956916039531087,1.0,0.8582018869300007,1.0,0.2012816451921882,1356,167,-0.021661746387395694,162,383
C192,0.2,0.8,0.0,0.2,R119,True,0.9104180053247722,1.0,0.21406831569460272,0.6550775692703746,0.986284679680906,1.0,1.0,0.0,1.0,0.7384696715627372,0.7991398108192074,1.0,1.0,0.9909211927946596,1.0,0.8280990564138166,1.0,0.18432206547071656,1289,249,-0.03862132610886735,171,540
C193,0.2,0.8,0.1,0.1,R120,True,0.9143126066244404,1.0,0.20933797450999161,0.6687445246869289,0.9933062105607607,1.0,1.0,0.0,1.0,0.7384696715627372,0.7991398108192074,1.0,1.0,0.9931650758004885,1.0,0.83409315260849,1.0,0.18821666677038482,1305,224,-0.034726724809199076,171,512
C194,0.2,0.8,0.2,0.0,R009,False,0.9175937591048605,1.0,0.20520870497094498,0.6759643097404667,0.9966188300263974,1.0,1.0,0.0,1.0,0.7384696715627372,0.7991398108192074,1.0,1.0,0.994571131998494,1.0,0.839530612610926,1.0,0.19149781925080497,1327,200,-0.031445572328778953,173,472
C195,0.2,0.9,0.0,0.1,R121,True,0.9026070573720605,1.0,0.22580885414322036,0.6333625841101828,0.9703814504041607,1.0,1.0,0.0,1.0,0.7384696715627372,0.7991398108192074,1.0,1.0,0.988168958180183,1.0,0.8146789481999747,1.0,0.17651111751800483,1268,274,-0.04643227406157904,171,601
C196,0.2,0.9,0.1,0.0,R010,False,0.9067941279301222,1.0,0.21957161193893204,0.6483724685934023,0.9824711227563244,1.0,1.0,0.0,1.0,0.7384696715627372,0.7991398108192074,1.0,1.0,0.9911698266224429,1.0,0.8206523945622901,1.0,0.1806981880760666,1276,259,-0.04224520350351729,172,579
C197,0.2,1.0,0.0,0.0,R011,False,0.8895801268716802,1.0,0.2406655342901791,0.5605141093913303,0.9358331516604897,1.0,1.0,0.0,1.0,0.7384696715627372,0.7991398108192074,1.0,1.0,0.985130857563283,1.0,0.791055567692734,0.991750077364403,0.16348418701762454,1242,309,-0.05945920456195936,163,690
C198,0.3,0.0,0.0,1.0,R122,True,0.8866534808993194,1.0,0.24629544658947466,0.5565153147606587,0.9325899794152557,1.0,1.0,0.0,1.0,0.7384696715627372,0.7991398108192074,1.0,1.0,0.9890450263996902,1.0,0.7820709406788865,0.9810271097245711,0.1605575410452637,1259,306,-0.062385850534320185,40,604
C199,0.3,0.0,0.1,0.9,R123,True,0.8895394993884134,1.0,0.24196036383530764,0.5721502727182102,0.9386026829927073,1.0,1.0,0.0,1.0,0.7384696715627372,0.7991398108192074,1.0,1.0,0.9894138414621032,1.0,0.7875479256071443,0.9873721570425478,0.16344355953435777,1266,296,-0.05949983204522613,59,583
C200,0.3,0.0,0.2,0.8,R124,True,0.8896531678627061,1.0,0.24189445313316188,0.5740032261104057,0.9389664740272883,1.0,1.0,0.0,1.0,0.7384696715627372,0.7991398108192074,1.0,1.0,0.9900585099596912,1.0,0.7872595277576593,0.9879335574451256,0.16355722800865047,1265,298,-0.05938616357093343,69,581
C201,0.3,0.0,0.3,0.7,R125,True,0.89135860035506,1.0,0.24007368972646076,0.5790355219484317,0.9444706984533624,1.0,1.0,0.0,1.0,0.7384696715627372,0.7991398108192074,1.0,1.0,0.9899420917183761,1.0,0.7907635273354191,0.9908100499683299,0.16526266050100438,1270,297,-0.05768073107857952,92,576
C202,0.3,0.0,0.4,0.6,R126,True,0.8894959854060878,1.0,0.2437234818443156,0.5634452161339087,0.9446930195021634,1.0,1.0,0.0,1.0,0.7384696715627372,0.7991398108192074,1.0,1.0,0.9884235883816056,1.0,0.788253100106891,0.9925927649521831,0.16340004555203214,1276,296,-0.05954334602755177,111,581
C203,0.3,0.0,0.5,0.5,R127,True,0.890243885664106,1.0,0.2438066221643035,0.5634452161339087,0.9444706984533624,1.0,1.0,0.0,1.0,0.7384696715627372,0.7991398108192074,1.0,1.0,0.9886726582663329,1.0,0.7895496447151454,0.9931125092273414,0.16414794581005024,1276,293,-0.05879544576953366,135,592
C204,0.3,0.0,0.6,0.4,R128,True,0.8893238764356314,1.0,0.24460216776326332,0.5598428128231645,0.9428553418730948,1.0,1.0,0.0,1.0,0.7384696715627372,0.7991398108192074,1.0,1.0,0.9882096231833049,1.0,0.7880800543246187,0.9925927649521831,0.16322793658157572,1274,294,-0.05971545499800818,147,615
C205,0.3,0.0,0.7,0.3,R129,True,0.8880399218810686,1.0,0.24646352285588072,0.550014856388247,0.9408216316539663,1.0,1.0,0.0,1.0,0.7384696715627372,0.7991398108192074,1.0,1.0,0.988202854060756,1.0,0.7855175605135325,0.9912386784028575,0.16194398202701307,1271,298,-0.06099940955257084,155,639
C206,0.3,0.0,0.8,0.2,R130,True,0.8842528374179448,1.0,0.2510557362083852,0.5349222470050149,0.9364037392563529,1.0,1.0,0.0,1.0,0.7384696715627372,0.7991398108192074,1.0,1.0,0.9882019285706825,1.0,0.7779441319793436,0.9867535190176699,0.1581568975638892,1262,303,-0.06478649401569471,156,659
C207,0.3,0.0,0.9,0.1,R131,True,0.8801342021122659,1.0,0.25494431846166493,0.5217789185066073,0.9235348602081954,1.0,1.0,0.0,1.0,0.7384696715627372,0.7991398108192074,1.0,1.0,0.9881028329586191,1.0,0.7697861378576364,0.9761720185171578,0.1540382622582103,1249,312,-0.0689051293213736,156,692
C208,0.3,0.0,1.0,0.0,R001,False,0.8762318541809433,1.0,0.2590774684458285,0.5,0.9129185854548614,1.0,1.0,0.0,1.0,0.7384696715627372,0.7991398108192074,1.0,1.0,0.9877937573181792,1.0,0.7622287025073432,0.9671618251173708,0.1501359143268877,1236,325,-0.0728074772526962,152,726
C209,0.3,0.1,0.0,0.9,R132,True,0.8943077930590478,1.0,0.23638369831869863,0.586235084045303,0.9558937022311363,1.0,1.0,0.0,1.0,0.7384696715627372,0.7991398108192074,1.0,1.0,0.9925395248265593,1.0,0.7945839662568482,0.9893950052465774,0.1682118532049922,1287,273,-0.05473153837459171,24,546
C210,0.3,0.1,0.1,0.8,R133,True,0.8968047046474699,1.0,0.23288510129928083,0.5967458970005659,0.9618219618219618,1.0,1.0,0.0,1.0,0.7384696715627372,0.7991398108192074,1.0,1.0,0.992326081747354,1.0,0.7997485438970566,0.9928166750625216,0.17070876479341432,1285,273,-0.05223462678616961,38,528
C211,0.3,0.1,0.2,0.7,R134,True,0.8986221601735183,1.0,0.23155312190080557,0.6049492950877992,0.9690495934402366,1.0,1.0,0.0,1.0,0.7384696715627372,0.7991398108192074,1.0,1.0,0.9914574974066018,1.0,0.8040783224217551,0.9956623956741507,0.17252622031946271,1293,264,-0.050417171260121185,62,514
C212,0.3,0.1,0.3,0.6,R135,True,0.900064342803936,1.0,0.22902477985349026,0.6132337369329435,0.9702948576576017,1.0,1.0,0.0,1.0,0.7384696715627372,0.7991398108192074,1.0,1.0,0.9921306059004436,1.0,0.8064242008875173,0.9961719281440246,0.17396840294988045,1295,261,-0.04897498862970345,74,512
C213,0.3,0.1,0.4,0.5,R136,True,0.9004420181871325,1.0,0.22919347591144648,0.6213418346095928,0.9710871569754456,1.0,1.0,0.0,1.0,0.7384696715627372,0.7991398108192074,1.0,1.0,0.9919944949290063,1.0,0.80728844043106,0.9966065888014553,0.17434607833307691,1305,261,-0.048597313246506964,96,512
C214,0.3,0.1,0.5,0.4,R137,True,0.9000178095136094,1.0,0.2320838942380949,0.6125543701415284,0.979218625580312,1.0,1.0,0.0,1.0,0.7384696715627372,0.7991398108192074,1.0,1.0,0.9920698655611815,1.0,0.8063797265782738,0.9969600748431071,0.17392186965955386,1302,257,-0.04902152192003003,124,525
C215,0.3,0.1,0.6,0.3,R138,True,0.9005083648369161,1.0,0.23182048697726557,0.6141618403060487,0.9794111355580002,1.0,1.0,0.0,1.0,0.7384696715627372,0.7991398108192074,1.0,1.0,0.9915407371158798,1.0,0.8077841399811282,0.9982910827951224,0.17441242498286041,1301,259,-0.048530966596723506,146,532
C216,0.3,0.1,0.7,0.2,R139,True,0.8995033236280815,1.0,0.23357418054060386,0.6086768804188717,0.9805492437382918,1.0,1.0,0.0,1.0,0.7384696715627372,0.7991398108192074,1.0,1.0,0.9914832176749493,1.0,0.8058200731162036,0.9991427345188804,0.17340738377402587,1299,259,-0.04953600780555805,159,549
C217,0.3,0.1,0.8,0.1,R140,True,0.8974758432882046,1.0,0.23530929509567572,0.5945296433758352,0.9719403978755828,1.0,1.0,0.0,1.0,0.7384696715627372,0.7991398108192074,1.0,1.0,0.9914555299458531,1.0,0.8017872626197268,0.9973941808189122,0.17137990343414905,1293,270,-0.05156348814543486,160,578
C218,0.3,0.1,0.9,0.0,R002,False,0.894288468518135,1.0,0.2389525543102076,0.5826994317294928,0.9640177680388389,1.0,1.0,0.0,1.0,0.7384696715627372,0.7991398108192074,1.0,1.0,0.9910764062411175,1.0,0.7957158120433762,0.9963702329459292,0.16819252866407947,1288,278,-0.05475086291550445,162,605
C219,0.3,0.2,0.0,0.8,R141,True,0.9014163841313075,1.0,0.225506952133056,0.6057927326055075,0.9732590855803047,1.0,1.0,0.0,1.0,0.7384696715627372,0.7991398108192074,1.0,1.0,0.9942663384609619,1.0,0.8074196974938455,0.9951187958747049,0.1753204442772519,1300,245,-0.04762294730233198,10,492
C220,0.3,0.2,0.1,0.7,R142,True,0.904592441363095,1.0,0.22268284883875636,0.6247750642673522,0.9838628217660477,1.0,1.0,0.0,1.0,0.7384696715627372,0.7991398108192074,1.0,1.0,0.9946011836479388,1.0,0.8135039358078392,0.9966798738875469,0.17849650150903942,1314,227,-0.04444689007054447,18,467
C221,0.3,0.2,0.2,0.6,R143,True,0.9085751944772361,1.0,0.2161522517742365,0.6529138400726456,0.9872863978127137,1.0,1.0,0.0,1.0,0.7384696715627372,0.7991398108192074,1.0,1.0,0.9946331570693228,1.0,0.821443863299014,0.9983141214455648,0.18247925462318046,1319,215,-0.04046413695640344,38,442
C222,0.3,0.2,0.3,0.5,R144,True,0.909295914192324,1.0,0.2165069896708062,0.6541775955364862,0.9894479461732089,1.0,1.0,0.0,1.0,0.7384696715627372,0.7991398108192074,1.0,1.0,0.9954481653378423,1.0,0.8222332961143743,0.999339342366701,0.18319997433826843,1322,217,-0.039743417241315464,57,440
C223,0.3,0.2,0.4,0.4,R145,True,0.9103408013613405,1.0,0.2138285694272837,0.6530411978207153,0.9903542170814554,1.0,1.0,0.0,1.0,0.7384696715627372,0.7991398108192074,1.0,1.0,0.9949164154606676,1.0,0.8247484703541471,1.0,0.18424486150728495,1330,217,-0.03869853007229895,82,438
C224,0.3,0.2,0.5,0.3,R146,True,0.910553429202441,1.0,0.2153728925276905,0.653676310665203,0.9909171872405131,1.0,1.0,0.0,1.0,0.7384696715627372,0.7991398108192074,1.0,1.0,0.9949238445083146,1.0,0.8251677827982303,1.0,0.18445748934838538,1332,216,-0.03848590223119853,113,443
C225,0.3,0.2,0.6,0.2,R147,True,0.9113863907817592,1.0,0.21526760792871194,0.6568708028571147,0.9920985418539365,1.0,1.0,0.0,1.0,0.7384696715627372,0.7991398108192074,1.0,1.0,0.9948899257366395,1.0,0.8268608409742069,1.0,0.18529045092770358,1335,211,-0.037652940651880316,132,461
C226,0.3,0.2,0.7,0.1,R148,True,0.909986196046931,1.0,0.21908764387892826,0.6485951628808772,0.9926830070802976,1.0,1.0,0.0,1.0,0.7384696715627372,0.7991398108192074,1.0,1.0,0.9941255053852024,1.0,0.8246719877857001,1.0,0.18389025619287538,1330,222,-0.03905313538670852,154,480
C227,0.3,0.2,0.8,0.0,R003,False,0.9086527450648986,1.0,0.22056940027225927,0.6420059543547526,0.9928765514565887,1.0,1.0,0.0,1.0,0.7384696715627372,0.7991398108192074,1.0,1.0,0.9934300182526854,1.0,0.8225614755276488,1.0,0.18255680521084292,1327,224,-0.040386586368740984,165,495
C228,0.3,0.3,0.0,0.7,R149,True,0.9056963759289883,1.0,0.2205600716843277,0.6303259770030817,0.982623772740713,1.0,1.0,0.0,1.0,0.7384696715627372,0.7991398108192074,1.0,1.0,0.9942093058851854,1.0,0.8160253071498282,0.9964972763409727,0.17960043607493267,1304,227,-0.043342955504651226,1,453
C229,0.3,0.3,0.1,0.6,R150,True,0.9105844508994305,1.0,0.2123395214534761,0.6527890412457107,0.9890799866370774,1.0,1.0,0.0,1.0,0.7384696715627372,0.7991398108192074,1.0,1.0,0.9952286077081502,1.0,0.8249860156323409,0.998479441302136,0.18448851104537495,1327,211,-0.03845488053420895,4,420
C230,0.3,0.3,0.2,0.5,R151,True,0.9147428774765509,1.0,0.20703082645950635,0.6645006229729602,0.9947888478477174,1.0,1.0,0.0,1.0,0.7384696715627372,0.7991398108192074,1.0,1.0,0.995356302655036,1.0,0.8332007128290729,1.0,0.1886469376224953,1336,195,-0.03429645395708861,13,386
C231,0.3,0.3,0.3,0.4,R152,True,0.9173567114985289,1.0,0.20417499001932152,0.673800529016079,0.9961416190565214,1.0,1.0,0.0,1.0,0.7384696715627372,0.7991398108192074,1.0,1.0,0.9965262375547919,1.0,0.8374924329532244,1.0,0.1912607716444733,1340,184,-0.031682619935110574,27,362
C232,0.3,0.3,0.4,0.3,R153,True,0.9204977240539971,1.0,0.20043981406970882,0.6860481050661664,0.9971147776773452,1.0,1.0,0.0,1.0,0.7384696715627372,0.7991398108192074,1.0,1.0,0.9967326262110904,1.0,0.8436093471391218,1.0,0.19440178419994147,1354,176,-0.02854160737964243,66,351
C233,0.3,0.3,0.5,0.2,R154,True,0.9211950619839648,1.0,0.19926501088329018,0.6861494278512859,0.9979305082914708,1.0,1.0,0.0,1.0,0.7384696715627372,0.7991398108192074,1.0,1.0,0.9967409420442775,1.0,0.8449973703325075,1.0,0.1950991221299092,1357,177,-0.027844269449674688,98,356
C234,0.3,0.3,0.6,0.1,R155,True,0.9213932129216699,1.0,0.1990050382150677,0.7000604515362826,0.9976270780886098,1.0,1.0,0.0,1.0,0.7384696715627372,0.7991398108192074,1.0,1.0,0.996623157822011,1.0,0.8454878995857311,1.0,0.19529727306761435,1359,175,-0.027646118511969537,125,382
C235,0.3,0.3,0.7,0.0,R004,False,0.9209221525129189,1.0,0.2013299710289476,0.68977986354159,0.9981331307576766,1.0,1.0,0.0,1.0,0.7384696715627372,0.7991398108192074,1.0,1.0,0.9969350783076452,1.0,0.8442962423797217,1.0,0.1948262126588632,1362,175,-0.02811717892072069,138,398
C236,0.3,0.4,0.0,0.6,R156,True,0.9117241196914659,1.0,0.21058543131222573,0.6541775955364862,0.9858291161108064,1.0,1.0,0.0,1.0,0.7384696715627372,0.7991398108192074,1.0,1.0,0.9938795366497117,1.0,0.8283446100631623,0.9992270843039577,0.18562817983741026,1312,231,-0.03731521174217366,27,432
C237,0.3,0.4,0.1,0.5,R157,True,0.9171537588041113,1.0,0.20198326748177614,0.6666666666666667,0.9926735792797549,1.0,1.0,0.0,1.0,0.7384696715627372,0.7991398108192074,1.0,1.0,0.9956471146662608,1.0,0.8377898258752139,1.0,0.19105781895005566,1328,203,-0.03188557262952825,16,386
C238,0.3,0.4,0.2,0.4,R158,True,0.9223790494695164,1.0,0.194643190496453,0.6873528257456829,0.9968008360071423,1.0,1.0,0.0,1.0,0.7384696715627372,0.7991398108192074,1.0,1.0,0.9963168508876011,1.0,0.847704618228952,1.0,0.19628310961546083,1345,174,-0.026660281964123064,6,325
C239,0.3,0.4,0.3,0.3,R159,True,0.9304525295372051,1.0,0.1807263484647877,0.7285979327981686,0.9994576886552617,1.0,1.0,0.0,1.0,0.7384696715627372,0.7991398108192074,1.0,1.0,0.9962860247984943,1.0,0.8638762392356147,1.0,0.20435658968314954,1362,157,-0.01858680189643437,1,266
C240,0.3,0.4,0.4,0.2,R160,True,0.9323262958693324,1.0,0.18082954255885328,0.7465868496828248,1.0,1.0,1.0,0.0,1.0,0.7384696715627372,0.7991398108192074,1.0,1.0,0.9979062255705852,1.0,0.8663276112821964,1.0,0.20623035601527667,1371,138,-0.016713035564307237,22,235
C241,0.3,0.4,0.5,0.1,R161,True,0.9335906621526301,1.0,0.17881783309696134,0.7504229323308271,1.0,1.0,1.0,0.0,1.0,0.7384696715627372,0.7991398108192074,1.0,1.0,0.9979031593304047,1.0,0.8688587968409365,1.0,0.20749472229857455,1375,144,-0.015448669281009351,69,240
C242,0.3,0.4,0.6,0.0,R005,False,0.9342662119212761,1.0,0.1781808003593362,0.7563444398738517,1.0,1.0,1.0,0.0,1.0,0.7384696715627372,0.7991398108192074,1.0,1.0,0.998010994835873,1.0,0.8701236279738537,1.0,0.20817027206722044,1381,141,-0.014773119512363467,115,273
C243,0.3,0.5,0.0,0.5,R162,True,0.9137290392236683,1.0,0.20787848822637303,0.6627162211998134,0.9869362506770218,1.0,1.0,0.0,1.0,0.7384696715627372,0.7991398108192074,1.0,1.0,0.9933445476328562,1.0,0.8327824403410519,1.0,0.18763309936961275,1310,225,-0.03531029220997114,79,443
C244,0.3,0.5,0.1,0.4,R163,True,0.9195924491934012,1.0,0.1987931797524902,0.6738151553617027,0.9957631190023492,1.0,1.0,0.0,1.0,0.7384696715627372,0.7991398108192074,1.0,1.0,0.994641263485556,1.0,0.8434718875983575,1.0,0.19349650933934562,1331,193,-0.02944688224023831,73,381
C245,0.3,0.5,0.2,0.3,R164,True,0.9253715431869257,1.0,0.18937823389369762,0.7100414369201308,0.9984996626953346,1.0,1.0,0.0,1.0,0.7384696715627372,0.7991398108192074,1.0,1.0,0.9957480239509198,1.0,0.8541446672131157,1.0,0.19927560333287014,1346,175,-0.02366778824671376,67,325
C246,0.3,0.5,0.3,0.2,R165,True,0.9325630938327075,1.0,0.17769106415988206,0.7410040498694602,1.0,1.0,1.0,0.0,1.0,0.7384696715627372,0.7991398108192074,1.0,1.0,0.9964577028098479,1.0,0.8679600254175367,1.0,0.2064671539786519,1369,142,-0.016476237600932007,53,250
C247,0.3,0.5,0.4,0.1,R166,True,0.9419991397027223,1.0,0.15972017177857598,0.7756376683510793,1.0,1.0,1.0,0.0,1.0,0.7384696715627372,0.7991398108192074,1.0,1.0,0.9976978904597444,1.0,0.8858399670376492,1.0,0.21590319984866677,1392,114,-0.007040191730917144,36,147
C248,0.3,0.5,0.5,0.0,R006,False,0.9490393314336394,1.0,0.1487123702538861,0.8105509921442665,1.0,1.0,1.0,0.0,1.0,0.7384696715627372,0.7991398108192074,1.0,1.0,0.9984521793444054,1.0,0.8993169193917547,1.0,0.2229433915795839,1407,97,0.0,0,0
C249,0.3,0.6,0.0,0.4,R167,True,0.9130302800549478,1.0,0.2114585918028886,0.6642992222096882,0.9897110844998693,1.0,1.0,0.0,1.0,0.7384696715627372,0.7991398108192074,1.0,1.0,0.9923078974685592,1.0,0.8322142421350485,1.0,0.18693434020089225,1304,224,-0.03600905137869165,136,466
C250,0.3,0.6,0.1,0.3,R168,True,0.9177889993816372,1.0,0.20351771653002462,0.6734875112531999,0.9944788303788556,1.0,1.0,0.0,1.0,0.7384696715627372,0.7991398108192074,1.0,1.0,0.9941395069317929,1.0,0.8402663932178401,1.0,0.19169305952758162,1326,202,-0.03125033205200229,133,424
C251,0.3,0.6,0.2,0.2,R169,True,0.923686385314604,1.0,0.19405861420033105,0.7000030175890624,0.9984411491159855,1.0,1.0,0.0,1.0,0.7384696715627372,0.7991398108192074,1.0,1.0,0.995673300027133,1.0,0.8508341306075019,1.0,0.1975904454605485,1340,179,-0.025352946119035415,124,378
C252,0.3,0.6,0.3,0.1,R170,True,0.9309976938293812,1.0,0.18063688661312235,0.7387767628110159,1.0,1.0,1.0,0.0,1.0,0.7384696715627372,0.7991398108192074,1.0,1.0,0.9959261662051542,1.0,0.8652544546946392,1.0,0.20490175397532565,1361,153,-0.018041637604258257,128,325
C253,0.3,0.6,0.4,0.0,R007,False,0.9390951736905078,1.0,0.16546806390344013,0.7684613444733178,1.0,1.0,1.0,0.0,1.0,0.7384696715627372,0.7991398108192074,1.0,1.0,0.997627293774578,1.0,0.8800885123613531,1.0,0.21299923383645217,1387,126,-0.009944157743131739,130,256
C254,0.3,0.7,0.0,0.3,R171,True,0.91154169076915,1.0,0.21321336159087828,0.6648595269760915,0.9888005137115324,1.0,1.0,0.0,1.0,0.7384696715627372,0.7991398108192074,1.0,1.0,0.9916331211158967,1.0,0.8297768846455825,1.0,0.1854457509150944,1296,236,-0.03749764066448951,163,515
C255,0.3,0.7,0.1,0.2,R172,True,0.9158657277672068,1.0,0.20758205653055792,0.6734875112531999,0.9954598726816962,1.0,1.0,0.0,1.0,0.7384696715627372,0.7991398108192074,1.0,1.0,0.9934958458138506,1.0,0.8369347788833329,1.0,0.18976978791315113,1322,210,-0.03317360366643277,166,473
C256,0.3,0.7,0.2,0.1,R173,True,0.9206402232843849,1.0,0.1994851541730401,0.6850651410807947,0.9975487210871893,1.0,1.0,0.0,1.0,0.7384696715627372,0.7991398108192074,1.0,1.0,0.9952809202650963,1.0,0.8450557103566927,1.0,0.19454428343032926,1337,185,-0.02839910814925464,165,428
C257,0.3,0.7,0.3,0.0,R008,False,0.9273775850462439,1.0,0.18754837069476388,0.7204594110069098,0.9994022006636146,1.0,1.0,0.0,1.0,0.7384696715627372,0.7991398108192074,1.0,1.0,0.9956916039531087,1.0,0.8582018869300007,1.0,0.2012816451921882,1356,167,-0.021661746387395694,162,383
C258,0.3,0.8,0.0,0.2,R174,True,0.9074744505118746,1.0,0.21870594743621505,0.6483724685934023,0.981239282010207,1.0,1.0,0.0,1.0,0.7384696715627372,0.7991398108192074,1.0,1.0,0.9898019019444269,1.0,0.8231073794682074,1.0,0.18137851065781888,1277,262,-0.04156488092176502,170,566
C259,0.3,0.8,0.1,0.1,R175,True,0.9131372142003703,1.0,0.2107789347910423,0.6662985817931935,0.99191565790065,1.0,1.0,0.0,1.0,0.7384696715627372,0.7991398108192074,1.0,1.0,0.9925666716258648,1.0,0.8322210911000488,1.0,0.18704127434631473,1294,233,-0.03590211723326915,172,523
C260,0.3,0.8,0.2,0.0,R009,False,0.9175937591048605,1.0,0.20520870497094498,0.6759643097404667,0.9966188300263974,1.0,1.0,0.0,1.0,0.7384696715627372,0.7991398108192074,1.0,1.0,0.994571131998494,1.0,0.839530612610926,1.0,0.19149781925080497,1327,200,-0.031445572328778953,173,472
C261,0.3,0.9,0.0,0.1,R176,True,0.9007201153401173,1.0,0.22805572614860356,0.6225447999345389,0.9658460296640097,1.0,1.0,0.0,1.0,0.7384696715627372,0.7991398108192074,1.0,1.0,0.9875442327470045,1.0,0.8114048444826311,0.9987298001436818,0.17462417548606174,1263,281,-0.048319216093522147,171,611
C262,0.3,0.9,0.1,0.0,R010,False,0.9067941279301222,1.0,0.21957161193893204,0.6483724685934023,0.9824711227563244,1.0,1.0,0.0,1.0,0.7384696715627372,0.7991398108192074,1.0,1.0,0.9911698266224429,1.0,0.8206523945622901,1.0,0.1806981880760666,1276,259,-0.04224520350351729,172,579
C263,0.3,1.0,0.0,0.0,R011,False,0.8895801268716802,1.0,0.2406655342901791,0.5605141093913303,0.9358331516604897,1.0,1.0,0.0,1.0,0.7384696715627372,0.7991398108192074,1.0,1.0,0.985130857563283,1.0,0.791055567692734,0.991750077364403,0.16348418701762454,1242,309,-0.05945920456195936,163,690
C264,0.4,0.0,0.0,1.0,R177,True,0.8870926356387318,1.0,0.24473008364589507,0.5565153147606587,0.9334929178652974,1.0,1.0,0.0,1.0,0.7384696715627372,0.7991398108192074,1.0,1.0,0.991284295770098,1.0,0.7811578346613851,0.9787516230238118,0.1609966957846761,1266,303,-0.06194669579490782,15,590
C265,0.4,0.0,0.1,0.9,R178,True,0.8886340815982349,1.0,0.24367668389571934,0.5594743743946401,0.9394747961037586,1.0,1.0,0.0,1.0,0.7384696715627372,0.7991398108192074,1.0,1.0,0.9904693080491036,1.0,0.7848927167571867,0.983244660343897,0.1625381417441792,1266,298,-0.06040524983540471,24,585
C266,0.4,0.0,0.2,0.8,R179,True,0.8924326855624627,1.0,0.23868615292178402,0.581054975313166,0.9433914055690309,1.0,1.0,0.0,1.0,0.7384696715627372,0.7991398108192074,1.0,1.0,0.9900179136050153,1.0,0.7928510402409131,0.9892261520744273,0.16633674570840712,1272,289,-0.056606645871176774,44,565
C267,0.4,0.0,0.3,0.7,R180,True,0.8933197438637019,1.0,0.23807873798432108,0.5903399403239556,0.9455287671112438,1.0,1.0,0.0,1.0,0.7384696715627372,0.7991398108192074,1.0,1.0,0.9903180923888533,1.0,0.7943850138163213,0.9916873963515755,0.16722380400964637,1277,284,-0.055719587569937556,65,556
C268,0.4,0.0,0.4,0.6,R181,True,0.8947877788678146,1.0,0.2358936466716603,0.596429994245496,0.9579274891774893,1.0,1.0,0.0,1.0,0.7384696715627372,0.7991398108192074,1.0,1.0,0.9904143800463557,1.0,0.7972440536985446,0.9929778125291674,0.16869183901375898,1280,289,-0.05425155256582494,85,549
C269,0.4,0.0,0.5,0.5,R182,True,0.8944394661385927,1.0,0.23786919869613296,0.586605700639158,0.9592559614406637,1.0,1.0,0.0,1.0,0.7384696715627372,0.7991398108192074,1.0,1.0,0.9901660618745806,1.0,0.7967460827775208,0.9955762665073158,0.16834352628453708,1283,285,-0.05459986529504682,118,559
C270,0.4,0.0,0.6,0.4,R183,True,0.8922775944532656,1.0,0.2413692897818083,0.5808547885036873,0.9511832143496974,1.0,1.0,0.0,1.0,0.7384696715627372,0.7991398108192074,1.0,1.0,0.9896672265747496,1.0,0.7928214076467316,0.9955417361205755,0.16618165459921,1279,284,-0.056761736980373914,140,576
C271,0.4,0.0,0.7,0.3,R184,True,0.8902677220036754,1.0,0.2442772207024206,0.5600920716112532,0.9481712684866812,1.0,1.0,0.0,1.0,0.7384696715627372,0.7991398108192074,1.0,1.0,0.988661428463882,1.0,0.7896063012362454,0.994293269546642,0.1641717821496199,1280,292,-0.05877160942996402,155,615
C272,0.4,0.0,0.8,0.2,R185,True,0.8870212600417264,1.0,0.24767389050294042,0.5440250570685353,0.9394747961037586,1.0,1.0,0.0,1.0,0.7384696715627372,0.7991398108192074,1.0,1.0,0.9882021627846603,1.0,0.7834807898557244,0.9896846742956169,0.16092532018767075,1269,301,-0.06201807139191314,158,648
C273,0.4,0.0,0.9,0.1,R186,True,0.8813697984265942,1.0,0.25327916481104706,0.523694046859331,0.9255842841369157,1.0,1.0,0.0,1.0,0.7384696715627372,0.7991398108192074,1.0,1.0,0.9882019285706825,1.0,0.7721780539966427,0.9810321696340353,0.15527385857253873,1254,308,-0.06766953300704519,156,682
C274,0.4,0.0,1.0,0.0,R001,False,0.8762318541809433,1.0,0.2590774684458285,0.5,0.9129185854548614,1.0,1.0,0.0,1.0,0.7384696715627372,0.7991398108192074,1.0,1.0,0.9877937573181792,1.0,0.7622287025073432,0.9671618251173708,0.1501359143268877,1236,325,-0.0728074772526962,152,726
C275,0.4,0.1,0.0,0.9,R187,True,0.8934934458365488,1.0,0.23604174701321665,0.5770817176919961,0.9558937022311363,1.0,1.0,0.0,1.0,0.7384696715627372,0.7991398108192074,1.0,1.0,0.9935429034533129,1.0,0.7921525689104474,0.9882869395618488,0.16739750598249317,1280,280,-0.05554588559709071,6,544
C276,0.4,0.1,0.1,0.8,R188,True,0.8965948834244659,1.0,0.23270795675482717,0.5973892837616184,0.9591781718538015,1.0,1.0,0.0,1.0,0.7384696715627372,0.7991398108192074,1.0,1.0,0.9928059308011367,1.0,0.7989450222080224,0.9903468320093005,0.1704989435704103,1292,266,-0.052444448009173625,13,527
C277,0.4,0.1,0.2,0.7,R189,True,0.8997163865970472,1.0,0.22912759672276484,0.6093439535719731,0.9656760404270364,1.0,1.0,0.0,1.0,0.7384696715627372,0.7991398108192074,1.0,1.0,0.9931111213778607,1.0,0.8049438760918058,0.994686536210761,0.17362044674299165,1298,258,-0.04932294483659225,27,509
C278,0.4,0.1,0.3,0.6,R190,True,0.9011978088787199,1.0,0.22872456122984514,0.6217881984659064,0.978323084775423,1.0,1.0,0.0,1.0,0.7384696715627372,0.7991398108192074,1.0,1.0,0.9928457108720348,1.0,0.8081190490598119,0.9963415907254526,0.1751018690246643,1299,252,-0.047841522554919594,54,491
C279,0.4,0.1,0.4,0.5,R191,True,0.9018895311991769,1.0,0.2270717546069785,0.6235925048228574,0.979218625580312,1.0,1.0,0.0,1.0,0.7384696715627372,0.7991398108192074,1.0,1.0,0.9924990091839343,1.0,0.8097798550512063,0.9967715056347375,0.17579359134512124,1304,254,-0.04714980023446266,75,486
C280,0.4,0.1,0.5,0.4,R192,True,0.9029353069887273,1.0,0.22573188485778783,0.625070710245129,0.9784504703929164,1.0,1.0,0.0,1.0,0.7384696715627372,0.7991398108192074,1.0,1.0,0.9923002730116567,1.0,0.8120303955681294,0.9975688857888346,0.17683936713467172,1307,257,-0.04610402444491217,103,497
C281,0.4,0.1,0.6,0.3,R193,True,0.9018519282674015,1.0,0.22987359190261183,0.6227364140172591,0.9825596049728955,1.0,1.0,0.0,1.0,0.7384696715627372,0.7991398108192074,1.0,1.0,0.992278513948043,1.0,0.8098810453763687,0.9983909185264013,0.17575598841334591,1308,251,-0.047187403166238005,132,519
C282,0.4,0.1,0.7,0.2,R194,True,0.9006956688866159,1.0,0.23222897577846358,0.6143883566691231,0.9826295475934711,1.0,1.0,0.0,1.0,0.7384696715627372,0.7991398108192074,1.0,1.0,0.9917423431744434,1.0,0.807997463233677,0.9993479915044484,0.17459972903256027,1303,257,-0.04834366254702364,154,537
C283,0.4,0.1,0.8,0.1,R195,True,0.8983881206246102,1.0,0.234534536599536,0.6037462842899316,0.9784504703929164,1.0,1.0,0.0,1.0,0.7384696715627372,0.7991398108192074,1.0,1.0,0.9914830967828,1.0,0.8035897638229803,0.9985514131914521,0.17229218077055455,1297,264,-0.05065121080902934,161,569
C284,0.4,0.1,0.9,0.0,R002,False,0.894288468518135,1.0,0.2389525543102076,0.5826994317294928,0.9640177680388389,1.0,1.0,0.0,1.0,0.7384696715627372,0.7991398108192074,1.0,1.0,0.9910764062411175,1.0,0.7957158120433762,0.9963702329459292,0.16819252866407947,1288,278,-0.05475086291550445,162,605
C285,0.4,0.2,0.0,0.8,R196,True,0.8982010196240374,1.0,0.22976994195363284,0.5972997533891178,0.9602099998245799,1.0,1.0,0.0,1.0,0.7384696715627372,0.7991398108192074,1.0,1.0,0.9930704298148169,1.0,0.8019456953962213,0.989952196584605,0.17210507976998174,1280,266,-0.05083831180960214,3,526
C286,0.4,0.2,0.1,0.7,R197,True,0.9029628431996969,1.0,0.22292542891629405,0.6141102664546407,0.9784133816057305,1.0,1.0,0.0,1.0,0.7384696715627372,0.7991398108192074,1.0,1.0,0.9944766972265469,1.0,0.8103443286181565,0.9955417361205755,0.17686690334564134,1305,239,-0.046076488233942545,4,480
C287,0.4,0.2,0.2,0.6,R198,True,0.9067030378228668,1.0,0.2188373169254816,0.6325204150829424,0.9849170322913663,1.0,1.0,0.0,1.0,0.7384696715627372,0.7991398108192074,1.0,1.0,0.9950757263355399,1.0,0.8173454945773017,0.9971240326940318,0.1806070979688111,1315,223,-0.0423362936107728,13,451
C288,0.4,0.2,0.3,0.5,R199,True,0.9106839141729692,1.0,0.21359704346797465,0.6567287035770845,0.9899660782522223,1.0,1.0,0.0,1.0,0.7384696715627372,0.7991398108192074,1.0,1.0,0.9948225965401117,1.0,0.825509751113849,0.999641032002692,0.18458797431891372,1325,207,-0.03835541726067021,33,419
C289,0.4,0.2,0.4,0.4,R200,True,0.9129180752275861,1.0,0.2111197053301642,0.6652261008918617,0.9919530230535015,1.0,1.0,0.0,1.0,0.7384696715627372,0.7991398108192074,1.0,1.0,0.9956273728787818,1.0,0.8293342521521468,1.0,0.18682213537353054,1333,208,-0.03612125620605336,62,415
C290,0.4,0.2,0.5,0.3,R201,True,0.91242093557875,1.0,0.21131814412535005,0.6585062608710701,0.9913695548324583,1.0,1.0,0.0,1.0,0.7384696715627372,0.7991398108192074,1.0,1.0,0.9952940110470808,1.0,0.8286066623198356,1.0,0.18632499572469452,1337,214,-0.03661839585488937,92,429
C291,0.4,0.2,0.6,0.2,R202,True,0.9121322240897607,1.0,0.21391253693731077,0.6569725377033113,0.992477699374251,1.0,1.0,0.0,1.0,0.7384696715627372,0.7991398108192074,1.0,1.0,0.9948081203950484,1.0,0.8284179518634827,1.0,0.18603628423570512,1335,210,-0.03690710734387877,123,449
C292,0.4,0.2,0.7,0.1,R203,True,0.9108913263470637,1.0,0.21723909553125662,0.652696990149858,0.9928765514565887,1.0,1.0,0.0,1.0,0.7384696715627372,0.7991398108192074,1.0,1.0,0.9942163417442987,1.0,0.8264095792986886,1.0,0.18479538649300817,1334,218,-0.038148005086575724,151,473
C293,0.4,0.2,0.8,0.0,R003,False,0.9086527450648986,1.0,0.22056940027225927,0.6420059543547526,0.9928765514565887,1.0,1.0,0.0,1.0,0.7384696715627372,0.7991398108192074,1.0,1.0,0.9934300182526854,1.0,0.8225614755276488,1.0,0.18255680521084292,1327,224,-0.040386586368740984,165,495
C294,0.4,0.3,0.0,0.7,R204,True,0.9021725083203432,1.0,0.22464405665616663,0.6112545247081105,0.9703420075395672,1.0,1.0,0.0,1.0,0.7384696715627372,0.7991398108192074,1.0,1.0,0.9929084989599896,1.0,0.8100182174726946,0.9955455801104973,0.17607656846628755,1288,264,-0.046866823113296346,15,493
C295,0.4,0.3,0.1,0.6,R205,True,0.9056019175775847,1.0,0.22083588039679733,0.6249152488166816,0.984546445430857,1.0,1.0,0.0,1.0,0.7384696715627372,0.7991398108192074,1.0,1.0,0.9940452340153657,1.0,0.8159676479428769,0.9971145174895626,0.1795059777235291,1304,231,-0.04343741385605481,8,454
C296,0.4,0.3,0.2,0.5,R206,True,0.9130177765081503,1.0,0.2092688053105562,0.6545105970589475,0.991528842275111,1.0,1.0,0.0,1.0,0.7384696715627372,0.7991398108192074,1.0,1.0,0.9954260254407233,1.0,0.8296947326637218,0.9994765601201097,0.18692183665409468,1331,200,-0.03602155492548924,1,391
C297,0.4,0.3,0.3,0.4,R207,True,0.9177207456615744,1.0,0.20284063688710663,0.6737954447763991,0.9965379627160554,1.0,1.0,0.0,1.0,0.7384696715627372,0.7991398108192074,1.0,1.0,0.995492263523,1.0,0.8390476805047488,1.0,0.19162480580751878,1341,189,-0.03131858577206514,12,365
C298,0.4,0.3,0.4,0.3,R208,True,0.9199301293836181,1.0,0.20130421450843647,0.6840126764511253,0.9974803547745359,1.0,1.0,0.0,1.0,0.7384696715627372,0.7991398108192074,1.0,1.0,0.9971341940386238,1.0,0.8421529035363371,1.0,0.1938341895295624,1346,176,-0.02910920205002147,38,339
C299,0.4,0.3,0.5,0.2,R209,True,0.9218047419269338,1.0,0.1985705250064778,0.7017726890370991,0.9983640393112043,1.0,1.0,0.0,1.0,0.7384696715627372,0.7991398108192074,1.0,1.0,0.9967425384682878,1.0,0.8462154530792375,1.0,0.19570880207287833,1357,176,-0.02723458950670556,79,337
C300,0.4,0.3,0.6,0.1,R210,True,0.9220659315828659,1.0,0.1984799962185057,0.7023290030079776,0.9981524596582488,1.0,1.0,0.0,1.0,0.7384696715627372,0.7991398108192074,1.0,1.0,0.9966307243706772,1.0,0.84682728366919,1.0,0.1959699917288103,1359,173,-0.026973399850773613,122,371
C301,0.4,0.3,0.7,0.0,R004,False,0.9209221525129189,1.0,0.2013299710289476,0.68977986354159,0.9981331307576766,1.0,1.0,0.0,1.0,0.7384696715627372,0.7991398108192074,1.0,1.0,0.9969350783076452,1.0,0.8442962423797217,1.0,0.1948262126588632,1362,175,-0.02811717892072069,138,398
C302,0.4,0.4,0.0,0.6,R211,True,0.9061944646777035,1.0,0.21905178876537307,0.6335661723812924,0.9777678273382532,1.0,1.0,0.0,1.0,0.7384696715627372,0.7991398108192074,1.0,1.0,0.9925466599597269,1.0,0.8183516013876255,0.996449155289795,0.18009852482364788,1294,244,-0.04284486675593601,42,492
C303,0.4,0.4,0.1,0.5,R212,True,0.9118014315440056,1.0,0.21065928588280677,0.6528893064697049,0.9883701139290327,1.0,1.0,0.0,1.0,0.7384696715627372,0.7991398108192074,1.0,1.0,0.9940204976531211,1.0,0.8283864649655146,0.9991821425328612,0.18570549168995001,1314,223,-0.03723789988963388,38,435
C304,0.4,0.4,0.2,0.4,R213,True,0.9199013207786899,1.0,0.19716616814970067,0.6733989105945115,0.9943528669000746,1.0,1.0,0.0,1.0,0.7384696715627372,0.7991398108192074,1.0,1.0,0.9960525896630755,1.0,0.8429605698269194,1.0,0.19380538092463434,1335,192,-0.029138010654949555,24,367
C305,0.4,0.4,0.3,0.3,R214,True,0.9273130574688325,1.0,0.18575646141382643,0.7161184906265909,0.9985580186068853,1.0,1.0,0.0,1.0,0.7384696715627372,0.7991398108192074,1.0,1.0,0.9963835785722849,1.0,0.8575192520798371,1.0,0.20121711761477692,1355,164,-0.021726273964806968,5,292
C306,0.4,0.4,0.4,0.2,R215,True,0.9332699344349425,1.0,0.1775232057388473,0.7461338035582693,1.0,1.0,1.0,0.0,1.0,0.7384696715627372,0.7991398108192074,1.0,1.0,0.9973343407464473,1.0,0.8686723962727272,1.0,0.20717399458088695,1368,140,-0.015769396998696967,7,230
C307,0.4,0.4,0.5,0.1,R216,True,0.9341496370151942,1.0,0.17669527727896397,0.7501269990592663,1.0,1.0,1.0,0.0,1.0,0.7384696715627372,0.7991398108192074,1.0,1.0,0.9979037143309599,1.0,0.8699763025656204,1.0,0.2080536971611385,1381,139,-0.014889694418445404,57,232
C308,0.4,0.4,0.6,0.0,R005,False,0.9342662119212761,1.0,0.1781808003593362,0.7563444398738517,1.0,1.0,1.0,0.0,1.0,0.7384696715627372,0.7991398108192074,1.0,1.0,0.998010994835873,1.0,0.8701236279738537,1.0,0.20817027206722044,1381,141,-0.014773119512363467,115,273
C309,0.4,0.5,0.0,0.5,R217,True,0.9085399578175963,1.0,0.21609884419451714,0.6448318788696257,0.9828618474759179,1.0,1.0,0.0,1.0,0.7384696715627372,0.7991398108192074,1.0,1.0,0.992154946729547,1.0,0.8233559582515549,0.999048875644754,0.1824440179635407,1293,240,-0.040499373616043215,92,483
C310,0.4,0.5,0.1,0.4,R218,True,0.9143689571070092,1.0,0.2079147906849519,0.6639887699177157,0.9907771994981803,1.0,1.0,0.0,1.0,0.7384696715627372,0.7991398108192074,1.0,1.0,0.9937113073291829,1.0,0.8337688683506722,1.0,0.18827301725295362,1312,219,-0.0346703743266303,85,436
C311,0.4,0.5,0.2,0.3,R219,True,0.9212238080145714,1.0,0.19652286052589274,0.6788813879512716,0.9967432486678801,1.0,1.0,0.0,1.0,0.7384696715627372,0.7991398108192074,1.0,1.0,0.9955561002393265,1.0,0.8460027358376814,1.0,0.19512786816051567,1333,189,-0.027815523419068226,77,370
C312,0.4,0.5,0.3,0.2,R220,True,0.9297018062188518,1.0,0.18254562931853907,0.7275423995370021,1.0,1.0,1.0,0.0,1.0,0.7384696715627372,0.7991398108192074,1.0,1.0,0.9963301686904444,1.0,0.8623394774853479,1.0,0.2036058663647961,1362,157,-0.019337525214787783,67,288
C313,0.4,0.5,0.4,0.1,R221,True,0.9395291365493249,1.0,0.1644302696125097,0.7618090980856255,1.0,1.0,1.0,0.0,1.0,0.7384696715627372,0.7991398108192074,1.0,1.0,0.9975069246355139,1.0,0.8810527333902387,1.0,0.21343319669526925,1391,119,-0.009510194884314658,43,168
C314,0.4,0.5,0.5,0.0,R006,False,0.9490393314336394,1.0,0.1487123702538861,0.8105509921442665,1.0,1.0,1.0,0.0,1.0,0.7384696715627372,0.7991398108192074,1.0,1.0,0.9984521793444054,1.0,0.8993169193917547,1.0,0.2229433915795839,1407,97,0.0,0,0
C315,0.4,0.6,0.0,0.4,R222,True,0.90824604708348,1.0,0.2184402246632846,0.6515057698221078,0.9828618474759179,1.0,1.0,0.0,1.0,0.7384696715627372,0.7991398108192074,1.0,1.0,0.9913398692733542,1.0,0.8234201987482768,1.0,0.1821501072294244,1289,244,-0.0407932843501595,141,501
C316,0.4,0.6,0.1,0.3,R223,True,0.9149574106098984,1.0,0.20842318146659658,0.6679287503848118,0.991610581846637,1.0,1.0,0.0,1.0,0.7384696715627372,0.7991398108192074,1.0,1.0,0.9931656616238365,1.0,0.8353822919207278,1.0,0.1888614707558429,1315,215,-0.034081920823741,136,455
C317,0.4,0.6,0.2,0.2,R224,True,0.9216565218639372,1.0,0.19611182601923433,0.6825398261513733,0.9968501807765882,1.0,1.0,0.0,1.0,0.7384696715627372,0.7991398108192074,1.0,1.0,0.9953443030454938,1.0,0.8470376012914794,1.0,0.19556058200988166,1336,185,-0.02738280956970225,136,403
C318,0.4,0.6,0.3,0.1,R225,True,0.9295846086425533,1.0,0.1835885909758757,0.7285014730930349,1.0,1.0,1.0,0.0,1.0,0.7384696715627372,0.7991398108192074,1.0,1.0,0.9959261662051542,1.0,0.8624282843209834,1.0,0.20348866878849772,1359,157,-0.019454722791086173,128,335
C319,0.4,0.6,0.4,0.0,R007,False,0.9390951736905078,1.0,0.16546806390344013,0.7684613444733178,1.0,1.0,1.0,0.0,1.0,0.7384696715627372,0.7991398108192074,1.0,1.0,0.997627293774578,1.0,0.8800885123613531,1.0,0.21299923383645217,1387,126,-0.009944157743131739,130,256
C320,0.4,0.7,0.0,0.3,R226,True,0.9077867325687874,1.0,0.21862581687965377,0.6485107229307877,0.9824711227563244,1.0,1.0,0.0,1.0,0.7384696715627372,0.7991398108192074,1.0,1.0,0.9905391442928428,1.0,0.8231421497033006,1.0,0.1816907927147318,1282,257,-0.04125259886485212,161,542
C321,0.4,0.7,0.1,0.2,R227,True,0.9143250218776434,1.0,0.2101019482456815,0.6687445246869289,0.9942249677192159,1.0,1.0,0.0,1.0,0.7384696715627372,0.7991398108192074,1.0,1.0,0.9930979856381709,1.0,0.83417165524475,1.0,0.18822908202358773,1308,218,-0.034714309555996165,165,489
C322,0.4,0.7,0.2,0.1,R228,True,0.9206609182996326,1.0,0.20014037298560342,0.6867202231210069,0.9975332192273967,1.0,1.0,0.0,1.0,0.7384696715627372,0.7991398108192074,1.0,1.0,0.9953175850932661,1.0,0.8450677685246525,1.0,0.19456497844557707,1336,187,-0.028378413134006842,167,433
C323,0.4,0.7,0.3,0.0,R008,False,0.9273775850462439,1.0,0.18754837069476388,0.7204594110069098,0.9994022006636146,1.0,1.0,0.0,1.0,0.7384696715627372,0.7991398108192074,1.0,1.0,0.9956916039531087,1.0,0.8582018869300007,1.0,0.2012816451921882,1356,167,-0.021661746387395694,162,383
C324,0.4,0.8,0.0,0.2,R229,True,0.9052021465278134,1.0,0.2217317751921209,0.6404720775717732,0.9753956057453828,1.0,1.0,0.0,1.0,0.7384696715627372,0.7991398108192074,1.0,1.0,0.9884561199455237,1.0,0.8196393970992077,1.0,0.17910620667375773,1270,274,-0.04383718490582616,170,581
C325,0.4,0.8,0.1,0.1,R230,True,0.9120904371025345,1.0,0.21219197195703476,0.6642992222096882,0.9902490579909936,1.0,1.0,0.0,1.0,0.7384696715627372,0.7991398108192074,1.0,1.0,0.9922156696962747,1.0,0.830408338448049,1.0,0.1859944972484788,1291,238,-0.0369488943311051,172,529
C326,0.4,0.8,0.2,0.0,R009,False,0.9175937591048605,1.0,0.20520870497094498,0.6759643097404667,0.9966188300263974,1.0,1.0,0.0,1.0,0.7384696715627372,0.7991398108192074,1.0,1.0,0.994571131998494,1.0,0.839530612610926,1.0,0.19149781925080497,1327,200,-0.031445572328778953,173,472
C327,0.4,0.9,0.0,0.1,R231,True,0.8986883877873232,1.0,0.2312006274734517,0.6110974828375286,0.9596729820698485,1.0,1.0,0.0,1.0,0.7384696715627372,0.7991398108192074,1.0,1.0,0.9867808842997583,1.0,0.8079520681348398,0.9978943643868725,0.17259244793326756,1259,289,-0.05035094364631635,169,626
C328,0.4,0.9,0.1,0.0,R010,False,0.9067941279301222,1.0,0.21957161193893204,0.6483724685934023,0.9824711227563244,1.0,1.0,0.0,1.0,0.7384696715627372,0.7991398108192074,1.0,1.0,0.9911698266224429,1.0,0.8206523945622901,1.0,0.1806981880760666,1276,259,-0.04224520350351729,172,579
C329,0.4,1.0,0.0,0.0,R011,False,0.8895801268716802,1.0,0.2406655342901791,0.5605141093913303,0.9358331516604897,1.0,1.0,0.0,1.0,0.7384696715627372,0.7991398108192074,1.0,1.0,0.985130857563283,1.0,0.791055567692734,0.991750077364403,0.16348418701762454,1242,309,-0.05945920456195936,163,690
C330,0.5,0.0,0.0,1.0,R232,True,0.8892559980152419,1.0,0.2423112639860001,0.5639928275493165,0.9394106729365802,1.0,1.0,0.0,1.0,0.7384696715627372,0.7991398108192074,1.0,1.0,0.9921492012587759,1.0,0.784792635023463,0.9804682205804873,0.16316005816118623,1264,299,-0.05978333341839767,1,574
C331,0.5,0.0,0.1,0.9,R233,True,0.8912561604473335,1.0,0.2392890222429385,0.5707165446992027,0.9402998684749748,1.0,1.0,0.0,1.0,0.7384696715627372,0.7991398108192074,1.0,1.0,0.9919886539749179,1.0,0.7889213977147327,0.9840757498927332,0.1651602205932779,1272,290,-0.05778317098630598,9,557
C332,0.5,0.0,0.2,0.8,R234,True,0.8933693126725801,1.0,0.2376873019473004,0.5823686077636714,0.9494824440385777,1.0,1.0,0.0,1.0,0.7384696715627372,0.7991398108192074,1.0,1.0,0.9920798294918446,1.0,0.7930747617516847,0.9890770038418403,0.16727337281852453,1284,279,-0.055670018761059384,21,540
C333,0.5,0.0,0.3,0.7,R235,True,0.896898335753607,1.0,0.23352041812548752,0.5988106977767995,0.9632577030812325,1.0,1.0,0.0,1.0,0.7384696715627372,0.7991398108192074,1.0,1.0,0.9913287075857172,1.0,0.8007337054386403,0.9940736853068389,0.17080239589955143,1283,270,-0.05214099568003245,42,521
C334,0.5,0.0,0.4,0.6,R236,True,0.8976698357609761,1.0,0.23211154929026415,0.6074345680696728,0.9632577030812325,1.0,1.0,0.0,1.0,0.7384696715627372,0.7991398108192074,1.0,1.0,0.9912624774236605,1.0,0.802329689583024,0.9944823357787691,0.17157389590692057,1289,268,-0.051369495672663336,66,527
C335,0.5,0.0,0.5,0.5,R237,True,0.8975015653916842,1.0,0.23287037276497988,0.6069843117937695,0.9634689929176024,1.0,1.0,0.0,1.0,0.7384696715627372,0.7991398108192074,1.0,1.0,0.9906715361685605,1.0,0.8024659018485203,0.99603784649921,0.17140562553762864,1292,277,-0.051537766041955244,97,527
C336,0.5,0.0,0.6,0.4,R238,True,0.8972905162619846,1.0,0.23467883063447573,0.6016051628520971,0.9658851627906102,1.0,1.0,0.0,1.0,0.7384696715627372,0.7991398108192074,1.0,1.0,0.9905698543551277,1.0,0.8021251490398673,0.9966688989319068,0.17119457640792912,1291,274,-0.05174881517165479,129,551
C337,0.5,0.0,0.7,0.3,R239,True,0.8944900290055343,1.0,0.2392983559183801,0.5842493638676846,0.9639800097513408,1.0,1.0,0.0,1.0,0.7384696715627372,0.7991398108192074,1.0,1.0,0.9900187876582635,1.0,0.7969650278844579,0.997787857194105,0.16839408915147874,1283,283,-0.054549302428105156,156,581
C338,0.5,0.0,0.8,0.2,R240,True,0.889471747941087,1.0,0.24459612145596724,0.5600920716112532,0.9428553418730948,1.0,1.0,0.0,1.0,0.7384696715627372,0.7991398108192074,1.0,1.0,0.9884450398284605,1.0,0.7881874640194055,0.992669091886208,0.16337580808703137,1277,296,-0.05956758349255253,159,632
C339,0.5,0.0,0.9,0.1,R241,True,0.8827644118872232,1.0,0.25218124757475047,0.5319559501258164,0.9297208315331651,1.0,1.0,0.0,1.0,0.7384696715627372,0.7991398108192074,1.0,1.0,0.9882019285706825,1.0,0.7749672809179003,0.9842786308016396,0.15666847203316758,1258,308,-0.0662749195464163,155,674
C340,0.5,0.0,1.0,0.0,R001,False,0.8762318541809433,1.0,0.2590774684458285,0.5,0.9129185854548614,1.0,1.0,0.0,1.0,0.7384696715627372,0.7991398108192074,1.0,1.0,0.9877937573181792,1.0,0.7622287025073432,0.9671618251173708,0.1501359143268877,1236,325,-0.0728074772526962,152,726
C341,0.5,0.1,0.0,0.9,R242,True,0.8934051072716994,1.0,0.23646353788316565,0.5790355219484317,0.9491012608805687,1.0,1.0,0.0,1.0,0.7384696715627372,0.7991398108192074,1.0,1.0,0.9922233588697624,1.0,0.7930315274475889,0.9847545164032323,0.1673091674176438,1268,292,-0.055634224161940124,8,570
C342,0.5,0.1,0.1,0.8,R243,True,0.8986257760128266,1.0,0.22851461650553875,0.5972997533891178,0.9617299549521156,1.0,1.0,0.0,1.0,0.7384696715627372,0.7991398108192074,1.0,1.0,0.9940075406070406,1.0,0.8020455195400206,0.990228075198015,0.17252983615877096,1290,263,-0.05041355542081296,1,517
C343,0.5,0.1,0.2,0.7,R244,True,0.9006433879412965,1.0,0.22732525569495973,0.6069386002576214,0.9759690594614137,1.0,1.0,0.0,1.0,0.7384696715627372,0.7991398108192074,1.0,1.0,0.9944061359902922,1.0,0.8057618670903592,0.9954287409942466,0.17454744808724088,1306,244,-0.048395943492343024,10,487
C344,0.5,0.1,0.3,0.6,R245,True,0.9054776923752466,1.0,0.22070995551998346,0.6411088143040236,0.9825596049728955,1.0,1.0,0.0,1.0,0.7384696715627372,0.7991398108192074,1.0,1.0,0.9938736602597603,1.0,0.8158564565426849,0.9980740850059031,0.1793817525211909,1311,231,-0.043561639058393005,25,457
C345,0.5,0.1,0.4,0.5,R246,True,0.9066025938937802,1.0,0.22069335514405589,0.6485951628808772,0.9854086449563836,1.0,1.0,0.0,1.0,0.7384696715627372,0.7991398108192074,1.0,1.0,0.9938837197899687,1.0,0.8180982119555854,0.9985418246231149,0.18050665403972455,1314,236,-0.042436737539859354,58,463
C346,0.5,0.1,0.5,0.4,R247,True,0.905003416706597,1.0,0.22304185700468085,0.6311405232576667,0.984178140968132,1.0,1.0,0.0,1.0,0.7384696715627372,0.7991398108192074,1.0,1.0,0.993205682282759,1.0,0.8154422875869868,0.9984763404978227,0.17890747685254144,1318,242,-0.04403591472704248,87,467
C347,0.5,0.1,0.6,0.3,R248,True,0.9051222969900815,1.0,0.22371447535255043,0.6304852692977831,0.984178140968132,1.0,1.0,0.0,1.0,0.7384696715627372,0.7991398108192074,1.0,1.0,0.9925557800281984,1.0,0.8161999699576044,0.9993479915044484,0.17902635713602588,1312,243,-0.04391703444355801,123,491
C348,0.5,0.1,0.7,0.2,R249,True,0.9021961425095114,1.0,0.23029105332474023,0.625070710245129,0.984178140968132,1.0,1.0,0.0,1.0,0.7384696715627372,0.7991398108192074,1.0,1.0,0.9919921865296709,1.0,0.8107985357952862,1.0,0.17610020265545578,1304,254,-0.0468431889241281,152,521
C349,0.5,0.1,0.8,0.1,R250,True,0.8990187519965847,1.0,0.23391653597457124,0.6049550670935713,0.9786821524454302,1.0,1.0,0.0,1.0,0.7384696715627372,0.7991398108192074,1.0,1.0,0.9914951398197348,1.0,0.8048413921373814,0.9985514131914521,0.17292281214252905,1298,262,-0.050020579437054846,162,564
C350,0.5,0.1,0.9,0.0,R002,False,0.894288468518135,1.0,0.2389525543102076,0.5826994317294928,0.9640177680388389,1.0,1.0,0.0,1.0,0.7384696715627372,0.7991398108192074,1.0,1.0,0.9910764062411175,1.0,0.7957158120433762,0.9963702329459292,0.16819252866407947,1288,278,-0.05475086291550445,162,605
C351,0.5,0.2,0.0,0.8,R251,True,0.8963027310893352,1.0,0.23216001335237718,0.591416583442925,0.9576136924169777,1.0,1.0,0.0,1.0,0.7384696715627372,0.7991398108192074,1.0,1.0,0.9915641161699607,1.0,0.7993541692427018,0.9896558972807392,0.17020679123527951,1273,285,-0.052736600344304385,16,550
C352,0.5,0.2,0.1,0.7,R252,True,0.9006590807079567,1.0,0.22731414314843373,0.6045526112388713,0.9703793934989429,1.0,1.0,0.0,1.0,0.7384696715627372,0.7991398108192074,1.0,1.0,0.9936798674685133,1.0,0.806374267441103,0.9942990101935294,0.17456314085390118,1291,252,-0.04838025072568274,8,504
C353,0.5,0.2,0.2,0.6,R253,True,0.9075582196808792,1.0,0.2166862676749215,0.6317597358115651,0.9847118843597716,1.0,1.0,0.0,1.0,0.7384696715627372,0.7991398108192074,1.0,1.0,0.9951394659452881,1.0,0.819004866605528,0.9966521835932866,0.1814622798268236,1318,220,-0.04148111175276029,1,446
C354,0.5,0.2,0.3,0.5,R254,True,0.9119659614000131,1.0,0.2122068077200787,0.6536691885385361,0.9922392149646975,1.0,1.0,0.0,1.0,0.7384696715627372,0.7991398108192074,1.0,1.0,0.995337837377087,1.0,0.8276616528983565,1.0,0.18587002154595741,1329,209,-0.03707337003362648,14,415
C355,0.5,0.2,0.4,0.4,R255,True,0.914613254409334,1.0,0.2090336834945548,0.6666359163591636,0.9942238176681013,1.0,1.0,0.0,1.0,0.7384696715627372,0.7991398108192074,1.0,1.0,0.9961157825149987,1.0,0.8323338828066691,1.0,0.18851731455527845,1336,193,-0.034426077024305474,44,387
C356,0.5,0.2,0.5,0.3,R256,True,0.9154136005112904,1.0,0.20808789418884496,0.6690022145981037,0.9944552474788517,1.0,1.0,0.0,1.0,0.7384696715627372,0.7991398108192074,1.0,1.0,0.996109804391507,1.0,0.8339393575093751,1.0,0.1893176606572348,1343,202,-0.03362573092234912,81,392
C357,0.5,0.2,0.6,0.2,R257,True,0.9136580797900284,1.0,0.21109144609276198,0.6605687873986881,0.9935002661528185,1.0,1.0,0.0,1.0,0.7384696715627372,0.7991398108192074,1.0,1.0,0.9952861077896759,1.0,0.8310872733483162,1.0,0.1875621399359728,1342,205,-0.03538125164361112,123,433
C358,0.5,0.2,0.7,0.1,R258,True,0.9126285220626789,1.0,0.21391061283166246,0.6602284846813328,0.9940168944996388,1.0,1.0,0.0,1.0,0.7384696715627372,0.7991398108192074,1.0,1.0,0.9950712777860385,1.0,0.8292000218965271,1.0,0.18653258220862332,1340,210,-0.03641080937096059,149,462
C359,0.5,0.2,0.8,0.0,R003,False,0.9086527450648986,1.0,0.22056940027225927,0.6420059543547526,0.9928765514565887,1.0,1.0,0.0,1.0,0.7384696715627372,0.7991398108192074,1.0,1.0,0.9934300182526854,1.0,0.8225614755276488,1.0,0.18255680521084292,1327,224,-0.040386586368740984,165,495
C360,0.5,0.3,0.0,0.7,R259,True,0.9000975165355952,1.0,0.22744508616720457,0.6020615317746326,0.967033008793731,1.0,1.0,0.0,1.0,0.7384696715627372,0.7991398108192074,1.0,1.0,0.9921036037983458,1.0,0.8065121500325139,0.9933576721586584,0.17400157668153962,1276,273,-0.048941814898044264,38,532
C361,0.5,0.3,0.1,0.6,R260,True,0.9053558057553008,1.0,0.2201894363894309,0.622741805028832,0.9786891971833672,1.0,1.0,0.0,1.0,0.7384696715627372,0.7991398108192074,1.0,1.0,0.9934165640497016,1.0,0.8159783602708401,0.9966813855146739,0.17925986590124507,1298,248,-0.0436835256783388,23,473
C362,0.5,0.3,0.2,0.5,R261,True,0.9114322957290801,1.0,0.21163091262582925,0.6481053449627496,0.990010475182988,1.0,1.0,0.0,1.0,0.7384696715627372,0.7991398108192074,1.0,1.0,0.9954089424720581,1.0,0.8265374374805139,0.998438220900845,0.18533635587502453,1316,217,-0.03760703570455936,11,421
C363,0.5,0.3,0.3,0.4,R262,True,0.9179356911399503,1.0,0.2023439307551931,0.6744766875035844,0.9958042615908057,1.0,1.0,0.0,1.0,0.7384696715627372,0.7991398108192074,1.0,1.0,0.9956038714600038,1.0,0.8393882851118974,1.0,0.19183975128589464,1342,187,-0.031103640293689276,1,351
C364,0.5,0.3,0.4,0.3,R263,True,0.9221854383379404,1.0,0.19734689816544146,0.6932442337551937,0.9987279026246192,1.0,1.0,0.0,1.0,0.7384696715627372,0.7991398108192074,1.0,1.0,0.9967980290102723,1.0,0.846932453467663,1.0,0.19608949848388485,1352,168,-0.026853893095699053,23,320
C365,0.5,0.3,0.5,0.2,R264,True,0.9232845487123769,1.0,0.19531000189536749,0.7079613944004816,0.9988896995547575,1.0,1.0,0.0,1.0,0.7384696715627372,0.7991398108192074,1.0,1.0,0.9969314467761318,1.0,0.8490239400038483,1.0,0.1971886088583212,1361,172,-0.025754782721262724,71,316
C366,0.5,0.3,0.6,0.1,R265,True,0.9235774240718854,1.0,0.1965808983565817,0.7099979867746582,0.9986461111893749,1.0,1.0,0.0,1.0,0.7384696715627372,0.7991398108192074,1.0,1.0,0.9966322276779533,1.0,0.849849066001408,1.0,0.19748148421782966,1361,171,-0.025461907361754244,120,355
C367,0.5,0.3,0.7,0.0,R004,False,0.9209221525129189,1.0,0.2013299710289476,0.68977986354159,0.9981331307576766,1.0,1.0,0.0,1.0,0.7384696715627372,0.7991398108192074,1.0,1.0,0.9969350783076452,1.0,0.8442962423797217,1.0,0.1948262126588632,1362,175,-0.02811717892072069,138,398
C368,0.5,0.4,0.0,0.6,R266,True,0.9024447413583396,1.0,0.22410933727896507,0.6170697655063357,0.9690074659670982,1.0,1.0,0.0,1.0,0.7384696715627372,0.7991398108192074,1.0,1.0,0.9917193189398207,1.0,0.8115140275648229,0.9945233509076551,0.17634880150428406,1278,264,-0.04659459007529983,66,523
C369,0.5,0.4,0.1,0.5,R267,True,0.9092117855713641,1.0,0.2149716817362386,0.6404720775717732,0.9842988325624522,1.0,1.0,0.0,1.0,0.7384696715627372,0.7991398108192074,1.0,1.0,0.9936684648627299,1.0,0.8234887992525443,0.9979543408886342,0.18311584571730855,1301,235,-0.039827545862275375,53,470
C370,0.5,0.4,0.2,0.4,R268,True,0.9165168381391903,1.0,0.2031294630275555,0.6662333604486836,0.9930605942049604,1.0,1.0,0.0,1.0,0.7384696715627372,0.7991398108192074,1.0,1.0,0.9953687580420886,1.0,0.8367386698447097,1.0,0.1904208982851347,1326,203,-0.032522493294449194,42,402
C371,0.5,0.4,0.3,0.3,R269,True,0.9245445182417408,1.0,0.19039651794197066,0.6948158077219938,0.997262782742803,1.0,1.0,0.0,1.0,0.7384696715627372,0.7991398108192074,1.0,1.0,0.996479925921733,1.0,0.8519050957460951,1.0,0.19844857838768515,1349,170,-0.024494813191898758,19,324
C372,0.5,0.4,0.4,0.2,R270,True,0.9337796350888571,1.0,0.17529211326026883,0.7415727766278938,1.0,1.0,1.0,0.0,1.0,0.7384696715627372,0.7991398108192074,1.0,1.0,0.9973515174260901,1.0,0.869678056236842,1.0,0.20768369523480143,1369,140,-0.015259696344782483,1,226
C373,0.5,0.4,0.5,0.1,R271,True,0.9353105082189842,1.0,0.17587816731930472,0.7529269817020243,1.0,1.0,1.0,0.0,1.0,0.7384696715627372,0.7991398108192074,1.0,1.0,0.9981664236533472,1.0,0.8720878775152907,1.0,0.20921456836492855,1380,134,-0.013728823214655354,50,207
C374,0.5,0.4,0.6,0.0,R005,False,0.9342662119212761,1.0,0.1781808003593362,0.7563444398738517,1.0,1.0,1.0,0.0,1.0,0.7384696715627372,0.7991398108192074,1.0,1.0,0.998010994835873,1.0,0.8701236279738537,1.0,0.20817027206722044,1381,141,-0.014773119512363467,115,273
C375,0.5,0.5,0.0,0.5,R272,True,0.9044471655214602,1.0,0.22260449520207837,0.6341676067646401,0.9714360232897055,1.0,1.0,0.0,1.0,0.7384696715627372,0.7991398108192074,1.0,1.0,0.9910605058171645,1.0,0.8160459263891886,0.9974208378154645,0.17835122566740452,1278,256,-0.04459216591217937,110,515
C376,0.5,0.5,0.1,0.4,R273,True,0.9113147141010854,1.0,0.2129647285801596,0.6536803291189799,0.9858308504875407,1.0,1.0,0.0,1.0,0.7384696715627372,0.7991398108192074,1.0,1.0,0.9930527741528846,1.0,0.8281872088798632,1.0,0.18521877424702976,1305,226,-0.03772461733255414,98,461
C377,0.5,0.5,0.2,0.3,R274,True,0.918982312902819,1.0,0.20065002860264644,0.6739793280649312,0.9959321877735293,1.0,1.0,0.0,1.0,0.7384696715627372,0.7991398108192074,1.0,1.0,0.9952676672271394,1.0,0.8417504920239262,1.0,0.1928863730487633,1326,194,-0.0300570185308206,90,394
C378,0.5,0.5,0.3,0.2,R275,True,0.9281412519556483,1.0,0.1849248849111842,0.7192936724826571,0.9994557552625041,1.0,1.0,0.0,1.0,0.7384696715627372,0.7991398108192074,1.0,1.0,0.9960133402644514,1.0,0.8594718316997356,1.0,0.20204531210159285,1356,163,-0.02089807947799108,78,305
C379,0.5,0.5,0.4,0.1,R276,True,0.9389174969553103,1.0,0.1664038771433115,0.7618090980856255,1.0,1.0,1.0,0.0,1.0,0.7384696715627372,0.7991398108192074,1.0,1.0,0.9975044986287209,1.0,0.8798313950076438,1.0,0.21282155710125467,1387,120,-0.010121834478329214,56,178
C380,0.5,0.5,0.5,0.0,R006,False,0.9490393314336394,1.0,0.1487123702538861,0.8105509921442665,1.0,1.0,1.0,0.0,1.0,0.7384696715627372,0.7991398108192074,1.0,1.0,0.9984521793444054,1.0,0.8993169193917547,1.0,0.2229433915795839,1407,97,0.0,0,0
C381,0.5,0.6,0.0,0.4,R277,True,0.9057759006636843,1.0,0.22176234875585574,0.6457187096162714,0.9738344494478978,1.0,1.0,0.0,1.0,0.7384696715627372,0.7991398108192074,1.0,1.0,0.9901549470227893,1.0,0.819427843709137,1.0,0.17967996080962864,1273,264,-0.04326343076995527,146,538
C382,0.5,0.6,0.1,0.3,R278,True,0.9124511137684896,1.0,0.21323470080380633,0.6620987807422629,0.9912645908983402,1.0,1.0,0.0,1.0,0.7384696715627372,0.7991398108192074,1.0,1.0,0.992853548800188,1.0,0.830619388496829,1.0,0.186355173914434,1302,224,-0.03658821766514987,143,473
C383,0.5,0.6,0.2,0.2,R279,True,0.9196141452815175,1.0,0.20023947945767448,0.6759643097404667,0.9963779978606141,1.0,1.0,0.0,1.0,0.7384696715627372,0.7991398108192074,1.0,1.0,0.9952739983919954,1.0,0.8430090918494388,1.0,0.19351820542746198,1331,188,-0.02942518615212193,137,418
C384,0.5,0.6,0.3,0.1,R280,True,0.928777040883428,1.0,0.18522198682915364,0.725234470057916,1.0,1.0,1.0,0.0,1.0,0.7384696715627372,0.7991398108192074,1.0,1.0,0.9958798442591174,1.0,0.8608502063595623,1.0,0.2026811010293724,1355,160,-0.020262290550211483,131,348
C385,0.5,0.6,0.4,0.0,R007,False,0.9390951736905078,1.0,0.16546806390344013,0.7684613444733178,1.0,1.0,1.0,0.0,1.0,0.7384696715627372,0.7991398108192074,1.0,1.0,0.997627293774578,1.0,0.8800885123613531,1.0,0.21299923383645217,1387,126,-0.009944157743131739,130,256
C386,0.5,0.7,0.0,0.3,R281,True,0.9047077562723246,1.0,0.22313925175478144,0.6417211793607762,0.9759979742507874,1.0,1.0,0.0,1.0,0.7384696715627372,0.7991398108192074,1.0,1.0,0.9892494021500498,1.0,0.8180159908246095,1.0,0.178611816418269,1269,271,-0.044331575161314876,163,563
C387,0.5,0.7,0.1,0.2,R282,True,0.9127255719521082,1.0,0.21160967146453305,0.6664191149917345,0.9919496023321398,1.0,1.0,0.0,1.0,0.7384696715627372,0.7991398108192074,1.0,1.0,0.9925379319216472,1.0,0.8314207983668989,1.0,0.18662963209805267,1299,229,-0.03631375948153124,163,511
C388,0.5,0.7,0.2,0.1,R283,True,0.919869128572633,1.0,0.2016115131143095,0.6857631696519232,0.9970270820560425,1.0,1.0,0.0,1.0,0.7384696715627372,0.7991398108192074,1.0,1.0,0.994867893833391,1.0,0.8438439420785533,1.0,0.1937731887185774,1333,190,-0.029170202861006477,167,445
C389,0.5,0.7,0.3,0.0,R008,False,0.9273775850462439,1.0,0.18754837069476388,0.7204594110069098,0.9994022006636146,1.0,1.0,0.0,1.0,0.7384696715627372,0.7991398108192074,1.0,1.0,0.9956916039531087,1.0,0.8582018869300007,1.0,0.2012816451921882,1356,167,-0.021661746387395694,162,383
C390,0.5,0.8,0.0,0.2,R284,True,0.9021604100118095,1.0,0.22613874165567133,0.6248470774807431,0.9685898348519362,1.0,1.0,0.0,1.0,0.7384696715627372,0.7991398108192074,1.0,1.0,0.9867614400612748,1.0,0.8149116679745992,1.0,0.1760644701577539,1266,279,-0.04687892142183002,170,596
C391,0.5,0.8,0.1,0.1,R285,True,0.9110762890195926,1.0,0.21308939656036877,0.6604879465582342,0.9876371123182056,1.0,1.0,0.0,1.0,0.7384696715627372,0.7991398108192074,1.0,1.0,0.991685618697922,1.0,0.8288040830808474,1.0,0.1849803491655369,1288,243,-0.03796304241404699,172,539
C392,0.5,0.8,0.2,0.0,R009,False,0.9175937591048605,1.0,0.20520870497094498,0.6759643097404667,0.9966188300263974,1.0,1.0,0.0,1.0,0.7384696715627372,0.7991398108192074,1.0,1.0,0.994571131998494,1.0,0.839530612610926,1.0,0.19149781925080497,1327,200,-0.031445572328778953,173,472
C393,0.5,0.9,0.0,0.1,R286,True,0.8978020082157755,1.0,0.2317202715975087,0.6037804761063498,0.9560852845950695,1.0,1.0,0.0,1.0,0.7384696715627372,0.7991398108192074,1.0,1.0,0.9866713575471833,1.0,0.8062669303938045,0.9974333659142003,0.17170606836171987,1256,292,-0.05123732321786402,168,633
C394,0.5,0.9,0.1,0.0,R010,False,0.9067941279301222,1.0,0.21957161193893204,0.6483724685934023,0.9824711227563244,1.0,1.0,0.0,1.0,0.7384696715627372,0.7991398108192074,1.0,1.0,0.9911698266224429,1.0,0.8206523945622901,1.0,0.1806981880760666,1276,259,-0.04224520350351729,172,579
C395,0.5,1.0,0.0,0.0,R011,False,0.8895801268716802,1.0,0.2406655342901791,0.5605141093913303,0.9358331516604897,1.0,1.0,0.0,1.0,0.7384696715627372,0.7991398108192074,1.0,1.0,0.985130857563283,1.0,0.791055567692734,0.991750077364403,0.16348418701762454,1242,309,-0.05945920456195936,163,690
C396,0.6,0.0,0.0,1.0,R287,True,0.8892909748335449,1.0,0.2419830780594203,0.5614409534127844,0.9420198828835425,1.0,1.0,0.0,1.0,0.7384696715627372,0.7991398108192074,1.0,1.0,0.9908055666825273,1.0,0.785937496321068,0.9818455479972987,0.16319503497948937,1252,320,-0.05974835660009455,11,607
C397,0.6,0.0,0.1,0.9,R288,True,0.8940157731953989,1.0,0.23595294049252863,0.583828903140079,0.9551543543385974,1.0,1.0,0.0,1.0,0.7384696715627372,0.7991398108192074,1.0,1.0,0.9928638638801272,1.0,0.7937404552866963,0.9857237670833954,0.16791983334134342,1269,289,-0.05502355823824049,7,560
C398,0.6,0.0,0.2,0.8,R289,True,0.8981128744436929,1.0,0.22934530548463783,0.5956650512816384,0.9634139194139193,1.0,1.0,0.0,1.0,0.7384696715627372,0.7991398108192074,1.0,1.0,0.9938136434246955,1.0,0.8011748341476297,0.9913237096506795,0.17201693458963743,1297,259,-0.05092645698994648,4,513
C399,0.6,0.0,0.3,0.7,R290,True,0.9023418827795867,1.0,0.22573676533388243,0.6227364140172591,0.9726558174605546,1.0,1.0,0.0,1.0,0.7384696715627372,0.7991398108192074,1.0,1.0,0.9931601550594417,1.0,0.81015564151162,0.9961320784501395,0.17624594292553103,1303,250,-0.046697448654052856,18,483
C400,0.6,0.0,0.4,0.6,R291,True,0.9026659965226908,1.0,0.22737504655250732,0.629735799687466,0.9825134048716352,1.0,1.0,0.0,1.0,0.7384696715627372,0.7991398108192074,1.0,1.0,0.993317292257834,1.0,0.8106781592391142,0.9974056881333769,0.17657005666863518,1301,249,-0.04637333491094875,51,476
C401,0.6,0.0,0.5,0.5,R292,True,0.9020262127166402,1.0,0.22733113889188758,0.625070710245129,0.9786821524454302,1.0,1.0,0.0,1.0,0.7384696715627372,0.7991398108192074,1.0,1.0,0.9920747093047801,1.0,0.8103926579894563,0.9971752094136418,0.17593027286258459,1307,258,-0.047013118716999334,84,486
C402,0.6,0.0,0.6,0.4,R293,True,0.9000906556270081,1.0,0.23119081315393708,0.6220548856006779,0.9728127994882727,1.0,1.0,0.0,1.0,0.7384696715627372,0.7991398108192074,1.0,1.0,0.9909888355381287,1.0,0.807390242823513,0.9979271322854211,0.1739947157729524,1297,266,-0.04894867580663153,121,519
C403,0.6,0.0,0.7,0.3,R294,True,0.8986245773613136,1.0,0.2341170634540228,0.6049550670935713,0.9763548019692849,1.0,1.0,0.0,1.0,0.7384696715627372,0.7991398108192074,1.0,1.0,0.9907293669433884,1.0,0.8046656611679164,0.9989245530558261,0.17252863750725794,1293,270,-0.05041475407232594,151,549
C404,0.6,0.0,0.8,0.2,R295,True,0.8921132898783335,1.0,0.24268267512940206,0.5721502727182102,0.9593756830932892,1.0,1.0,0.0,1.0,0.7384696715627372,0.7991398108192074,1.0,1.0,0.9900052864368691,1.0,0.7922223506071715,0.9962268420653246,0.1660173500242778,1281,284,-0.05692604155530608,159,607
C405,0.6,0.0,0.9,0.1,R296,True,0.885149099843117,1.0,0.24926960904351148,0.5392140795169006,0.9344316957560685,1.0,1.0,0.0,1.0,0.7384696715627372,0.7991398108192074,1.0,1.0,0.988242860560607,1.0,0.7797039112377485,0.9871124781651097,0.15905315998906142,1266,304,-0.06389023159052248,156,664
C406,0.6,0.0,1.0,0.0,R001,False,0.8762318541809433,1.0,0.2590774684458285,0.5,0.9129185854548614,1.0,1.0,0.0,1.0,0.7384696715627372,0.7991398108192074,1.0,1.0,0.9877937573181792,1.0,0.7622287025073432,0.9671618251173708,0.1501359143268877,1236,325,-0.0728074772526962,152,726
C407,0.6,0.1,0.0,0.9,R297,True,0.89266763287804,1.0,0.23624528266920755,0.5778281824283295,0.942771864188461,1.0,1.0,0.0,1.0,0.7384696715627372,0.7991398108192074,1.0,1.0,0.9909936108664124,1.0,0.79254037706295,0.9852412672158263,0.16657169302398436,1257,305,-0.05637169855559954,21,582
C408,0.6,0.1,0.1,0.8,R298,True,0.8971795882721659,1.0,0.23190099475858983,0.5921721981721981,0.9617299549521156,1.0,1.0,0.0,1.0,0.7384696715627372,0.7991398108192074,1.0,1.0,0.9927941074039173,1.0,0.800123890621198,0.9924111303421648,0.17108364841811033,1277,278,-0.051859743161473584,11,530
C409,0.6,0.1,0.2,0.7,R299,True,0.9032205821434557,1.0,0.22354506218050924,0.61614654053608,0.9766814037659779,1.0,1.0,0.0,1.0,0.7384696715627372,0.7991398108192074,1.0,1.0,0.9945307809711608,1.0,0.810816539509983,0.9944285820208549,0.17712464228940014,1301,245,-0.04581874929018374,2,485
C410,0.6,0.1,0.3,0.6,R300,True,0.9075272140307937,1.0,0.21727326466557,0.633321245809698,0.9865345739166494,1.0,1.0,0.0,1.0,0.7384696715627372,0.7991398108192074,1.0,1.0,0.9946555800738553,1.0,0.8193299640025031,0.9979271322854211,0.18143127417673807,1320,226,-0.04151211740284583,10,447
C411,0.6,0.1,0.4,0.5,R301,True,0.9100631765416062,1.0,0.21590207861669203,0.6541775955364862,0.9916593383661098,1.0,1.0,0.0,1.0,0.7384696715627372,0.7991398108192074,1.0,1.0,0.9953721068521137,1.0,0.8238286676015215,1.0,0.18396723668755058,1324,209,-0.03897615489203332,38,414
C412,0.6,0.1,0.5,0.4,R302,True,0.9105125987850201,1.0,0.21462232854670818,0.6598565634865022,0.9894479461732089,1.0,1.0,0.0,1.0,0.7384696715627372,0.7991398108192074,1.0,1.0,0.9945128393483211,1.0,0.8254149260913833,1.0,0.1844166589309645,1327,227,-0.03852673264861939,78,432
C413,0.6,0.1,0.6,0.3,R303,True,0.9074470023657636,1.0,0.2208867856098879,0.6456169720376138,0.9872843817649735,1.0,1.0,0.0,1.0,0.7384696715627372,0.7991398108192074,1.0,1.0,0.9931717134414813,1.0,0.8203566339783422,1.0,0.18135106251170802,1323,234,-0.04159232906787588,119,470
C414,0.6,0.1,0.7,0.2,R304,True,0.9053132596685683,1.0,0.2255783546934441,0.6312534639598828,0.9867839006293241,1.0,1.0,0.0,1.0,0.7384696715627372,0.7991398108192074,1.0,1.0,0.9926838563481353,1.0,0.8164794342586285,1.0,0.1792173198145127,1316,241,-0.0437260717650712,151,509
C415,0.6,0.1,0.8,0.1,R305,True,0.9006921726087065,1.0,0.23216035343325125,0.6141618403060487,0.9825134048716352,1.0,1.0,0.0,1.0,0.7384696715627372,0.7991398108192074,1.0,1.0,0.9918969491128543,1.0,0.8078667859271295,0.9991427345188804,0.17459623275465086,1303,253,-0.048347158824933026,163,549
C416,0.6,0.1,0.9,0.0,R002,False,0.894288468518135,1.0,0.2389525543102076,0.5826994317294928,0.9640177680388389,1.0,1.0,0.0,1.0,0.7384696715627372,0.7991398108192074,1.0,1.0,0.9910764062411175,1.0,0.7957158120433762,0.9963702329459292,0.16819252866407947,1288,278,-0.05475086291550445,162,605
C417,0.6,0.2,0.0,0.8,R306,True,0.8959937483111298,1.0,0.23263737561268322,0.5948492054307696,0.9531042113365221,1.0,1.0,0.0,1.0,0.7384696715627372,0.7991398108192074,1.0,1.0,0.9916457291253287,1.0,0.7986709133219965,0.9892291997817371,0.16989780845707414,1264,288,-0.05304558312250975,38,559
C418,0.6,0.2,0.1,0.7,R307,True,0.9012913946486139,1.0,0.22578888584638962,0.6049492950877992,0.9695824603116223,1.0,1.0,0.0,1.0,0.7384696715627372,0.7991398108192074,1.0,1.0,0.9930352575343505,1.0,0.8081545832697475,0.9941642211527175,0.17519545479455834,1286,262,-0.04774793678502558,20,510
C419,0.6,0.2,0.2,0.6,R308,True,0.905610573666803,1.0,0.22036943170747697,0.622741805028832,0.9836208803362088,1.0,1.0,0.0,1.0,0.7384696715627372,0.7991398108192074,1.0,1.0,0.9950401217892558,1.0,0.8151890499022012,0.9963532830265124,0.17951463381274732,1305,228,-0.04342875776683659,9,458
C420,0.6,0.2,0.3,0.5,R309,True,0.9135758659906582,1.0,0.208478135329489,0.6591725905814353,0.9922392149646975,1.0,1.0,0.0,1.0,0.7384696715627372,0.7991398108192074,1.0,1.0,0.9954320371374871,1.0,0.8308061022713267,1.0,0.1874799261366026,1333,201,-0.03546346544298131,1,390
C421,0.6,0.2,0.4,0.4,R310,True,0.9171488023148903,1.0,0.20503984316885593,0.673800529016079,0.9961993016736683,1.0,1.0,0.0,1.0,0.7384696715627372,0.7991398108192074,1.0,1.0,0.9964151719212129,1.0,0.8371654670928103,1.0,0.19105286246083464,1341,183,-0.031890529118749254,23,367
C422,0.6,0.2,0.5,0.3,R311,True,0.9185438213531002,1.0,0.2034745294844347,0.6840095240263733,0.996190429109923,1.0,1.0,0.0,1.0,0.7384696715627372,0.7991398108192074,1.0,1.0,0.9965721564161665,1.0,0.839829917573267,1.0,0.1924478814990445,1348,189,-0.030495510080539395,73,364
C423,0.6,0.2,0.6,0.2,R312,True,0.9168079103315805,1.0,0.20566227681291566,0.6745241520500194,0.9950952203427526,1.0,1.0,0.0,1.0,0.7384696715627372,0.7991398108192074,1.0,1.0,0.9954909866169432,1.0,0.8372230313696064,1.0,0.19071197047752483,1349,198,-0.03223142110205904,120,415
C424,0.6,0.2,0.7,0.1,R313,True,0.9137661017773939,1.0,0.2121810018616746,0.6663533240711113,0.9940891639503981,1.0,1.0,0.0,1.0,0.7384696715627372,0.7991398108192074,1.0,1.0,0.9951293527619383,1.0,0.8314287213452372,1.0,0.18767016192333827,1342,207,-0.03527322965624562,147,454
C425,0.6,0.2,0.8,0.0,R003,False,0.9086527450648986,1.0,0.22056940027225927,0.6420059543547526,0.9928765514565887,1.0,1.0,0.0,1.0,0.7384696715627372,0.7991398108192074,1.0,1.0,0.9934300182526854,1.0,0.8225614755276488,1.0,0.18255680521084292,1327,224,-0.040386586368740984,165,495
C426,0.6,0.3,0.0,0.7,R314,True,0.8984219240829867,1.0,0.22955635542915256,0.5973550249845196,0.9578238408439377,1.0,1.0,0.0,1.0,0.7384696715627372,0.7991398108192074,1.0,1.0,0.9909296935616592,1.0,0.8041000933166462,0.9931146634362161,0.17232598422893108,1264,275,-0.05061740735065279,64,553
C427,0.6,0.3,0.1,0.6,R315,True,0.9044397090347143,1.0,0.22113407734762425,0.622741805028832,0.9754113770349032,1.0,1.0,0.0,1.0,0.7384696715627372,0.7991398108192074,1.0,1.0,0.9931722217504283,1.0,0.814341640669086,0.9952011046042152,0.1783437691806587,1292,247,-0.044599622398925204,43,501
C428,0.6,0.3,0.2,0.5,R316,True,0.9116332523617068,1.0,0.2102195826221741,0.6511468406729379,0.9889030466699631,1.0,1.0,0.0,1.0,0.7384696715627372,0.7991398108192074,1.0,1.0,0.99466989258331,1.0,0.8275305906567657,0.9987912674203978,0.18553731250765115,1320,218,-0.03740607907193274,28,430
C429,0.6,0.3,0.3,0.4,R317,True,0.9192373641089202,1.0,0.2000658903089242,0.6744766875035844,0.9957120194102278,1.0,1.0,0.0,1.0,0.7384696715627372,0.7991398108192074,1.0,1.0,0.9957211604816854,1.0,0.8418977998324921,1.0,0.19314142425486466,1342,184,-0.02980196732471924,9,354
C430,0.6,0.3,0.4,0.3,R318,True,0.9252263555329278,1.0,0.19226248404695692,0.7161184906265909,0.9992141703358257,1.0,1.0,0.0,1.0,0.7384696715627372,0.7991398108192074,1.0,1.0,0.9966585942039861,1.0,0.8531258357026666,1.0,0.19913041567887213,1353,165,-0.023812975900711752,7,284
C431,0.6,0.3,0.5,0.2,R319,True,0.9253359884462599,1.0,0.19206074925318503,0.7149219861860058,0.9993801375010878,1.0,1.0,0.0,1.0,0.7384696715627372,0.7991398108192074,1.0,1.0,0.9970920097273923,1.0,0.852998369110606,1.0,0.1992400485922043,1362,167,-0.023703342987379628,59,297
C432,0.6,0.3,0.6,0.1,R320,True,0.9240149584919727,1.0,0.19614914854412954,0.7103476228327681,0.9992244705292406,1.0,1.0,0.0,1.0,0.7384696715627372,0.7991398108192074,1.0,1.0,0.9968100324376343,1.0,0.8505818910338382,1.0,0.19791901863791717,1363,168,-0.02502437294166674,118,345
C433,0.6,0.3,0.7,0.0,R004,False,0.9209221525129189,1.0,0.2013299710289476,0.68977986354159,0.9981331307576766,1.0,1.0,0.0,1.0,0.7384696715627372,0.7991398108192074,1.0,1.0,0.9969350783076452,1.0,0.8442962423797217,1.0,0.1948262126588632,1362,175,-0.02811717892072069,138,398
C434,0.6,0.4,0.0,0.6,R321,True,0.8996742104042161,1.0,0.22866810196086304,0.6081333438504466,0.9590683193003399,1.0,1.0,0.0,1.0,0.7384696715627372,0.7991398108192074,1.0,1.0,0.9904940126950315,1.0,0.8069532106524071,0.9943437786031029,0.17357827055016048,1266,277,-0.04936512102942341,94,549
C435,0.6,0.4,0.1,0.5,R322,True,0.9075454159652616,1.0,0.21719392766292472,0.6341784635342397,0.9794967223267392,1.0,1.0,0.0,1.0,0.7384696715627372,0.7991398108192074,1.0,1.0,0.992959797660785,1.0,0.8207229938018953,0.9966813855146739,0.18144947611120604,1291,241,-0.04149391546837787,76,493
C436,0.6,0.4,0.2,0.4,R323,True,0.9141183714668812,1.0,0.20638857950829484,0.6536937784057631,0.9909171872405131,1.0,1.0,0.0,1.0,0.7384696715627372,0.7991398108192074,1.0,1.0,0.9952089744686347,1.0,0.8320695633588546,0.9997479415224332,0.1880224316128256,1320,211,-0.03492095996675827,59,429
C437,0.6,0.4,0.3,0.3,R324,True,0.9241886006784451,1.0,0.19064412266259548,0.6949607112327731,0.9973279569892474,1.0,1.0,0.0,1.0,0.7384696715627372,0.7991398108192074,1.0,1.0,0.9962365905663589,1.0,0.851387928903803,1.0,0.19809266082438945,1353,174,-0.02485073075519444,42,337
C438,0.6,0.4,0.4,0.2,R325,True,0.9343093062693154,1.0,0.1743034440231824,0.7415727766278938,1.0,1.0,1.0,0.0,1.0,0.7384696715627372,0.7991398108192074,1.0,1.0,0.9974999995819935,1.0,0.870618612873036,1.0,0.2082133664152598,1373,142,-0.014730025164324104,7,229
C439,0.6,0.4,0.5,0.1,R326,True,0.9377875645440866,1.0,0.17053960362865894,0.7602255307288521,1.0,1.0,1.0,0.0,1.0,0.7384696715627372,0.7991398108192074,1.0,1.0,0.9982785576475349,1.0,0.8769522829701453,1.0,0.21169162469003103,1385,130,-0.011251766889552888,41,184
C440,0.6,0.4,0.6,0.0,R005,False,0.9342662119212761,1.0,0.1781808003593362,0.7563444398738517,1.0,1.0,1.0,0.0,1.0,0.7384696715627372,0.7991398108192074,1.0,1.0,0.998010994835873,1.0,0.8701236279738537,1.0,0.20817027206722044,1381,141,-0.014773119512363467,115,273
C441,0.6,0.5,0.0,0.5,R327,True,0.9021506606657682,1.0,0.22590304211921786,0.6249152488166816,0.967033008793731,1.0,1.0,0.0,1.0,0.7384696715627372,0.7991398108192074,1.0,1.0,0.9898047647701822,1.0,0.8124575095153908,0.9980455820801837,0.17605472081171258,1266,275,-0.046888670767871315,129,552
C442,0.6,0.5,0.1,0.4,R328,True,0.9090116457792621,1.0,0.21675945174928185,0.6494763427724322,0.9842988325624522,1.0,1.0,0.0,1.0,0.7384696715627372,0.7991398108192074,1.0,1.0,0.9924087934946446,1.0,0.8240962567628083,1.0,0.18291570592520642,1292,238,-0.040027685654377504,119,484
C443,0.6,0.5,0.2,0.3,R329,True,0.9173320876756216,1.0,0.2028327135520914,0.667703191839421,0.9944788303788556,1.0,1.0,0.0,1.0,0.7384696715627372,0.7991398108192074,1.0,1.0,0.9945167051172168,1.0,0.8390508112574697,1.0,0.19123614782156598,1325,197,-0.03170724375801795,102,417
C444,0.6,0.5,0.3,0.2,R330,True,0.926126355361721,1.0,0.18865581051632804,0.7095620366278784,0.9990608560651958,1.0,1.0,0.0,1.0,0.7384696715627372,0.7991398108192074,1.0,1.0,0.9957986467041995,1.0,0.8556137933600825,1.0,0.20003041550766545,1349,169,-0.022912976071918466,93,328
C445,0.6,0.5,0.4,0.1,R331,True,0.9384443367599359,1.0,0.16744174408285292,0.7620138337888273,1.0,1.0,1.0,0.0,1.0,0.7384696715627372,0.7991398108192074,1.0,1.0,0.9975030408479182,1.0,0.8788862408415371,1.0,0.21234839690588023,1387,120,-0.010594994673703659,63,198
C446,0.6,0.5,0.5,0.0,R006,False,0.9490393314336394,1.0,0.1487123702538861,0.8105509921442665,1.0,1.0,1.0,0.0,1.0,0.7384696715627372,0.7991398108192074,1.0,1.0,0.9984521793444054,1.0,0.8993169193917547,1.0,0.2229433915795839,1407,97,0.0,0,0
C447,0.6,0.6,0.0,0.4,R332,True,0.9030665930964692,1.0,0.22483768242701657,0.6357073578119803,0.9689994614799798,1.0,1.0,0.0,1.0,0.7384696715627372,0.7991398108192074,1.0,1.0,0.9880370187004525,1.0,0.8157035712325764,1.0,0.17697065324241362,1266,278,-0.04597273833717026,151,560
C448,0.6,0.6,0.1,0.3,R333,True,0.9107912386482646,1.0,0.21450943901618857,0.6606307418072125,0.9871104688453295,1.0,1.0,0.0,1.0,0.7384696715627372,0.7991398108192074,1.0,1.0,0.9922955406840945,1.0,0.8277460447492535,1.0,0.18469529879420904,1296,230,-0.03824809278537489,151,496
C449,0.6,0.6,0.2,0.2,R334,True,0.9179558083198677,1.0,0.2042386764766745,0.6743686119644707,0.9960210119550779,1.0,1.0,0.0,1.0,0.7384696715627372,0.7991398108192074,1.0,1.0,0.9946862235950588,1.0,0.8401626377636884,1.0,0.19185986846581207,1328,194,-0.031083523113771813,145,429
C450,0.6,0.6,0.3,0.1,R335,True,0.9276409899939437,1.0,0.1875125755262081,0.7210783506924952,0.999306380687657,1.0,1.0,0.0,1.0,0.7384696715627372,0.7991398108192074,1.0,1.0,0.9958715649214643,1.0,0.858584728050716,1.0,0.2015450501398881,1353,166,-0.0213983414396958,133,359
C451,0.6,0.6,0.4,0.0,R007,False,0.9390951736905078,1.0,0.16546806390344013,0.7684613444733178,1.0,1.0,1.0,0.0,1.0,0.7384696715627372,0.7991398108192074,1.0,1.0,0.997627293774578,1.0,0.8800885123613531,1.0,0.21299923383645217,1387,126,-0.009944157743131739,130,256
C452,0.6,0.7,0.0,0.3,R336,True,0.9024139777719934,1.0,0.22590000754464984,0.6333625841101828,0.9693993257738278,1.0,1.0,0.0,1.0,0.7384696715627372,0.7991398108192074,1.0,1.0,0.9872624435179957,1.0,0.8150180007295902,1.0,0.17631803791793774,1265,278,-0.04662535366164619,163,582
C453,0.6,0.7,0.1,0.2,R337,True,0.9112414559677326,1.0,0.21320426327970843,0.663841327246497,0.9882963009413126,1.0,1.0,0.0,1.0,0.7384696715627372,0.7991398108192074,1.0,1.0,0.99214321690876,1.0,0.8287683384084575,1.0,0.18514551611367713,1290,236,-0.03779787546590675,165,520
C454,0.6,0.7,0.2,0.1,R338,True,0.9193305083436526,1.0,0.2025865458732933,0.6857631696519232,0.9967705005324814,1.0,1.0,0.0,1.0,0.7384696715627372,0.7991398108192074,1.0,1.0,0.9945741290797002,1.0,0.8430017134235451,1.0,0.193234568489597,1332,194,-0.02970882308998689,167,454
C455,0.6,0.7,0.3,0.0,R008,False,0.9273775850462439,1.0,0.18754837069476388,0.7204594110069098,0.9994022006636146,1.0,1.0,0.0,1.0,0.7384696715627372,0.7991398108192074,1.0,1.0,0.9956916039531087,1.0,0.8582018869300007,1.0,0.2012816451921882,1356,167,-0.021661746387395694,162,383
C456,0.6,0.8,0.0,0.2,R339,True,0.9002860901030667,1.0,0.2289065310106597,0.6143200462578151,0.9658460296640097,1.0,1.0,0.0,1.0,0.7384696715627372,0.7991398108192074,1.0,1.0,0.9866635031767762,1.0,0.8112413776647127,1.0,0.1741901502490112,1263,283,-0.04875324133057273,169,608
C457,0.6,0.8,0.1,0.1,R340,True,0.90994604204149,1.0,0.21511537769195835,0.6550775692703746,0.9869362506770218,1.0,1.0,0.0,1.0,0.7384696715627372,0.7991398108192074,1.0,1.0,0.991570119588301,1.0,0.826635988412339,1.0,0.18385010218743428,1287,247,-0.039093289392149615,171,547
C458,0.6,0.8,0.2,0.0,R009,False,0.9175937591048605,1.0,0.20520870497094498,0.6759643097404667,0.9966188300263974,1.0,1.0,0.0,1.0,0.7384696715627372,0.7991398108192074,1.0,1.0,0.994571131998494,1.0,0.839530612610926,1.0,0.19149781925080497,1327,200,-0.031445572328778953,173,472
C459,0.6,0.9,0.0,0.1,R341,True,0.896041780523866,1.0,0.23380183541602456,0.5954649469523612,0.9493621310771061,1.0,1.0,0.0,1.0,0.7384696715627372,0.7991398108192074,1.0,1.0,0.9854886282222134,1.0,0.8036926584699612,0.9967358892438765,0.1699458406698104,1250,298,-0.05299755090977352,167,647
C460,0.6,0.9,0.1,0.0,R010,False,0.9067941279301222,1.0,0.21957161193893204,0.6483724685934023,0.9824711227563244,1.0,1.0,0.0,1.0,0.7384696715627372,0.7991398108192074,1.0,1.0,0.9911698266224429,1.0,0.8206523945622901,1.0,0.1806981880760666,1276,259,-0.04224520350351729,172,579
C461,0.6,1.0,0.0,0.0,R011,False,0.8895801268716802,1.0,0.2406655342901791,0.5605141093913303,0.9358331516604897,1.0,1.0,0.0,1.0,0.7384696715627372,0.7991398108192074,1.0,1.0,0.985130857563283,1.0,0.791055567692734,0.991750077364403,0.16348418701762454,1242,309,-0.05945920456195936,163,690
C462,0.7,0.0,0.0,1.0,R342,True,0.89129709872411,1.0,0.23797151435491654,0.575646147775476,0.9395491969977866,1.0,1.0,0.0,1.0,0.7384696715627372,0.7991398108192074,1.0,1.0,0.9899725099933588,1.0,0.7906161894535328,0.9840094600928964,0.1652011588700544,1244,309,-0.05774223270952948,35,597
C463,0.7,0.0,0.1,0.9,R343,True,0.8973478292636171,1.0,0.2301141841356944,0.5958430430017807,0.9578238408439377,1.0,1.0,0.0,1.0,0.7384696715627372,0.7991398108192074,1.0,1.0,0.9920158841289994,1.0,0.8010829512240348,0.9908047183727018,0.17125188940956154,1276,284,-0.05169150217002237,21,554
C464,0.7,0.0,0.2,0.8,R344,True,0.9012749177339943,1.0,0.22641016290740143,0.607064078444605,0.9707557626388064,1.0,1.0,0.0,1.0,0.7384696715627372,0.7991398108192074,1.0,1.0,0.9939644320605966,1.0,0.8073782898195113,0.9943304826952879,0.1751789778799387,1295,250,-0.0477644136996452,9,497
C465,0.7,0.0,0.3,0.7,R345,True,0.90756669831565,1.0,0.21713885497920243,0.6341341998133172,0.9828890115846153,1.0,1.0,0.0,1.0,0.7384696715627372,0.7991398108192074,1.0,1.0,0.9945970740971707,1.0,0.8194557373535631,0.9969595544675416,0.18147075846159427,1315,232,-0.041472633117989634,2,449
C466,0.7,0.0,0.4,0.6,R346,True,0.9099539244203654,1.0,0.21616620422061714,0.6550775692703746,0.9900116651253801,1.0,1.0,0.0,1.0,0.7384696715627372,0.7991398108192074,1.0,1.0,0.9952322397166277,1.0,0.8237220570674286,0.9998706004140787,0.18385798456630975,1323,214,-0.03908540701327415,24,418
C467,0.7,0.0,0.5,0.5,R347,True,0.9092533940078853,1.0,0.21702597608538973,0.6605687873986881,0.9883430057438014,1.0,1.0,0.0,1.0,0.7384696715627372,0.7991398108192074,1.0,1.0,0.9940177558575795,1.0,0.823292583329707,1.0,0.18315745415382972,1320,236,-0.03978593742575417,75,435
C468,0.7,0.0,0.6,0.4,R348,True,0.9056212097712567,1.0,0.22375158632414274,0.6339833196214257,0.9863831669404778,1.0,1.0,0.0,1.0,0.7384696715627372,0.7991398108192074,1.0,1.0,0.9922590665303153,1.0,0.8174351663182612,1.0,0.1795252699172011,1315,244,-0.043418121662382805,118,478
C469,0.7,0.0,0.7,0.3,R349,True,0.90127286334066,1.0,0.23144859001664705,0.6235110193235319,0.9825134048716352,1.0,1.0,0.0,1.0,0.7384696715627372,0.7991398108192074,1.0,1.0,0.9912073021258571,1.0,0.8095798849806345,1.0,0.17517692348660444,1301,261,-0.04776646809297948,151,529
C470,0.7,0.0,0.8,0.2,R350,True,0.8957965890006016,1.0,0.23779761350009776,0.5850961025787741,0.9670992946406295,1.0,1.0,0.0,1.0,0.7384696715627372,0.7991398108192074,1.0,1.0,0.9904950065197232,1.0,0.7991971727854243,0.9977924703700737,0.16970064914654587,1289,277,-0.05324274243303804,162,583
C471,0.7,0.0,0.9,0.1,R351,True,0.8870389191637129,1.0,0.24693368781951575,0.5411984269678054,0.9394747961037586,1.0,1.0,0.0,1.0,0.7384696715627372,0.7991398108192074,1.0,1.0,0.9891483775413697,1.0,0.78275913629433,0.9883171830217006,0.1609429793096573,1270,302,-0.06200041226992661,157,652
C472,0.7,0.0,1.0,0.0,R001,False,0.8762318541809433,1.0,0.2590774684458285,0.5,0.9129185854548614,1.0,1.0,0.0,1.0,0.7384696715627372,0.7991398108192074,1.0,1.0,0.9877937573181792,1.0,0.7622287025073432,0.9671618251173708,0.1501359143268877,1236,325,-0.0728074772526962,152,726
C473,0.7,0.1,0.0,0.9,R352,True,0.8934911878403212,1.0,0.2354969513976553,0.5804237848349935,0.9402683229572739,1.0,1.0,0.0,1.0,0.7384696715627372,0.7991398108192074,1.0,1.0,0.9896527107679831,1.0,0.7952602070662558,0.9850912142075228,0.16739524798626554,1249,296,-0.05554814359331836,53,590
C474,0.7,0.1,0.1,0.8,R353,True,0.898853382442909,1.0,0.22835387323475906,0.59931379903428,0.9616666543162958,1.0,1.0,0.0,1.0,0.7384696715627372,0.7991398108192074,1.0,1.0,0.9923968527252979,1.0,0.8037892827055797,0.9911095305832147,0.17275744258885337,1279,272,-0.05018594899073052,35,535
C475,0.7,0.1,0.2,0.7,R354,True,0.9044042971623091,1.0,0.22146358138061503,0.6161986781794585,0.9796449964379699,1.0,1.0,0.0,1.0,0.7384696715627372,0.7991398108192074,1.0,1.0,0.9939751129738321,1.0,0.8136285039455523,0.996449155289795,0.17830835730825342,1305,240,-0.044635034271330476,15,471
C476,0.7,0.1,0.3,0.6,R355,True,0.9117587060668148,1.0,0.21152031671202873,0.6511468406729379,0.9899660782522223,1.0,1.0,0.0,1.0,0.7384696715627372,0.7991398108192074,1.0,1.0,0.9950658647653665,1.0,0.8274647203213362,0.9990004532468109,0.18566276621275915,1330,208,-0.037280625366824735,4,411
C477,0.7,0.1,0.4,0.5,R356,True,0.9164071681202354,1.0,0.20626251232655873,0.6688133571854503,0.9960367315717926,1.0,1.0,0.0,1.0,0.7384696715627372,0.7991398108192074,1.0,1.0,0.9958928143749838,1.0,0.8361000847404838,1.0,0.19031122826617977,1337,194,-0.032632163313404135,21,371
C478,0.7,0.1,0.5,0.4,R357,True,0.9154270360734036,1.0,0.2083074611820239,0.6731444830999574,0.9954283829797882,1.0,1.0,0.0,1.0,0.7384696715627372,0.7991398108192074,1.0,1.0,0.9958488843140193,1.0,0.8341749646955915,1.0,0.18933109621934785,1339,198,-0.03361229536023605,70,378
C479,0.7,0.1,0.6,0.3,R358,True,0.9124634374088738,1.0,0.21262739682972723,0.6613121606111996,0.9920985418539365,1.0,1.0,0.0,1.0,0.7384696715627372,0.7991398108192074,1.0,1.0,0.9943469104006197,1.0,0.8294493464972519,1.0,0.1863674975548182,1336,215,-0.036575894024765666,118,442
C480,0.7,0.1,0.7,0.2,R359,True,0.9077461229357553,1.0,0.2217335034274264,0.6420494769828309,0.9883581274737273,1.0,1.0,0.0,1.0,0.7384696715627372,0.7991398108192074,1.0,1.0,0.9928043201182233,1.0,0.8212487897769322,1.0,0.18165018308169978,1324,236,-0.04129320849788415,149,489
C481,0.7,0.1,0.8,0.1,R360,True,0.9013524441621404,1.0,0.23136407624193073,0.621677730781179,0.9838377771013724,1.0,1.0,0.0,1.0,0.7384696715627372,0.7991398108192074,1.0,1.0,0.9919184981995616,1.0,0.8091700897646318,0.9993479915044484,0.17525650430808484,1305,251,-0.04768688727149904,165,542
C482,0.7,0.1,0.9,0.0,R002,False,0.894288468518135,1.0,0.2389525543102076,0.5826994317294928,0.9640177680388389,1.0,1.0,0.0,1.0,0.7384696715627372,0.7991398108192074,1.0,1.0,0.9910764062411175,1.0,0.7957158120433762,0.9963702329459292,0.16819252866407947,1288,278,-0.05475086291550445,162,605
C483,0.7,0.2,0.0,0.8,R361,True,0.8945497791839807,1.0,0.2341587767502473,0.5921398117767255,0.9424771583862495,1.0,1.0,0.0,1.0,0.7384696715627372,0.7991398108192074,1.0,1.0,0.9891397393183515,1.0,0.7977877669132802,0.9880456898090308,0.16845383932992508,1250,296,-0.05448955224965881,68,585
C484,0.7,0.2,0.1,0.7,R362,True,0.9021523972294289,1.0,0.22458321532675365,0.6119866247428762,0.9691877117296335,1.0,1.0,0.0,1.0,0.7384696715627372,0.7991398108192074,1.0,1.0,0.9926536890289409,1.0,0.8101818432357047,0.9942990101935294,0.17605645737537315,1277,259,-0.04688693420421073,50,516
C485,0.7,0.2,0.2,0.6,R363,True,0.9088149281993556,1.0,0.21444930035714704,0.6361488228217906,0.9842473871436126,1.0,1.0,0.0,1.0,0.7384696715627372,0.7991398108192074,1.0,1.0,0.9940307618547699,1.0,0.8224052469148951,0.9976245657913019,0.1827189883452999,1314,229,-0.040224403234284015,33,452
C486,0.7,0.2,0.3,0.5,R364,True,0.9162840969540722,1.0,0.20447534538631185,0.6661788437216629,0.9941816776759258,1.0,1.0,0.0,1.0,0.7384696715627372,0.7991398108192074,1.0,1.0,0.9955441429685864,1.0,0.8361328795332753,1.0,0.19018815710001666,1331,198,-0.03275523447956726,10,381
C487,0.7,0.2,0.4,0.4,R365,True,0.9209256852039692,1.0,0.19862565910105362,0.6860079309039132,0.9985101948335696,1.0,1.0,0.0,1.0,0.7384696715627372,0.7991398108192074,1.0,1.0,0.9964105403299505,1.0,0.844722938143978,1.0,0.19482974534991357,1344,180,-0.028113646229670317,6,322
C488,0.7,0.2,0.5,0.3,R366,True,0.9218499539170009,1.0,0.19791995521915284,0.6918110165427955,0.9985075321583122,1.0,1.0,0.0,1.0,0.7384696715627372,0.7991398108192074,1.0,1.0,0.9967985031993969,1.0,0.8462611052744842,1.0,0.19575401406294524,1356,177,-0.02718937751663867,61,326
C489,0.7,0.2,0.6,0.2,R367,True,0.9193209479882157,1.0,0.20284354147661052,0.6843781118247354,0.9968755067785129,1.0,1.0,0.0,1.0,0.7384696715627372,0.7991398108192074,1.0,1.0,0.9964871517315184,1.0,0.8414521745912166,1.0,0.19322500813416005,1352,188,-0.02971838344542386,119,386
C490,0.7,0.2,0.7,0.1,R368,True,0.914575815560215,1.0,0.2106063114947694,0.6688133571854503,0.9942238176681013,1.0,1.0,0.0,1.0,0.7384696715627372,0.7991398108192074,1.0,1.0,0.9953589385319409,1.0,0.8328644802948776,1.0,0.18847987570615954,1346,202,-0.03446351587342437,142,448
C491,0.7,0.2,0.8,0.0,R003,False,0.9086527450648986,1.0,0.22056940027225927,0.6420059543547526,0.9928765514565887,1.0,1.0,0.0,1.0,0.7384696715627372,0.7991398108192074,1.0,1.0,0.9934300182526854,1.0,0.8225614755276488,1.0,0.18255680521084292,1327,224,-0.040386586368740984,165,495
C492,0.7,0.3,0.0,0.7,R369,True,0.8967490230801071,1.0,0.2321126944139805,0.5987891949999209,0.9514832538897948,1.0,1.0,0.0,1.0,0.7384696715627372,0.7991398108192074,1.0,1.0,0.9888173186745138,1.0,0.8024441912206033,0.9940213640098603,0.17065308322605152,1258,287,-0.05229030835353236,100,572
C493,0.7,0.3,0.1,0.6,R370,True,0.9050154976453983,1.0,0.22069316220038213,0.6317597358115651,0.9732112752066303,1.0,1.0,0.0,1.0,0.7384696715627372,0.7991398108192074,1.0,1.0,0.9923352907726487,1.0,0.8161627626726778,0.9959817868983172,0.17891955779134272,1286,247,-0.044023833788241165,76,513
C494,0.7,0.3,0.2,0.5,R371,True,0.9115621103105227,1.0,0.2105982236190259,0.6486279203498403,0.9875446480681686,1.0,1.0,0.0,1.0,0.7384696715627372,0.7991398108192074,1.0,1.0,0.9945539916859715,1.0,0.8274810272722685,0.9990539526417475,0.18546617045646716,1313,216,-0.037477221123116744,52,445
C495,0.7,0.3,0.3,0.4,R372,True,0.9205443614215558,1.0,0.1968181586118319,0.6739968637207647,0.9960210119550779,1.0,1.0,0.0,1.0,0.7384696715627372,0.7991398108192074,1.0,1.0,0.9960659986978375,1.0,0.8442359238848418,1.0,0.19444842156750028,1340,186,-0.02849497001208363,29,362
C496,0.7,0.3,0.4,0.3,R373,True,0.9287068010505792,1.0,0.1843178539468634,0.7197930592436589,0.9991458437521019,1.0,1.0,0.0,1.0,0.7384696715627372,0.7991398108192074,1.0,1.0,0.9966434177468732,1.0,0.86009886790366,1.0,0.20261086119652358,1361,159,-0.020332530383060314,1,272
C497,0.7,0.3,0.5,0.2,R374,True,0.9279603325454424,1.0,0.18861074524269575,0.726375147298866,1.0,1.0,1.0,0.0,1.0,0.7384696715627372,0.7991398108192074,1.0,1.0,0.9973342621747039,1.0,0.8580532553511216,1.0,0.20186439269138673,1365,157,-0.021078998888197163,46,265
C498,0.7,0.3,0.6,0.1,R375,True,0.9254654967340715,1.0,0.19345746272351103,0.7192936724826571,0.9994225319172352,1.0,1.0,0.0,1.0,0.7384696715627372,0.7991398108192074,1.0,1.0,0.9968206969713941,1.0,0.8534744358910278,1.0,0.19936955688001592,1365,167,-0.02357383469956798,119,336
C499,0.7,0.3,0.7,0.0,R004,False,0.9209221525129189,1.0,0.2013299710289476,0.68977986354159,0.9981331307576766,1.0,1.0,0.0,1.0,0.7384696715627372,0.7991398108192074,1.0,1.0,0.9969350783076452,1.0,0.8442962423797217,1.0,0.1948262126588632,1362,175,-0.02811717892072069,138,398
C500,0.7,0.4,0.0,0.6,R376,True,0.8986763663547844,1.0,0.23061619822046353,0.6110974828375286,0.9583436639118458,1.0,1.0,0.0,1.0,0.7384696715627372,0.7991398108192074,1.0,1.0,0.9881509252798243,1.0,0.8068319924857096,0.9968717277913877,0.17258042650072888,1259,287,-0.050362965078854995,126,574
C501,0.7,0.4,0.1,0.5,R377,True,0.9054350698134789,1.0,0.22154891984430786,0.6355708941913898,0.9778431337401507,1.0,1.0,0.0,1.0,0.7384696715627372,0.7991398108192074,1.0,1.0,0.9926588740213017,1.0,0.8167430404099165,0.997308931219874,0.17933912995942322,1287,246,-0.04360426162016066,108,506
C502,0.7,0.4,0.2,0.4,R378,True,0.9139395937766076,1.0,0.20824478964460053,0.6597886458589335,0.9911688003793266,1.0,1.0,0.0,1.0,0.7384696715627372,0.7991398108192074,1.0,1.0,0.9945146504031156,1.0,0.8322674672307229,1.0,0.18784365392255203,1319,207,-0.03509973765703186,85,438
C503,0.7,0.4,0.3,0.3,R379,True,0.9224771849290688,1.0,0.19374253223204801,0.682649625307719,0.9972580251405683,1.0,1.0,0.0,1.0,0.7384696715627372,0.7991398108192074,1.0,1.0,0.9959333130363105,1.0,0.8482077194290892,1.0,0.1963812450750132,1345,182,-0.02656214650457071,57,354
C504,0.7,0.4,0.4,0.2,R380,True,0.9335251451081669,1.0,0.1751333029084902,0.7412327979611719,1.0,1.0,1.0,0.0,1.0,0.7384696715627372,0.7991398108192074,1.0,1.0,0.9974487105893168,1.0,0.8690913217448801,1.0,0.2074292052541112,1374,139,-0.01551418632547269,19,231
C505,0.7,0.4,0.5,0.1,R381,True,0.9393765021161475,1.0,0.16699901622157584,0.7626976098213366,1.0,1.0,1.0,0.0,1.0,0.7384696715627372,0.7991398108192074,1.0,1.0,0.9982781376206532,1.0,0.8801304941357727,1.0,0.213280562262092,1387,124,-0.0096628293174919,33,164
C506,0.7,0.4,0.6,0.0,R005,False,0.9342662119212761,1.0,0.1781808003593362,0.7563444398738517,1.0,1.0,1.0,0.0,1.0,0.7384696715627372,0.7991398108192074,1.0,1.0,0.998010994835873,1.0,0.8701236279738537,1.0,0.20817027206722044,1381,141,-0.014773119512363467,115,273
C507,0.7,0.5,0.0,0.5,R382,True,0.900481657970264,1.0,0.22793240595843284,0.6178121854353118,0.9597670890272733,1.0,1.0,0.0,1.0,0.7384696715627372,0.7991398108192074,1.0,1.0,0.9880305793065132,1.0,0.8105388524953177,0.9980455820801837,0.1743857181162084,1261,287,-0.04855767346337549,139,573
C508,0.7,0.5,0.1,0.4,R383,True,0.9087769042549209,1.0,0.21717229226120102,0.6511468406729379,0.9847118843597716,1.0,1.0,0.0,1.0,0.7384696715627372,0.7991398108192074,1.0,1.0,0.9922339825804564,1.0,0.8237666224454767,1.0,0.18268096440086531,1290,237,-0.040262427178718606,136,501
C509,0.7,0.5,0.2,0.3,R384,True,0.9158448818021745,1.0,0.20665434367139918,0.6664191149917345,0.9942249677192159,1.0,1.0,0.0,1.0,0.7384696715627372,0.7991398108192074,1.0,1.0,0.9943040532662123,1.0,0.8362465209913792,1.0,0.18974894194811887,1323,202,-0.03319444963146503,124,429
C510,0.7,0.5,0.3,0.2,R385,True,0.9256929224216253,1.0,0.19003356692975,0.7080735317272872,0.9986461111893749,1.0,1.0,0.0,1.0,0.7384696715627372,0.7991398108192074,1.0,1.0,0.9956296294375934,1.0,0.8548821412931756,1.0,0.19959698256756958,1349,171,-0.023346409012014326,104,347
C511,0.7,0.5,0.4,0.1,R386,True,0.9380847233551765,1.0,0.16752277945879074,0.7579330046837748,1.0,1.0,1.0,0.0,1.0,0.7384696715627372,0.7991398108192074,1.0,1.0,0.9975252367638698,1.0,0.878149257299257,1.0,0.21198878350112083,1380,127,-0.010954608078463084,78,219
C512,0.7,0.5,0.5,0.0,R006,False,0.9490393314336394,1.0,0.1487123702538861,0.8105509921442665,1.0,1.0,1.0,0.0,1.0,0.7384696715627372,0.7991398108192074,1.0,1.0,0.9984521793444054,1.0,0.8993169193917547,1.0,0.2229433915795839,1407,97,0.0,0,0
C513,0.7,0.6,0.0,0.4,R387,True,0.9016313866000993,1.0,0.2264293469352264,0.6299987518721917,0.9642092967242688,1.0,1.0,0.0,1.0,0.7384696715627372,0.7991398108192074,1.0,1.0,0.9869709101999629,1.0,0.8136860450402283,1.0,0.17553544674604366,1263,281,-0.04740794483354023,158,583
C514,0.7,0.6,0.1,0.3,R388,True,0.9097789321340879,1.0,0.21542773720735545,0.6570259763741562,0.9847740093422661,1.0,1.0,0.0,1.0,0.7384696715627372,0.7991398108192074,1.0,1.0,0.9920913453422393,1.0,0.8258847879943844,1.0,0.18368299228003226,1287,240,-0.03926039929955166,153,522
C515,0.7,0.6,0.2,0.2,R389,True,0.9175305637409135,1.0,0.20546654074946755,0.6735243640839189,0.9960210119550779,1.0,1.0,0.0,1.0,0.7384696715627372,0.7991398108192074,1.0,1.0,0.994674187519531,1.0,0.839321777466202,1.0,0.19143462388685778,1326,198,-0.031508767692726106,153,444
C516,0.7,0.6,0.3,0.1,R390,True,0.9270548756632679,1.0,0.18816550541752985,0.7183068653911698,0.9991282838762251,1.0,1.0,0.0,1.0,0.7384696715627372,0.7991398108192074,1.0,1.0,0.9958279440392755,1.0,0.8574473960951154,1.0,0.20095893580921234,1352,168,-0.02198445577037156,141,365
C517,0.7,0.6,0.4,0.0,R007,False,0.9390951736905078,1.0,0.16546806390344013,0.7684613444733178,1.0,1.0,1.0,0.0,1.0,0.7384696715627372,0.7991398108192074,1.0,1.0,0.997627293774578,1.0,0.8800885123613531,1.0,0.21299923383645217,1387,126,-0.009944157743131739,130,256
C518,0.7,0.7,0.0,0.3,R391,True,0.8998790701402772,1.0,0.22936130411190683,0.6110974828375286,0.9614956212461193,1.0,1.0,0.0,1.0,0.7384696715627372,0.7991398108192074,1.0,1.0,0.9866635031767762,1.0,0.8104273377391337,1.0,0.1737831302862217,1263,282,-0.049160261293362206,166,603
C519,0.7,0.7,0.1,0.2,R392,True,0.9103521746528501,1.0,0.21436970712197373,0.6604879465582342,0.9872674809502466,1.0,1.0,0.0,1.0,0.7384696715627372,0.7991398108192074,1.0,1.0,0.9917100652409513,1.0,0.8273362971129392,1.0,0.18425623479879452,1288,243,-0.03868715678078939,168,531
C520,0.7,0.7,0.2,0.1,R393,True,0.9186161983647937,1.0,0.2035499049326622,0.6828009892769755,0.9965307645127269,1.0,1.0,0.0,1.0,0.7384696715627372,0.7991398108192074,1.0,1.0,0.994424381137437,1.0,0.8416928918196376,1.0,0.192520258510738,1330,196,-0.030423133068845882,167,460
C521,0.7,0.7,0.3,0.0,R008,False,0.9273775850462439,1.0,0.18754837069476388,0.7204594110069098,0.9994022006636146,1.0,1.0,0.0,1.0,0.7384696715627372,0.7991398108192074,1.0,1.0,0.9956916039531087,1.0,0.8582018869300007,1.0,0.2012816451921882,1356,167,-0.021661746387395694,162,383
C522,0.7,0.8,0.0,0.2,R394,True,0.8984447654516264,1.0,0.2310169816505469,0.6066106857432344,0.9560852845950695,1.0,1.0,0.0,1.0,0.7384696715627372,0.7991398108192074,1.0,1.0,0.9860500528919816,1.0,0.8080494885896676,0.9979964452543504,0.17234882559757084,1258,291,-0.05059456598201308,171,626
C523,0.7,0.8,0.1,0.1,R395,True,0.909527242141776,1.0,0.2155967041488903,0.6517886650282714,0.98546001705853,1.0,1.0,0.0,1.0,0.7384696715627372,0.7991398108192074,1.0,1.0,0.9915366046254916,1.0,0.8258252005831587,1.0,0.18343130228772042,1286,247,-0.03951208929186347,172,553
C524,0.7,0.8,0.2,0.0,R009,False,0.9175937591048605,1.0,0.20520870497094498,0.6759643097404667,0.9966188300263974,1.0,1.0,0.0,1.0,0.7384696715627372,0.7991398108192074,1.0,1.0,0.994571131998494,1.0,0.839530612610926,1.0,0.19149781925080497,1327,200,-0.031445572328778953,173,472
C525,0.7,0.9,0.0,0.1,R396,True,0.8943601149344428,1.0,0.23588934859941404,0.5847042261221366,0.9438754408994657,1.0,1.0,0.0,1.0,0.7384696715627372,0.7991398108192074,1.0,1.0,0.9851957257214424,1.0,0.8005636492917316,0.9953618834589786,0.1682641750803872,1247,302,-0.054679216499196694,167,657
C526,0.7,0.9,0.1,0.0,R010,False,0.9067941279301222,1.0,0.21957161193893204,0.6483724685934023,0.9824711227563244,1.0,1.0,0.0,1.0,0.7384696715627372,0.7991398108192074,1.0,1.0,0.9911698266224429,1.0,0.8206523945622901,1.0,0.1806981880760666,1276,259,-0.04224520350351729,172,579
C527,0.7,1.0,0.0,0.0,R011,False,0.8895801268716802,1.0,0.2406655342901791,0.5605141093913303,0.9358331516604897,1.0,1.0,0.0,1.0,0.7384696715627372,0.7991398108192074,1.0,1.0,0.985130857563283,1.0,0.791055567692734,0.991750077364403,0.16348418701762454,1242,309,-0.05945920456195936,163,690
C528,0.8,0.0,0.0,1.0,R397,True,0.8929516549693197,1.0,0.23624840270298,0.591416583442925,0.9397550714679458,1.0,1.0,0.0,1.0,0.7384696715627372,0.7991398108192074,1.0,1.0,0.9880916467710156,1.0,0.795429992521827,0.9898970936145549,0.1668557151152641,1245,303,-0.0560876764643198,87,600
C529,0.8,0.0,0.1,0.9,R398,True,0.9013712731921998,1.0,0.22553404753173484,0.6112545247081105,0.967033008793731,1.0,1.0,0.0,1.0,0.7384696715627372,0.7991398108192074,1.0,1.0,0.992428312221355,1.0,0.8087998966073155,0.9936996864511065,0.17527533333814416,1274,262,-0.04766805824143974,60,535
C530,0.8,0.0,0.2,0.8,R399,True,0.9069654770336312,1.0,0.2173430487506993,0.6325204150829424,0.9823734433658029,1.0,1.0,0.0,1.0,0.7384696715627372,0.7991398108192074,1.0,1.0,0.9940802143885313,1.0,0.8186667825564371,0.9963532830265124,0.18086953717957555,1304,239,-0.042073854400008354,36,476
C531,0.8,0.0,0.3,0.7,R400,True,0.912505036493229,1.0,0.21046863365927257,0.6517886650282714,0.9907066052227342,1.0,1.0,0.0,1.0,0.7384696715627372,0.7991398108192074,1.0,1.0,0.9954546637084244,1.0,0.8286463420197184,0.9991916994502774,0.18640909663917338,1324,211,-0.03653429494041053,9,413
C532,0.8,0.0,0.4,0.6,R401,True,0.9189272209142993,1.0,0.20157581561487947,0.6753490635408106,0.9967776834185607,1.0,1.0,0.0,1.0,0.7384696715627372,0.7991398108192074,1.0,1.0,0.9959538803770649,1.0,0.8410913375269465,1.0,0.19283128106024364,1341,189,-0.030112110519340287,5,350
C533,0.8,0.0,0.5,0.5,R402,True,0.9179909439428567,1.0,0.2039130940491454,0.6763204268613754,0.9961150013652852,1.0,1.0,0.0,1.0,0.7384696715627372,0.7991398108192074,1.0,1.0,0.99591424677733,1.0,0.8392504904638496,1.0,0.1918950040888011,1347,192,-0.031048387490782783,62,357
C534,0.8,0.0,0.6,0.4,R403,True,0.9135205738957936,1.0,0.21111741587868613,0.666200886020626,0.9931134879367195,1.0,1.0,0.0,1.0,0.7384696715627372,0.7991398108192074,1.0,1.0,0.9945610754126528,1.0,0.831392287461465,1.0,0.187424634041738,1339,214,-0.035518757537845905,118,435
C535,0.8,0.0,0.7,0.3,R404,True,0.9071927631066994,1.0,0.2227508700878001,0.6416742687829646,0.9880541823215345,1.0,1.0,0.0,1.0,0.7384696715627372,0.7991398108192074,1.0,1.0,0.9927317961906664,1.0,0.8202000892608654,1.0,0.1810968232526437,1321,238,-0.04184656832694021,149,492
C536,0.8,0.0,0.8,0.2,R405,True,0.8994075509565282,1.0,0.23368910396248982,0.6096994679004202,0.979218625580312,1.0,1.0,0.0,1.0,0.7384696715627372,0.7991398108192074,1.0,1.0,0.9913132484285524,1.0,0.8057645031702144,0.9989189742926156,0.17331161110247256,1299,261,-0.04963178047711135,164,556
C537,0.8,0.0,0.9,0.1,R406,True,0.8882032749046413,1.0,0.24610560785382976,0.550014856388247,0.9416058676782093,1.0,1.0,0.0,1.0,0.7384696715627372,0.7991398108192074,1.0,1.0,0.9896427983781236,1.0,0.7846923111067837,0.9912386784028575,0.1621073350505857,1274,297,-0.060836056528998206,160,640
C538,0.8,0.0,1.0,0.0,R001,False,0.8762318541809433,1.0,0.2590774684458285,0.5,0.9129185854548614,1.0,1.0,0.0,1.0,0.7384696715627372,0.7991398108192074,1.0,1.0,0.9877937573181792,1.0,0.7622287025073432,0.9671618251173708,0.1501359143268877,1236,325,-0.0728074772526962,152,726
C539,0.8,0.1,0.0,0.9,R407,True,0.8948600952374667,1.0,0.23453297024646383,0.5958430430017807,0.9432227370282692,1.0,1.0,0.0,1.0,0.7384696715627372,0.7991398108192074,1.0,1.0,0.9882480869866568,1.0,0.7991217208856078,0.9937617065232948,0.168764155383411,1253,297,-0.0541792361961729,105,589
C540,0.8,0.1,0.1,0.8,R408,True,0.9020694630708989,1.0,0.2239499233479357,0.6178211089026365,0.9672355048273085,1.0,1.0,0.0,1.0,0.7384696715627372,0.7991398108192074,1.0,1.0,0.9923107531296494,1.0,0.8102903236380782,0.9940111016225448,0.1759735232168432,1277,255,-0.046969868362740676,76,532
C541,0.8,0.1,0.2,0.7,R409,True,0.9080624581586861,1.0,0.21571655412572704,0.6341784635342397,0.9838628217660477,1.0,1.0,0.0,1.0,0.7384696715627372,0.7991398108192074,1.0,1.0,0.9942188264549361,1.0,0.8207498551534232,0.9972100157983779,0.18196651830463045,1306,227,-0.04097687327495342,48,469
C542,0.8,0.1,0.3,0.6,R410,True,0.9160960187635637,1.0,0.2041394989009947,0.6640219211794597,0.992588729823478,1.0,1.0,0.0,1.0,0.7384696715627372,0.7991398108192074,1.0,1.0,0.995485535910632,1.0,0.8358036087986217,1.0,0.19000007890950807,1328,200,-0.032943312670075824,20,395
C543,0.8,0.1,0.4,0.5,R411,True,0.9223930564764067,1.0,0.19607874457585328,0.693383340617799,0.9985476972494551,1.0,1.0,0.0,1.0,0.7384696715627372,0.7991398108192074,1.0,1.0,0.9965060035317961,1.0,0.8475813101273766,1.0,0.1962971166223511,1349,178,-0.0266462749572328,2,306
C544,0.8,0.1,0.5,0.4,R412,True,0.9223543357260812,1.0,0.19745928994305142,0.7023290030079776,0.9985413864940591,1.0,1.0,0.0,1.0,0.7384696715627372,0.7991398108192074,1.0,1.0,0.9967985031993969,1.0,0.8472698688926448,1.0,0.19625839587202557,1354,177,-0.02668499570755835,57,319
C545,0.8,0.1,0.6,0.3,R413,True,0.9182795101451735,1.0,0.20406158520933573,0.682637331146532,0.9965379627160554,1.0,1.0,0.0,1.0,0.7384696715627372,0.7991398108192074,1.0,1.0,0.9960713803776495,1.0,0.8397019159882275,1.0,0.19218357029111796,1351,191,-0.03075982128846594,119,394
C546,0.8,0.1,0.7,0.2,R414,True,0.9117206818745973,1.0,0.21573148544898496,0.6598644427130709,0.9933900980090029,1.0,1.0,0.0,1.0,0.7384696715627372,0.7991398108192074,1.0,1.0,0.9945503996796333,1.0,0.8278010440054878,1.0,0.18562474202054166,1335,215,-0.037318649559042245,144,464
C547,0.8,0.1,0.8,0.1,R415,True,0.9034838856552243,1.0,0.22853325233269223,0.6284838657369872,0.9864528817861941,1.0,1.0,0.0,1.0,0.7384696715627372,0.7991398108192074,1.0,1.0,0.9921625907592846,1.0,0.8132376987030209,1.0,0.17738794580116868,1311,245,-0.045555445778415235,165,527
C548,0.8,0.1,0.9,0.0,R002,False,0.894288468518135,1.0,0.2389525543102076,0.5826994317294928,0.9640177680388389,1.0,1.0,0.0,1.0,0.7384696715627372,0.7991398108192074,1.0,1.0,0.9910764062411175,1.0,0.7957158120433762,0.9963702329459292,0.16819252866407947,1288,278,-0.05475086291550445,162,605
C549,0.8,0.2,0.0,0.8,R416,True,0.8961997360913084,1.0,0.23306104388080592,0.5964111624382714,0.9509473572866475,1.0,1.0,0.0,1.0,0.7384696715627372,0.7991398108192074,1.0,1.0,0.9880305793065132,1.0,0.8019750087374066,0.9959817868983172,0.17010379623725289,1254,297,-0.052839595342331014,120,591
C550,0.8,0.2,0.1,0.7,R417,True,0.9030723572303794,1.0,0.22382469892837376,0.6249152488166816,0.9691937307497369,1.0,1.0,0.0,1.0,0.7384696715627372,0.7991398108192074,1.0,1.0,0.9924783116089942,1.0,0.8121620651735636,0.9959817868983172,0.17697641737632386,1285,250,-0.045966974203260035,101,521
C551,0.8,0.2,0.2,0.6,R418,True,0.9102080906394351,1.0,0.2135123016598856,0.646558266737246,0.9855751887001888,1.0,1.0,0.0,1.0,0.7384696715627372,0.7991398108192074,1.0,1.0,0.9944924544871642,1.0,0.8248222176891388,0.9979697596625334,0.1841121507853794,1309,218,-0.03883124079420448,66,459
C552,0.8,0.2,0.3,0.5,R419,True,0.9194696494316696,1.0,0.1979673919291882,0.6689722386598703,0.9954950422597051,1.0,1.0,0.0,1.0,0.7384696715627372,0.7991398108192074,1.0,1.0,0.9957945181254337,1.0,0.8423036843629923,1.0,0.193373709577614,1340,192,-0.029569682001969903,37,377
C553,0.8,0.2,0.4,0.4,R420,True,0.9280354376854069,1.0,0.18599445120463243,0.7183235393366024,0.9992141703358257,1.0,1.0,0.0,1.0,0.7384696715627372,0.7991398108192074,1.0,1.0,0.996642283960025,1.0,0.8587570482027937,1.0,0.2019394978313513,1361,158,-0.0210038937482326,3,275
C554,0.8,0.2,0.5,0.3,R421,True,0.9259399673969477,1.0,0.19194832288892533,0.7189623532077182,0.9996798925566018,1.0,1.0,0.0,1.0,0.7384696715627372,0.7991398108192074,1.0,1.0,0.9970922057590548,1.0,0.8542061701866515,1.0,0.199844027542892,1363,165,-0.023099364036691886,43,281
C555,0.8,0.2,0.6,0.2,R422,True,0.9228688916271244,1.0,0.19795947322560037,0.7037385037549788,0.9986345695843536,1.0,1.0,0.0,1.0,0.7384696715627372,0.7991398108192074,1.0,1.0,0.9966412640351012,1.0,0.8484247720261678,1.0,0.19677295177306886,1361,174,-0.026170439806515042,118,359
C556,0.8,0.2,0.7,0.1,R423,True,0.9156715822758494,1.0,0.209715821188524,0.6721112615881321,0.9959600164337824,1.0,1.0,0.0,1.0,0.7384696715627372,0.7991398108192074,1.0,1.0,0.9957290152173582,1.0,0.8347599523778123,1.0,0.18957564242179384,1349,195,-0.033367749157790054,139,437
C557,0.8,0.2,0.8,0.0,R003,False,0.9086527450648986,1.0,0.22056940027225927,0.6420059543547526,0.9928765514565887,1.0,1.0,0.0,1.0,0.7384696715627372,0.7991398108192074,1.0,1.0,0.9934300182526854,1.0,0.8225614755276488,1.0,0.18255680521084292,1327,224,-0.040386586368740984,165,495
C558,0.8,0.3,0.0,0.7,R424,True,0.8980839086388147,1.0,0.23152187301844185,0.6020615317746326,0.9562779024537833,1.0,1.0,0.0,1.0,0.7384696715627372,0.7991398108192074,1.0,1.0,0.9869792629459344,1.0,0.8065844069208822,0.996976068119727,0.1719879687847592,1257,292,-0.05095542279482472,133,586
C559,0.8,0.3,0.1,0.6,R425,True,0.905628650158719,1.0,0.22203492697036994,0.6375555365686946,0.9817541101451297,1.0,1.0,0.0,1.0,0.7384696715627372,0.7991398108192074,1.0,1.0,0.992157384634998,1.0,0.8175313926094392,0.9990066205682439,0.17953271030466325,1282,247,-0.04341068127492064,126,521
C560,0.8,0.3,0.2,0.5,R426,True,0.9124634705426279,1.0,0.21150809735132065,0.6536803291189799,0.9908340044101339,1.0,1.0,0.0,1.0,0.7384696715627372,0.7991398108192074,1.0,1.0,0.994350219243593,1.0,0.8294467656903812,1.0,0.1863675306885722,1316,213,-0.036575860891011704,94,446
C561,0.8,0.3,0.3,0.4,R427,True,0.9211119654394767,1.0,0.19598765649358402,0.6753406721047491,0.9964640142646158,1.0,1.0,0.0,1.0,0.7384696715627372,0.7991398108192074,1.0,1.0,0.9958074694695441,1.0,0.845577955303318,1.0,0.19501602558542105,1342,186,-0.027927365994162828,58,368
C562,0.8,0.3,0.4,0.3,R428,True,0.9322944216284783,1.0,0.1770454987432199,0.7346100472921588,1.0,1.0,1.0,0.0,1.0,0.7384696715627372,0.7991398108192074,1.0,1.0,0.9974479632051614,1.0,0.8666304726928274,1.0,0.2061984817744227,1371,145,-0.016744909805161204,16,248
C563,0.8,0.3,0.5,0.2,R429,True,0.9341341355032489,1.0,0.17830702800391784,0.7516395004664086,1.0,1.0,1.0,0.0,1.0,0.7384696715627372,0.7991398108192074,1.0,1.0,0.9973944155870261,1.0,0.8703527385368768,1.0,0.20803819564919324,1380,143,-0.014905195930390644,39,214
C564,0.8,0.3,0.6,0.1,R430,True,0.927083488532666,1.0,0.18964280776604964,0.7228424812597476,0.9999353002070392,1.0,1.0,0.0,1.0,0.7384696715627372,0.7991398108192074,1.0,1.0,0.9968222933954043,1.0,0.8567091423490086,1.0,0.2009875486786104,1373,161,-0.021955842900973507,117,328
C565,0.8,0.3,0.7,0.0,R004,False,0.9209221525129189,1.0,0.2013299710289476,0.68977986354159,0.9981331307576766,1.0,1.0,0.0,1.0,0.7384696715627372,0.7991398108192074,1.0,1.0,0.9969350783076452,1.0,0.8442962423797217,1.0,0.1948262126588632,1362,175,-0.02811717892072069,138,398
C566,0.8,0.4,0.0,0.6,R431,True,0.8983861184643761,1.0,0.23103894206656464,0.6037804761063498,0.9560852845950695,1.0,1.0,0.0,1.0,0.7384696715627372,0.7991398108192074,1.0,1.0,0.9868763354065044,1.0,0.8072711686035487,0.9978346957719487,0.17229017861032048,1258,287,-0.05065321296926341,143,591
C567,0.8,0.4,0.1,0.5,R432,True,0.907583435838446,1.0,0.21839142149398424,0.6485107229307877,0.9822465970198706,1.0,1.0,0.0,1.0,0.7384696715627372,0.7991398108192074,1.0,1.0,0.9917832356117414,1.0,0.8217402831874988,1.0,0.18148749598439037,1284,243,-0.041455895595193526,139,521
C568,0.8,0.4,0.2,0.4,R433,True,0.9149870070108443,1.0,0.20775147777283715,0.6623174173857136,0.9926735792797549,1.0,1.0,0.0,1.0,0.7384696715627372,0.7991398108192074,1.0,1.0,0.9942442655049228,1.0,0.8345786016177507,1.0,0.18889106715678883,1319,207,-0.03405232442279508,123,442
C569,0.8,0.4,0.3,0.3,R434,True,0.9239917363595026,1.0,0.19277418971358512,0.7011629353056037,0.9979570124583692,1.0,1.0,0.0,1.0,0.7384696715627372,0.7991398108192074,1.0,1.0,0.9957893593020305,1.0,0.851351985277381,1.0,0.19789579650544703,1347,176,-0.02504759507413686,92,358
C570,0.8,0.4,0.4,0.2,R435,True,0.9347525649453523,1.0,0.1733838325847978,0.7465868496828248,1.0,1.0,1.0,0.0,1.0,0.7384696715627372,0.7991398108192074,1.0,1.0,0.9975030408479182,1.0,0.8715026972123703,1.0,0.2086566250912968,1382,131,-0.014286766488287111,44,230
C571,0.8,0.4,0.5,0.1,R436,True,0.9418635638131037,1.0,0.1620748224889229,0.7756376683510793,1.0,1.0,1.0,0.0,1.0,0.7384696715627372,0.7991398108192074,1.0,1.0,0.9984140241214877,1.0,0.8849959083290169,1.0,0.21576762395904794,1392,117,-0.007175767620535934,27,134
C572,0.8,0.4,0.6,0.0,R005,False,0.9342662119212761,1.0,0.1781808003593362,0.7563444398738517,1.0,1.0,1.0,0.0,1.0,0.7384696715627372,0.7991398108192074,1.0,1.0,0.998010994835873,1.0,0.8701236279738537,1.0,0.20817027206722044,1381,141,-0.014773119512363467,115,273
C573,0.8,0.5,0.0,0.5,R437,True,0.8991769651787013,1.0,0.23001659065866725,0.6076617604617605,0.9583436639118458,1.0,1.0,0.0,1.0,0.7384696715627372,0.7991398108192074,1.0,1.0,0.9864172241331691,1.0,0.8092201510508674,0.998216432498559,0.17308102532464567,1260,285,-0.049862366254938215,156,601
C574,0.8,0.5,0.1,0.4,R438,True,0.9089427049094934,1.0,0.21602600106282913,0.6550775692703746,0.9832138757531319,1.0,1.0,0.0,1.0,0.7384696715627372,0.7991398108192074,1.0,1.0,0.9914071314301405,1.0,0.8247597046748742,1.0,0.18284676505543773,1285,244,-0.04009662652414617,152,524
C575,0.8,0.5,0.2,0.3,R439,True,0.916699119238788,1.0,0.2064678876172396,0.6704738555712579,0.9947993721408851,1.0,1.0,0.0,1.0,0.7384696715627372,0.7991398108192074,1.0,1.0,0.9941949119930299,1.0,0.838042308883152,1.0,0.19060317938473237,1323,203,-0.03234021219485155,145,446
C576,0.8,0.5,0.3,0.2,R440,True,0.9257787910800149,1.0,0.18979035585532833,0.7104183759991878,0.9986177928822585,1.0,1.0,0.0,1.0,0.7384696715627372,0.7991398108192074,1.0,1.0,0.9955860085554046,1.0,0.8550887753157063,1.0,0.19968285122595936,1350,171,-0.023260540353624553,118,360
C577,0.8,0.5,0.4,0.1,R441,True,0.936703854840917,1.0,0.16987352317850282,0.7512274090903013,1.0,1.0,1.0,0.0,1.0,0.7384696715627372,0.7991398108192074,1.0,1.0,0.9973442453750487,1.0,0.8755323133817949,1.0,0.21060791498686146,1375,135,-0.012335476592722466,90,233
C578,0.8,0.5,0.5,0.0,R006,False,0.9490393314336394,1.0,0.1487123702538861,0.8105509921442665,1.0,1.0,1.0,0.0,1.0,0.7384696715627372,0.7991398108192074,1.0,1.0,0.9984521793444054,1.0,0.8993169193917547,1.0,0.2229433915795839,1407,97,0.0,0,0
C579,0.8,0.6,0.0,0.4,R442,True,0.8982843476209436,1.0,0.23143738691517937,0.6020615317746326,0.957360157451694,1.0,1.0,0.0,1.0,0.7384696715627372,0.7991398108192074,1.0,1.0,0.9859179731712799,1.0,0.8078343167048628,0.9989171007236526,0.17218840776688782,1259,286,-0.05075498381269608,165,611
C580,0.8,0.6,0.1,0.3,R443,True,0.9089137704398177,1.0,0.2169946956004663,0.6539856207889885,0.9851106628658431,1.0,1.0,0.0,1.0,0.7384696715627372,0.7991398108192074,1.0,1.0,0.9915697804838323,1.0,0.8245717164925696,1.0,0.18281783058576206,1286,244,-0.04012556099382184,164,532
C581,0.8,0.6,0.2,0.2,R444,True,0.9174564357732108,1.0,0.20547407748749186,0.6746871986070385,0.9962625899799804,1.0,1.0,0.0,1.0,0.7384696715627372,0.7991398108192074,1.0,1.0,0.9945354095374294,1.0,0.839284543916478,1.0,0.19136049591915513,1329,197,-0.03158289566042874,164,454
C582,0.8,0.6,0.3,0.1,R445,True,0.9271289027355437,1.0,0.18768409336170527,0.7192936724826571,0.9991282838762251,1.0,1.0,0.0,1.0,0.7384696715627372,0.7991398108192074,1.0,1.0,0.9958703488640023,1.0,0.8575615263798857,1.0,0.20103296288148823,1354,170,-0.021910428698095695,146,370
C583,0.8,0.6,0.4,0.0,R007,False,0.9390951736905078,1.0,0.16546806390344013,0.7684613444733178,1.0,1.0,1.0,0.0,1.0,0.7384696715627372,0.7991398108192074,1.0,1.0,0.997627293774578,1.0,0.8800885123613531,1.0,0.21299923383645217,1387,126,-0.009944157743131739,130,256
C584,0.8,0.7,0.0,0.3,R446,True,0.8983491343389909,1.0,0.23078940821506272,0.6066106857432344,0.9548290914250721,1.0,1.0,0.0,1.0,0.7384696715627372,0.7991398108192074,1.0,1.0,0.9856791507834742,1.0,0.8081549480512021,0.9979964452543504,0.1722531944849352,1258,292,-0.0506901970946487,168,628
C585,0.8,0.7,0.1,0.2,R447,True,0.9089626758905647,1.0,0.21650352982818066,0.6511632718264049,0.9850203934470559,1.0,1.0,0.0,1.0,0.7384696715627372,0.7991398108192074,1.0,1.0,0.9913738010934829,1.0,0.8248263109063431,1.0,0.18286673603650916,1285,249,-0.04007665554307477,169,548
C586,0.8,0.7,0.2,0.1,R448,True,0.9184508498569205,1.0,0.2039293663188092,0.6828009892769755,0.9965307645127269,1.0,1.0,0.0,1.0,0.7384696715627372,0.7991398108192074,1.0,1.0,0.9944109614589354,1.0,0.8413729305466926,1.0,0.1923549100028648,1329,199,-0.030588481576719086,167,465
C587,0.8,0.7,0.3,0.0,R008,False,0.9273775850462439,1.0,0.18754837069476388,0.7204594110069098,0.9994022006636146,1.0,1.0,0.0,1.0,0.7384696715627372,0.7991398108192074,1.0,1.0,0.9956916039531087,1.0,0.8582018869300007,1.0,0.2012816451921882,1356,167,-0.021661746387395694,162,383
C588,0.8,0.8,0.0,0.2,R449,True,0.8963655688472475,1.0,0.2333622189364474,0.5963763341819983,0.9496671825905167,1.0,1.0,0.0,1.0,0.7384696715627372,0.7991398108192074,1.0,1.0,0.9852986473681886,1.0,0.8044922197999441,0.9971899594505966,0.17026962899319198,1249,300,-0.05267376258639193,168,641
C589,0.8,0.8,0.1,0.1,R450,True,0.908528872624786,1.0,0.21729240870485078,0.6494763427724322,0.9847740093422661,1.0,1.0,0.0,1.0,0.7384696715627372,0.7991398108192074,1.0,1.0,0.991261816717069,1.0,0.8240482918759168,1.0,0.1824329327707304,1282,252,-0.04051045880885352,171,560
C590,0.8,0.8,0.2,0.0,R009,False,0.9175937591048605,1.0,0.20520870497094498,0.6759643097404667,0.9966188300263974,1.0,1.0,0.0,1.0,0.7384696715627372,0.7991398108192074,1.0,1.0,0.994571131998494,1.0,0.839530612610926,1.0,0.19149781925080497,1327,200,-0.031445572328778953,173,472
C591,0.8,0.9,0.0,0.1,R451,True,0.8931363574899386,1.0,0.23695736658999206,0.578294928486729,0.9429456980896016,1.0,1.0,0.0,1.0,0.7384696715627372,0.7991398108192074,1.0,1.0,0.9851957257214424,1.0,0.7981161344027233,0.99433129429361,0.16704041763588304,1246,303,-0.055902973943700855,168,664
C592,0.8,0.9,0.1,0.0,R010,False,0.9067941279301222,1.0,0.21957161193893204,0.6483724685934023,0.9824711227563244,1.0,1.0,0.0,1.0,0.7384696715627372,0.7991398108192074,1.0,1.0,0.9911698266224429,1.0,0.8206523945622901,1.0,0.1806981880760666,1276,259,-0.04224520350351729,172,579
C593,0.8,1.0,0.0,0.0,R011,False,0.8895801268716802,1.0,0.2406655342901791,0.5605141093913303,0.9358331516604897,1.0,1.0,0.0,1.0,0.7384696715627372,0.7991398108192074,1.0,1.0,0.985130857563283,1.0,0.791055567692734,0.991750077364403,0.16348418701762454,1242,309,-0.05945920456195936,163,690
C594,0.9,0.0,0.0,1.0,R452,True,0.896836709786494,1.0,0.2326787113687747,0.5958430430017807,0.9493621310771061,1.0,1.0,0.0,1.0,0.7384696715627372,0.7991398108192074,1.0,1.0,0.9861036644056608,1.0,0.8047904880484595,0.9973214593186097,0.17074076993243845,1254,290,-0.05220262164714546,142,608
C595,0.9,0.0,0.1,0.9,R453,True,0.9062420997529702,1.0,0.21955605429448605,0.643092544853933,0.9778431337401507,1.0,1.0,0.0,1.0,0.7384696715627372,0.7991398108192074,1.0,1.0,0.9913630002563953,1.0,0.8193937993008245,0.9996677740863787,0.18014615989891472,1279,254,-0.0427972316806692,133,535
C596,0.9,0.0,0.2,0.8,R454,True,0.9122441591770423,1.0,0.21212599690907205,0.6536803291189799,0.9904377880184333,1.0,1.0,0.0,1.0,0.7384696715627372,0.7991398108192074,1.0,1.0,0.9941393676596985,1.0,0.8291768242263258,1.0,0.1861482193229866,1315,215,-0.03679517225659728,108,460
C597,0.9,0.0,0.3,0.7,R455,True,0.9196306339681043,1.0,0.199072207571958,0.6729135818035793,0.995898202377893,1.0,1.0,0.0,1.0,0.7384696715627372,0.7991398108192074,1.0,1.0,0.9958074694695441,1.0,0.8426152923605732,1.0,0.1935346941140487,1339,187,-0.02940869746553521,58,380
C598,0.9,0.0,0.4,0.6,R456,True,0.9296135516433655,1.0,0.1822918188186156,0.7200796035242978,0.9993649452366674,1.0,1.0,0.0,1.0,0.7384696715627372,0.7991398108192074,1.0,1.0,0.9968194659833485,1.0,0.861771530500052,1.0,0.20351761178930983,1363,154,-0.019425779790274093,12,270
C599,0.9,0.0,0.5,0.5,R457,True,0.9277862753997205,1.0,0.1894557279099488,0.7257241251528831,1.0,1.0,1.0,0.0,1.0,0.7384696715627372,0.7991398108192074,1.0,1.0,0.9971464734681272,1.0,0.8578553720249391,1.0,0.20169033554566482,1365,160,-0.02125305603391911,42,254
C600,0.9,0.0,0.6,0.4,R458,True,0.9220418809974321,1.0,0.19885297529817758,0.700912406070025,0.9985075321583122,1.0,1.0,0.0,1.0,0.7384696715627372,0.7991398108192074,1.0,1.0,0.9965629813751606,1.0,0.8468333768947359,1.0,0.1959459411433766,1359,179,-0.026997450436207292,118,364
C601,0.9,0.0,0.7,0.3,R459,True,0.9127201246520842,1.0,0.2134981185600717,0.6637628239929703,0.9935875713953232,1.0,1.0,0.0,1.0,0.7384696715627372,0.7991398108192074,1.0,1.0,0.9946043956555798,1.0,0.8297567327797045,1.0,0.18662418479802856,1338,211,-0.03631920678155533,140,460
C602,0.9,0.0,0.8,0.2,R460,True,0.903173786169614,1.0,0.22875906888800512,0.627671318243529,0.9860298020919782,1.0,1.0,0.0,1.0,0.7384696715627372,0.7991398108192074,1.0,1.0,0.9919860616692796,1.0,0.8127587230038041,1.0,0.17707784631555834,1310,246,-0.04586554526402556,165,529
C603,0.9,0.0,0.9,0.1,R461,True,0.8917710898248996,1.0,0.24165568997789982,0.5721502727182102,0.9515406301120586,1.0,1.0,0.0,1.0,0.7384696715627372,0.7991398108192074,1.0,1.0,0.9902566071441982,1.0,0.7913368939344406,0.9955066492996596,0.16567514997084395,1285,286,-0.05726824160873995,162,615
C604,0.9,0.0,1.0,0.0,R001,False,0.8762318541809433,1.0,0.2590774684458285,0.5,0.9129185854548614,1.0,1.0,0.0,1.0,0.7384696715627372,0.7991398108192074,1.0,1.0,0.9877937573181792,1.0,0.7622287025073432,0.9671618251173708,0.1501359143268877,1236,325,-0.0728074772526962,152,726
C605,0.9,0.1,0.0,0.9,R462,True,0.8977804993815336,1.0,0.23165436592388747,0.6013787101908874,0.9509473572866475,1.0,1.0,0.0,1.0,0.7384696715627372,0.7991398108192074,1.0,1.0,0.9856760376874091,1.0,0.80702016861314,0.9978346957719487,0.17168455952747796,1256,288,-0.051258832052105914,154,608
C606,0.9,0.1,0.1,0.8,R463,True,0.9066674046826673,1.0,0.21901311188704028,0.6476830378429927,0.9783114310314635,1.0,1.0,0.0,1.0,0.7384696715627372,0.7991398108192074,1.0,1.0,0.991362197430448,1.0,0.8202450514209761,1.0,0.1805714648286117,1280,252,-0.042371926750972205,138,534
C607,0.9,0.1,0.2,0.7,R464,True,0.913979044804181,1.0,0.20906247532386926,0.6613296206056387,0.9919496023321398,1.0,1.0,0.0,1.0,0.7384696715627372,0.7991398108192074,1.0,1.0,0.994212829551342,1.0,0.8325878259672883,1.0,0.18788310495012536,1317,211,-0.03506028662945854,120,453
C608,0.9,0.1,0.3,0.6,R465,True,0.9217318519067753,1.0,0.19613414747973462,0.6856104073169347,0.9964640142646158,1.0,1.0,0.0,1.0,0.7384696715627372,0.7991398108192074,1.0,1.0,0.9957671633860788,1.0,0.8468499731046873,1.0,0.19563591205271966,1343,186,-0.027307479526864253,80,376
C609,0.9,0.1,0.4,0.5,R466,True,0.930766937387846,1.0,0.18078831750310886,0.7275172439646124,0.9999353002070392,1.0,1.0,0.0,1.0,0.7384696715627372,0.7991398108192074,1.0,1.0,0.9974455371983686,1.0,0.8635774450169972,1.0,0.20467099753379042,1365,149,-0.018272394045793477,18,256
C610,0.9,0.1,0.5,0.4,R467,True,0.9314804797927806,1.0,0.18338950903042486,0.7415727766278938,1.0,1.0,1.0,0.0,1.0,0.7384696715627372,0.7991398108192074,1.0,1.0,0.9973455569736912,1.0,0.8650845140066082,1.0,0.20538453993872502,1371,149,-0.017558851640858887,38,224
C611,0.9,0.1,0.6,0.3,R468,True,0.9237594054994592,1.0,0.19680786137107148,0.7106628972584714,0.9988639420842812,1.0,1.0,0.0,1.0,0.7384696715627372,0.7991398108192074,1.0,1.0,0.9966923288893584,1.0,0.8501649478874319,1.0,0.19766346564540369,1362,171,-0.025279925934180218,118,348
C612,0.9,0.1,0.7,0.2,R469,True,0.9154708494962581,1.0,0.20977756534404915,0.6721112615881321,0.9955781885022768,1.0,1.0,0.0,1.0,0.7384696715627372,0.7991398108192074,1.0,1.0,0.9956438003974439,1.0,0.834426658674561,1.0,0.18937490964220247,1349,198,-0.03356848193738141,139,441
C613,0.9,0.1,0.8,0.1,R470,True,0.9055537604748717,1.0,0.22595475263515194,0.6311405232576667,0.9882201723877212,1.0,1.0,0.0,1.0,0.7384696715627372,0.7991398108192074,1.0,1.0,0.99300218200305,1.0,0.8167057753473034,1.0,0.17945782062081608,1317,233,-0.043485570958767816,165,513
C614,0.9,0.1,0.9,0.0,R002,False,0.894288468518135,1.0,0.2389525543102076,0.5826994317294928,0.9640177680388389,1.0,1.0,0.0,1.0,0.7384696715627372,0.7991398108192074,1.0,1.0,0.9910764062411175,1.0,0.7957158120433762,0.9963702329459292,0.16819252866407947,1288,278,-0.05475086291550445,162,605
C615,0.9,0.2,0.0,0.8,R471,True,0.898110250010592,1.0,0.23119533644166274,0.6037804761063498,0.9548290914250721,1.0,1.0,0.0,1.0,0.7384696715627372,0.7991398108192074,1.0,1.0,0.9856453138761017,1.0,0.8077042489203027,0.9973214593186097,0.17201431015653643,1256,290,-0.050929081423047494,160,612
C616,0.9,0.2,0.1,0.7,R472,True,0.907984016618658,1.0,0.21776285339405982,0.6511632718264049,0.9822465970198706,1.0,1.0,0.0,1.0,0.7384696715627372,0.7991398108192074,1.0,1.0,0.991352187420438,1.0,0.8228862833009657,1.0,0.18188807676460245,1282,247,-0.04105531481498144,150,529
C617,0.9,0.2,0.2,0.6,R473,True,0.9151637292345033,1.0,0.2082128439328477,0.6661663205259996,0.993800195255448,1.0,1.0,0.0,1.0,0.7384696715627372,0.7991398108192074,1.0,1.0,0.9943230742576015,1.0,0.8348689990629251,1.0,0.18906778938044758,1321,208,-0.033875602199136344,134,451
C618,0.9,0.2,0.3,0.5,R474,True,0.9238545742932434,1.0,0.19279627000544944,0.6960796128298321,0.9977694493239646,1.0,1.0,0.0,1.0,0.7384696715627372,0.7991398108192074,1.0,1.0,0.9956296294375934,1.0,0.8512054450364118,1.0,0.19775863443918767,1344,178,-0.025184757140396235,95,369
C619,0.9,0.2,0.4,0.4,R475,True,0.9327824458928218,1.0,0.17718029506110797,0.7412327979611719,1.0,1.0,1.0,0.0,1.0,0.7384696715627372,0.7991398108192074,1.0,1.0,0.9974883964964539,1.0,0.8675741745884805,1.0,0.2066865060387662,1372,143,-0.016256885540817695,38,246
C620,0.9,0.2,0.5,0.3,R476,True,0.936368284754309,1.0,0.1729241436013271,0.7551989103929749,1.0,1.0,1.0,0.0,1.0,0.7384696715627372,0.7991398108192074,1.0,1.0,0.9975365242318717,1.0,0.8747073501231207,1.0,0.21027234490025343,1383,137,-0.012671046679330484,31,192
C621,0.9,0.2,0.6,0.2,R477,True,0.9259390388655092,1.0,0.19226178358771548,0.7203145544504498,0.9996338229368888,1.0,1.0,0.0,1.0,0.7384696715627372,0.7991398108192074,1.0,1.0,0.9968222933954043,1.0,0.8544202430146952,1.0,0.1998430990114537,1369,162,-0.023100292568130197,117,331
C622,0.9,0.2,0.7,0.1,R478,True,0.918059143884648,1.0,0.20634607102975913,0.6801903166632424,0.996753243898042,1.0,1.0,0.0,1.0,0.7384696715627372,0.7991398108192074,1.0,1.0,0.9963004651174456,1.0,0.8390779156753397,1.0,0.19196320403059242,1352,188,-0.03098018754899149,139,416
C623,0.9,0.2,0.8,0.0,R003,False,0.9086527450648986,1.0,0.22056940027225927,0.6420059543547526,0.9928765514565887,1.0,1.0,0.0,1.0,0.7384696715627372,0.7991398108192074,1.0,1.0,0.9934300182526854,1.0,0.8225614755276488,1.0,0.18255680521084292,1327,224,-0.040386586368740984,165,495
C624,0.9,0.3,0.0,0.7,R479,True,0.8973337552975886,1.0,0.23234109836484212,0.5979483304722067,0.9513819838701119,1.0,1.0,0.0,1.0,0.7384696715627372,0.7991398108192074,1.0,1.0,0.9858435133026755,1.0,0.8059926999530367,0.9976326774601584,0.17123781544353292,1256,291,-0.05170557613605096,165,617
C625,0.9,0.3,0.1,0.6,R480,True,0.9083896414659465,1.0,0.2173115199928237,0.6517886650282714,0.9838628217660477,1.0,1.0,0.0,1.0,0.7384696715627372,0.7991398108192074,1.0,1.0,0.9912947533793351,1.0,0.823743480228425,1.0,0.18229370161189093,1284,246,-0.04064968996769299,156,532
C626,0.9,0.3,0.2,0.5,R481,True,0.9165847033519112,1.0,0.20655189172507682,0.6704738555712579,0.9943595148539821,1.0,1.0,0.0,1.0,0.7384696715627372,0.7991398108192074,1.0,1.0,0.9940259411788979,1.0,0.8379486537607044,1.0,0.19048876349785565,1323,203,-0.03245462808172825,146,452
C627,0.9,0.3,0.3,0.4,R482,True,0.92450910805948,1.0,0.19201002705899445,0.7011629353056037,0.9985171558147079,1.0,1.0,0.0,1.0,0.7384696715627372,0.7991398108192074,1.0,1.0,0.9955860085554046,1.0,0.8525494092746362,1.0,0.1984131682054244,1345,176,-0.024530223374159527,109,361
C628,0.9,0.3,0.4,0.3,R483,True,0.9354400374154109,1.0,0.17168146642618728,0.7467340841345071,1.0,1.0,1.0,0.0,1.0,0.7384696715627372,0.7991398108192074,1.0,1.0,0.9975030408479182,1.0,0.8728776421524873,1.0,0.20934409756135533,1377,132,-0.013599294018228568,58,237
C629,0.9,0.3,0.5,0.2,R484,True,0.9403950404449842,1.0,0.16522617404108048,0.7716057250954708,1.0,1.0,1.0,0.0,1.0,0.7384696715627372,0.7991398108192074,1.0,1.0,0.9983149544050991,1.0,0.8821381173658891,1.0,0.21429910059092863,1388,122,-0.008644290988655278,28,144
C630,0.9,0.3,0.6,0.1,R485,True,0.9296088175369693,1.0,0.18536083594970099,0.7303090957622004,1.0,1.0,1.0,0.0,1.0,0.7384696715627372,0.7991398108192074,1.0,1.0,0.997192541395753,1.0,0.8614636019573362,1.0,0.20351287768291362,1376,154,-0.019430513896670283,116,306
C631,0.9,0.3,0.7,0.0,R004,False,0.9209221525129189,1.0,0.2013299710289476,0.68977986354159,0.9981331307576766,1.0,1.0,0.0,1.0,0.7384696715627372,0.7991398108192074,1.0,1.0,0.9969350783076452,1.0,0.8442962423797217,1.0,0.1948262126588632,1362,175,-0.02811717892072069,138,398
C632,0.9,0.4,0.0,0.6,R486,True,0.8971641353045547,1.0,0.23225747389789458,0.5979483304722067,0.9509473572866475,1.0,1.0,0.0,1.0,0.7384696715627372,0.7991398108192074,1.0,1.0,0.9853916585862208,1.0,0.8060149437401328,0.9979964452543504,0.17106819545049917,1254,294,-0.051875196129084734,164,628
C633,0.9,0.4,0.1,0.5,R487,True,0.9088093067850284,1.0,0.21694429135933144,0.6539856207889885,0.9850203934470559,1.0,1.0,0.0,1.0,0.7384696715627372,0.7991398108192074,1.0,1.0,0.991569051833293,1.0,0.8243633721034223,1.0,0.1827133669309727,1285,247,-0.0402300246486112,165,537
C634,0.9,0.4,0.2,0.4,R488,True,0.9166882408993172,1.0,0.20631367551708035,0.6704738555712579,0.9956491587436244,1.0,1.0,0.0,1.0,0.7384696715627372,0.7991398108192074,1.0,1.0,0.9944970005727809,1.0,0.8377788813404097,1.0,0.1905923010452616,1325,200,-0.0323510905343223,158,456
C635,0.9,0.4,0.3,0.3,R489,True,0.9263511973565071,1.0,0.18964769908194856,0.7172801864438542,0.9987279026246192,1.0,1.0,0.0,1.0,0.7384696715627372,0.7991398108192074,1.0,1.0,0.9955860085554046,1.0,0.8562335878686905,1.0,0.2002552575024515,1351,168,-0.022688134077132428,131,365
C636,0.9,0.4,0.4,0.2,R490,True,0.9367507533046106,1.0,0.16965238661144416,0.7532090426002399,1.0,1.0,1.0,0.0,1.0,0.7384696715627372,0.7991398108192074,1.0,1.0,0.9973442453750487,1.0,0.8756261103091821,1.0,0.21065481345055495,1375,134,-0.012288578129028942,88,233
C637,0.9,0.4,0.5,0.1,R491,True,0.9453084438641831,1.0,0.15498785053769054,0.789364810920554,1.0,1.0,1.0,0.0,1.0,0.7384696715627372,0.7991398108192074,1.0,1.0,0.9984473693395953,1.0,0.8918589922566899,1.0,0.21921250401012746,1401,105,-0.003730887569456447,9,83
C638,0.9,0.4,0.6,0.0,R005,False,0.9342662119212761,1.0,0.1781808003593362,0.7563444398738517,1.0,1.0,1.0,0.0,1.0,0.7384696715627372,0.7991398108192074,1.0,1.0,0.998010994835873,1.0,0.8701236279738537,1.0,0.20817027206722044,1381,141,-0.014773119512363467,115,273
C639,0.9,0.5,0.0,0.5,R492,True,0.896742497763896,1.0,0.23273018715988736,0.5979483304722067,0.9479402897768179,1.0,1.0,0.0,1.0,0.7384696715627372,0.7991398108192074,1.0,1.0,0.9851358438361799,1.0,0.8053763204588481,0.9973214593186097,0.1706465579098404,1251,299,-0.05229683366974352,167,636
C640,0.9,0.5,0.1,0.4,R493,True,0.9084515692214706,1.0,0.21745225176652608,0.6494763427724322,0.9850203934470559,1.0,1.0,0.0,1.0,0.7384696715627372,0.7991398108192074,1.0,1.0,0.9913738010934829,1.0,0.8238040975681546,1.0,0.1823556293674149,1284,249,-0.040587762212169004,168,546
C641,0.9,0.5,0.2,0.3,R494,True,0.9176948559458673,1.0,0.20498802304996797,0.6759643097404667,0.9963809680466088,1.0,1.0,0.0,1.0,0.7384696715627372,0.7991398108192074,1.0,1.0,0.994424381137437,1.0,0.8398502069817847,1.0,0.1915989160918116,1327,197,-0.031344475487772326,163,461
C642,0.9,0.5,0.3,0.2,R495,True,0.9268879542707444,1.0,0.1881907265090661,0.7192936724826571,0.9987279026246192,1.0,1.0,0.0,1.0,0.7384696715627372,0.7991398108192074,1.0,1.0,0.9958279440392755,1.0,0.8571135533100684,1.0,0.20079201441668887,1351,170,-0.022151377162895045,142,370
C643,0.9,0.5,0.4,0.1,R496,True,0.9378536209573458,1.0,0.1678820460337803,0.7599100642398287,1.0,1.0,1.0,0.0,1.0,0.7384696715627372,0.7991398108192074,1.0,1.0,0.9974638218099225,1.0,0.8777361844667535,1.0,0.21175768110329016,1380,133,-0.011185710476293766,105,244
C644,0.9,0.5,0.5,0.0,R006,False,0.9490393314336394,1.0,0.1487123702538861,0.8105509921442665,1.0,1.0,1.0,0.0,1.0,0.7384696715627372,0.7991398108192074,1.0,1.0,0.9984521793444054,1.0,0.8993169193917547,1.0,0.2229433915795839,1407,97,0.0,0,0
C645,0.9,0.6,0.0,0.4,R497,True,0.8967396972952514,1.0,0.23270598737626547,0.5979483304722067,0.9496671825905167,1.0,1.0,0.0,1.0,0.7384696715627372,0.7991398108192074,1.0,1.0,0.9852986473681886,1.0,0.8052404766959518,0.9971899594505966,0.1706437574411958,1249,299,-0.05229963413838808,168,640
C646,0.9,0.6,0.1,0.3,R498,True,0.9089570588387713,1.0,0.21625431750983823,0.6511632718264049,0.9847118843597716,1.0,1.0,0.0,1.0,0.7384696715627372,0.7991398108192074,1.0,1.0,0.9913023624673568,1.0,0.8248722277036571,1.0,0.18286111898471566,1284,250,-0.04008227259486823,170,553
C647,0.9,0.6,0.2,0.2,R499,True,0.918385968160744,1.0,0.20394788497185756,0.6828009892769755,0.9963809680466088,1.0,1.0,0.0,1.0,0.7384696715627372,0.7991398108192074,1.0,1.0,0.9944209714689455,1.0,0.8412351591463316,1.0,0.1922900283066884,1329,199,-0.0306533632728955,167,464
C648,0.9,0.6,0.3,0.1,R500,True,0.9275231114942506,1.0,0.1872825817948795,0.7197930592436589,0.9994022006636146,1.0,1.0,0.0,1.0,0.7384696715627372,0.7991398108192074,1.0,1.0,0.9957463043260367,1.0,0.8584491795276717,1.0,0.2014271716401949,1354,169,-0.02151621993938897,157,376
C649,0.9,0.6,0.4,0.0,R007,False,0.9390951736905078,1.0,0.16546806390344013,0.7684613444733178,1.0,1.0,1.0,0.0,1.0,0.7384696715627372,0.7991398108192074,1.0,1.0,0.997627293774578,1.0,0.8800885123613531,1.0,0.21299923383645217,1387,126,-0.009944157743131739,130,256
C650,0.9,0.7,0.0,0.3,R501,True,0.895083561275697,1.0,0.23446940562022373,0.5898480287637443,0.9453747178347293,1.0,1.0,0.0,1.0,0.7384696715627372,0.7991398108192074,1.0,1.0,0.9851957257214424,1.0,0.8020105419742403,0.9958176686608475,0.16898762142164145,1247,301,-0.05395577015794245,167,654
C651,0.9,0.7,0.1,0.2,R502,True,0.9084667774777389,1.0,0.21729189382498748,0.6494763427724322,0.9847118843597716,1.0,1.0,0.0,1.0,0.7384696715627372,0.7991398108192074,1.0,1.0,0.991261816717069,1.0,0.8239241015818225,1.0,0.1823708376236832,1282,252,-0.0405725539559007,172,560
C652,0.9,0.7,0.2,0.1,R503,True,0.9176902454202139,1.0,0.2047906224756799,0.6759643097404667,0.9963809680466088,1.0,1.0,0.0,1.0,0.7384696715627372,0.7991398108192074,1.0,1.0,0.9944083284664852,1.0,0.8398538280672395,1.0,0.19159430556615822,1327,200,-0.03134908601342567,169,470
C653,0.9,0.7,0.3,0.0,R008,False,0.9273775850462439,1.0,0.18754837069476388,0.7204594110069098,0.9994022006636146,1.0,1.0,0.0,1.0,0.7384696715627372,0.7991398108192074,1.0,1.0,0.9956916039531087,1.0,0.8582018869300007,1.0,0.2012816451921882,1356,167,-0.021661746387395694,162,383
C654,0.9,0.8,0.0,0.2,R504,True,0.8930168710979514,1.0,0.23729104952821867,0.578294928486729,0.9429456980896016,1.0,1.0,0.0,1.0,0.7384696715627372,0.7991398108192074,1.0,1.0,0.9851957257214424,1.0,0.7978771616187487,0.9943627667953685,0.16692093124389568,1246,303,-0.05602246033568823,167,664
C655,0.9,0.8,0.1,0.1,R505,True,0.9073099059351446,1.0,0.218829315414759,0.6483724685934023,0.9828618474759179,1.0,1.0,0.0,1.0,0.7384696715627372,0.7991398108192074,1.0,1.0,0.9911712354700057,1.0,0.8216828234942846,1.0,0.18121396608108895,1278,256,-0.04172942549849494,171,573
C656,0.9,0.8,0.2,0.0,R009,False,0.9175937591048605,1.0,0.20520870497094498,0.6759643097404667,0.9966188300263974,1.0,1.0,0.0,1.0,0.7384696715627372,0.7991398108192074,1.0,1.0,0.994571131998494,1.0,0.839530612610926,1.0,0.19149781925080497,1327,200,-0.031445572328778953,173,472
C657,0.9,0.9,0.0,0.1,R506,True,0.8916465718740927,1.0,0.23877347454111023,0.5752141395388088,0.9398260657639278,1.0,1.0,0.0,1.0,0.7384696715627372,0.7991398108192074,1.0,1.0,0.9851321935686271,1.0,0.7951873888932839,0.9933793264005988,0.16555063202003711,1244,304,-0.0573927595595468,166,675
C658,0.9,0.9,0.1,0.0,R010,False,0.9067941279301222,1.0,0.21957161193893204,0.6483724685934023,0.9824711227563244,1.0,1.0,0.0,1.0,0.7384696715627372,0.7991398108192074,1.0,1.0,0.9911698266224429,1.0,0.8206523945622901,1.0,0.1806981880760666,1276,259,-0.04224520350351729,172,579
C659,0.9,1.0,0.0,0.0,R011,False,0.8895801268716802,1.0,0.2406655342901791,0.5605141093913303,0.9358331516604897,1.0,1.0,0.0,1.0,0.7384696715627372,0.7991398108192074,1.0,1.0,0.985130857563283,1.0,0.791055567692734,0.991750077364403,0.16348418701762454,1242,309,-0.05945920456195936,163,690
C660,1.0,0.0,0.0,1.0,R011,False,0.8895801268716802,1.0,0.2406655342901791,0.5605141093913303,0.9358331516604897,1.0,1.0,0.0,1.0,0.7384696715627372,0.7991398108192074,1.0,1.0,0.985130857563283,1.0,0.791055567692734,0.991750077364403,0.16348418701762454,1242,309,-0.05945920456195936,163,690
C661,1.0,0.0,0.1,0.9,R010,False,0.9067941279301222,1.0,0.21957161193893204,0.6483724685934023,0.9824711227563244,1.0,1.0,0.0,1.0,0.7384696715627372,0.7991398108192074,1.0,1.0,0.9911698266224429,1.0,0.8206523945622901,1.0,0.1806981880760666,1276,259,-0.04224520350351729,172,579
C662,1.0,0.0,0.2,0.8,R009,False,0.9175937591048605,1.0,0.20520870497094498,0.6759643097404667,0.9966188300263974,1.0,1.0,0.0,1.0,0.7384696715627372,0.7991398108192074,1.0,1.0,0.994571131998494,1.0,0.839530612610926,1.0,0.19149781925080497,1327,200,-0.031445572328778953,173,472
C663,1.0,0.0,0.3,0.7,R008,False,0.9273775850462439,1.0,0.18754837069476388,0.7204594110069098,0.9994022006636146,1.0,1.0,0.0,1.0,0.7384696715627372,0.7991398108192074,1.0,1.0,0.9956916039531087,1.0,0.8582018869300007,1.0,0.2012816451921882,1356,167,-0.021661746387395694,162,383
C664,1.0,0.0,0.4,0.6,R007,False,0.9390951736905078,1.0,0.16546806390344013,0.7684613444733178,1.0,1.0,1.0,0.0,1.0,0.7384696715627372,0.7991398108192074,1.0,1.0,0.997627293774578,1.0,0.8800885123613531,1.0,0.21299923383645217,1387,126,-0.009944157743131739,130,256
C665,1.0,0.0,0.5,0.5,R006,False,0.9490393314336394,1.0,0.1487123702538861,0.8105509921442665,1.0,1.0,1.0,0.0,1.0,0.7384696715627372,0.7991398108192074,1.0,1.0,0.9984521793444054,1.0,0.8993169193917547,1.0,0.2229433915795839,1407,97,0.0,0,0
C666,1.0,0.0,0.6,0.4,R005,False,0.9342662119212761,1.0,0.1781808003593362,0.7563444398738517,1.0,1.0,1.0,0.0,1.0,0.7384696715627372,0.7991398108192074,1.0,1.0,0.998010994835873,1.0,0.8701236279738537,1.0,0.20817027206722044,1381,141,-0.014773119512363467,115,273
C667,1.0,0.0,0.7,0.3,R004,False,0.9209221525129189,1.0,0.2013299710289476,0.68977986354159,0.9981331307576766,1.0,1.0,0.0,1.0,0.7384696715627372,0.7991398108192074,1.0,1.0,0.9969350783076452,1.0,0.8442962423797217,1.0,0.1948262126588632,1362,175,-0.02811717892072069,138,398
C668,1.0,0.0,0.8,0.2,R003,False,0.9086527450648986,1.0,0.22056940027225927,0.6420059543547526,0.9928765514565887,1.0,1.0,0.0,1.0,0.7384696715627372,0.7991398108192074,1.0,1.0,0.9934300182526854,1.0,0.8225614755276488,1.0,0.18255680521084292,1327,224,-0.040386586368740984,165,495
C669,1.0,0.0,0.9,0.1,R002,False,0.894288468518135,1.0,0.2389525543102076,0.5826994317294928,0.9640177680388389,1.0,1.0,0.0,1.0,0.7384696715627372,0.7991398108192074,1.0,1.0,0.9910764062411175,1.0,0.7957158120433762,0.9963702329459292,0.16819252866407947,1288,278,-0.05475086291550445,162,605
C670,1.0,0.0,1.0,0.0,R001,False,0.8762318541809433,1.0,0.2590774684458285,0.5,0.9129185854548614,1.0,1.0,0.0,1.0,0.7384696715627372,0.7991398108192074,1.0,1.0,0.9877937573181792,1.0,0.7622287025073432,0.9671618251173708,0.1501359143268877,1236,325,-0.0728074772526962,152,726
C671,1.0,0.1,0.0,0.9,R011,False,0.8895801268716802,1.0,0.2406655342901791,0.5605141093913303,0.9358331516604897,1.0,1.0,0.0,1.0,0.7384696715627372,0.7991398108192074,1.0,1.0,0.985130857563283,1.0,0.791055567692734,0.991750077364403,0.16348418701762454,1242,309,-0.05945920456195936,163,690
C672,1.0,0.1,0.1,0.8,R010,False,0.9067941279301222,1.0,0.21957161193893204,0.6483724685934023,0.9824711227563244,1.0,1.0,0.0,1.0,0.7384696715627372,0.7991398108192074,1.0,1.0,0.9911698266224429,1.0,0.8206523945622901,1.0,0.1806981880760666,1276,259,-0.04224520350351729,172,579
C673,1.0,0.1,0.2,0.7,R009,False,0.9175937591048605,1.0,0.20520870497094498,0.6759643097404667,0.9966188300263974,1.0,1.0,0.0,1.0,0.7384696715627372,0.7991398108192074,1.0,1.0,0.994571131998494,1.0,0.839530612610926,1.0,0.19149781925080497,1327,200,-0.031445572328778953,173,472
C674,1.0,0.1,0.3,0.6,R008,False,0.9273775850462439,1.0,0.18754837069476388,0.7204594110069098,0.9994022006636146,1.0,1.0,0.0,1.0,0.7384696715627372,0.7991398108192074,1.0,1.0,0.9956916039531087,1.0,0.8582018869300007,1.0,0.2012816451921882,1356,167,-0.021661746387395694,162,383
C675,1.0,0.1,0.4,0.5,R007,False,0.9390951736905078,1.0,0.16546806390344013,0.7684613444733178,1.0,1.0,1.0,0.0,1.0,0.7384696715627372,0.7991398108192074,1.0,1.0,0.997627293774578,1.0,0.8800885123613531,1.0,0.21299923383645217,1387,126,-0.009944157743131739,130,256
C676,1.0,0.1,0.5,0.4,R006,False,0.9490393314336394,1.0,0.1487123702538861,0.8105509921442665,1.0,1.0,1.0,0.0,1.0,0.7384696715627372,0.7991398108192074,1.0,1.0,0.9984521793444054,1.0,0.8993169193917547,1.0,0.2229433915795839,1407,97,0.0,0,0
C677,1.0,0.1,0.6,0.3,R005,False,0.9342662119212761,1.0,0.1781808003593362,0.7563444398738517,1.0,1.0,1.0,0.0,1.0,0.7384696715627372,0.7991398108192074,1.0,1.0,0.998010994835873,1.0,0.8701236279738537,1.0,0.20817027206722044,1381,141,-0.014773119512363467,115,273
C678,1.0,0.1,0.7,0.2,R004,False,0.9209221525129189,1.0,0.2013299710289476,0.68977986354159,0.9981331307576766,1.0,1.0,0.0,1.0,0.7384696715627372,0.7991398108192074,1.0,1.0,0.9969350783076452,1.0,0.8442962423797217,1.0,0.1948262126588632,1362,175,-0.02811717892072069,138,398
C679,1.0,0.1,0.8,0.1,R003,False,0.9086527450648986,1.0,0.22056940027225927,0.6420059543547526,0.9928765514565887,1.0,1.0,0.0,1.0,0.7384696715627372,0.7991398108192074,1.0,1.0,0.9934300182526854,1.0,0.8225614755276488,1.0,0.18255680521084292,1327,224,-0.040386586368740984,165,495
C680,1.0,0.1,0.9,0.0,R002,False,0.894288468518135,1.0,0.2389525543102076,0.5826994317294928,0.9640177680388389,1.0,1.0,0.0,1.0,0.7384696715627372,0.7991398108192074,1.0,1.0,0.9910764062411175,1.0,0.7957158120433762,0.9963702329459292,0.16819252866407947,1288,278,-0.05475086291550445,162,605
C681,1.0,0.2,0.0,0.8,R011,False,0.8895801268716802,1.0,0.2406655342901791,0.5605141093913303,0.9358331516604897,1.0,1.0,0.0,1.0,0.7384696715627372,0.7991398108192074,1.0,1.0,0.985130857563283,1.0,0.791055567692734,0.991750077364403,0.16348418701762454,1242,309,-0.05945920456195936,163,690
C682,1.0,0.2,0.1,0.7,R010,False,0.9067941279301222,1.0,0.21957161193893204,0.6483724685934023,0.9824711227563244,1.0,1.0,0.0,1.0,0.7384696715627372,0.7991398108192074,1.0,1.0,0.9911698266224429,1.0,0.8206523945622901,1.0,0.1806981880760666,1276,259,-0.04224520350351729,172,579
C683,1.0,0.2,0.2,0.6,R009,False,0.9175937591048605,1.0,0.20520870497094498,0.6759643097404667,0.9966188300263974,1.0,1.0,0.0,1.0,0.7384696715627372,0.7991398108192074,1.0,1.0,0.994571131998494,1.0,0.839530612610926,1.0,0.19149781925080497,1327,200,-0.031445572328778953,173,472
C684,1.0,0.2,0.3,0.5,R008,False,0.9273775850462439,1.0,0.18754837069476388,0.7204594110069098,0.9994022006636146,1.0,1.0,0.0,1.0,0.7384696715627372,0.7991398108192074,1.0,1.0,0.9956916039531087,1.0,0.8582018869300007,1.0,0.2012816451921882,1356,167,-0.021661746387395694,162,383
C685,1.0,0.2,0.4,0.4,R007,False,0.9390951736905078,1.0,0.16546806390344013,0.7684613444733178,1.0,1.0,1.0,0.0,1.0,0.7384696715627372,0.7991398108192074,1.0,1.0,0.997627293774578,1.0,0.8800885123613531,1.0,0.21299923383645217,1387,126,-0.009944157743131739,130,256
C686,1.0,0.2,0.5,0.3,R006,False,0.9490393314336394,1.0,0.1487123702538861,0.8105509921442665,1.0,1.0,1.0,0.0,1.0,0.7384696715627372,0.7991398108192074,1.0,1.0,0.9984521793444054,1.0,0.8993169193917547,1.0,0.2229433915795839,1407,97,0.0,0,0
C687,1.0,0.2,0.6,0.2,R005,False,0.9342662119212761,1.0,0.1781808003593362,0.7563444398738517,1.0,1.0,1.0,0.0,1.0,0.7384696715627372,0.7991398108192074,1.0,1.0,0.998010994835873,1.0,0.8701236279738537,1.0,0.20817027206722044,1381,141,-0.014773119512363467,115,273
C688,1.0,0.2,0.7,0.1,R004,False,0.9209221525129189,1.0,0.2013299710289476,0.68977986354159,0.9981331307576766,1.0,1.0,0.0,1.0,0.7384696715627372,0.7991398108192074,1.0,1.0,0.9969350783076452,1.0,0.8442962423797217,1.0,0.1948262126588632,1362,175,-0.02811717892072069,138,398
C689,1.0,0.2,0.8,0.0,R003,False,0.9086527450648986,1.0,0.22056940027225927,0.6420059543547526,0.9928765514565887,1.0,1.0,0.0,1.0,0.7384696715627372,0.7991398108192074,1.0,1.0,0.9934300182526854,1.0,0.8225614755276488,1.0,0.18255680521084292,1327,224,-0.040386586368740984,165,495
C690,1.0,0.3,0.0,0.7,R011,False,0.8895801268716802,1.0,0.2406655342901791,0.5605141093913303,0.9358331516604897,1.0,1.0,0.0,1.0,0.7384696715627372,0.7991398108192074,1.0,1.0,0.985130857563283,1.0,0.791055567692734,0.991750077364403,0.16348418701762454,1242,309,-0.05945920456195936,163,690
C691,1.0,0.3,0.1,0.6,R010,False,0.9067941279301222,1.0,0.21957161193893204,0.6483724685934023,0.9824711227563244,1.0,1.0,0.0,1.0,0.7384696715627372,0.7991398108192074,1.0,1.0,0.9911698266224429,1.0,0.8206523945622901,1.0,0.1806981880760666,1276,259,-0.04224520350351729,172,579
C692,1.0,0.3,0.2,0.5,R009,False,0.9175937591048605,1.0,0.20520870497094498,0.6759643097404667,0.9966188300263974,1.0,1.0,0.0,1.0,0.7384696715627372,0.7991398108192074,1.0,1.0,0.994571131998494,1.0,0.839530612610926,1.0,0.19149781925080497,1327,200,-0.031445572328778953,173,472
C693,1.0,0.3,0.3,0.4,R008,False,0.9273775850462439,1.0,0.18754837069476388,0.7204594110069098,0.9994022006636146,1.0,1.0,0.0,1.0,0.7384696715627372,0.7991398108192074,1.0,1.0,0.9956916039531087,1.0,0.8582018869300007,1.0,0.2012816451921882,1356,167,-0.021661746387395694,162,383
C694,1.0,0.3,0.4,0.3,R007,False,0.9390951736905078,1.0,0.16546806390344013,0.7684613444733178,1.0,1.0,1.0,0.0,1.0,0.7384696715627372,0.7991398108192074,1.0,1.0,0.997627293774578,1.0,0.8800885123613531,1.0,0.21299923383645217,1387,126,-0.009944157743131739,130,256
C695,1.0,0.3,0.5,0.2,R006,False,0.9490393314336394,1.0,0.1487123702538861,0.8105509921442665,1.0,1.0,1.0,0.0,1.0,0.7384696715627372,0.7991398108192074,1.0,1.0,0.9984521793444054,1.0,0.8993169193917547,1.0,0.2229433915795839,1407,97,0.0,0,0
C696,1.0,0.3,0.6,0.1,R005,False,0.9342662119212761,1.0,0.1781808003593362,0.7563444398738517,1.0,1.0,1.0,0.0,1.0,0.7384696715627372,0.7991398108192074,1.0,1.0,0.998010994835873,1.0,0.8701236279738537,1.0,0.20817027206722044,1381,141,-0.014773119512363467,115,273
C697,1.0,0.3,0.7,0.0,R004,False,0.9209221525129189,1.0,0.2013299710289476,0.68977986354159,0.9981331307576766,1.0,1.0,0.0,1.0,0.7384696715627372,0.7991398108192074,1.0,1.0,0.9969350783076452,1.0,0.8442962423797217,1.0,0.1948262126588632,1362,175,-0.02811717892072069,138,398
C698,1.0,0.4,0.0,0.6,R011,False,0.8895801268716802,1.0,0.2406655342901791,0.5605141093913303,0.9358331516604897,1.0,1.0,0.0,1.0,0.7384696715627372,0.7991398108192074,1.0,1.0,0.985130857563283,1.0,0.791055567692734,0.991750077364403,0.16348418701762454,1242,309,-0.05945920456195936,163,690
C699,1.0,0.4,0.1,0.5,R010,False,0.9067941279301222,1.0,0.21957161193893204,0.6483724685934023,0.9824711227563244,1.0,1.0,0.0,1.0,0.7384696715627372,0.7991398108192074,1.0,1.0,0.9911698266224429,1.0,0.8206523945622901,1.0,0.1806981880760666,1276,259,-0.04224520350351729,172,579
C700,1.0,0.4,0.2,0.4,R009,False,0.9175937591048605,1.0,0.20520870497094498,0.6759643097404667,0.9966188300263974,1.0,1.0,0.0,1.0,0.7384696715627372,0.7991398108192074,1.0,1.0,0.994571131998494,1.0,0.839530612610926,1.0,0.19149781925080497,1327,200,-0.031445572328778953,173,472
C701,1.0,0.4,0.3,0.3,R008,False,0.9273775850462439,1.0,0.18754837069476388,0.7204594110069098,0.9994022006636146,1.0,1.0,0.0,1.0,0.7384696715627372,0.7991398108192074,1.0,1.0,0.9956916039531087,1.0,0.8582018869300007,1.0,0.2012816451921882,1356,167,-0.021661746387395694,162,383
C702,1.0,0.4,0.4,0.2,R007,False,0.9390951736905078,1.0,0.16546806390344013,0.7684613444733178,1.0,1.0,1.0,0.0,1.0,0.7384696715627372,0.7991398108192074,1.0,1.0,0.997627293774578,1.0,0.8800885123613531,1.0,0.21299923383645217,1387,126,-0.009944157743131739,130,256
C703,1.0,0.4,0.5,0.1,R006,False,0.9490393314336394,1.0,0.1487123702538861,0.8105509921442665,1.0,1.0,1.0,0.0,1.0,0.7384696715627372,0.7991398108192074,1.0,1.0,0.9984521793444054,1.0,0.8993169193917547,1.0,0.2229433915795839,1407,97,0.0,0,0
C704,1.0,0.4,0.6,0.0,R005,False,0.9342662119212761,1.0,0.1781808003593362,0.7563444398738517,1.0,1.0,1.0,0.0,1.0,0.7384696715627372,0.7991398108192074,1.0,1.0,0.998010994835873,1.0,0.8701236279738537,1.0,0.20817027206722044,1381,141,-0.014773119512363467,115,273
C705,1.0,0.5,0.0,0.5,R011,False,0.8895801268716802,1.0,0.2406655342901791,0.5605141093913303,0.9358331516604897,1.0,1.0,0.0,1.0,0.7384696715627372,0.7991398108192074,1.0,1.0,0.985130857563283,1.0,0.791055567692734,0.991750077364403,0.16348418701762454,1242,309,-0.05945920456195936,163,690
C706,1.0,0.5,0.1,0.4,R010,False,0.9067941279301222,1.0,0.21957161193893204,0.6483724685934023,0.9824711227563244,1.0,1.0,0.0,1.0,0.7384696715627372,0.7991398108192074,1.0,1.0,0.9911698266224429,1.0,0.8206523945622901,1.0,0.1806981880760666,1276,259,-0.04224520350351729,172,579
C707,1.0,0.5,0.2,0.3,R009,False,0.9175937591048605,1.0,0.20520870497094498,0.6759643097404667,0.9966188300263974,1.0,1.0,0.0,1.0,0.7384696715627372,0.7991398108192074,1.0,1.0,0.994571131998494,1.0,0.839530612610926,1.0,0.19149781925080497,1327,200,-0.031445572328778953,173,472
C708,1.0,0.5,0.3,0.2,R008,False,0.9273775850462439,1.0,0.18754837069476388,0.7204594110069098,0.9994022006636146,1.0,1.0,0.0,1.0,0.7384696715627372,0.7991398108192074,1.0,1.0,0.9956916039531087,1.0,0.8582018869300007,1.0,0.2012816451921882,1356,167,-0.021661746387395694,162,383
C709,1.0,0.5,0.4,0.1,R007,False,0.9390951736905078,1.0,0.16546806390344013,0.7684613444733178,1.0,1.0,1.0,0.0,1.0,0.7384696715627372,0.7991398108192074,1.0,1.0,0.997627293774578,1.0,0.8800885123613531,1.0,0.21299923383645217,1387,126,-0.009944157743131739,130,256
C710,1.0,0.5,0.5,0.0,R006,False,0.9490393314336394,1.0,0.1487123702538861,0.8105509921442665,1.0,1.0,1.0,0.0,1.0,0.7384696715627372,0.7991398108192074,1.0,1.0,0.9984521793444054,1.0,0.8993169193917547,1.0,0.2229433915795839,1407,97,0.0,0,0
C711,1.0,0.6,0.0,0.4,R011,False,0.8895801268716802,1.0,0.2406655342901791,0.5605141093913303,0.9358331516604897,1.0,1.0,0.0,1.0,0.7384696715627372,0.7991398108192074,1.0,1.0,0.985130857563283,1.0,0.791055567692734,0.991750077364403,0.16348418701762454,1242,309,-0.05945920456195936,163,690
C712,1.0,0.6,0.1,0.3,R010,False,0.9067941279301222,1.0,0.21957161193893204,0.6483724685934023,0.9824711227563244,1.0,1.0,0.0,1.0,0.7384696715627372,0.7991398108192074,1.0,1.0,0.9911698266224429,1.0,0.8206523945622901,1.0,0.1806981880760666,1276,259,-0.04224520350351729,172,579
C713,1.0,0.6,0.2,0.2,R009,False,0.9175937591048605,1.0,0.20520870497094498,0.6759643097404667,0.9966188300263974,1.0,1.0,0.0,1.0,0.7384696715627372,0.7991398108192074,1.0,1.0,0.994571131998494,1.0,0.839530612610926,1.0,0.19149781925080497,1327,200,-0.031445572328778953,173,472
C714,1.0,0.6,0.3,0.1,R008,False,0.9273775850462439,1.0,0.18754837069476388,0.7204594110069098,0.9994022006636146,1.0,1.0,0.0,1.0,0.7384696715627372,0.7991398108192074,1.0,1.0,0.9956916039531087,1.0,0.8582018869300007,1.0,0.2012816451921882,1356,167,-0.021661746387395694,162,383
C715,1.0,0.6,0.4,0.0,R007,False,0.9390951736905078,1.0,0.16546806390344013,0.7684613444733178,1.0,1.0,1.0,0.0,1.0,0.7384696715627372,0.7991398108192074,1.0,1.0,0.997627293774578,1.0,0.8800885123613531,1.0,0.21299923383645217,1387,126,-0.009944157743131739,130,256
C716,1.0,0.7,0.0,0.3,R011,False,0.8895801268716802,1.0,0.2406655342901791,0.5605141093913303,0.9358331516604897,1.0,1.0,0.0,1.0,0.7384696715627372,0.7991398108192074,1.0,1.0,0.985130857563283,1.0,0.791055567692734,0.991750077364403,0.16348418701762454,1242,309,-0.05945920456195936,163,690
C717,1.0,0.7,0.1,0.2,R010,False,0.9067941279301222,1.0,0.21957161193893204,0.6483724685934023,0.9824711227563244,1.0,1.0,0.0,1.0,0.7384696715627372,0.7991398108192074,1.0,1.0,0.9911698266224429,1.0,0.8206523945622901,1.0,0.1806981880760666,1276,259,-0.04224520350351729,172,579
C718,1.0,0.7,0.2,0.1,R009,False,0.9175937591048605,1.0,0.20520870497094498,0.6759643097404667,0.9966188300263974,1.0,1.0,0.0,1.0,0.7384696715627372,0.7991398108192074,1.0,1.0,0.994571131998494,1.0,0.839530612610926,1.0,0.19149781925080497,1327,200,-0.031445572328778953,173,472
C719,1.0,0.7,0.3,0.0,R008,False,0.9273775850462439,1.0,0.18754837069476388,0.7204594110069098,0.9994022006636146,1.0,1.0,0.0,1.0,0.7384696715627372,0.7991398108192074,1.0,1.0,0.9956916039531087,1.0,0.8582018869300007,1.0,0.2012816451921882,1356,167,-0.021661746387395694,162,383
C720,1.0,0.8,0.0,0.2,R011,False,0.8895801268716802,1.0,0.2406655342901791,0.5605141093913303,0.9358331516604897,1.0,1.0,0.0,1.0,0.7384696715627372,0.7991398108192074,1.0,1.0,0.985130857563283,1.0,0.791055567692734,0.991750077364403,0.16348418701762454,1242,309,-0.05945920456195936,163,690
C721,1.0,0.8,0.1,0.1,R010,False,0.9067941279301222,1.0,0.21957161193893204,0.6483724685934023,0.9824711227563244,1.0,1.0,0.0,1.0,0.7384696715627372,0.7991398108192074,1.0,1.0,0.9911698266224429,1.0,0.8206523945622901,1.0,0.1806981880760666,1276,259,-0.04224520350351729,172,579
C722,1.0,0.8,0.2,0.0,R009,False,0.9175937591048605,1.0,0.20520870497094498,0.6759643097404667,0.9966188300263974,1.0,1.0,0.0,1.0,0.7384696715627372,0.7991398108192074,1.0,1.0,0.994571131998494,1.0,0.839530612610926,1.0,0.19149781925080497,1327,200,-0.031445572328778953,173,472
C723,1.0,0.9,0.0,0.1,R011,False,0.8895801268716802,1.0,0.2406655342901791,0.5605141093913303,0.9358331516604897,1.0,1.0,0.0,1.0,0.7384696715627372,0.7991398108192074,1.0,1.0,0.985130857563283,1.0,0.791055567692734,0.991750077364403,0.16348418701762454,1242,309,-0.05945920456195936,163,690
C724,1.0,0.9,0.1,0.0,R010,False,0.9067941279301222,1.0,0.21957161193893204,0.6483724685934023,0.9824711227563244,1.0,1.0,0.0,1.0,0.7384696715627372,0.7991398108192074,1.0,1.0,0.9911698266224429,1.0,0.8206523945622901,1.0,0.1806981880760666,1276,259,-0.04224520350351729,172,579
C725,1.0,1.0,0.0,0.0,R011,False,0.8895801268716802,1.0,0.2406655342901791,0.5605141093913303,0.9358331516604897,1.0,1.0,0.0,1.0,0.7384696715627372,0.7991398108192074,1.0,1.0,0.985130857563283,1.0,0.791055567692734,0.991750077364403,0.16348418701762454,1242,309,-0.05945920456195936,163,690
