State,District,Subdistt,Town/Village,Ward,Level,Name,TRU,households,pop,hh_size,sex_ratio,child_0_6_pct,child_sex_ratio,sc_pct,st_pct,literacy_pct,female_literacy_pct,male_literacy_pct,literacy_gender_gap,illiterate_pct,wpr_pct,female_wpr_pct,agri_dependence_pct,ag_labour_pct,marginal_worker_pct,seasonal_lt3m_pct,dependency_pct,key
01,001,00000,000000,0000,DISTRICT,Kupwara,Total,113929,870354,7.639442108681723,835.4541428541302,21.69209310234686,879.3537662130819,0.12041077538564769,8.0831477766518,64.50739190910213,50.948103630309426,75.67555273712911,24.727449106819684,35.492608090897875,26.318486500895037,9.63363657475187,39.91853805050117,24.7786644780498,45.937816505430796,13.153965703908078,73.68151349910497,01-001
01,001,00000,000000,0000,DISTRICT,Kupwara,Rural,101930,765625,7.511282252526244,858.1417247923735,22.150269387755102,879.4037790214439,0.11389387755102041,8.945763265306123,62.91522170603503,49.67035451475747,74.20222931420776,24.531874799450286,37.08477829396497,25.599085714285714,9.616020950996502,44.10106483394815,26.988718984861706,49.1762460904216,14.377554300408688,74.40091428571428,01-001
01,001,00000,000000,0000,DISTRICT,Kupwara,Urban,11999,104729,8.728144012001,685.0463380100399,18.34257941926305,878.9123630672926,0.16805278385165523,1.7769672201586952,75.60425168675967,61.37953618528773,84.80588507163766,23.426348886349928,24.395748313240333,31.57769099294369,9.779928130211147,15.131081612288714,11.680928910525838,26.74548698255269,5.902452299597835,68.4223090070563,01-001
01,002,00000,000000,0000,DISTRICT,Badgam,Total,103363,753745,7.292212880818088,893.636585175899,20.59078335511347,831.9405099150141,0.04882287776369992,3.1724256877325887,56.077675288158076,44.845068052254035,66.30292894507551,21.457860892821472,43.922324711841924,28.506457754280294,14.699862807277961,42.78434000726034,17.047834464270757,38.56496607187736,9.675797939180699,71.49354224571971,01-002
01,002,00000,000000,0000,DISTRICT,Badgam,Rural,89417,655833,7.334544885200801,909.9057908761304,21.43960428950663,831.9544512918062,0.0131130943395651,3.551666354087092,54.00844291329031,43.293254435965615,63.99869483032794,20.705440394362327,45.99155708670969,27.71559223155895,15.10619367062679,48.04090929096431,18.9571321684785,41.47044584305269,10.449584085207517,72.28440776844106,01-002
01,002,00000,000000,0000,DISTRICT,Badgam,Urban,13946,97912,7.0207944930446,791.4227166276346,14.905221014788788,831.8062005773818,0.2880137266116513,0.6322003431652913,68.8734727189803,55.376887165906794,79.46197177065261,24.085084604745816,31.126527281019705,33.80382384181714,11.764841871647864,13.916248715934499,6.562330050154087,22.60861683485407,5.426309746812496,66.19617615818287,01-002
01,003,00000,000000,0000,DISTRICT,Leh(Ladakh),Total,21909,133487,6.092792916153179,690.329361411151,9.001625626465499,946.2261094914156,0.3655786705821541,71.80998898769168,77.19537996723498,63.55754612318692,86.31399645589791,22.75645033271099,22.804620032765015,56.24442829638841,40.01394086139849,29.9870802754432,2.191025453189307,23.913477803380438,2.2789328573902154,43.75557170361159,01-003
01,003,00000,000000,0000,DISTRICT,Leh(Ladakh),Rural,14905,87816,5.891714189869171,813.9678998574705,10.309055297440102,932.7497865072587,0.12298442197321673,84.02682882390454,72.10111346698322,59.15915058796666,82.47078464106845,23.31163405310179,27.89888653301678,55.09360481005739,44.28879583809161,44.4968065976313,2.5009817903722533,29.521919761889997,2.949504970959674,44.90639518994261,01-003
01,003,00000,000000,0000,DISTRICT,Leh(Ladakh),Urban,7004,45671,6.520702455739578,494.4698952879581,6.487705546189047,988.5906040268457,0.8320378358257975,48.31950252895711,86.59033436358527,74.85701715794106,92.09494324045407,17.237926082513013,13.40966563641473,58.457226686518794,28.866388723446494,3.6931605363697653,1.629335530751367,13.750093639973032,1.0637500936399729,41.5427733134812,01-003
01,004,00000,000000,0000,DISTRICT,Kargil,Total,18338,140802,7.6781546515432435,810.1433438323584,14.153208051022004,977.3764635840445,0.012783909319469893,86.88512947259271,71.34371328821749,56.3037222337164,83.15388364570872,26.850161411992318,28.656286711782514,36.84109600715899,19.09643429550756,23.18932778131205,7.254255585757523,44.20796946388295,14.273321381065292,63.15890399284101,01-004
01,004,00000,000000,0000,DISTRICT,Kargil,Rural,16147,124464,7.708181086269895,838.3823464248261,14.750449929296824,976.2109795479009,0.008034451729014012,89.0538629643913,69.64422034776871,54.98196762559758,81.61539383356444,26.633426207966856,30.35577965223129,35.7211723871963,18.94963090854636,25.98740440845704,8.35582546108862,48.630229419703106,16.257309941520468,64.2788276128037,01-004
01,004,00000,000000,0000,DISTRICT,Kargil,Urban,2191,16338,7.456869009584665,620.511803213648,9.603378626514873,991.1167512690355,0.04896560166483046,70.36356959236136,83.5533888550342,67.81735159817352,92.82332687755542,25.0059752793819,16.4466111449658,45.37275064267352,20.42838874680307,6.4076622150276545,0.6475111290975314,17.685147713476326,2.374207473357615,54.62724935732648,01-004
01,005,00000,000000,0000,DISTRICT,Punch,Total,90261,476835,5.282846412071659,892.9610677295266,17.75750521668921,892.8755057787315,0.1166021789507901,36.93122358887246,66.7389159044372,53.185761777345334,78.84160528272014,25.655843505374804,33.26108409556279,33.84671846655552,19.434861471707507,53.19127843215009,19.56900237308929,54.61575161252347,16.562056594771768,66.15328153344448,01-005
01,005,00000,000000,0000,DISTRICT,Punch,Rural,83045,438205,5.276717442350533,907.1130763271736,18.311292659828162,893.3695139216612,0.06344062710375281,39.025342020287304,64.68276139500061,50.90285513279006,77.22552483003724,26.322669697247186,35.31723860499939,33.589073607101696,19.731709774457734,56.92952598359932,20.924117970772272,58.22989489703714,17.826060371359272,66.4109263928983,01-005
01,005,00000,000000,0000,DISTRICT,Punch,Urban,7216,38630,5.353381374722838,745.9887005649719,11.475537147294848,883.9779005524862,0.7196479420139787,13.176287859176805,88.26212825686464,80.18024263431542,94.1584058264212,13.978163192105782,11.737871743135358,36.76935024592286,15.68615571039079,14.45367502112081,5.526612221909321,17.16417910447761,3.4638130104196003,63.23064975407714,01-005
01,006,00000,000000,0000,DISTRICT,Rajouri,Total,130401,642415,4.926457619190037,860.1799328798816,16.853747188343984,865.1013763759453,7.496244639368632,36.24059214059447,68.16682392763,56.57014146586508,78.13052558301426,21.560384117149184,31.833176072369994,45.28412319139497,35.73640696954192,55.18610438895612,8.255417445825541,55.183354416455835,19.769552304476957,54.715876808605024,01-006
01,006,00000,000000,0000,DISTRICT,Rajouri,Rural,122645,590101,4.811455827795671,898.9695830705266,17.526491227772873,866.7244242292975,7.819169938705409,38.9241841650836,66.00065341078374,54.94114544833638,76.02019236794285,21.079046919606476,33.99934658921626,44.63422363290352,36.81829083632537,60.58955073712826,8.976145367842756,59.93765827470604,21.675709127633482,55.36577636709647,01-006
01,006,00000,000000,0000,DISTRICT,Rajouri,Urban,7756,52314,6.744971634863331,511.8342340259515,9.265206254539894,831.129580657348,3.8536529418511294,5.969721298314027,90.37647207533655,80.86519244407195,94.99311553385905,14.127923089787103,9.623527924663449,52.614978781970414,18.672011744113828,3.48047229791099,1.3587647593097183,9.689373297002724,1.5295186194368755,47.385021218029586,01-006
01,007,00000,000000,0000,DISTRICT,Kathua,Total,119583,616435,5.154871511836967,890.2728842196934,13.616358577952258,831.3442279580215,22.909795842221808,8.647627081525222,73.09009031002876,63.71544228718238,81.52642395353152,17.810981666349143,26.909909689971244,32.51453924582478,13.39287559502077,45.45155190564334,10.759812603838729,28.730086663240716,6.760431270611831,67.48546075417522,01-007
01,007,00000,000000,0000,DISTRICT,Kathua,Rural,101651,526722,5.181670618095247,893.8251008535699,14.125288102642381,833.8468364102438,22.724131515296495,9.87598771268335,70.82669166366364,60.75868619800154,79.92885858011829,19.170172382116746,29.173308336336362,32.778771344276485,13.999018487827641,51.3996281558965,11.904224079512085,31.592268886147355,7.6233833179846275,67.22122865572351,01-007
01,007,00000,000000,0000,DISTRICT,Kathua,Urban,17932,89713,5.002955610082534,869.6830127336765,10.62833703030776,812.0486507031546,23.999866240121275,1.4356893649749758,85.85896380553268,80.66849987986224,90.40986868284918,9.74136880298694,14.141036194467318,30.963182593381116,9.781931464174455,8.481532147742818,3.6467708258333933,10.94031247750018,1.3967888256893946,69.0368174066189,01-007
01,008,00000,000000,0000,DISTRICT,Baramula,Total,152635,1008039,6.604245422085367,885.1258478530407,16.326848465188352,863.4413106735658,0.14642290625660317,3.740430677781316,64.63261952580923,52.3815880275837,75.52888363216043,23.147295604576726,35.36738047419077,30.17740385044626,11.539891740227253,39.36259040105194,20.462195923734384,38.21203155818541,9.443786982248522,69.82259614955375,01-008
01,008,00000,000000,0000,DISTRICT,Baramula,Rural,125346,825539,6.586081725783033,909.2065430308581,17.26435698374032,865.3997172922884,0.039125952862311776,4.381258789711934,61.95954700848444,49.633967341447004,73.28192811696793,23.64796077552093,38.04045299151556,28.833646865865813,11.761713384544946,47.8912587750438,24.695735465250618,44.16656514012763,11.546718312166801,71.16635313413418,01-008
01,008,00000,000000,0000,DISTRICT,Baramula,Urban,27289,182500,6.687676353109311,783.3760040651201,12.086027397260274,850.8852899219602,0.6317808219178083,0.8416438356164383,76.01204165965483,65.21292091508867,84.37572580377584,19.162804888687162,23.987958340345173,36.255890410958905,10.452061971409325,8.681064579019752,5.23221545483398,16.790847401272536,1.8785799567760366,63.744109589041095,01-008
01,009,00000,000000,0000,DISTRICT,Bandipore,Total,58392,392232,6.717221537196877,888.6363636363636,15.744253401048358,891.915076131246,0.09994085133288462,19.21668808256338,56.27575814426377,44.33958015684609,66.87538205771286,22.535801900866765,43.72424185573623,38.068541067531456,25.974793012267543,40.92903018410496,22.021605041622855,49.65543106277249,14.914577710508514,61.931458932468544,01-009
01,009,00000,000000,0000,DISTRICT,Bandipore,Rural,48794,326871,6.698999877034062,897.5113634384633,16.562191200810105,893.1668764862219,0.03212276402617546,22.796454870575854,54.3338930973036,42.57788590422029,64.89520905983977,22.317323155619484,45.6661069026964,38.0875024092073,26.59694194349581,43.44683004409745,23.675269283597196,51.971533450605236,15.23249556214206,61.912497590792704,01-009
01,009,00000,000000,0000,DISTRICT,Bandipore,Urban,9598,65361,6.809856220045843,845.4696896970381,11.653738467893698,883.0655129789864,0.43909976897538283,1.3142393782224875,65.44749238016071,52.96147429091461,75.94351651153896,22.98204222062435,34.55250761983929,37.97371521243555,22.762489981298422,28.29975825946817,13.726833199033036,38.037872683319904,13.319903303787267,62.02628478756444,01-009
01,010,00000,000000,0000,DISTRICT,Srinagar,Total,191678,1236829,6.4526393221966005,899.5291219491219,12.798859017697678,864.6124126883165,0.08634985111118837,0.7224119098112997,69.40786942214812,61.8459424323934,76.24963133160375,14.403688899210351,30.592130577851876,32.92193181110727,12.64066381540195,5.559102920518287,2.5560674676071002,18.822018330599132,2.3212864819198993,67.07806818889273,01-010
01,010,00000,000000,0000,DISTRICT,Srinagar,Rural,2844,17313,6.087552742616034,941.7900403768507,14.422688153410732,923.728813559322,0.0,17.92872408017097,53.5097192224622,43.28980272297861,63.16618535048569,19.876382627507084,46.4902807775378,31.97597181308843,14.838632845063712,33.58020231213873,11.091040462427745,47.20014450867052,12.33742774566474,68.02402818691156,01-010
01,010,00000,000000,0000,DISTRICT,Srinagar,Urban,188834,1219516,6.458137835347448,898.9423987244008,12.775806139484844,863.6945418007392,0.0875757267637325,0.47814050820161436,69.62930790542185,62.11037726883969,76.42805611796445,14.317678849124754,30.370692094578146,32.93536124167293,12.6086941459325,5.172885980898887,2.438429287044506,18.430880463684982,2.1832332466911653,67.06463875832708,01-010
01,011,00000,000000,0000,DISTRICT,Ganderbal,Total,45361,297446,6.55730693767774,874.0297379032259,17.009473988555907,862.8815493943076,0.039334870867317094,20.53145781082953,58.04125548911898,45.706082868567364,68.8509512697532,23.144868401185832,41.95874451088102,33.91876172481727,19.884520565719477,34.34334423629696,19.141639409257607,47.51808900783031,14.867677668748142,66.08123827518271,01-011
01,011,00000,000000,0000,DISTRICT,Ganderbal,Rural,38395,250407,6.521864826149238,872.6919193807726,16.914063903964347,876.1461794019933,0.033944737966590394,24.070812716896892,56.466381162492254,43.95282366658756,67.37808169875832,23.42525803217076,43.533618837507746,33.744264337658294,19.18212045384431,35.88250609481881,20.090416341215175,48.95500485218585,15.289119269095128,66.2557356623417,01-011
01,011,00000,000000,0000,DISTRICT,Ganderbal,Urban,6966,47039,6.752655756531725,881.1837632473505,17.51737919598631,797.5567190226876,0.06802865707179148,1.6900869491273198,66.48624964560942,54.95157253237567,76.86695068801723,21.915378155641555,33.51375035439058,34.84767958502519,23.604429518017607,26.40922401171303,14.250854075158614,40.111029770619815,12.695217179111761,65.15232041497481,01-011
01,012,00000,000000,0000,DISTRICT,Pulwama,Total,86241,560440,6.498533180273884,912.3467911445964,17.374562843480124,829.1693278731638,0.07172935550638783,4.0337948754549995,63.48079971321583,51.79809708111595,74.35516824417296,22.55707116305701,36.51920028678417,33.62001284704875,18.697265274370174,44.488907759261224,18.087251884088737,47.82613310688886,17.325124721367157,66.37998715295124,01-012
01,012,00000,000000,0000,DISTRICT,Pulwama,Rural,75587,479978,6.350007276383505,934.6462659615634,17.417048281379564,824.1686305315527,0.010833829883869677,4.622920217176621,61.85453352843231,50.46055885262116,72.78907192437755,22.32851307175639,38.14546647156769,32.82900466271371,18.81689824997197,50.81994262940116,20.468103470159672,50.88023252862184,19.046531109587995,67.17099533728629,01-012
01,012,00000,000000,0000,DISTRICT,Pulwama,Urban,10654,80462,7.552280833489769,789.3168475360256,17.121125500236136,860.1134215500945,0.43498794461982054,0.5194998881459572,73.14728728668686,60.71281417387722,82.78845641872104,22.07564224484382,26.85271271331314,38.33859461609207,17.915704062658477,12.149896265560166,5.925829875518672,32.2257520746888,8.532157676348548,61.66140538390793,01-012
01,013,00000,000000,0000,DISTRICT,Shupiyan,Total,44411,266215,5.9943482470559095,950.5788393903869,15.60655860864339,878.1700646444555,0.016152358056458125,8.196382623067821,60.756315986255274,50.89793217235221,70.26556720502978,19.36763503267757,39.243684013744726,32.95118607140845,18.337380043935713,66.41397156895155,12.35166037778867,37.63978978807811,10.110463857001175,67.04881392859156,01-013
01,013,00000,000000,0000,DISTRICT,Shupiyan,Rural,41858,249855,5.969109847579913,964.8713048812135,15.80276560405035,882.4314660309893,0.0020011606731904505,8.724260070841087,59.540526023073525,49.901617315352496,68.9977963196655,19.096179004313,40.459473976926475,32.388385263452804,18.458930347042234,71.42627650635164,13.169146359547229,39.4036379813158,10.90529385596362,67.6116147365472,01-013
01,013,00000,000000,0000,DISTRICT,Shupiyan,Urban,2553,16360,6.408147277712495,755.5531709410881,12.610024449877752,800.1745200698081,0.23227383863080683,0.13447432762836187,78.64586976288732,67.84781188765513,86.7368163465068,18.889004458851673,21.354130237112685,41.54645476772616,16.219287033091888,6.738266882448139,2.6188024128291896,16.6396939826394,0.6473444166544063,58.45354523227384,01-013
01,014,00000,000000,0000,DISTRICT,Anantnag,Total,153640,1078692,7.020906014058839,927.0374995310549,19.332487864932716,840.9399883472519,0.16927908986068313,10.754320973920265,62.69373007536597,52.19099996459467,72.65957280022576,20.468572835631093,37.30626992463403,36.12560397221821,28.068025244495832,55.76852013426263,19.59639092187516,54.62990525656686,20.77991398158508,63.8743960277818,01-014
01,014,00000,000000,0000,DISTRICT,Anantnag,Rural,117648,795805,6.764288385692915,936.2086751725011,20.280847695101187,840.63408792838,0.17378629186798272,14.271712291327649,59.24553403246171,48.49075163461724,69.59301264663948,21.10226101202224,40.75446596753829,37.18850723481255,31.17546317110758,64.91512022382311,22.83948531498777,59.74056253125549,22.57592550042575,62.81149276518745,01-014
01,014,00000,000000,0000,DISTRICT,Anantnag,Urban,35992,282887,7.859718826405868,901.6974219353972,16.66460459476752,841.9880436056735,0.15659963165504248,0.8593537348835399,71.97310653460308,62.41528472327084,80.70995924067489,18.294674517404054,28.026893465396924,33.1354922636954,19.15352041272776,26.890415635401553,9.35713066484595,38.4942818127507,15.109456345480925,66.8645077363046,01-014
01,015,00000,000000,0000,DISTRICT,Kulgam,Total,73728,424483,5.757419162326389,950.5698005698006,16.84425524697102,885.1274750191147,0.00494719458729796,6.24877792514659,59.23389861239383,48.492420264179906,69.5928009750071,21.10038071082719,40.76610138760617,37.69055533437146,27.879804508297763,61.941996374773424,18.706169135570974,51.364460278767424,18.581161322582663,62.30944466562855,01-015
01,015,00000,000000,0000,DISTRICT,Kulgam,Rural,59922,343870,5.738626881612763,958.5473931219884,17.37924215546573,884.7609436104453,0.005234536307325443,7.503416988978392,57.41197009587903,46.96809800202507,67.59275992937873,20.624661927353657,42.58802990412097,36.91424084683165,27.05411893330798,64.72817224292365,19.50967802925861,51.91079039208426,19.655419617605585,63.085759153168354,01-015
01,015,00000,000000,0000,DISTRICT,Kulgam,Urban,13806,80613,5.838983050847458,917.2572896351616,14.56216739235607,886.9956598617586,0.0037214841278701946,0.8968776748167169,66.74942648895083,54.960815758419315,77.62456385205861,22.6637480936393,33.25057351104917,41.002071626164515,31.48287395960277,51.24194475539285,15.620367288899645,49.26632983390313,14.45557135509636,58.997928373835485,01-015
01,016,00000,000000,0000,DISTRICT,Doda,Total,79636,409936,5.147621678637802,918.8077194920451,17.378322469848953,932.6135315501058,13.02837516100074,9.566371336013427,64.68425963105557,49.69397901393924,78.41429129025506,28.720312276315823,35.31574036894443,37.057491901174814,25.86311419037673,54.07472747380062,8.0303070198536,47.74803833798515,14.00218547580178,62.94250809882518,01-016
01,016,00000,000000,0000,DISTRICT,Doda,Rural,72917,377247,5.173649491888037,930.3433454433813,17.81511847675396,939.0922992584898,13.8739340538162,10.23228812952787,62.749967746097276,47.38492252242595,77.01575532900834,29.63083280658239,37.250032253902724,37.52581200115574,26.998575490740688,57.78476318299015,8.53954014057147,50.77173030056864,14.886447921449511,62.47418799884426,01-016
01,016,00000,000000,0000,DISTRICT,Doda,Urban,6719,32689,4.86515850573002,795.0140025259459,12.337483557159901,830.6854289605084,3.270213221573006,1.8813668206430298,85.61208821887215,76.94497153700189,92.460019990005,15.515048453003104,14.387911781127855,31.65284958242834,11.603812681309574,3.3149705228568664,1.063110080216488,6.378660481298927,1.903933507296801,68.34715041757165,01-016
01,017,00000,000000,0000,DISTRICT,Ramban,Total,55490,283713,5.112867183276266,902.4287208647372,19.41821488617018,924.6113537117903,4.906366645166066,14.01839182554201,54.266668416287224,38.040401798102,68.82421768030072,30.783815882198716,45.733331583712776,30.739514932343603,13.921727435522103,57.56547264137962,10.101820850341696,40.316699536761,9.502132734027427,69.26048506765639,01-017
01,017,00000,000000,0000,DISTRICT,Ramban,Rural,53328,271902,5.098672367236723,910.5377432070659,19.792057432457284,927.0572226598869,4.928981765489036,14.557818625828423,52.82020478066093,36.49321092424009,67.62070442604751,31.12749350180742,47.17979521933907,30.473111635809964,14.16213296292009,60.35337991962055,10.480707725358148,42.08696911546399,9.976224096938099,69.52688836419004,01-017
01,017,00000,000000,0000,DISTRICT,Ramban,Urban,2162,11811,5.4629972247918595,733.0887747615554,10.811954957243247,826.89556509299,4.385742104817543,1.6002032004064008,84.21302449212075,74.35491172476235,91.33420536298235,16.97929363822,15.786975507879248,36.87240707814749,7.686148919135308,4.52353616532721,2.8932261768082665,6.636050516647532,0.4822043628013777,63.12759292185252,01-017
01,018,00000,000000,0000,DISTRICT,Kishtwar,Total,45209,230696,5.102877745581632,919.8269046727416,17.077019107396747,923.7267444699448,6.201667995977391,16.53648090994209,56.19759539989545,42.35815486716004,68.91639748811266,26.558242620952626,43.80240460010455,35.96681346880744,23.699233699143228,66.96917106563501,19.639887193578712,46.10600911128787,13.774194325933426,64.03318653119257,01-018
01,018,00000,000000,0000,DISTRICT,Kishtwar,Rural,42499,215831,5.078495964610932,927.3034129266158,17.49933976120205,926.203590371277,6.495823120867716,17.638337402875397,53.97670474329166,39.888427244292984,67.04410140942649,27.155674165133505,46.02329525670834,36.1838660804055,24.513457556935816,71.00875845113707,20.805162876459743,48.44934439664003,14.599979512395,63.8161339195945,01-018
01,018,00000,000000,0000,DISTRICT,Kishtwar,Urban,2710,14865,5.485239852398524,817.4593471084485,10.945173225697948,867.9678530424799,1.9307097208207198,0.5381769256643122,86.07040338419701,78.04384485666105,92.58347016967706,14.539625313016003,13.929596615802993,32.815338042381434,11.052946455279688,2.2960229602296023,0.984009840098401,8.589585895858958,0.5535055350553505,67.18466195761856,01-018
01,019,00000,000000,0000,DISTRICT,Udhampur,Total,99240,554985,5.592351874244256,869.9963609898108,15.195365640512806,886.4953135136344,24.968062199879277,10.146039983062604,68.49079895379398,57.10292260673828,78.36489065022751,21.261968043489226,31.509201046206016,43.90605151490581,30.916611477105043,51.058800354575006,4.676778620440592,37.43967300305329,7.123099904790045,56.09394848509419,01-019
01,019,00000,000000,0000,DISTRICT,Udhampur,Rural,78887,446777,5.663506027609111,917.7118476739894,16.40482835956193,895.5413024362489,27.472766055548963,12.005094264028811,63.424939220957256,51.801580568826175,74.14311299586224,22.341532427036064,36.575060779042744,44.16095725608077,34.4069072931624,62.260201418137775,5.54482744638902,44.03272157769094,8.467772591117125,55.83904274391922,01-019
01,019,00000,000000,0000,DISTRICT,Udhampur,Urban,20353,108208,5.31656266889402,695.7843598182103,10.201648676622801,828.5572304124565,14.626460150820641,2.470242495933757,87.96221016991016,81.21382881510813,92.56400048465547,11.350171669547336,12.037789830089835,42.85357829365666,14.10874363710077,3.3986758965732897,0.9833732289577537,9.387332600116451,1.4017381553125876,57.14642170634334,01-019
01,020,00000,000000,0000,DISTRICT,Reasi,Total,56689,314667,5.550759406586816,890.3346729864653,17.732714266192513,918.8761649300183,11.999033899328497,28.082067709674035,58.15396263732868,46.593846204500935,68.37649764889142,21.78265144439048,41.84603736267132,46.00641312879965,37.79334170006612,69.18427542188482,2.7692775287185616,38.8935323658016,7.839493807290336,53.99358687120035,01-020
01,020,00000,000000,0000,DISTRICT,Reasi,Rural,51659,287671,5.5686521225730266,899.0566473683168,18.25244810912466,920.4491423137413,11.552085542164486,30.106614848212022,55.84528244118998,43.977878656866984,66.4588367971645,22.48095814029751,44.15471755881002,46.53545195727063,39.41919377340481,73.27237822049915,2.599556282634516,40.69575480507063,8.029491517827129,53.46454804272936,01-020
01,020,00000,000000,0000,DISTRICT,Reasi,Urban,5030,26996,5.3669980119284295,802.1361815754339,12.194399170247443,894.1311852704258,16.761742480367463,6.508371610608979,81.05804927438408,74.3548078761231,86.35402507174142,11.999217195618314,18.941950725615925,40.368943547192174,19.36584553928096,18.96678289594421,4.8541016700311985,16.75536795742338,5.505597357313269,59.63105645280782,01-020
01,021,00000,000000,0000,DISTRICT,Jammu,Total,314199,1529958,4.8693916912529955,879.9686909037737,10.939058457813875,794.931468651466,24.705972320808804,4.522542448877682,83.45363075602069,77.13499352041072,89.08336212962075,11.948368609210036,16.546369243979314,33.24418055920489,12.730245749067567,20.739566908234405,7.249588102756074,19.32240445753428,3.4795978152734253,66.75581944079511,01-021
01,021,00000,000000,0000,DISTRICT,Jammu,Rural,159291,764945,4.802185936430809,904.7292973409063,12.301668747426286,773.549700327943,35.048009987646175,6.162273104602291,78.24188634019235,70.33251732087285,85.55566713049964,15.22314980962679,21.75811365980765,30.944446986384644,11.336977283110677,41.028186626560995,13.864339185832334,27.819507578958042,6.017540598543353,69.05555301361535,01-021
01,021,00000,000000,0000,DISTRICT,Jammu,Urban,154908,765013,4.938498980039766,855.8456932982062,9.576569287057866,823.1634481385626,14.364853930586802,2.8829575445123155,88.50785904176503,83.99240578386511,92.38833009886194,8.395924314996833,11.49214095823497,35.54370971473688,14.165166739891438,3.077811366829218,1.491280331281214,11.925461726869525,1.270254565781828,64.45629028526312,01-021
01,022,00000,000000,0000,DISTRICT,Samba,Total,65385,318898,4.87723483979506,885.5869066483764,12.125820795364035,778.9483369370198,28.797609266912932,5.510539420128066,81.41163120162439,73.64161936736875,88.41485341312327,14.77323404575452,18.588368798375612,29.014292971420332,7.0599703553353725,24.856797008408446,6.598145386161727,19.88305989667769,4.443075459870739,70.98570702857967,01-022
01,022,00000,000000,0000,DISTRICT,Samba,Rural,54718,265283,4.848185240688622,903.5123596311843,12.398080540404022,778.1261826242093,29.415379048035494,6.271038852847713,79.92753654369969,71.99820668011657,87.24393553297813,15.24572885286156,20.072463456300312,28.237391766528575,6.977556822694134,29.659987451441083,7.854863901533861,22.85573162103352,5.214326716415918,71.76260823347143,01-022
01,022,00000,000000,0000,DISTRICT,Samba,Urban,10667,53615,5.026249179713134,801.6398400483887,10.778699990674252,783.641975308642,25.74093070968945,1.7476452485311946,88.62154026256376,82.23952713796501,93.75164976054904,11.51212262258403,11.378459737436245,32.85834188193603,7.494969818913481,4.4332179145143895,1.2544701140943406,7.243003916671396,1.1636487483680535,67.14165811806397,01-022
02,023,00000,000000,0000,DISTRICT,Chamba,Total,102460,519080,5.066172164747218,986.3768559620388,13.55455806426755,953.1145902731513,21.516914541111195,26.103876088464204,72.17001210106056,61.66633098355153,82.58646402954336,20.920133045991832,27.829987898939436,56.64541111196733,52.46896337678461,70.01139320148961,3.126498546091452,59.31368714608804,20.712840308126584,43.35458888803267,02-023
02,023,00000,000000,0000,DISTRICT,Chamba,Rural,94596,482972,5.1056281449532745,996.0572484222794,13.875545580282086,954.5878784343463,21.871868348475687,27.5185725052384,70.60417302750044,59.733051661225275,81.50685920925284,21.773807548027563,29.395826972499563,58.15140422219094,54.98549846686224,73.13916433746951,3.226575991169821,61.565932598671914,21.57483398906909,41.84859577780907,02-023
02,023,00000,000000,0000,DISTRICT,Chamba,Urban,7864,36108,4.591556459816887,865.3717001601487,9.261105572172372,924.0506329113924,16.76913703334441,7.181234075551124,92.0492003418386,88.25354902608122,95.31187922129519,7.058330195213969,7.950799658161401,36.501606292234406,16.26171571846457,3.3611532625189686,0.9939301972685888,11.320182094081941,2.3444613050075875,63.49839370776559,02-023
02,024,00000,000000,0000,DISTRICT,Kangra,Total,338887,1510075,4.455983853024755,1011.8479971116094,10.900584408059203,876.0556638287687,21.15027399301359,5.5999867556247205,85.66833250586413,80.01503036837588,91.49023157577129,11.475201207395415,14.331667494135871,44.71102428687317,35.73663171311048,53.0023549624539,8.123731800879778,53.50578372854245,18.140320215649393,55.28897571312683,02-024
02,024,00000,000000,0000,DISTRICT,Kangra,Rural,318379,1423794,4.472009774514023,1018.5209076152064,10.997798838876973,877.102338795718,21.407731736473114,5.635225320516873,85.41944179645331,79.63865840542292,91.41693973431776,11.778281328894849,14.580558203546687,45.31420978034744,36.80990049121068,55.21024332706636,8.381213953913708,55.348189112822595,18.869898524600075,54.68579021965256,02-024
02,024,00000,000000,0000,DISTRICT,Kangra,Urban,20508,86281,4.207187439048177,907.7742891257241,9.29636884134398,855.8537714021286,16.901751254621526,5.018486109340411,89.69844109378992,86.51622229360744,92.60463524349697,6.0884129498895305,10.301558906210076,34.757362571133854,16.955303860674707,5.502017406382341,2.5842809029977656,13.868418420087366,2.4442295508353062,65.24263742886615,02-024
02,025,00000,000000,0000,DISTRICT,Lahul & Spiti,Total,6674,31564,4.729397662571172,902.8213166144201,9.90051957926752,1033.1815224463242,7.080851603092131,81.44405018375365,76.81353071486339,66.83597251269794,85.68865856089296,18.852686048195025,23.18646928513661,61.129768090229376,56.97115384615385,61.150557139155225,2.9644985747603005,21.274941694739567,7.05364083959575,38.870231909770624,02-025
02,025,00000,000000,0000,DISTRICT,Lahul & Spiti,Rural,6674,31564,4.729397662571172,902.8213166144201,9.90051957926752,1033.1815224463242,7.080851603092131,81.44405018375365,76.81353071486339,66.83597251269794,85.68865856089296,18.852686048195025,23.18646928513661,61.129768090229376,56.97115384615385,61.150557139155225,2.9644985747603005,21.274941694739567,7.05364083959575,38.870231909770624,02-025
02,025,00000,000000,0000,DISTRICT,Lahul & Spiti,Urban,0,0,,,,,,,,,,,,,,,,,,,02-025
02,026,00000,000000,0000,DISTRICT,Kullu,Total,94807,437903,4.618888900608605,942.3336231215513,11.516477393395341,961.7613879488077,28.01054114724037,3.8414900103447565,79.40496345542387,70.91254854123275,87.38641768254524,16.47386914131249,20.595036544576132,61.44831161238905,56.60364036883799,77.86155995897191,4.59782075485722,27.949636544722097,11.685941936347016,38.55168838761095,02-026
02,026,00000,000000,0000,DISTRICT,Kullu,Rural,84358,396512,4.700348514663696,950.6761975510284,11.70204180453555,968.186638388123,29.132535711403442,3.143158340731176,78.47231742985102,69.51965167998686,86.96283682259842,17.443185142611554,21.527682570148983,63.592022435638775,60.05961406105267,82.39302002776125,4.673805274638113,29.228237160420385,12.359706523894507,36.40797756436123,02-026
02,026,00000,000000,0000,DISTRICT,Kullu,Urban,10449,41391,3.9612403100775193,865.8882928368571,9.738832113261337,890.7129455909943,17.262206759923654,10.531274914836558,88.1450749464668,84.62649488705298,91.18248466410654,6.555989777053554,11.854925053533194,40.91227561547196,21.834652228238234,10.387386323373097,3.4663989606708396,8.911066493445139,1.6534782095193101,59.08772438452804,02-026
02,027,00000,000000,0000,DISTRICT,Mandi,Total,219145,999777,4.562171165210249,1007.3223374459157,11.209899807657107,916.2534623670622,29.38045184076049,1.2789852137026558,81.5303091236596,73.65773759048835,89.55591600144683,15.89817841095848,18.469690876340394,57.27987341177082,54.8535813375004,70.5057528668293,2.7628428888489203,50.380934253698896,14.901400629680916,42.72012658822917,02-027
02,027,00000,000000,0000,DISTRICT,Mandi,Rural,203747,937140,4.5995278458087725,1010.8142903121982,11.353906566788313,918.2591764621043,29.940030304970445,1.3187997524382697,80.84233536927407,72.6380201639391,89.23795977417423,16.599939610235126,19.157664630725932,58.658684935015046,57.052792460039484,73.20479376548532,2.842750957770768,52.07489712832491,15.475865631946794,41.341315064984954,02-027
02,027,00000,000000,0000,DISTRICT,Mandi,Urban,15398,62637,4.067865956617743,956.4891457129471,9.055350671328448,879.3903247183565,21.00834969746316,0.6833022015741494,91.56324058632494,88.9766876430206,94.05800600062075,5.0813183576001535,8.436759413675063,36.65086131200408,21.020834694010844,5.87620333667291,0.8494141220542755,9.818356056976086,1.1456200723090997,63.34913868799591,02-027
02,028,00000,000000,0000,DISTRICT,Hamirpur,Total,105519,454768,4.3098209801078475,1095.0292532362832,10.675333356788515,887.4115543114843,24.02455757661049,0.6693522851212047,88.15198660824184,82.62407386723258,94.35949160691514,11.73541773968256,11.848013391758158,53.1987738803082,51.833418876052804,64.45102115892549,3.647320930347909,47.85579359404127,15.315937188702563,46.8012261196918,02-028
02,028,00000,000000,0000,DISTRICT,Hamirpur,Rural,98115,423338,4.314712327370942,1108.8030764939128,10.777440248690171,886.1879366654264,24.4582343186768,0.6616462495689024,87.8230296547908,82.14402895294153,94.29312581063553,12.149096857694005,12.176970345209199,54.56231191152223,53.97232580079968,66.97852222890862,3.7206201322175225,49.1183333838421,15.945762242242937,45.43768808847776,02-028
02,028,00000,000000,0000,DISTRICT,Hamirpur,Urban,7404,31430,4.245002701242572,925.6218600661683,9.300031816735602,906.7188519243314,18.18326439707286,0.7731466751511296,92.51061142877188,89.66321621227584,95.15180201501116,5.488585802735315,7.489388571228119,34.83296213808463,20.32036007413291,11.12531969309463,2.100840336134454,21.218487394957982,2.0277676287906465,65.16703786191536,02-028
02,029,00000,000000,0000,DISTRICT,Una,Total,110332,521173,4.723679440234927,976.4460051878707,11.36494024057271,874.9327340065208,22.1598202516247,1.650315730093462,86.52926124924775,81.11433556241053,91.89146104497611,10.77712548256558,13.470738750752247,41.31948508460722,28.636676104256235,48.4819778403128,9.103489268433126,37.550732309864124,10.432048888765056,58.68051491539278,02-029
02,029,00000,000000,0000,DISTRICT,Una,Rural,100502,476260,4.738811167936957,982.3187126957304,11.42317221685634,872.0622139637316,22.68634779322219,1.774660899508672,86.51791132519153,80.9373264408083,92.0844914367427,11.14716499593439,13.482088674808466,41.88993406962583,29.800089828224706,51.250845843462564,9.36417633643267,39.58397032655823,11.030801233051802,58.11006593037417,02-029
02,029,00000,000000,0000,DISTRICT,Una,Urban,9830,44913,4.5689725330620545,916.2471200614387,10.747445060450204,907.9051383399209,16.576492329615032,0.3317524992763788,86.64870528364017,83.05871310877046,89.9416491295198,6.882936020749341,13.351294716359831,35.270411684812856,15.850989522700814,13.610251878038001,5.8203396250236725,11.94369042358437,2.8912316141657723,64.72958831518713,02-029
02,030,00000,000000,0000,DISTRICT,Bilaspur,Total,80485,381956,4.745679319127788,981.469569006661,10.984511304967064,899.8369860532513,25.916335913037102,2.799537119458786,84.59411764705882,77.97129695251594,91.1641668619639,13.192869909447964,15.405882352941177,53.899140215103316,49.858344961732,63.78120279203967,2.009996551238397,49.771458826158124,14.03354527835392,46.10085978489669,02-030
02,030,00000,000000,0000,DISTRICT,Bilaspur,Rural,74712,356827,4.77603330120998,986.2011767128854,11.070070370235436,903.4791827293755,26.253058204676215,2.896081294296676,84.08261535455651,77.21571721634844,90.92894317845702,13.71322596210858,15.91738464544349,54.84198224910111,51.44885818460948,66.1798447552519,2.0823645441026923,51.42699459862743,14.51727468304623,45.15801775089889,02-030
02,030,00000,000000,0000,DISTRICT,Bilaspur,Urban,5773,25129,4.352849471678503,916.6348867363283,9.769588921166779,843.0930930930931,21.134943690556725,1.428628278085081,91.75266825438828,88.95823772372648,94.33738008319892,5.379142359472439,8.247331745611717,40.51096342870787,26.410384423364953,17.671905697445972,0.618860510805501,17.94695481335953,4.734774066797643,59.48903657129213,02-030
02,031,00000,000000,0000,DISTRICT,Solan,Total,122425,580320,4.74020829079028,879.5545968635224,11.741280672732286,898.8128413777729,28.352633030052388,4.419113592500689,83.67673273029366,76.97283473944165,89.55619892256385,12.5833641831222,16.323267269706335,51.4779776674938,40.04035851321594,50.730240981197504,3.442158152488644,26.612706159598577,7.189601555883603,48.522022332506204,02-031
02,031,00000,000000,0000,DISTRICT,Solan,Rural,96510,478173,4.954647186820019,914.713937918442,11.972654248566942,906.4903926204669,31.118444579681416,5.034788664353696,82.21788783221633,74.97564805979644,88.85060557924874,13.874957519452295,17.782112167783666,52.943809039824494,44.03270923712008,59.3957252837105,3.927509154181298,30.438097194297747,8.329021223480524,47.056190960175506,02-031
02,031,00000,000000,0000,DISTRICT,Solan,Urban,25915,102147,3.9416168242330696,730.7770510691654,10.658169109224941,859.4363791631084,15.405249297580937,1.537000597178576,90.40543502081964,87.52132713861984,92.47220811466622,4.950880976046378,9.594564979180362,44.616092494150585,18.894479352639756,2.593584061087462,0.7460394084346338,5.3627068065124845,0.8601395532540483,55.383907505849415,02-031
02,032,00000,000000,0000,DISTRICT,Sirmaur,Total,98208,529855,5.3952325676115995,917.7564072402448,13.139443810098989,928.1579749079126,30.33754517745421,2.125487161581942,78.79561528349647,71.35917256297346,85.60882997060563,14.24965740763217,21.204384716503526,52.86031083975805,43.65096266849656,69.15378655612801,3.8310072371404194,30.768379373257215,10.057018812280646,47.13968916024196,02-032
02,032,00000,000000,0000,DISTRICT,Sirmaur,Rural,85087,472690,5.555372736140656,920.1381131309028,13.409845776301593,933.7095790115925,31.67382428229918,2.3091243732678923,77.31094079447254,69.33101251607897,84.63694088427563,15.30592836819666,22.689059205527457,55.05997588271383,47.054278966072886,74.15345246923305,4.019011538328536,32.44602575087507,10.75450601891164,44.94002411728617,02-032
02,032,00000,000000,0000,DISTRICT,Sirmaur,Urban,13121,57165,4.356756344790793,898.2865112572226,10.903524884107409,873.4595731890593,19.28802588996764,0.6070147817720634,90.72685148825886,87.81528266721888,93.35125247321461,5.535969805995734,9.273148511741141,34.671564768652146,15.152859413700048,3.501513622603431,1.3622603430877902,8.738647830474267,0.8980827447023209,65.32843523134785,02-032
02,033,00000,000000,0000,DISTRICT,Shimla,Total,184362,814010,4.415280806239897,915.1419046252227,10.020024324025503,924.7687370209553,26.5079053082886,1.0755396125354726,83.6432993012454,77.13239351254921,89.59476092540956,12.462367412860345,16.356700698754594,52.93866168720286,44.29584724825244,64.02491379030273,6.059973174048445,27.65115124174452,6.66750207692272,47.06133831279714,02-033
02,033,00000,000000,0000,DISTRICT,Shimla,Rural,129854,612659,4.718060283087159,949.3119521468684,10.590067231526836,933.3988914714822,29.25526271547468,0.8812406248826836,80.45449068783338,72.74163892435993,87.79106423449706,15.049425310137124,19.545509312166615,56.52589776694703,50.77254628574492,77.9389046261886,7.18082879261704,31.515603027336702,7.482003170560565,43.47410223305297,02-033
02,033,00000,000000,0000,DISTRICT,Shimla,Urban,54508,201351,3.693971527115286,818.1662211948277,8.285531236497459,891.9256067135404,18.148407507288265,1.6667411634409564,93.10221586847749,91.30308670324624,94.562721974766,3.2596352715197696,6.8977841315225135,42.02363037680468,22.96842407319523,7.077941263369379,1.4725521479643089,11.834781067186668,3.333924245110205,57.97636962319531,02-033
02,034,00000,000000,0000,DISTRICT,Kinnaur,Total,19976,84121,4.2111033239887865,818.8717593893922,9.802546332069282,963.3333333333334,17.53426611666528,57.947480415116324,79.99868204283361,70.95725181812807,87.27199219957669,16.314740381448615,20.001317957166393,66.89530557173595,59.173003802281364,63.14218186341585,4.508378796225544,16.865992571926146,6.308531622625416,33.10469442826405,02-034
02,034,00000,000000,0000,DISTRICT,Kinnaur,Rural,19976,84121,4.2111033239887865,818.8717593893922,9.802546332069282,963.3333333333334,17.53426611666528,57.947480415116324,79.99868204283361,70.95725181812807,87.27199219957669,16.314740381448615,20.001317957166393,66.89530557173595,59.173003802281364,63.14218186341585,4.508378796225544,16.865992571926146,6.308531622625416,33.10469442826405,02-034
02,034,00000,000000,0000,DISTRICT,Kinnaur,Urban,0,0,,,,,,,,,,,,,,,,,,,02-034
03,035,00000,000000,0000,DISTRICT,Gurdaspur,Total,443666,2298323,5.180300045529745,895.3412330521509,11.033218568495377,820.8902707865088,25.2608532395142,0.0,79.94736749441495,74.84743480463007,84.56281047480985,9.715375670179782,20.052632505585052,32.94306326830476,11.005373462060632,32.83364459319173,13.297972100198379,17.34954526123375,3.0686611951850256,67.05693673169523,03-035
03,035,00000,000000,0000,DISTRICT,Gurdaspur,Rural,312300,1639004,5.2481716298431,915.2075757434119,11.480569907089915,821.2764721824306,26.597250525319033,0.0,76.95812830800428,71.55028358933457,81.97717378014747,10.426890190812898,23.041871691995723,32.16904900781206,10.699803375807564,44.964457223490854,17.79282013155,19.628375046467344,3.600934657431361,67.83095099218795,03-035
03,035,00000,000000,0000,DISTRICT,Gurdaspur,Urban,131366,659319,5.018947063928262,847.6962612762833,9.921145909643132,819.7802197802198,21.93869735287471,0.0,87.24968724059491,83.28138334694654,90.62601281443993,7.344629467493391,12.750312759405091,34.8671887204828,11.796579015227152,5.011179454164238,2.9888727456217428,12.122965295842288,1.8478724237230626,65.1328112795172,03-035
03,036,00000,000000,0000,DISTRICT,Kapurthala ,Total,167989,815168,4.852508199941663,912.1439512468596,10.55303937347884,871.2070128118678,33.94478193452147,0.0,79.0746122502719,74.62995083212684,83.15077641466276,8.52082558253592,20.925387749728102,34.859685365470675,12.498939198728582,34.3599669206271,14.916333820139707,12.653563950521704,1.7482800485633345,65.14031463452933,03-036
03,036,00000,000000,0000,DISTRICT,Kapurthala ,Rural,107710,532706,4.945743199331538,930.5698505428875,10.766351420858786,858.9718656813172,39.79925136942328,0.0,75.89643906738782,71.15771280176139,80.3488656765138,9.191152874752405,24.103560932612183,33.98572570986623,11.56737052816874,50.37338989416937,21.32796447272486,13.938600561189546,2.314354521552772,66.01427429013377,03-036
03,036,00000,000000,0000,DISTRICT,Kapurthala ,Urban,60279,282462,4.685910516100134,878.3340759015555,10.150745941046937,896.1708881687719,22.90361181327046,0.0,85.02738484573861,81.3754935376101,88.22768339026157,6.8521898526514775,14.97261515426139,36.507919649368766,14.309941476193,6.2460604532539445,3.6597783186741792,10.397494205835862,0.7544535060753871,63.49208035063123,03-036
03,037,00000,000000,0000,DISTRICT,Jalandhar,Total,461635,2193590,4.751784418425813,915.4461492249027,10.316513113207117,874.2918668212689,38.95185517804148,0.0,82.47582458694406,78.48352331364411,86.14992518089824,7.666401867254123,17.524175413055943,35.30614198642408,12.875877902933958,19.672628577921476,8.60767077441147,10.959724818973443,1.8375099422574346,64.69385801357592,03-037
03,037,00000,000000,0000,DISTRICT,Jalandhar,Rural,213682,1032419,4.8315674694171715,952.417783997428,10.189273928511582,884.793865228531,49.91597403767269,0.0,78.5284661834316,73.8073642915953,83.06260135270848,9.255237061113178,21.471533816568396,33.90503274348883,11.594646058904472,39.514401129007375,16.83683672245045,13.19813051005308,2.801092440335731,66.09496725651115,03-037
03,037,00000,000000,0000,DISTRICT,Jalandhar,Urban,247953,1161171,4.683028638491972,883.7304374769841,10.429643868129672,865.264065796972,29.203450654554757,0.0,85.99491377942725,82.83115453025252,88.79770224154751,5.966547711294993,14.00508622057275,36.55189459605863,14.060394676457092,3.3084371981245435,1.8207949485191905,9.11363475720378,1.0428103574205405,63.44810540394137,03-037
03,038,00000,000000,0000,DISTRICT,Hoshiarpur,Total,336994,1586625,4.708169878395461,961.0793800684006,10.609375246198692,864.5436420026584,35.13772945718112,0.0,84.5874691707079,80.30855576061768,88.75172689165069,8.443171131033012,15.412530829292095,31.502213818640197,11.229371579077329,32.83849050261893,14.877696459939738,17.768525595111857,4.245511402059133,68.49778618135981,03-038
03,038,00000,000000,0000,DISTRICT,Hoshiarpur,Rural,264831,1251656,4.726244284090609,972.758365249736,10.710291006474622,864.9972175848637,37.15373872693456,0.0,83.73613099498927,79.13424983333634,88.27600917186584,9.141759338529496,16.263869005010733,30.772512575340187,10.564562384759213,40.918980387677,18.259140214868395,19.235083055098322,4.787026892300982,69.22748742465981,03-038
03,038,00000,000000,0000,DISTRICT,Hoshiarpur,Urban,72163,334969,4.6418386153569005,918.6365536952923,10.232290152223042,862.7717391304349,27.60464401183393,0.0,87.75166780846973,84.81872850450152,90.46527559912157,5.646547094620047,12.248332191530267,34.22883908660204,13.787706849895873,5.693552888640804,3.518350544236673,12.841892269048284,2.4263885012559308,65.77116091339795,03-038
03,039,00000,000000,0000,DISTRICT,Shahid Bhagat Singh Nagar ,Total,129500,612310,4.728262548262548,954.4449090462223,10.243014159494374,884.6985996754613,42.50853325929676,0.0,79.77914485499217,73.93184903812624,85.40853460375054,11.476685565624294,20.22085514500783,33.370188303310414,11.396265789130457,31.925962540804292,11.073318031214365,15.084496082298646,2.6829280229433903,66.62981169668959,03-039
03,039,00000,000000,0000,DISTRICT,Shahid Bhagat Singh Nagar ,Rural,102766,486894,4.737889963606641,962.3485599593741,10.138551717622315,883.5470085470085,43.72389062095651,0.0,78.98772655589332,72.80539838604953,84.99481771889505,12.189419332845517,21.012273444106683,33.43130126885934,11.501155895064832,37.895254185225,12.772231608047917,16.467516510520657,3.03056366149593,66.56869873114066,03-039
03,039,00000,000000,0000,DISTRICT,Shahid Bhagat Singh Nagar ,Urban,26734,125416,4.691254582179996,924.3551777576604,10.648561587038337,888.967468175389,37.790234100912166,0.0,82.86915162277688,78.4332258423218,86.98862365110234,8.55539780878054,17.130848377223117,33.132933596989226,10.980528858124595,8.543100543870626,4.41834721085816,9.666939404148819,1.3211724503056264,66.86706640301078,03-039
03,040,00000,000000,0000,DISTRICT,Fatehgarh Sahib,Total,118100,600163,5.081820491109229,870.8614535762714,10.54230267444011,842.4868957483984,32.07345337849884,0.0,79.35171319371493,74.80404253365118,83.3275732663071,8.523530732655914,20.64828680628507,35.78744441093503,11.456573408550728,30.55828440798387,9.958423152670369,10.214029974439317,2.084429400837124,64.21255558906496,03-040
03,040,00000,000000,0000,DISTRICT,Fatehgarh Sahib,Rural,78997,414681,5.249325923769257,884.4853442399456,10.317569408774457,835.4783354783355,37.27443504766315,0.0,77.53242842084885,72.74543835209755,81.7942462132764,9.048807861178844,22.467571579151155,35.71492303722621,12.018640401580427,42.286111692538306,13.430517950345367,11.203689324321587,2.455048175931615,64.28507696277379,03-040
03,040,00000,000000,0000,DISTRICT,Fatehgarh Sahib,Urban,39103,185482,4.743421220878194,841.1037768623753,11.044737494743426,857.298277425204,20.44564971264058,0.0,83.45232611699677,79.5937886053586,86.69007412361367,7.096285518255073,16.547673883003228,35.949580013154915,10.165571120053814,4.509598080383923,2.2465506898620275,8.015896820635874,1.26124775044991,64.05041998684509,03-040
03,041,00000,000000,0000,DISTRICT,Ludhiana,Total,716826,3498739,4.880876251698459,873.1711260638093,10.9786411618586,860.0982072812853,26.39116550277114,0.0,82.20010434643015,77.88264177454103,85.97700374522817,8.094361970687146,17.79989565356985,36.722430567127184,14.177370728109176,18.631608113808763,7.6777950564358335,11.37651752538484,1.674395363715752,63.277569432872816,03-041
03,041,00000,000000,0000,DISTRICT,Ludhiana,Rural,280796,1429031,5.089214233820995,896.6651801593748,10.424546423415586,859.4984584274712,39.150375324258185,0.0,78.28290995507245,73.30657788472632,82.7670194896715,9.460441604945174,21.717090044927545,37.14566024110044,16.289241800093844,40.54797926992613,16.00571188512932,14.05647456873572,2.7285931468681652,62.854339758899556,03-041
03,041,00000,000000,0000,DISTRICT,Ludhiana,Urban,436030,2069708,4.746710088755361,857.2864357683072,11.361216171556569,860.4783644146247,17.581562230034383,0.0,84.93331385549918,81.16222783171368,88.16467489825229,7.002447066538608,15.06668614450082,36.43021141146481,12.683914350553104,3.2022588889375183,1.8148565183773453,9.489800384350643,0.9322293530893278,63.56978858853519,03-041
03,042,00000,000000,0000,DISTRICT,Moga,Total,193256,995746,5.15247133336093,893.3411925768178,10.779455804994447,860.4360938745797,36.496958059585474,0.0,70.6755889735595,66.48039906326753,74.440334368446,7.959935305178476,29.3244110264405,36.07064452179572,14.216539740244261,48.450046217411156,22.94081944026817,15.115877629659327,3.0406045014644794,63.929355478204286,03-042
03,042,00000,000000,0000,DISTRICT,Moga,Rural,147298,768500,5.217314559600266,894.2381637844339,10.75003253090436,862.7313927532637,39.96070266753416,0.0,68.23335073175426,63.86962188745058,72.15243819755199,8.28281631010141,31.766649268245743,35.73038386467144,13.686755091015337,60.89814558538611,28.643640654362173,16.2687371625854,3.404008915174735,64.26961613532856,03-042
03,042,00000,000000,0000,DISTRICT,Moga,Urban,45958,227246,4.944645110753297,890.3141012843548,10.878959365621398,852.8067151315296,24.78327451308274,0.0,78.94669273765085,75.33847006304168,82.17604072122987,6.837570658188184,21.05330726234915,37.22133722925816,16.01233299075026,8.039345502695545,4.427551309940414,11.37330937293105,1.8608720325357042,62.778662770741846,03-042
03,043,00000,000000,0000,DISTRICT,Firozpur,Total,385994,2029074,5.256750104923911,893.434063960091,12.227400282099126,847.117682531883,42.173227787650916,0.0,68.92369387261219,61.68898824516715,75.43544453429892,13.746456289131771,31.07630612738781,37.29262708013606,16.741467062584796,55.459068713286065,30.127197880255586,18.281209734437258,6.210163936592682,62.707372919863936,03-043
03,043,00000,000000,0000,DISTRICT,Firozpur,Rural,276967,1476518,5.331024995757617,902.2195081730671,12.576819246362051,847.6593204318193,48.08082258394412,0.0,65.13848959459072,57.120608145455485,72.4374466296583,15.316838484202812,34.86151040540928,38.323339099150836,18.8339449672288,71.54975426393167,38.96396754622683,21.693873475526242,7.717402637796876,61.67666090084916,03-043
03,043,00000,000000,0000,DISTRICT,Firozpur,Urban,109027,552556,5.068065708494226,870.3512519082419,11.293696928456121,845.5077778434967,26.38718971470765,0.0,78.89205797385301,73.98495648407041,83.17871681669628,9.193760332625871,21.107942026146986,34.53839972781039,11.042403170417732,7.7503091530255075,3.926243423948356,8.16268784976211,1.7412127182410766,65.4616002721896,03-043
03,044,00000,000000,0000,DISTRICT,Muktsar,Total,174360,901896,5.1726083964211975,896.2453376841273,11.57772071280946,831.2697299193266,42.30576474449382,0.0,65.81355951331513,59.240382711976245,71.76291560957664,12.522532897600392,34.18644048668487,37.18011832849907,14.691724102337933,58.9214674674794,33.10629059482414,14.35051263546519,3.7715536522667494,62.81988167150093,03-044
03,044,00000,000000,0000,DISTRICT,Muktsar,Rural,124124,649705,5.23432212948342,898.6008264124698,11.47920979521475,832.4570024570025,45.43277333559077,0.0,61.75381309074217,54.90347998333467,67.9706933950687,13.067213411734024,38.24618690925783,38.238431288046115,16.100981128639397,75.89851753160761,42.484010030712014,16.252007551210166,4.501744909172144,61.761568711953885,03-044
03,044,00000,000000,0000,DISTRICT,Muktsar,Urban,50236,252191,5.020125009953022,890.203867486134,11.831508658120233,828.3088235294118,34.249834450872555,0.0,76.31423907030712,70.51485468347695,81.52690008539709,11.012045401920133,23.685760929692876,34.4536482269391,11.043099746571134,10.379910000115089,6.293086581730714,8.913671465893266,1.6837574376503355,65.54635177306089,03-044
03,045,00000,000000,0000,DISTRICT,Faridkot,Total,120893,617508,5.1078887942229905,890.3055367632878,11.224308025159187,850.5633577188017,38.91900995614632,0.0,69.55255136383454,63.91149895744845,74.60384417236885,10.692345214920401,30.44744863616546,35.878887399029644,12.552048054408482,48.42499605064206,24.399359075624563,14.055200740222517,3.1116427072284534,64.12111260097035,03-045
03,045,00000,000000,0000,DISTRICT,Faridkot,Rural,76728,400457,5.2191768324470855,899.8633659420634,11.167740856071937,854.2996931752218,42.75090708865121,0.0,64.59836676177491,58.850423786456574,69.80456863669481,10.954144850238237,35.40163323822509,36.08876858189519,12.752866745749309,70.0207583725436,35.092720730694715,15.959728757265431,3.929559922502076,63.91123141810482,03-045
03,045,00000,000000,0000,DISTRICT,Faridkot,Urban,44165,217051,4.914547718781841,872.9215024721932,11.328673906132659,843.8062387522496,31.849196732565154,0.0,78.7095634462907,73.42868900777452,83.33934648425692,9.910657476482399,21.2904365537093,35.49165864243887,12.175520452343767,7.910689946128384,4.338287791263711,10.482248328681768,1.5772051664827673,64.50834135756112,03-045
03,046,00000,000000,0000,DISTRICT,Bathinda,Total,273902,1388525,5.069422640214383,868.313515797292,10.88529194648998,853.789263243104,32.44255594965881,0.0,68.27878258901873,61.94147808989155,73.79289186052135,11.851413770629804,31.721217410981268,39.609369654849566,18.1300052066546,49.07706741626151,23.342775997934492,17.69281399890179,3.777368878480543,60.390630345150434,03-046
03,046,00000,000000,0000,DISTRICT,Bathinda,Rural,171292,889308,5.191766106998576,874.2634103573566,10.611846514368475,851.6294857456785,36.15541522172296,0.0,62.04172411363934,55.37142687907727,67.89148959782015,12.520062718742885,37.95827588636066,41.537015297287326,20.907903110716834,68.69450340018192,32.535355394810935,21.07246502360636,4.920518040455668,58.462984702712674,03-046
03,046,00000,000000,0000,DISTRICT,Bathinda,Urban,102610,499217,4.865188578111296,857.8074004607146,11.372409192795917,857.3905646797095,25.82844734854783,0.0,79.48486136098579,73.88605804294728,84.2878558201447,10.401797777197416,20.51513863901421,36.175450755883716,13.130791656543922,8.951017198799518,4.540017940795376,10.779981616222024,1.4391397277871911,63.82454924411629,03-046
03,047,00000,000000,0000,DISTRICT,Mansa,Total,149630,769751,5.144362761478313,883.2658074239355,11.011742758372513,835.6108019143729,33.63139508750233,0.0,61.83465987725333,55.67761364376476,67.31033912096096,11.632725477196203,38.16534012274667,42.67769707346921,27.08250812284118,59.76341807909604,27.50797535554257,24.759217319306448,6.5900180206506915,57.32230292653079,03-047
03,047,00000,000000,0000,DISTRICT,Mansa,Rural,117232,606147,5.170490992220554,881.3690313609615,11.020264061358054,839.9394022861865,35.89112871960102,0.0,58.07827228431365,51.738476894610386,63.69932733778977,11.960850443179382,41.92172771568635,44.588523905917214,30.459954289819446,70.07015155103007,31.931905635803933,27.092336609045702,7.513541913331754,55.411476094082786,03-047
03,047,00000,000000,0000,DISTRICT,Mansa,Urban,32398,163604,5.04981788999321,890.3267550954383,10.98017163394538,819.6920583468395,25.25916236766827,0.0,75.74567426531172,70.15544341975524,80.7736449475716,10.618201527816353,24.25432573468828,35.598151634434366,14.63610880398671,11.933379120879122,6.978021978021978,13.932005494505495,2.304258241758242,64.40184836556564,03-047
03,048,00000,000000,0000,DISTRICT,Patiala,Total,372293,1895686,5.091919536494106,890.9171070560049,11.230340889788708,836.5899738606072,24.548316546094657,0.0,75.27902999416447,69.79988419834989,80.19941236514569,10.399528166795804,24.720970005835525,34.829977116463375,12.383615998853514,30.639877504100614,13.498024284115365,13.612069056911825,2.8017453545308184,65.17002288353662,03-048
03,048,00000,000000,0000,DISTRICT,Patiala,Rural,214257,1132406,5.2852695594543,891.125584502338,11.876835693205441,827.4634491004946,30.782864096445973,0.0,69.02793031850504,62.4905861546663,74.91184377879834,12.42125762413204,30.972069681494958,34.20142599032502,10.76674550136243,49.61179863619581,21.731014022757613,15.875589660701422,3.9140302453659834,65.79857400967497,03-048
03,048,00000,000000,0000,DISTRICT,Patiala,Urban,158036,763280,4.829785618466678,890.6078935505125,10.271197987632323,852.4609531910871,15.298710826957343,0.0,84.3872375095272,80.48107925967831,87.88354210420005,7.402462844521736,15.612762490472804,35.7624986898648,14.783150423575611,3.7216816623193925,1.8166964625890216,10.400486503912546,1.2235866475191233,64.2375013101352,03-048
03,049,00000,000000,0000,DISTRICT,Amritsar ,Total,488898,2490656,5.094428694737962,889.1390222146711,11.314087533565456,825.676542426029,30.950239615587215,0.0,76.27324670950323,71.95502697156596,80.14908204666953,8.194055075103577,23.726753290496774,36.851977952796375,15.582112317530077,26.825122895094655,13.24815657358017,14.229029390231146,2.043239898197539,63.14802204720363,03-049
03,049,00000,000000,0000,DISTRICT,Amritsar ,Rural,214993,1156045,5.377128557673971,903.6880049270007,12.298137183241137,825.7843300928482,40.22196367788451,0.0,68.00131771928042,62.626838068346004,72.91975587319158,10.292917804845573,31.998682280719578,36.60878253009182,16.502453628874285,52.938938692954395,25.476236608429776,17.363319738950032,3.3661457324190596,63.39121746990818,03-049
03,049,00000,000000,0000,DISTRICT,Amritsar ,Urban,273905,1334611,4.872532447381391,876.7151989335463,10.461700075902266,825.5668000313799,22.91903783199749,0.0,83.2914640147014,80.02045230650619,86.17937163205495,6.158919325548766,16.708535985298596,37.062634730269714,14.772025553796581,4.482231593758718,2.785853202922518,11.547341309472305,0.9113662002013578,62.937365269730286,03-049
03,050,00000,000000,0000,DISTRICT,Tarn Taran,Total,203421,1119627,5.503989263645346,899.7045993257195,12.256135302203324,820.3682576742458,33.713727875444235,0.0,67.80937374033493,61.85407446783528,73.2366771922247,11.382602724389422,32.190626259665066,34.00257407154347,12.64723964560648,51.7646348062264,21.333221259672918,16.914016737500724,3.012855199079595,65.99742592845654,03-050
03,050,00000,000000,0000,DISTRICT,Tarn Taran,Rural,176669,977832,5.534825011745128,901.205859364367,12.373086583380376,818.3840327041,34.725597035073505,0.0,66.53638235198007,60.36992309159093,72.16951847534312,11.799595383752198,33.463617648019934,34.142163480025204,12.877392073525924,57.40011322348458,23.333922414955087,18.098384618379946,3.3269133420996666,65.8578365199748,03-050
03,050,00000,000000,0000,DISTRICT,Tarn Taran,Urban,26752,141795,5.300351375598086,889.4159659946433,11.449627984061497,835.2927877006556,26.73578052822737,0.0,76.49649569926729,72.08173992149463,80.45497802148004,8.373238099985414,23.503504300732715,33.039952043443,11.049020195361658,11.605370445473756,7.075924779611091,8.47403359730197,0.7748297722470063,66.960047956557,03-050
03,051,00000,000000,0000,DISTRICT,Rupnagar,Total,135635,684627,5.047568842850297,915.1209141642307,10.651931635766628,862.6379239885574,26.423877527471163,0.0,82.18574107284441,76.42176379155191,87.49768324364737,11.075919452095462,17.814258927155592,34.13187034691884,14.29532129778506,28.740649446241807,9.209332580153717,16.88962495078656,3.177048562967528,65.86812965308117,03-051
03,051,00000,000000,0000,DISTRICT,Rupnagar,Rural,97827,506820,5.180778312735748,919.125749273919,10.867566394380649,858.9557528097472,27.346395169882797,0.0,80.78124411997139,74.34888462405824,86.742301458671,12.39341683461275,19.21875588002861,34.67937334753956,15.246919429327116,37.028481696840046,11.649275725128298,18.715080620384384,3.581547774831875,65.32062665246045,03-051
03,051,00000,000000,0000,DISTRICT,Rupnagar,Urban,37808,177807,4.702893567498942,903.7967364769369,10.037287620847323,874.0942980153313,23.794338805558837,0.0,86.15216304076019,82.34126723356158,89.60929023642889,7.268023002867309,13.847836959239814,32.57127109731338,11.558920045965573,3.5880788755741273,1.804399627033187,11.349587319128362,1.949442276478917,67.42872890268661,03-051
03,052,00000,000000,0000,DISTRICT,Sahibzada Ajit Singh Nagar,Total,205411,994628,4.8421360102428785,879.3053605742433,11.626859489175853,841.2304165074512,21.739886671197674,0.0,83.7984536692363,79.17578701650025,87.88688912947936,8.711102112979106,16.201546330763705,35.791773406741015,15.606338973945743,17.600809000126404,6.121153386985773,11.168415286731555,1.8424416073259458,64.20822659325898,03-052
03,052,00000,000000,0000,DISTRICT,Sahibzada Ajit Singh Nagar,Rural,85123,450017,5.286667528165125,867.4144341533048,11.778666139279183,820.8237436020747,29.490663686038527,0.0,78.98244633020244,72.93802460867029,84.26415824574156,11.326133637071266,21.017553669797564,35.9255317021357,14.593389560500016,33.64177867397369,11.086094599526199,13.511390416339356,2.7778636861280006,64.0744682978643,03-052
03,052,00000,000000,0000,DISTRICT,Sahibzada Ajit Singh Nagar,Urban,120288,544611,4.5275588587390265,889.2458086023818,11.501420279796037,858.8598391548209,15.335349451259706,0.0,87.76549723739711,84.25424690304793,90.90198450732994,6.647737604282014,12.234502762602887,35.68124771625986,16.43234429005001,4.255264403779256,1.9904901093019904,9.21913916963422,1.0642020543010642,64.31875228374014,03-052
03,053,00000,000000,0000,DISTRICT,Sangrur,Total,318870,1655169,5.190732900555085,885.0960503582455,10.955618429296344,840.0763087663754,27.888934604260957,0.0,67.99112519379713,62.1678022562011,73.17846980430593,11.010667548104834,32.00887480620287,34.36253337272508,10.76112412177986,43.7778457621695,16.14025648869994,12.125719550318413,2.2259027565326552,65.63746662727492,03-053
03,053,00000,000000,0000,DISTRICT,Sangrur,Rural,217864,1139204,5.22896853082657,884.0624291949267,10.737672971653891,826.6310272223633,31.721798729639296,0.0,64.79201085673826,58.69647783569911,70.22444326242454,11.52796542672543,35.20798914326174,34.80421417059631,11.248505755297437,57.62577208562111,20.906905831406007,13.98114963517457,2.693882080551639,65.19578582940369,03-053
03,053,00000,000000,0000,DISTRICT,Sangrur,Urban,101006,515965,5.108260895392353,887.3822135081352,11.43682226507612,868.5877137428753,19.426317676586592,0.0,75.11024061450252,69.89900492194144,79.74739036212344,9.848385440182,24.889759385497484,33.38734216468171,9.687166359562882,11.90535622028595,5.169301142993144,7.855247958111536,1.1487980866910088,66.61265783531829,03-053
03,054,00000,000000,0000,DISTRICT,Barnala,Total,115798,595527,5.1428090295169175,875.5456314838027,10.912519499535705,842.766403901775,32.24051974133834,0.0,67.82353828175067,63.56913856712474,71.56588345331897,7.996744886194236,32.17646171824933,35.15054733034774,11.211309149116024,48.153402983791224,19.328240919882862,10.938179247220909,2.6952529725649805,64.84945266965225,03-054
03,054,00000,000000,0000,DISTRICT,Barnala,Rural,76657,404842,5.281213718251432,881.1486455090377,10.56239224191166,847.0476437302924,32.959771960419125,0.0,64.73855297571538,60.515697968498195,68.47687429383679,7.961176325338592,35.26144702428462,35.234486540428115,11.366225109686129,63.26378957404447,24.0774235158857,12.376966433919408,3.3397829561706067,64.76551345957188,03-054
03,054,00000,000000,0000,DISTRICT,Barnala,Urban,39141,190685,4.8717457397613755,863.7598717647978,11.655872250045887,834.5852249277756,30.713480347169416,0.0,74.45431826141673,70.20265262835093,78.14339723050657,7.9407446021556325,25.54568173858327,34.97233657602853,10.878888348251163,15.832171187787726,9.169703240511645,7.860602516232549,1.3165984374765696,65.02766342397148,03-054
04,055,00000,000000,0000,DISTRICT,Chandigarh,Total,241173,1055450,4.376319073859843,817.6636017793454,11.315931593159316,879.7846889952153,18.86266521388981,0.0,86.04959744277876,81.18905008248008,89.98679241269552,8.797742330215442,13.950402557221238,38.290397460798715,16.002333678049315,1.055337807074846,0.4174337351782569,4.505166577587743,0.747025753706673,61.70960253920129,04-055
04,055,00000,000000,0000,DISTRICT,Chandigarh,Rural,7140,28991,4.060364145658263,690.4373177842565,14.72870890966162,871.1656441717791,17.157048739263907,0.0,80.74511548885562,73.16553334009946,85.76809254775355,12.602559207654096,19.254884511144382,42.59942740850609,14.23866227514568,5.060728744939271,1.360323886639676,5.40080971659919,1.5951417004048583,57.40057259149391,04-055
04,055,00000,000000,0000,DISTRICT,Chandigarh,Urban,234033,1026459,4.385958390483394,821.5356167470848,11.219542134659056,880.1057890096973,18.91083813381733,0.0,86.19349387410223,81.38232331628512,90.11167545031547,8.72935213403035,13.80650612589777,38.16869451190939,16.047443978347367,0.9290786296600696,0.3877116589158367,4.476933836329016,0.7202911793683286,61.831305488090614,04-055
05,056,00000,000000,0000,DISTRICT,Uttarkashi,Total,67602,330086,4.882784533001982,957.8402937181563,14.028768260392747,916.2838816470102,24.407881582375502,1.0639651484764576,75.80758266115534,62.354410213352274,88.78711088955356,26.432700676201286,24.192417338844663,47.646976848457676,45.21112893138232,77.34873725171036,2.789363920750782,18.38106259060505,4.3007197538085915,52.353023151542324,05-056
05,056,00000,000000,0000,DISTRICT,Uttarkashi,Rural,61914,305781,4.938802209516426,968.0193081255029,14.279173656963644,924.2430919747918,25.140541760279415,1.1034040702332715,74.74076560938204,60.891265046278406,88.25103252841338,27.35976748213497,25.259234390617962,48.749595298596056,47.25609350690797,81.03201915917003,2.8658254342007283,18.684215822415425,4.389301455050414,51.25040470140395,05-056
05,056,00000,000000,0000,DISTRICT,Uttarkashi,Urban,5688,24305,4.2730309423347395,838.2241718348208,10.878420078173216,793.7584803256445,15.190290063772885,0.5677844065007199,88.7170490743733,81.45869060829214,94.84167517875383,13.382984570461687,11.282950925626693,33.77494342727834,17.459171704412164,10.464124741137775,1.4009014496284566,12.876111584845901,2.692167133633817,66.22505657272167,05-056
05,057,00000,000000,0000,DISTRICT,Chamoli,Total,88964,391605,4.401836697990198,1018.6761241500894,13.3197992875474,889.2752363359774,20.254337917033745,3.130705685576027,82.65163031310024,72.3214801631785,93.39652125830919,21.075041095130686,17.34836968689976,46.20472159446381,44.07987288350016,69.08477948491213,2.125013816734829,36.37946280534984,9.247816955896983,53.795278405536195,05-057
05,057,00000,000000,0000,DISTRICT,Chamoli,Rural,74318,332209,4.470101455905702,1071.528786735591,13.611009936515869,898.8367698316046,20.46904207893224,2.722984627147368,80.94406812733456,70.08428833523891,92.9076715779607,22.82338324272179,19.05593187266544,47.53302890650163,47.75837988826815,76.93671671658994,2.256996118017339,40.14464026749584,10.343932264785414,52.46697109349837,05-057
05,057,00000,000000,0000,DISTRICT,Chamoli,Urban,14646,59396,4.055441758842004,766.5814050324192,11.691022964509393,829.2939936775552,19.053471614250117,5.411138797225402,91.99458552581407,87.19614602669495,95.63468115067391,8.438535123978966,8.005414474185926,38.77533840662671,19.554589896795218,15.249012200946549,1.2200946550301768,10.564022404585124,1.7324475706656246,61.224661593373284,05-057
05,058,00000,000000,0000,DISTRICT,Rudraprayag,Total,53542,242285,4.525139143102611,1114.3827068915864,13.226572012299565,904.8921119895381,19.67889056276699,0.15931650741894876,81.30413481799286,70.35466289687304,93.90074258944827,23.546079692575233,18.69586518200714,46.652496027405746,47.52928830973563,76.39871894684691,2.8310566919102556,30.152523179276663,6.592823271286008,53.347503972594254,05-058
05,058,00000,000000,0000,DISTRICT,Rudraprayag,Rural,50882,232360,4.566644392909084,1136.840169210962,13.339215011189534,908.5591133004926,19.916939232225854,0.13298330177311068,80.9197228912671,69.89482386441924,93.89513513513513,24.000311270715898,19.0802771087329,46.711568256154244,48.32551367092704,79.10889173476815,2.8091285160172843,30.748394586277744,6.804005933351146,53.288431743845756,05-058
05,058,00000,000000,0000,DISTRICT,Rudraprayag,Urban,2660,9925,3.731203007518797,696.871260044452,10.589420654911839,802.7444253859348,14.105793450881613,0.7758186397984886,90.02704530087897,84.22949002217295,93.99924041017852,9.769750388005562,9.972954699121033,45.269521410579344,23.380765456329737,10.928110393946138,3.3607834409080795,15.757845537502781,1.4912085466280882,54.73047858942065,05-058
05,059,00000,000000,0000,DISTRICT,Tehri Garhwal,Total,132714,618931,4.663645131636451,1077.047243830247,13.67793825159832,896.6931039118161,16.501031617417773,0.1413727863041276,76.36418766400762,64.28403613814511,89.75891250118411,25.474876363039,23.635812335992384,45.31070507051675,43.503092430167165,69.6222391795808,2.898638577673815,40.839103985850905,11.697605922080145,54.68929492948325,05-059
05,059,00000,000000,0000,DISTRICT,Tehri Garhwal,Rural,115691,548792,4.7436014901764185,1115.7756350696466,13.979431187043541,902.1148935115166,17.24296272540416,0.11479759180162977,74.72896198477358,62.2149502422676,89.18410576677257,26.969155524504977,25.271038015226424,46.92652225251097,47.04866090093328,75.66409996544078,3.0979035370773778,43.663820385277,12.663816502219166,53.07347774748903,05-059
05,059,00000,000000,0000,DISTRICT,Tehri Garhwal,Urban,17023,70139,4.120249074781178,816.8371972542417,11.318952366016054,845.8498023715415,10.695903848073112,0.34930637733643194,88.7749196141479,83.05133352451965,93.42933768656717,10.378004162047517,11.225080385852095,32.66798785269251,10.96277034312171,1.7151835202723347,0.6590145332344084,9.090909090909092,0.8379522541788506,67.33201214730748,05-059
05,060,00000,000000,0000,DISTRICT,Dehradun,Total,347001,1696694,4.889593978115337,901.6990604114104,11.884995172965779,889.0824948944222,13.49100073436931,6.581210283056343,84.24552621264152,78.53701227048333,89.40267590804287,10.865663637559535,15.754473787358478,34.347265918309375,15.40519207701726,19.797071905114898,6.554066112072042,16.234075995936635,2.832688136616973,65.65273408169064,05-060
05,060,00000,000000,0000,DISTRICT,Dehradun,Rural,144112,754753,5.237266848007105,921.023897213222,13.243670445827973,914.7750129302914,15.78304425421297,13.444795847118197,79.08356190324926,71.77594967336076,85.82104447470999,14.045094801349236,20.91643809675074,35.15600467967666,18.500975510001048,39.98477430928503,12.157186412955404,22.369328524427058,4.442208328151322,64.84399532032333,05-060
05,060,00000,000000,0000,DISTRICT,Dehradun,Urban,202889,941941,4.642642035792971,886.4929061821562,10.796323761254687,864.49223548393,11.654445448281793,1.0815964057196787,88.26819764687961,83.90693863927724,92.14618956077929,8.239250921502048,11.731802353120386,33.69924443250692,12.874322520010933,2.9219316567273736,1.8703512933682391,11.10554552700306,1.4872710891008012,66.30075556749308,05-060
05,061,00000,000000,0000,DISTRICT,Garhwal,Total,161778,687271,4.24823523594061,1102.8458306943387,12.207848141417287,904.4603336738169,17.80389395158533,0.3222891697743685,82.02081641447205,72.59635179478222,92.70583575576255,20.109483960980327,17.97918358552795,39.889941522339804,35.173204010631395,59.93828241267618,5.002699232542531,40.019040532259474,12.087090373223614,60.1100584776602,05-061
05,061,00000,000000,0000,DISTRICT,Garhwal,Rural,136180,574568,4.219180496401821,1143.6784825522611,12.386697484022779,912.5550897559926,19.071023795268793,0.339733504128319,80.36543649358957,70.14538797641802,92.43469935056777,22.289311374149747,19.63456350641043,41.90731123209089,39.48828697164146,67.858596430025,5.493259574892228,44.01792463016953,13.57927786499215,58.09268876790911,05-061
05,061,00000,000000,0000,DISTRICT,Garhwal,Urban,25598,112703,4.402804906633331,916.7176870748299,11.296061329334622,860.441326903405,11.34397487200873,0.2333566985794522,90.3562997639339,86.51046547953764,93.91034894239468,7.399883462857034,9.643700236066095,29.605245645634987,10.633916479602249,2.781274351135887,1.462566684649044,11.161062159084098,1.318707666486843,70.394754354365,05-061
05,062,00000,000000,0000,DISTRICT,Pithoragarh,Total,114730,483439,4.213710450623203,1020.1708273089685,13.092241213472642,815.9986227871345,24.90034937189594,4.0408407265446105,82.24521951892913,72.29117310251144,92.7464991954141,20.455326092902666,17.754780481070867,44.78124437622947,42.17004665489713,65.94484733705946,2.5091228232250913,32.800129336228004,8.16111598688161,55.218755623770534,05-062
05,062,00000,000000,0000,DISTRICT,Pithoragarh,Rural,96971,413834,4.267605779047344,1039.2943379490464,13.266188858334502,830.8543987194024,26.469792235534058,3.845744912211176,80.58751748232265,69.6419162320555,92.35879822370246,22.71688199164697,19.412482517677347,47.472899761740216,46.67289382847172,72.19318025644027,2.6738403432777322,34.484548938964366,8.723957670557215,52.527100238259784,05-062
05,062,00000,000000,0000,DISTRICT,Pithoragarh,Urban,17759,69605,3.9194211385776225,913.4869144490874,12.058041807341427,724.4709266488597,15.56928381581783,5.200775806335751,91.96562765470823,88.87991112008888,94.87448030721382,5.994569187124938,8.034372345291771,28.77810502119101,13.590538385145507,4.662772702311417,0.8936148969097899,16.279766362138684,2.640906594778094,71.22189497880899,05-062
05,063,00000,000000,0000,DISTRICT,Bageshwar,Total,58046,259898,4.47744891982221,1090.4557373357143,13.682290744830663,903.7421703517318,27.726646607515253,0.7626068688485482,80.00561652506487,69.03387788459108,92.332011320719,23.298133436127927,19.994383474935134,47.57173968249082,47.8933703124539,76.11737491709668,7.26718322845727,36.84385059609505,8.065481486274447,52.42826031750918,05-063
05,063,00000,000000,0000,DISTRICT,Bageshwar,Rural,55992,250819,4.479550650092871,1096.8858420766628,13.772880044972668,905.510508025815,27.845577886842705,0.7471523289702934,79.60550043001008,68.4548907551312,92.21764578365489,23.762755028523685,20.394499569989918,48.1889330553108,49.08005853480077,77.73420371151761,7.392423076604864,37.18550141891501,8.187511893238023,51.8110669446892,05-063
05,063,00000,000000,0000,DISTRICT,Bageshwar,Urban,2054,9079,4.420155793573515,927.1916790490342,11.17964533538936,845.4545454545455,24.441017733230535,1.1895583214010355,90.73660714285714,86.06200358698437,95.1213650564768,9.05936146949243,9.263392857142861,30.520982487058046,12.248168498168498,5.593648502345724,1.804402742692169,21.941537351136773,2.7426921688920967,69.47901751294195,05-063
05,064,00000,000000,0000,DISTRICT,Almora,Total,140577,622506,4.428220832710899,1138.6005957104724,12.86445431851259,921.7220195814936,24.255991106913026,0.2057811490973581,80.47154993141896,69.92577171817143,92.86112369641833,22.9353519782469,19.528450068581037,47.90491979193775,46.994342611450556,73.06605054810184,3.445211611912371,32.57190378624531,9.670669425339776,52.09508020806225,05-064
05,064,00000,000000,0000,DISTRICT,Almora,Rural,125209,560192,4.474055379405634,1176.6948115278658,13.276697989260825,926.5639165911151,25.15762452873301,0.13388266879926883,78.85458927950236,67.87537023099418,92.2584272744727,24.383057043478516,21.145410720497637,49.4318019536159,50.25806302483547,78.61638854080523,3.6899676071545935,34.584508491836786,10.321653371275454,50.5681980463841,05-064
05,064,00000,000000,0000,DISTRICT,Almora,Urban,15368,62314,4.054789172306091,847.8737915900599,9.158455563757743,860.7760026084121,16.150463780209908,0.852135956606862,94.34875545427244,91.02573982737361,97.1619637905725,6.136223963198887,5.651244545727565,34.17851526141798,12.426552881925014,0.9014930979434689,0.26293548690017843,6.40435721664006,1.2066860738097474,65.82148473858203,05-064
05,065,00000,000000,0000,DISTRICT,Champawat,Total,53953,259648,4.812484940596445,980.1563393708293,14.260845452304657,873.3178184761712,18.24893702243037,0.5156981759921124,79.83379750247059,68.04810310890609,91.60912005316139,23.5610169442553,20.16620249752941,38.34653068770027,30.452915042443763,64.30407970592371,4.049575156177811,37.02870457786795,9.387742803768354,61.65346931229973,05-065
05,065,00000,000000,0000,DISTRICT,Champawat,Rural,45741,221305,4.838219540456046,996.5807185002075,14.614220193850116,880.56750784975,18.85407017464585,0.4898217392286663,79.33299111466266,66.65093003493531,92.24189483576096,25.590964800825645,20.66700888533734,39.805698018571654,33.939871269112736,71.56836035054262,4.2591835808018885,40.65862961449394,10.45157335512873,60.194301981428346,05-065
05,065,00000,000000,0000,DISTRICT,Champawat,Urban,8212,38343,4.669142717973697,890.4008282798402,12.22126594163211,824.7663551401869,14.756278851420076,0.6650496831233863,82.64551207772529,76.40195709446745,88.26418289585098,11.86222580138353,17.354487922274714,29.924627702579347,9.125138427464009,8.532333972459472,2.4402998082621576,9.159839637441172,1.2201499041310788,70.07537229742064,05-065
05,066,00000,000000,0000,DISTRICT,Nainital,Total,191383,954605,4.987929962431355,933.7061900151115,13.01815934339334,902.0157032003307,20.029855280456317,0.7851414983160575,83.88200878442746,77.29301200983075,90.06604736079042,12.773035350959674,16.117991215572545,39.40697985030457,25.870234456186175,45.794976354467664,9.235447829635202,21.20176191780021,5.569659286354176,60.59302014969542,05-066
05,066,00000,000000,0000,DISTRICT,Nainital,Rural,114954,582871,5.070471666927641,947.7272043761716,13.589971022747743,907.5278138997255,23.659780637568176,0.9916430908382815,82.98670330521244,74.70316515402882,90.89089011411122,16.18772496008239,17.013296694787556,44.375342056818745,35.55360454702518,65.05329575373766,12.724095402685473,25.97167611955879,7.479576726940936,55.624657943181255,05-066
05,066,00000,000000,0000,DISTRICT,Nainital,Urban,76429,371734,4.863782072250062,912.1234099244376,12.121570800626253,892.4026710343959,14.338209579968472,0.4613513964286291,85.26237166104434,81.37381788359517,88.81991582550792,7.446097941912754,14.737628338955659,31.616693657292583,10.382630762723812,3.412745681953544,1.557900110610057,10.70450097847358,1.3664596273291925,68.38330634270741,05-066
05,067,00000,000000,0000,DISTRICT,Udham Singh Nagar,Total,308581,1648902,5.343498141492834,920.0449939041644,13.897854451022559,898.8126310207396,14.449858148028202,7.461753336462689,73.10063814501247,64.44918461836384,81.09040016474822,16.641215546384373,26.899361854987532,35.86980912146386,18.589604856989897,48.68240855648246,27.939431033141833,23.787995090099383,5.398016427201932,64.13019087853614,05-067
05,067,00000,000000,0000,DISTRICT,Udham Singh Nagar,Rural,198645,1062142,5.346935487930731,929.5184115392301,14.111672450576288,901.5033301617507,16.4685136262383,11.051347183333302,71.54976234741125,62.02296356650198,80.44970263651688,18.426739070014897,28.450237652588754,38.23678943116834,22.96588439469035,65.63481061436146,36.949836135809065,28.04035171090959,6.729388937997532,61.76321056883166,05-067
05,067,00000,000000,0000,DISTRICT,Udham Singh Nagar,Urban,109936,586760,5.337287148886625,903.1309091734698,13.510805099188767,893.7461181978883,10.795725680005454,0.9639375553889153,75.88850091825556,68.88434363759319,82.2244990636177,13.34015542602451,24.11149908174444,31.585145545026926,10.547788268503522,11.533003469505582,8.194076480205473,14.469403061582376,2.4804536796723666,68.41485445497307,05-067
05,068,00000,000000,0000,DISTRICT,Hardwar,Total,338104,1890422,5.59124411423704,880.4649381524827,15.112657385493822,877.4224073915872,21.755671484991183,0.3344755827005822,73.43009318084238,64.7869165667696,81.04479781320842,16.257881246438814,26.569906819157623,30.581584429296736,9.073387208841217,34.036992255946416,17.836231515547784,14.351493891417194,2.1979827752321746,69.41841557070326,05-068
05,068,00000,000000,0000,DISTRICT,Hardwar,Rural,204477,1197328,5.855563217378972,889.1735985761711,16.51978405249021,883.2154316344698,25.667152192214665,0.43839282134887014,68.29356138672898,58.108581733679706,77.36183057117407,19.25324883749436,31.70643861327102,30.004393115336818,9.041352582939398,52.226716139968985,27.1008292252492,16.828623998263055,2.925809531497477,69.99560688466319,05-068
05,068,00000,000000,0000,DISTRICT,Hardwar,Urban,133627,693094,5.186781114595104,865.6082861611096,12.681829593099925,864.5157184676085,14.998542766204872,0.15495733623433475,81.913492631325,75.98245189226147,87.04839241727785,11.065940525016387,18.086507368675,31.578689182131143,9.129524881601329,4.180563804998401,2.6294147210673002,10.285557636953442,1.0033353131996163,68.42131081786886,05-068
06,069,00000,000000,0000,DISTRICT,Panchkula,Total,117107,561293,4.792992733141486,872.9807560756676,11.81236894099873,863.3055110586516,18.142039897166008,0.0,81.88391304084317,75.98951904545356,87.03728947049558,11.047770425042017,18.11608695915683,37.67711337928675,17.81785378458339,18.682233224102628,6.065377649790286,13.54649870672738,2.772379290615144,62.32288662071325,06-069
06,069,00000,000000,0000,DISTRICT,Panchkula,Rural,46154,248063,5.374680417731941,862.99219694637,12.903980037329227,871.1638510551236,20.754405130954638,0.0,75.64208782104392,67.49627526073175,82.66204780862762,15.16577254789587,24.357912178956084,38.18667032165216,18.075015229309894,38.57717440645222,11.432854413208483,20.56541429581851,4.87083935942234,61.81332967834784,06-069
06,069,00000,000000,0000,DISTRICT,Panchkula,Urban,70953,313230,4.414612489958142,880.9675366008911,10.947865785525014,856.0294436025113,16.07317306771382,0.0,86.71855394388717,82.47891326936006,90.46673421141507,7.987820942055009,13.281446056112827,37.27356894294927,17.616424910022904,2.5404275729751955,1.7104632040564616,7.851685624229135,1.0697889543648076,62.726431057050725,06-069
06,070,00000,000000,0000,DISTRICT,Ambala,Total,224334,1128350,5.029777028894417,884.6573342709156,11.316435503168343,810.1387845366525,26.254796827225597,0.0,81.74846426512076,75.50005396836819,87.33835452001469,11.838300551646498,18.25153573487924,32.98081269109762,9.821447114776445,29.60291718954477,15.395591432233655,14.151701380398185,2.047621990707773,67.01918730890239,06-070
06,070,00000,000000,0000,DISTRICT,Ambala,Rural,117702,627576,5.331905999898048,891.9816824086607,11.859121445052073,794.8006848819543,33.1790890665035,0.0,77.12939143199597,69.36082003689405,84.16667815157321,14.805858114679154,22.87060856800403,31.20673830739225,7.666127020714969,51.09269528098608,25.57009078561727,16.72589687815937,2.8292638093195674,68.79326169260774,06-070
06,070,00000,000000,0000,DISTRICT,Ambala,Urban,106632,500774,4.696282541826093,875.558052434457,10.636334953491994,832.0148586365825,17.577190509091924,0.0,87.45793390091842,83.20148484617145,91.20735018451114,8.005865338339689,12.54206609908158,35.20410404693534,12.549299751041604,5.729665953838213,4.0926185384558655,11.291996846159519,1.1792867555716904,64.79589595306466,06-070
06,071,00000,000000,0000,DISTRICT,Yamunanagar,Total,235423,1214205,5.157546204066723,877.4875602658345,12.089309465864496,825.8928016120807,25.26286747295556,0.0,77.98805713985925,71.37705526541087,83.83754911049309,12.460493845082212,22.01194286014075,32.05661317487574,8.262744344804375,34.62373436990183,18.81931901971313,12.899471524767941,2.4440373760703746,67.94338682512426,06-071
06,071,00000,000000,0000,DISTRICT,Yamunanagar,Rural,136652,741376,5.425284664695724,881.8703564094559,12.666177486187847,827.6372129233165,31.497242964433703,0.0,73.79670472236637,65.91777497171158,80.80898600898485,14.891211037273266,26.20329527763363,31.741653358080114,7.7580673480725,54.512270264527785,29.398066503771382,16.087113566344417,3.230850950812706,68.25834664191989,06-071
06,071,00000,000000,0000,DISTRICT,Yamunanagar,Urban,98771,472829,4.787123750898543,870.6564699459173,11.18480465453684,822.8035708130838,15.487628719896623,0.0,84.45030766006896,79.86095537115945,88.4745338505819,8.613578479422458,15.549692339931042,32.55045693051822,9.059472526673574,4.214205889232528,2.6444369363515867,8.025573719364814,1.2410011175507445,67.44954306948178,06-071
06,072,00000,000000,0000,DISTRICT,Kurukshetra,Total,188143,964655,5.127243639146819,887.8675319388778,12.124230942668621,818.3613184079602,22.301029901882018,0.0,76.31172894120311,68.83692979787654,83.02317667287576,14.186246874999227,23.688271058796886,34.9119633444081,15.037945331390699,45.96413088663222,25.50329592018528,15.106597778965497,3.471702595165984,65.08803665559189,06-072
06,072,00000,000000,0000,DISTRICT,Kurukshetra,Rural,130824,685430,5.23932917507491,898.5928757409562,12.659644310870549,817.8447228390665,25.321331135199802,0.0,73.10880854980398,64.61203135567384,80.8484898782582,16.23645852258437,26.89119145019602,36.07560217673577,16.485311796800346,60.06519110456864,33.23169128857578,17.747590719569057,4.245914434653198,63.92439782326422,06-072
06,072,00000,000000,0000,DISTRICT,Kurukshetra,Urban,57319,279225,4.87142134370802,862.0462002187307,10.809920315158026,819.8480646328229,14.886919151222134,0.0,84.01106645090567,79.26014299176111,88.13151383369573,8.87137084193462,15.988933549094327,32.0555107887904,11.405673440654757,7.008390405219704,4.152747829778677,7.810562302389758,1.33285664808339,67.9444892112096,06-072
06,073,00000,000000,0000,DISTRICT,Kaithal,Total,204274,1074304,5.259132341854568,881.4331973737442,12.975191379721196,827.9131369823493,23.0393817764804,0.0,69.15406921086607,59.23833281080319,77.9759269926932,18.73759418189001,30.84593078913393,34.803835785773856,16.134082785450456,57.145646284156946,22.907523154648715,22.26162680296016,4.958290875343342,65.19616421422614,06-073
06,073,00000,000000,0000,DISTRICT,Kaithal,Rural,158019,838293,5.305013954018188,879.8715496343605,13.181429404754663,828.6967314853124,24.20132340363095,0.0,66.67037650763815,56.13898237741317,76.02112548183426,19.88214310442109,33.32962349236185,35.892701000724095,18.102415626385838,67.47738346084564,26.545934340580818,24.30123036631814,5.498095624256362,64.10729899927591,06-073
06,073,00000,000000,0000,DISTRICT,Kaithal,Urban,46255,236011,5.102388930926386,887.0010873736728,12.242649707005182,824.9226299501042,18.912254089851743,0.0,77.88158383908612,70.07703467582091,84.87444960133286,14.797414925511944,22.11841616091388,30.93626991962239,9.172608370365696,14.568638461643818,7.913659211373317,13.856436525002398,2.7337597414159123,69.06373008037761,06-073
06,074,00000,000000,0000,DISTRICT,Karnal,Total,292084,1505324,5.153736596321606,887.0519686302825,13.060975577350789,823.8912029091719,22.56019302156878,0.0,74.73084264400013,66.82250617728859,81.82399281070857,15.001486633419987,25.269157355999866,34.2824534784538,14.756109280227017,47.670822498071935,25.912196596532976,20.25512438427941,3.62417693998008,65.71754652154618,06-074
06,074,00000,000000,0000,DISTRICT,Karnal,Rural,198594,1050514,5.289756991651308,885.6491536680369,13.582969860468305,829.1138429195883,24.704097232402425,0.0,71.36666508779795,62.277129341954264,79.50047902416829,17.22334968221402,28.633334912202045,34.56536514506232,15.57486360061937,63.624646805135576,34.127574260425106,23.126345996023286,4.13589120771989,65.43463485493768,06-074
06,074,00000,000000,0000,DISTRICT,Karnal,Urban,93490,454810,4.864798374157664,890.3001637559123,11.85528022690794,810.2128516752837,17.608232008970777,0.0,82.34906745225011,77.07483887938972,87.10439435336977,10.029555473980054,17.65093254774989,33.62898792902531,12.870200926202568,9.79483223056202,6.408060255773204,13.438554279885976,2.40931558438162,66.37101207097469,06-074
06,075,00000,000000,0000,DISTRICT,Panipat,Total,235640,1205437,5.115587336615175,863.52934265224,14.07472974531228,836.5663563541892,17.10690811713926,0.0,75.94303782192078,66.99861624191249,83.70698874795528,16.708372506042792,24.056962178079218,34.20485682785579,14.97565254753124,32.615117457884445,15.123763696952352,17.778025698611266,3.5084570646927853,65.79514317214421,06-075
06,075,00000,000000,0000,DISTRICT,Panipat,Rural,121876,650352,5.336177754438938,860.0511380211759,14.543508746032918,826.4395782643958,20.021772824562696,0.0,72.5021951605706,61.73811222432457,81.82275999140525,20.084647767080682,27.497804839429406,34.12475090412577,16.402514050081475,56.85505855423533,25.520094083296158,24.44363338154652,5.416998977159568,65.87524909587424,06-075
06,075,00000,000000,0000,DISTRICT,Panipat,Urban,113764,555085,4.879267606624239,867.621082381441,13.52549609519263,849.4851455880179,13.691776935063999,0.0,79.92695939850877,73.07217104026215,85.8939837347684,12.82181269450625,20.07304060149123,34.29871100822396,13.311746228719898,4.359016109293177,3.004932059436831,10.00803626298014,1.2837010930368145,65.70128899177602,06-075
06,076,00000,000000,0000,DISTRICT,Sonipat,Total,277726,1450001,5.22097679007367,855.8848789003953,12.983577252705341,798.2291079632831,18.616194057797202,0.0,79.12222733861758,69.80207918541596,87.18234836817882,17.38026918276286,20.877772661382423,36.08128546118244,19.75379167401922,46.652675279397684,19.445161216333222,24.16304935786796,4.7836400161321455,63.918714538817554,06-076
06,076,00000,000000,0000,DISTRICT,Sonipat,Rural,187552,996637,5.313923605186829,849.9062645011601,13.245243754747216,800.226380100371,19.333217610825205,0.0,76.9278188358026,66.38869962525801,85.9675735139293,19.578873888671282,23.072181164197403,37.74573891998792,22.746878596684333,61.296213595329995,24.69988410050294,27.78185375397408,5.550416281221091,62.254261080012085,06-076
06,076,00000,000000,0000,DISTRICT,Sonipat,Urban,90174,453364,5.027657639674407,869.1645811774116,12.408351787967284,793.5597003028854,17.039950238660325,0.0,83.90013824919606,77.13110125050423,89.85955375407228,12.72845250356805,16.09986175080394,32.42229202142208,13.252852026658445,9.176072004408434,5.996965800627249,14.901592614513815,2.821261165649598,67.57770797857792,06-076
06,077,00000,000000,0000,DISTRICT,Jind,Total,249736,1334152,5.342249415382644,871.1651795356561,12.633792851189371,837.9020826518373,21.163330714941026,0.0,71.44470048850461,60.75836576018461,80.80673302258505,20.04836726240044,28.55529951149539,39.23256120741864,24.97721952648814,63.51624501835995,19.50070879710826,26.282999186125156,5.69712392677419,60.76743879258135,06-077
06,077,00000,000000,0000,DISTRICT,Jind,Rural,190875,1028569,5.388704649639816,868.3623998445104,12.77405793874791,839.2429693296191,22.244885855980492,0.0,68.85080903587802,57.3426740684578,78.89400979373052,21.551335725272722,31.149190964121985,41.82130707808616,29.455496286999267,74.47374355183291,22.239580064208518,28.81502507200792,6.500124372037447,58.17869292191384,06-077
06,077,00000,000000,0000,DISTRICT,Jind,Urban,58861,305583,5.191603948284943,880.6612221285395,12.161671297159856,833.1771321462043,17.522898852357624,0.0,80.11467146513473,72.07400657660156,87.25020040221075,15.17619382560919,19.885328534865266,30.51904065343949,10.016352658355231,12.975413088000343,6.8678225624859275,14.604175378775693,1.9933305454584445,69.48095934656051,06-077
06,078,00000,000000,0000,DISTRICT,Fatehabad,Total,180637,942011,5.214939353510078,901.6694928940568,12.847408363596605,853.9499685963326,30.186165554330046,0.0,67.91556991767227,58.86504683990525,76.14170353956581,17.276656699660563,32.08443008232773,39.18032804287848,23.639261974114017,62.38352890813178,26.551480290341196,22.440751809213648,5.125134454851619,60.81967195712152,06-078
06,078,00000,000000,0000,DISTRICT,Fatehabad,Rural,145137,762423,5.253126356476984,902.1865503699971,13.018888464802348,857.8781866506944,31.375627440410376,0.0,65.52391263699478,55.646090899878395,74.5028613538752,18.85677045399681,34.47608736300522,41.002173334225226,26.99047866618364,71.9196442852116,30.308371453248455,24.502415149867247,5.729183327468731,58.99782666577478,06-078
06,078,00000,000000,0000,DISTRICT,Fatehabad,Urban,35500,179588,5.05881690140845,899.4775030144057,12.119406641869167,836.2439888635789,25.136423369044703,0.0,77.96518885080121,72.39451617196859,83.0263746629098,10.631858490941212,22.034811149198788,31.445864979842753,9.389478140213072,9.595736015441007,5.754962548474492,11.02827900058435,1.7813822534662582,68.55413502015725,06-078
06,079,00000,000000,0000,DISTRICT,Sirsa,Total,246571,1295189,5.252803452149685,897.4848443117456,12.173281274007113,861.827499881914,29.90922560336754,0.0,68.82477877350944,60.399278015803596,76.42908991165717,16.029811895853577,31.175221226490564,38.759053697954506,21.635567337624284,62.01935048196923,29.291060013585575,20.484738139015104,4.17009460102828,61.240946302045494,06-079
06,079,00000,000000,0000,DISTRICT,Sirsa,Rural,183495,975941,5.318624485680809,898.0642852558555,12.338963113548871,869.2527397472913,31.97519112323388,0.0,65.41460164578268,56.10267026480845,73.81574412735823,17.713073862549777,34.58539835421732,40.65235500916551,25.18515951871519,76.06082526975901,35.470821161305935,22.839722439967435,4.7277456691107345,59.34764499083449,06-079
06,079,00000,000000,0000,DISTRICT,Sirsa,Urban,63076,319248,5.061322848627053,895.7156854012647,11.666791961108606,838.2193268186754,23.593569889239713,0.0,79.1703604938972,73.42352774187765,84.3630816170862,10.939553875208546,20.829639506102794,32.97123239613091,10.76947554742348,9.094622838685162,5.998479954398632,11.608398251947559,2.068212046361391,67.02876760386908,06-079
06,080,00000,000000,0000,DISTRICT,Hisar,Total,335608,1743931,5.196333222092441,872.05038419343,12.338045484597728,851.2333410766676,23.440434283237124,0.0,72.88966773157924,62.25002838396425,82.19954300880744,19.94951462484319,27.110332268420763,39.65873649817567,25.02557335398076,58.606230869218834,20.85144898723434,23.191025142382895,4.931313537327524,60.34126350182433,06-080
06,080,00000,000000,0000,DISTRICT,Hisar,Rural,225651,1190443,5.275593726595495,877.2587713419298,12.654952820084626,854.7930363694566,25.41717663088447,0.0,68.74406732878563,56.64070523090068,79.40179086553678,22.761085634636103,31.255932671214367,42.596243583271104,30.742184129540682,75.84778853207752,25.99746787514495,26.263498749714053,5.558842321982157,57.4037564167289,06-080
06,080,00000,000000,0000,DISTRICT,Hisar,Urban,109957,553488,5.033676800931273,860.9455220342744,11.656440609371838,842.9742622903991,19.188853236203858,0.0,81.70525450384584,74.30469422436053,88.09447594658863,13.7897817222281,18.294745496154164,33.34074090133842,12.606174213578583,11.228642494459105,6.710849314771564,14.748261866184018,3.2069449487094728,66.65925909866158,06-080
06,081,00000,000000,0000,DISTRICT,Bhiwani,Total,311380,1634445,5.249036546984392,885.8864714678679,12.971436787411017,831.5335706140502,20.87326278950959,0.0,75.21410483720159,63.54453640855494,85.64979305275158,22.105256644196636,24.78589516279841,38.11728140133195,25.05011246813837,62.97387184072063,16.659229606135415,28.46377081440628,5.861420275246145,61.88271859866805,06-081
06,081,00000,000000,0000,DISTRICT,Bhiwani,Rural,248136,1313123,5.291948770029339,886.0964763606488,13.144846293911538,835.4937844936675,20.93307329168707,0.0,73.66514250141384,61.00192814233332,84.98604221710372,23.984114074770396,26.33485749858616,40.072559843975014,28.74628593103381,71.99763588887917,18.205746082302994,30.833976305677286,6.504536280743897,59.92744015602499,06-081
06,081,00000,000000,0000,DISTRICT,Bhiwani,Urban,63244,321322,5.0806716842704445,885.0287457468028,12.262776902919812,814.3850439747663,20.62883960637616,0.0,81.48049617088596,73.8226106806031,88.33693014125035,14.514319460647243,18.519503829114043,30.126788704165914,9.935570256260688,13.922978389322754,8.25275815048965,15.579934713441594,2.365604727077393,69.87321129583408,06-081
06,082,00000,000000,0000,DISTRICT,Rohtak,Total,206988,1061204,5.12688658279707,866.7426589196787,12.187100689405618,820.4980222688307,20.438011918537814,0.0,80.22350661140884,71.7152814223499,87.65413981239874,15.938858390048836,19.776493388591163,32.60136599560499,14.880714394439087,38.24064144846185,10.569794228929348,16.48076261608766,2.618457829793015,67.398634004395,06-082
06,082,00000,000000,0000,DISTRICT,Rohtak,Rural,117450,615040,5.2366113239676455,852.3404229687321,12.64844562955255,822.2341945609145,21.93922346514048,0.0,76.81141076637003,66.08082160836453,86.00519107080524,19.92436946244071,23.18858923362997,34.58002731529657,18.047673900906695,58.26425491698836,15.132052228454823,21.578326225661908,3.373597077312971,65.41997268470342,06-082
06,082,00000,000000,0000,DISTRICT,Rohtak,Urban,89538,446164,4.982956956822801,886.9673708473429,11.551133663854547,817.8835978835979,18.368581956410647,0.0,84.86874947735457,79.20356828855103,89.94689925274514,10.743330964194115,15.13125052264543,29.87376839009871,10.607050386469515,6.289482766382065,3.289917920861906,8.346713083144516,1.4135017931365634,70.1262316099013,06-082
06,083,00000,000000,0000,DISTRICT,Jhajjar,Total,185334,958405,5.1712313984482075,862.1846747508583,12.52612413332568,781.700801424755,17.78454828595427,0.0,80.64504970454009,70.73238089636814,89.3117841564812,18.579403260113054,19.354950295459915,34.070565157736034,17.243057840437377,48.15241291871597,13.73363876349783,24.523326820484236,4.7207947717542424,65.92943484226397,06-083
06,083,00000,000000,0000,DISTRICT,Jhajjar,Rural,136503,715066,5.238463623510106,861.0896389819349,12.544855999306359,777.5487961953829,18.30782053684555,0.0,79.3868191543458,68.45559792598283,88.93766067223164,20.482062746248815,20.6131808456542,35.497842157227446,19.69974036337038,59.24800951806897,16.3694239913644,28.028270555837892,5.6005326336607135,64.50215784277256,06-083
06,083,00000,000000,0000,DISTRICT,Jhajjar,Urban,48831,243339,4.983289303925785,865.4099717895252,12.471079440615766,794.0880874963051,16.246881921927844,0.0,84.33931790865384,77.40777606853075,90.41159838989546,13.003822321364709,15.66068209134616,29.876427535249178,10.043316119088324,9.412525274755506,4.530886782850304,12.285938295209144,1.6492207810071386,70.12357246475082,06-083
06,084,00000,000000,0000,DISTRICT,Mahendragarh,Total,171712,922088,5.369968319045844,894.7078585885569,12.057525962814829,774.976851112743,16.95217810013795,0.0,77.72222955283404,64.57170181968569,89.72070174776606,25.14899992808037,22.277770447165963,36.71927191330979,24.263532243358757,55.36764879616284,11.317723223779034,37.26756137324859,9.974777307846797,63.28072808669021,06-084
06,084,00000,000000,0000,DISTRICT,Mahendragarh,Rural,147122,789233,5.3644798194695555,895.5634333914564,12.085277731671129,773.6063074119528,17.27132545141929,0.0,76.88123692084191,62.99989132797218,89.56395829885818,26.564066970886003,23.118763079158086,37.75361648587933,26.607308079114983,61.358083526869024,12.317595414211112,39.904149494569815,10.683505389912876,62.24638351412067,06-084
06,084,00000,000000,0000,DISTRICT,Mahendragarh,Urban,24590,132855,5.402806018706792,889.6411452629184,11.892664935455949,783.2957110609481,15.056264348349705,0.0,82.70727435820768,73.93540497770104,90.64559701856885,16.71019204086781,17.292725641792316,30.574686688494975,10.291296284453539,11.425406203840472,3.983259478089611,17.92712949286066,4.775972427375677,69.42531331150502,06-084
06,085,00000,000000,0000,DISTRICT,Rewari,Total,178043,900332,5.0568233516622385,898.0931198414622,12.650111292278849,786.7530552374379,20.28207372391518,0.0,80.99127840811558,69.57458753162857,91.44186930091185,21.86728176928328,19.008721591884424,37.51138468920354,24.037962708657574,38.76296535367324,8.354380905287407,25.910868837848323,6.788619210190479,62.48861531079646,06-085
06,085,00000,000000,0000,DISTRICT,Rewari,Rural,130299,666902,5.118243424738486,907.0143833462012,12.603351017090967,782.4998939644569,21.088105898617787,0.0,79.68636870549885,67.03461365566156,91.40721056597786,24.372596910316304,20.31363129450115,39.642256283531914,29.066306842543316,47.829787234042556,10.068652482269504,30.870543735224587,8.231867612293144,60.35774371646808,06-085
06,085,00000,000000,0000,DISTRICT,Rewari,Urban,47744,233430,4.889200737265416,873.0591775325978,12.783703894101015,798.8426065465068,17.979265732767853,0.0,84.72707268074406,77.02531579332936,91.53893146728869,14.513615673959336,15.272927319255942,31.423553099430237,9.379164560452185,6.0843603446395464,2.175809793870651,8.035227396662668,1.5868687970334823,68.57644690056976,06-085
06,086,00000,000000,0000,DISTRICT,Gurgaon,Total,326428,1514432,4.639405933314544,854.3535490822711,13.378084984997676,830.1070412357166,13.070048704728901,0.0,84.69969432014818,77.98199209368732,90.46452828317882,12.482536189491498,15.300305679851817,35.96833664370536,16.089041508179243,15.26355018027743,4.974518831831634,10.514653507515844,1.9551472694027714,64.03166335629463,06-086
06,086,00000,000000,0000,DISTRICT,Gurgaon,Rural,88678,472179,5.324646473758993,877.7350056867439,14.28970792856099,800.7686354052684,19.084499734210965,0.0,80.07961334894961,69.10855578801655,89.85714485987859,20.748589071862042,19.920386651050393,33.559730525923435,16.64031316119737,43.63191175171334,12.023071777460842,21.15901604170085,3.9839204351831983,66.44026947407656,06-086
06,086,00000,000000,0000,DISTRICT,Gurgaon,Urban,237750,1042253,4.383819137749737,843.9514673724585,12.965086212272837,845.1171554972964,10.3452808483161,0.0,86.76090589599657,82.05847778537911,90.7287110359518,8.670233250572693,13.239094104003428,37.05952393516737,15.83397096588229,3.62533462436635,2.082826326717652,6.147768049004023,1.1228362683622695,62.94047606483263,06-086
06,087,00000,000000,0000,DISTRICT,Mewat ,Total,160280,1089263,6.796000748689793,907.0999121089989,22.77943894174318,906.2135086964538,6.908432582397456,0.0,54.08133058308119,36.602597584351514,69.94086087339056,33.33826328903905,45.91866941691881,26.62020099828967,12.607966400373671,55.012001489840124,19.063745844311708,29.585051937481893,5.612420852243726,73.37979900171034,06-087
06,087,00000,000000,0000,DISTRICT,Mewat ,Rural,139975,965157,6.8952098589033755,907.1007694344439,23.319418498752018,907.8979714665966,5.930434115900315,0.0,51.986925879084644,33.71404868042356,68.55783921941466,34.8437905389911,48.013074120915356,26.80610512072129,13.423631638678984,59.62291425898941,20.416201236080568,30.665852404713956,5.833310786522934,73.19389487927872,06-087
06,087,00000,000000,0000,DISTRICT,Mewat ,Urban,20305,124106,6.112090618074366,907.0932448214395,18.580084766248206,889.9270551594132,14.514205598440045,0.0,69.42116045008758,57.707797060533096,80.09267139479905,22.38487433426596,30.578839549912416,25.174447649589865,6.264611214636625,16.829369778830458,7.864161572192171,20.635022244982874,3.7832474474282236,74.82555235041013,06-087
06,088,00000,000000,0000,DISTRICT,Faridabad,Total,358919,1809733,5.042176647098649,873.2163004212771,13.922219465523366,843.4068145069836,12.366409851618995,0.0,81.70220660453543,73.83829410981303,88.60773228876181,14.769438178948775,18.297793395464566,32.006323584749794,12.125795527148975,9.839459004987665,5.056376666223549,14.487016361404557,1.848491701900285,67.9936764152502,06-088
06,088,00000,000000,0000,DISTRICT,Faridabad,Rural,63366,370878,5.852949531294385,872.1473173046345,16.353895351031873,833.6910844393385,19.268870086659227,0.0,73.17978886292207,60.12782457179458,84.66362876152849,24.53580418973391,26.820211137077933,28.78520699529225,11.002170452901172,37.21781974184604,16.308848048858167,20.890237733940314,3.7383615279417,71.21479300470774,06-088
06,088,00000,000000,0000,DISTRICT,Faridabad,Urban,295553,1438855,4.86834848571999,873.4920384840242,13.295432826796308,846.508754657246,10.587237768920426,0.0,83.8214488683046,77.25208694876771,89.58737517026513,12.335288221497422,16.1785511316954,32.836595765382896,12.415181978630033,3.65313426644175,2.513805080100154,13.04016542814268,1.4214629046015523,67.1634042346171,06-088
06,089,00000,000000,0000,DISTRICT,Palwal ,Total,171157,1042708,6.092114257669858,880.4574235748795,17.022407040130123,865.7654627254761,19.48033389980704,0.0,69.32342749886156,54.23199268693529,82.65671089438682,28.424718207451527,30.676572501138438,29.688369131146974,13.948682024780268,49.163175185664954,19.603440979703645,29.92314973042644,6.518220846806627,70.31163086885303,06-089
06,089,00000,000000,0000,DISTRICT,Palwal ,Rural,129696,806164,6.2157969405378735,879.5776240536993,17.833344083834056,874.2715598722378,18.469318897891743,0.0,66.72499011168512,49.84751576422649,81.58954236489288,31.742026600666385,33.275009888314884,30.046987957785266,15.260684361058907,59.11125055732616,22.80330927886124,32.26753306801856,7.315421833974603,69.95301204221474,06-089
06,089,00000,000000,0000,DISTRICT,Palwal ,Urban,41461,236544,5.705216950869492,883.4620590811371,14.25865800865801,830.357627394584,22.925967261904763,0.0,77.809936099716,68.45054519983691,86.16406782191615,17.71352262207924,22.190063900284002,28.466162743506494,9.487715629900679,13.37640157421846,8.092373951139823,21.48956708992352,3.650404692953145,71.5338372564935,06-089
07,090,00000,000000,0000,DISTRICT,North West,Total,736253,3656539,4.966416435654591,864.7039504885968,12.303820634758717,865.4719304719927,19.06822271005451,0.0,84.44511319463177,78.41208372901328,89.66124786524577,11.249164136232494,15.554886805368227,32.504644419217186,9.797377591755685,2.080022212032359,1.118089765217135,4.494486956741225,0.8428793188310076,67.49535558078281,07-090
07,090,00000,000000,0000,DISTRICT,North West,Rural,40500,213950,5.282716049382716,849.4986168741356,13.524655293292826,820.5612180697118,23.588688946015424,0.0,79.63019014777261,70.73262308161638,87.2296714970036,16.497048415387212,20.36980985222739,31.545688244917038,10.456904446931922,16.788656433355065,8.275054821312155,8.612872636756949,1.637231079239021,68.45431175508297,07-090
07,090,00000,000000,0000,DISTRICT,North West,Urban,695753,3442589,4.94800453609255,865.6571875125322,12.227948209908298,868.6405504383531,18.787284802222977,0.0,84.73993019001989,78.87903235012101,89.81102701474784,10.931994664626828,15.26006980998011,32.564241621639994,9.756802998972672,1.1945019548585125,0.6872110417616295,4.246543205361388,0.7950560767421344,67.43575837836,07-090
07,091,00000,000000,0000,DISTRICT,North,Total,180044,887978,4.93200550976428,869.4194971810645,11.633621553687142,872.9761580999002,18.65620544653133,0.0,86.85352133497479,82.20389390039664,90.89382560790003,8.68993170750339,13.146478665025214,33.38438564919401,9.412411374995157,1.341897006537447,0.604157249549665,4.3390701847891355,0.8240961254326251,66.61561435080598,07-091
07,091,00000,000000,0000,DISTRICT,North,Rural,3312,17746,5.358091787439614,858.9985334171381,13.473458807618618,885.6466876971609,6.976219993237913,0.0,86.22598502116574,78.28175780698035,93.01763711041315,14.735879303432796,13.77401497883426,29.741913670686355,7.682926829268292,20.87912087912088,1.9136036377415688,4.281924971580144,0.6820765441455097,70.25808632931366,07-091
07,091,00000,000000,0000,DISTRICT,North,Urban,176732,870232,4.924020550890614,869.6332198961878,11.596103108136681,872.6780113942139,18.894386784213864,0.0,86.86604646447053,82.28148148148148,90.85110880557087,8.569627324089396,13.133953535529471,33.45866389652414,9.44744747712315,0.9877459061435322,0.580420925376415,4.340106055610506,0.8266705132432136,66.54133610347586,07-091
07,092,00000,000000,0000,DISTRICT,North East,Total,406125,2241624,5.5195420129270545,886.2141069061994,13.47001102771919,880.3173436789698,16.67353668590272,0.0,83.085379679194,76.67034057696841,88.7763878105779,12.106047233609488,16.914620320805994,29.50476975621246,6.364704106251525,0.7017082308969346,0.363781513367383,5.888089557384038,0.8861693474007615,70.49523024378755,07-092
07,092,00000,000000,0000,DISTRICT,North East,Rural,3938,21527,5.466480446927374,837.0882403140467,15.72908440563014,841.2180532898315,11.933850513308867,0.0,79.73650846149606,72.0164609053498,86.19293450754125,14.17647360219145,20.263491538503942,27.816230779950757,4.689570802324396,11.706746826987308,3.5070140280561124,3.5905143620574482,0.45090180360721444,72.18376922004924,07-092
07,092,00000,000000,0000,DISTRICT,North East,Urban,402187,2220097,5.520061563402099,886.7033169684552,13.448106096265164,880.7702968301164,16.71949468874558,0.0,83.1169959865441,76.71289425425505,88.80145938506607,12.08856513081102,16.883004013455903,29.521142544672596,6.380452179913551,0.6011614316796816,0.3350635796874571,5.909081199515409,0.8901461402079347,70.4788574553274,07-092
07,093,00000,000000,0000,DISTRICT,East,Total,358937,1709346,4.762245185088191,883.5768595041322,11.370255056612296,870.579969586726,16.463723552750583,0.0,89.30744711677775,84.99067320221931,93.12890275983763,8.138229557618317,10.692552883222248,33.91308722751275,11.565936601292517,0.7331479475307577,0.5337317058023916,4.255018182069099,0.6313697618735467,66.08691277248727,07-093
07,093,00000,000000,0000,DISTRICT,East,Rural,875,3530,4.034285714285715,896.8296614723267,10.594900849858357,715.5963302752294,1.614730878186969,0.0,94.61343472750316,92.72967614011897,96.3481436396835,3.618467499564531,5.3865652724968385,38.186968838526916,17.13600958657879,3.635014836795252,1.6320474777448073,2.3738872403560833,0.370919881305638,61.813031161473084,07-093
07,093,00000,000000,0000,DISTRICT,East,Urban,358062,1705816,4.764024107556792,883.5496262859705,11.371859567503178,870.9058292504147,16.494451922129937,0.0,89.29637069702805,84.97417866168553,93.12230736138561,8.14812869970008,10.703629302971947,33.90424289606851,11.554318607008199,0.7263842972348636,0.531171759368127,4.259402708422669,0.6319768165659193,66.09575710393149,07-093
07,094,00000,000000,0000,DISTRICT,New Delhi,Total,33208,142004,4.276198506384004,821.9188627440917,8.985662375707726,893.7370139507273,23.411312357398383,0.0,88.34375290148866,83.56478290833907,92.2392000449413,8.67441713660223,11.656247098511344,41.92910058871581,19.67000718054385,0.6650879226079509,0.4618666129221881,5.1561109151677,0.9002200164592467,58.070899411284195,07-094
07,094,00000,000000,0000,DISTRICT,New Delhi,Rural,0,0,,,,,,,,,,,,,,,,,,,07-094
07,094,00000,000000,0000,DISTRICT,New Delhi,Urban,33208,142004,4.276198506384004,821.9188627440917,8.985662375707726,893.7370139507273,23.411312357398383,0.0,88.34375290148866,83.56478290833907,92.2392000449413,8.67441713660223,11.656247098511344,41.92910058871581,19.67000718054385,0.6650879226079509,0.4618666129221881,5.1561109151677,0.9002200164592467,58.070899411284195,07-094
07,095,00000,000000,0000,DISTRICT,Central,Total,119639,582320,4.867309155041417,891.7487760744068,10.773973073224344,905.3389212827988,24.587512020881988,0.0,85.13783221480385,82.48953769698555,87.49513447050306,5.00559677351751,14.86216778519615,35.611691166369006,10.83901944997978,0.5777001938526527,0.28981453798451107,5.4953851495365855,0.7030775314166675,64.38830883363099,07-095
07,095,00000,000000,0000,DISTRICT,Central,Rural,0,0,,,,,,,,,,,,,,,,,,,07-095
07,095,00000,000000,0000,DISTRICT,Central,Urban,119639,582320,4.867309155041417,891.7487760744068,10.773973073224344,905.3389212827988,24.587512020881988,0.0,85.13783221480385,82.48953769698555,87.49513447050306,5.00559677351751,14.86216778519615,35.611691166369006,10.83901944997978,0.5777001938526527,0.28981453798451107,5.4953851495365855,0.7030775314166675,64.38830883363099,07-095
07,096,00000,000000,0000,DISTRICT,West,Total,533221,2543243,4.769585218886728,875.2160384592697,11.340678024081852,871.7940397694823,14.802832446604592,0.0,86.97710950132648,82.38536293425291,90.99789377715962,8.612530842906708,13.022890498673519,34.37815419132187,11.939481197604387,0.836078323725867,0.49844450544423097,3.968684234605179,0.7050050324823863,65.62184580867813,07-096
07,096,00000,000000,0000,DISTRICT,West,Rural,1170,6420,5.487179487179487,913.5618479880775,14.501557632398754,786.9481765834933,19.672897196261683,0.0,81.03479686646018,70.99811676082862,90.43754410726888,19.439427346440254,18.965203133539816,28.753894080996883,7.406199021207178,22.58938244853738,5.52546045503792,8.992416034669557,2.058504875406284,71.24610591900311,07-096
07,096,00000,000000,0000,DISTRICT,West,Urban,532051,2536823,4.768007202317071,875.120945239248,11.33267870876289,872.0818925941121,14.790507654653084,0.0,86.99161040183913,82.41415598824778,90.99921788883348,8.5850619005857,13.008389598160875,34.39238764391524,11.951217040081492,0.7900521963978295,0.48780823268085927,3.958054910518823,0.7021412672469323,65.60761235608476,07-096
07,097,00000,000000,0000,DISTRICT,South West,Total,494439,2292958,4.637494210610409,840.1872804053783,11.687479666003476,844.574457101559,13.886342444998991,0.0,88.28228975357155,82.49528244724131,93.141108742043,10.645826294801694,11.717710246428453,34.68672343758586,12.166734166768553,2.198523421076454,0.9747885213088041,5.702758024120138,0.8039207797302326,65.31327656241413,07-097
07,097,00000,000000,0000,DISTRICT,South West,Rural,27322,143676,5.258619427567528,857.6711230637945,13.155293855619588,785.3027297629168,17.135081711628946,0.0,84.95131236225205,76.02723198896932,92.70766234738971,16.680430358420395,15.048687637747946,30.658565104819175,9.354177344951307,18.745033939476492,5.241889713727894,11.226134531998456,1.975073213920861,69.34143489518083,07-097
07,097,00000,000000,0000,DISTRICT,South West,Urban,467117,2149282,4.6011641622976684,839.0302420458902,11.589358678851822,849.2330992293872,13.669169518006477,0.0,88.50101621202889,82.92853283582778,93.1690918621362,10.240559026308418,11.498983787971113,34.955999259287516,12.356997607533515,1.2283991944661474,0.7246077814144227,5.378921686722933,0.7352559486651856,65.04400074071248,07-097
07,098,00000,000000,0000,DISTRICT,South,Total,574133,2731929,4.758355642333745,861.712465620119,12.117555031627836,885.2965966558841,15.480856200874912,0.0,86.5681252670889,80.55236463640053,91.73269672001709,11.180332083616562,13.431874732911098,33.836640703327205,11.767566810939652,0.9619285303977854,0.6391221049921408,5.983061316993962,0.8585093136793551,66.16335929667278,07-098
07,098,00000,000000,0000,DISTRICT,South,Rural,2457,12193,4.962555962555963,788.0920956151929,14.737964405806611,928.1115879828327,16.14860985811531,0.0,78.26086956521739,68.75138611665558,85.54441990827246,16.793033791616878,21.73913043478261,34.65923070614287,11.965016747301824,6.743965925224798,4.708944628490299,7.572172266919072,0.8755324183625177,65.34076929385712,07-098
07,098,00000,000000,0000,DISTRICT,South,Urban,571676,2719736,4.757478012020795,862.0561697209862,12.10580732835834,885.0681323714646,15.477862557248203,0.0,86.60425268459605,80.60053904744142,91.76102629264457,11.160487245203157,13.395747315403952,33.83295290425247,11.766724087403416,0.9353736876023592,0.6204308565727743,5.975763095177288,0.8584311326096241,66.16704709574753,07-098
08,099,00000,000000,0000,DISTRICT,Ganganagar ,Total,387511,1969168,5.0815796196753125,887.3694097801292,12.973753382139055,854.3856338191744,36.58458800874278,0.6844007215229986,69.63575156110225,59.69836200271988,78.50375232449767,18.805390321777786,30.364248438897746,46.34810234576227,34.16962978004553,54.64559009151152,25.248720241225765,25.431809017916624,5.716840222993583,53.65189765423772,08-099
08,099,00000,000000,0000,DISTRICT,Ganganagar ,Rural,278926,1433736,5.140202060761636,890.8012855596102,13.423740493368374,858.6107328755878,41.7630581920242,0.20847631642087525,66.17163803347364,55.31210095523538,75.90061675408344,20.588515798848064,33.82836196652636,50.713101993672474,42.14713672170513,66.6322831223559,30.50741859352049,29.20689541351026,6.735048659591908,49.286898006327526,08-099
08,099,00000,000000,0000,DISTRICT,Ganganagar ,Urban,108585,535432,4.930994152046783,878.240859294702,11.768814714100015,841.5992050735015,22.71810425973793,1.9587921528784233,78.73768569360186,71.31032117130943,85.29782263786903,13.987501466559607,21.26231430639814,34.659863437373936,12.64653839855249,7.682401120810432,4.645435930595969,10.641232891475374,1.7275568487983621,65.34013656262606,08-099
08,100,00000,000000,0000,DISTRICT,Hanumangarh,Total,336192,1774692,5.278804968589378,905.8446021409302,13.198121138766613,877.713644380311,27.846465752930648,0.8051537957008877,67.1313745321221,55.836882273283365,77.41157476526578,21.574692491982418,32.868625467877905,47.06506819211446,38.22820886108964,64.32547949141585,19.97378061920839,23.124655795800113,4.265498168235041,52.93493180788553,08-100
08,100,00000,000000,0000,DISTRICT,Hanumangarh,Rural,268362,1424228,5.307115016283975,906.8855128018026,13.38009082815392,883.5919739053079,30.578250111639427,0.4014104483270937,65.0629627978422,53.116432065420746,75.9406984793648,22.824266413944052,34.937037202157796,50.50820514692872,44.773755021473676,72.66845716700587,21.962822095441453,25.088968960953746,4.67601396812687,49.49179485307128,08-100
08,100,00000,000000,0000,DISTRICT,Hanumangarh,Urban,67830,350464,5.166799351319475,901.6261794820317,12.458626278305331,852.4819686041578,16.7449438458729,2.445900292184076,75.44858067607342,66.78669715349754,83.32078617780459,16.53408902430705,24.55141932392658,33.072726442658876,11.546817358440604,12.547020050384788,7.629326707388619,10.933671532594817,1.7177416571763815,66.92727355734112,08-100
08,101,00000,000000,0000,DISTRICT,Bikaner,Total,384944,2363937,6.140989338709007,905.170128006022,16.944360192340152,907.8360768175583,20.882367000474208,0.32906968332912423,65.13252890546572,53.231517563970854,75.89850695882714,22.666989394856287,34.86747109453428,41.718878294979945,30.774189412502135,61.148966546610865,10.528509198870827,23.670463026055355,4.4098202407605696,58.281121705020055,08-101
08,101,00000,000000,0000,DISTRICT,Bikaner,Rural,244971,1563553,6.382604471549693,903.4432468098472,18.683856575376723,908.660882291449,25.44083890984188,0.2418849888683019,58.13998667632515,44.32287581482581,70.60645323454692,26.283577419721112,41.86001332367485,46.8199670877802,41.481487470338315,80.4113078935326,13.318261606026867,28.163321061942064,5.481008940585065,53.1800329122198,08-101
08,101,00000,000000,0000,DISTRICT,Bikaner,Urban,139973,800384,5.718131353903967,908.5526519730928,13.546247801055495,905.6172665916761,11.977375859587399,0.4993852950583719,77.98072726537006,69.53634545404881,85.65678357716892,16.12043812312011,22.019272734629936,31.753883136094675,9.919242448499674,5.666271891341043,2.4929865081269944,10.729363808414616,1.3243990824424658,68.24611686390533,08-101
08,102,00000,000000,0000,DISTRICT,Churu,Total,348984,2039547,5.844242142906265,939.7543953755114,15.582528865478462,902.1151037801346,22.148104456528827,0.5513479218669636,66.7506711257372,54.04288655460178,78.78323582424392,24.740349269642138,33.2493288742628,44.266153219317815,36.577738510536875,73.17299289234174,9.745256299919475,30.398669072437862,6.5324662809900875,55.733846780682185,08-102
08,102,00000,000000,0000,DISTRICT,Churu,Rural,255868,1463312,5.7190113652351995,938.0897132291782,16.010461200345517,903.2079870673198,25.732994740697812,0.5223766360147392,64.40035182245497,51.12091776921789,76.94788496808978,25.82696719887189,35.599648177545035,50.08924959270477,47.560018297744975,86.65401480567888,10.657714861070561,34.23779131796737,7.607215653744668,49.91075040729523,08-102
08,102,00000,000000,0000,DISTRICT,Churu,Urban,93116,576235,6.188356458610765,943.9946292060536,14.495822017059012,899.056496532909,13.04450441226236,0.624918652980121,72.61342994286643,61.3042718252647,83.37776756604723,22.073495740782526,27.386570057133568,29.47877168169237,8.778951957886761,15.003502740379238,5.808073375052246,13.833175366610348,1.895011979960793,70.52122831830764,08-102
08,103,00000,000000,0000,DISTRICT,Jhunjhunun,Total,384197,2137045,5.562367743631523,950.0436172775519,13.498545889300411,836.6632285339547,16.878867782381747,1.9479702112028527,74.13061412168832,60.954271600378576,86.89864235850001,25.944370758121437,25.869385878311675,41.863835342727924,33.929533621028305,66.01136311559058,7.698885261147109,33.73792403501261,9.97251436038044,58.13616465727207,08-103
08,103,00000,000000,0000,DISTRICT,Jhunjhunun,Rural,300801,1647966,5.478592158935641,955.5367275885883,13.502645078842646,831.6883843830001,17.3387679114739,2.2368179926042164,73.41900470519073,59.76566715704929,86.75008839005316,26.98442123300387,26.58099529480927,45.6776414076504,40.65877841360674,76.02012349352775,8.577991157778392,37.70431695963611,11.358322528535295,54.322358592349595,08-103
08,103,00000,000000,0000,DISTRICT,Jhunjhunun,Urban,83396,489079,5.864537867523622,931.7594735719533,13.484733550203545,853.6496247786615,15.329220841622723,0.9746891606468485,76.52790644911232,65.0268331962886,87.39102661317378,22.364193416885172,23.472093550887678,29.013104222426232,10.959258332944751,12.915706463138758,3.035300253000416,12.696533400988042,2.620915170863373,70.98689577757376,08-103
08,104,00000,000000,0000,DISTRICT,Alwar,Total,639720,3674179,5.743417432626774,894.8580369732019,16.002459324926736,864.9379896596569,17.77365773414959,7.8724798111360395,70.71679919124367,56.250752155266724,83.74589531924748,27.495143163980757,29.283200808756334,46.50132723528168,41.1704904409006,65.29912638963515,12.687542945973817,30.966812639080572,7.520739905720784,53.49867276471832,08-104
08,104,00000,000000,0000,DISTRICT,Alwar,Rural,511517,3019728,5.903475348815387,899.787858884636,16.641432605850593,867.3974842533584,17.89604891566393,8.837882087393302,67.8530368242199,52.16147406540279,82.07569961595058,29.91422555054779,32.1469631757801,49.27380876688232,46.962565199759474,73.46496990795968,14.050143319432637,33.94603930951285,8.346869990960627,50.72619123311769,08-104
08,104,00000,000000,0000,DISTRICT,Alwar,Urban,128203,654451,5.10480253972216,872.4386154647257,13.054147674921424,850.6011047330229,17.208927788329458,3.417979344519299,83.38541135781293,74.6726140063614,91.01574733066758,16.34313332430618,16.614588642187073,33.70871157657334,14.004059908242139,10.222703722003383,3.4971691741422526,10.872728426568514,1.9487142293762212,66.29128842342665,08-104
08,105,00000,000000,0000,DISTRICT,Bharatpur,Total,425414,2548462,5.990545680207986,879.7765920252323,17.114832396951574,869.3613574315434,21.86828761817912,2.1224566032375605,70.1070446059432,54.2440907814372,84.09724492896046,29.853154147523263,29.8929553940568,42.03138991281801,35.54483137928259,69.07391467520077,22.30248871777541,35.12333427312973,7.163302382290501,57.96861008718199,08-105
08,105,00000,000000,0000,DISTRICT,Bharatpur,Rural,338689,2053363,6.062679921698077,878.0352620415839,17.93603956046739,872.591839328842,21.241154145662506,2.3646086931536217,67.854944984514,50.528355925818346,83.088988069349,32.560632143530654,32.145055015485994,44.85251755291198,41.286408626612754,77.6431755131734,24.627654087743014,38.02439779149498,7.737150985086619,55.147482447088024,08-105
08,105,00000,000000,0000,DISTRICT,Bharatpur,Urban,86725,495099,5.708838281925627,887.0331479709874,13.708975376641844,852.0246671032526,24.46924756462849,1.11816020634257,78.98980867269314,68.78191608148681,88.10256910079258,19.320653019305766,21.010191327306856,30.331105496072503,11.860954754436472,16.51872223961004,8.042272373126277,17.331140248653185,3.6438945454787603,69.66889450392749,08-105
08,106,00000,000000,0000,DISTRICT,Dhaulpur,Total,203754,1206516,5.921434671221179,845.821980365549,18.036478587934184,856.797897575044,20.36400677653674,4.856462740651595,69.0763401466069,54.67450834780995,81.2231917665985,26.548683418788556,30.923659853393104,43.36552519817391,33.299389186226755,58.155776243664135,14.208771970061848,39.294779171731534,12.47620467420472,56.63447480182609,08-106
08,106,00000,000000,0000,DISTRICT,Dhaulpur,Rural,162180,959066,5.913589838451104,841.0650183325974,18.739586222428905,860.2183925891425,21.061219978604186,5.822539846058561,68.09676380429106,52.4184144259857,81.2148993082969,28.796484882311205,31.903236195708942,46.85287561022912,39.205863019701646,64.82964281740291,15.322131968398796,43.09558250806721,14.060309335707133,53.14712438977088,08-106
08,106,00000,000000,0000,DISTRICT,Dhaulpur,Urban,41574,247450,5.952037331024198,864.4936217666161,15.311376035562741,840.7423602001652,17.661749848454235,1.1121438674479693,72.7192907111022,62.89567680748861,81.25457042467048,18.358893617181863,27.280709288897796,29.849262477268134,10.74407537500109,17.554358127318512,7.435487801575912,16.172050580812865,2.839078281118843,70.15073752273186,08-106
08,107,00000,000000,0000,DISTRICT,Karauli,Total,262503,1458248,5.555166988567749,860.8670574078116,16.551162765181232,852.4030270004758,24.30759377005832,22.284275377027775,66.2219541437976,48.61093859241304,81.41242375773902,32.80148516532598,33.7780458562024,43.115162852957795,38.195161938248674,71.6797142157315,18.349328642365673,30.281712542506593,5.831634129970766,56.8848371470422,08-107
08,107,00000,000000,0000,DISTRICT,Karauli,Rural,224570,1240143,5.5223003963129536,855.9874884949528,16.77032406746641,850.2050584038361,25.24386300612107,25.357398300034756,65.04984174072607,46.518916263809615,80.9337541248484,34.41483786103879,34.950158259273934,45.18648252661185,42.5160588714556,78.1757638161452,19.67711023114796,31.999350437294893,6.279700987014099,54.81351747338815,08-107
08,107,00000,000000,0000,DISTRICT,Karauli,Urban,37933,218105,5.7497429678643925,889.1073501134651,15.305013640219162,866.2156873707162,18.983975608078676,4.810527039728571,72.77126956973648,60.04566471998807,84.13910441030266,24.093439690314597,27.228730430263525,31.337658467252012,14.119687095108668,18.420167083644237,7.463166981228694,16.199212863392294,2.1580418148034353,68.66234153274799,08-107
08,108,00000,000000,0000,DISTRICT,Sawai Madhopur,Total,254716,1335551,5.2432944926898974,897.005955703655,15.064044727606806,870.5244660970462,20.87445556178686,21.403001457825273,65.38894516129317,47.512404975747785,81.50967183816897,33.997266862421185,34.611054838706835,43.283109368343105,37.09557892069926,69.57001598427867,15.362206522416047,27.594158472705633,4.856176090010171,56.7168906316569,08-108
08,108,00000,000000,0000,DISTRICT,Sawai Madhopur,Rural,206129,1069084,5.186480310873288,893.5514495423243,15.464453681843521,871.0305334872456,21.268113637469085,25.4959385791949,61.92290839562891,42.42525600782175,79.42653759737942,37.00128158955767,38.07709160437109,46.599238226369486,43.68870071279624,79.53170007125867,17.25423286530104,29.261418950791374,5.252667181870189,53.400761773630514,08-108
08,108,00000,000000,0000,DISTRICT,Sawai Madhopur,Urban,48587,266467,5.484327083376212,910.9933375884796,13.457576360299775,868.1948424068769,19.295072185298743,4.981855164054085,78.97245096636269,67.2190861067568,89.75998802435049,22.540901917593686,21.027549033637314,29.978571455377214,10.91098025632144,7.444637782757282,3.562710464053678,17.19639973461187,2.383485848052777,70.0214285446228,08-108
08,109,00000,000000,0000,DISTRICT,Dausa,Total,292502,1634409,5.5876848705308,905.378607976106,15.7943329974321,865.2023121387283,21.6798243279375,26.51380407229769,68.15918445938827,51.92988652382938,82.97828567933533,31.048399155505948,31.84081554061173,41.88027598966966,36.87044662654419,68.26010416438396,11.143543780451282,26.045624876733942,5.329768661568017,58.119724010330344,08-109
08,109,00000,000000,0000,DISTRICT,Dausa,Rural,256694,1432616,5.581026436145761,905.327836148424,16.155410800940377,867.2900513929341,22.14159272268354,29.304154078971617,66.3338525488877,49.37824701945856,81.81153685068787,32.43328983122931,33.666147451112295,43.689935055869825,40.59343397246429,73.71710584126447,11.854758439325845,27.34534892452417,5.633087237921167,56.310064944130175,08-109
08,109,00000,000000,0000,DISTRICT,Dausa,Urban,35808,201793,5.635416666666667,905.7391370045426,13.23088511494452,847.298138794714,18.401530281030563,6.703899540618356,80.68123407997989,69.41310064546975,90.99131614060416,21.5782154951344,19.318765920020113,29.032721650404124,10.445644693762643,9.95971733861332,3.545215580514116,12.159901682995937,2.0892363363260844,70.96727834959587,08-109
08,110,00000,000000,0000,DISTRICT,Jaipur,Total,1177096,6626178,5.629258786029347,910.3833436115308,14.03412344189969,861.2702879594251,15.141488803953049,7.967881333703984,75.50517427950871,64.02416399131175,86.05218519526503,22.028021203953273,24.494825720491292,37.199317615675284,23.74997268556477,35.53488934408106,5.335850278287942,16.42598684811065,3.333694403773308,62.80068238432472,08-110
08,110,00000,000000,0000,DISTRICT,Jaipur,Rural,507803,3154331,6.211721868519879,919.9494316231305,15.258861546235952,868.9522078809624,16.797286017225204,12.486482870694292,67.62413692996975,51.66655793927419,82.45557935948814,30.78902142021395,32.37586307003025,42.69238072985999,36.99916700134378,61.00252550942741,8.531261440349784,23.734145021122647,5.12445986697449,57.30761927014001,08-110
08,110,00000,000000,0000,DISTRICT,Jaipur,Urban,669293,3471847,5.187334993791956,901.7743920709165,12.921393137428003,853.0982663257423,13.637121681917435,3.86252620003128,82.4732505169957,75.07612485587676,89.19883599327059,14.122711137393836,17.526749483004295,32.208619792289234,11.586112555458906,4.864903052491696,1.4877029315867698,7.624969371348037,1.177123929338582,67.79138020771076,08-110
08,111,00000,000000,0000,DISTRICT,Sikar,Total,444816,2677333,6.018967393259235,947.1654339304287,14.188522682833998,847.7350441901075,15.642656330011992,2.8143305296726258,71.91061951486402,58.227679782422534,85.10981263056898,26.882132848146448,28.089380485135976,37.593530576883786,26.77098122384042,58.53926064874059,8.732106380103804,30.580405045583525,7.346617599135224,62.40646942311622,08-111
08,111,00000,000000,0000,DISTRICT,Sikar,Rural,345160,2043427,5.920231197125971,950.82336565569,14.276604938664311,842.7079846131495,16.61542105492391,3.2704373584179907,70.83624717773357,56.35104568699764,84.88796066364355,28.536914976645917,29.16375282226643,40.388034414735635,32.53661298970438,69.43511450381679,9.985217496667879,34.34326911426148,8.490972979522597,59.61196558526436,08-111
08,111,00000,000000,0000,DISTRICT,Sikar,Urban,99656,633906,6.360941639238982,935.4667334308334,13.904585222414681,864.5709933998985,12.506901654188477,1.3440478556757627,75.35894635776637,64.32404948872946,85.81368711395938,21.489637625229918,24.64105364223363,28.585310755853392,8.028787310083718,8.913710514116687,3.0247676651729543,13.442308116818612,2.134610714995254,71.41468924414662,08-111
08,112,00000,000000,0000,DISTRICT,Nagaur,Total,578809,3307743,5.714740095610123,949.9465019969641,15.332992919945715,896.7579312691901,21.159775714134984,0.31495796378376434,62.795283954999114,47.817018109071455,77.17291351455002,29.355895405478563,37.204716045000886,43.10739981915161,35.30126882038056,69.99281848007058,18.472846981727802,30.854937505347568,4.818210763583522,56.8926001808484,08-112
08,112,00000,000000,0000,DISTRICT,Nagaur,Rural,476736,2670539,5.601714575781984,951.0487875619807,15.443773710101219,894.3490861990566,22.97390152325055,0.3392948015363191,60.910355443741146,45.1815766724809,76.03787485209207,30.856298179611173,39.089644556258854,46.3662953433745,41.41974606842387,78.3167101427037,20.03327330140604,33.440556277912826,5.226896457039484,53.633704656625504,08-112
08,112,00000,000000,0000,DISTRICT,Nagaur,Urban,102073,637204,6.242630274411451,945.3403102999811,14.868707666618539,907.3156983532633,13.556725946478679,0.212961626104042,70.6417063009254,58.84420591125558,81.87455016553909,23.030344254283513,29.358293699074594,29.44928154876617,9.579202325205879,15.067252147592352,8.176305075352248,13.79361797369599,2.121480186728625,70.55071845123383,08-112
08,113,00000,000000,0000,DISTRICT,Jodhpur,Total,649013,3687165,5.681188204242442,916.4776436540245,16.448680761506466,890.9615846301106,16.49028454110407,3.225350642024428,65.94437907276814,51.83014569421677,78.95180692079639,27.12166122657962,34.05562092723186,40.40342648077859,29.75425311515128,56.00886328563153,16.245575573203663,29.083041951587557,4.6477877698203915,59.59657351922141,08-113
08,113,00000,000000,0000,DISTRICT,Jodhpur,Rural,414223,2422551,5.848422226675003,922.1591522206918,18.243372378950948,892.2060573884897,18.45315124428753,3.749147076779807,58.48441580211209,41.16450032185894,74.57414668637912,33.409646364520185,41.51558419788791,44.561868872936,39.440967869333164,75.39827369957777,21.558376114138138,35.99914407512871,5.981747680017489,55.438131127064,08-113
08,113,00000,000000,0000,DISTRICT,Jodhpur,Urban,234790,1264614,5.38614932492866,905.6871609403255,13.010689427762149,887.626914472552,12.730129509874159,2.221942822078516,79.37539031287753,71.25795387706152,86.74941667317218,15.491462796110653,20.624609687122472,32.43732870267133,11.022372190997215,4.98211878393104,2.263978917960932,10.882066858927322,1.1372307152242649,67.56267129732866,08-113
08,114,00000,000000,0000,DISTRICT,Jaisalmer,Total,117171,669919,5.717447149892038,852.0989306291262,19.47444392531037,874.1991093233731,14.797908403851809,6.333452253182847,57.21560238462451,39.71490713864116,72.03575512328054,32.32084798463938,42.78439761537549,43.1250643734541,34.501688778142245,61.03709549572002,15.185719774457171,39.29346528073437,6.808167447205464,56.8749356265459,08-114
08,114,00000,000000,0000,DISTRICT,Jaisalmer,Rural,100427,580894,5.784241289693011,859.1761162693192,20.232090536311272,873.4179232951828,15.388005384803424,6.416489066852129,53.79947212468734,35.54157656772164,69.42089518767544,33.8793186199538,46.20052787531266,44.419291643570084,38.18630865682984,67.64123412484643,16.51015971073019,42.6331923931031,7.440636517600735,55.58070835642992,08-114
08,114,00000,000000,0000,DISTRICT,Jaisalmer,Urban,16744,89025,5.316829909221213,807.2105722579729,14.530749789385004,881.326352530541,10.947486661050267,5.791631564167369,78.01916177108387,66.17018751483504,87.44131178482954,21.271124269994502,21.980838228916127,34.68014602639708,9.626798108842168,5.843104230096522,4.116732525749822,11.381745157737901,1.5223165122757014,65.31985397360293,08-114
08,115,00000,000000,0000,DISTRICT,Barmer,Total,451629,2603751,5.765243153119043,901.905886099712,19.261519246656075,904.350005315998,16.76097291945351,6.769349296457302,56.52676278369293,40.62573063619661,70.85874034292453,30.233009706727927,43.47323721630707,46.18268029469792,41.000251877132555,73.76043882569552,11.035175578511778,38.34693575454768,6.156100465537114,53.81731970530208,08-115
08,115,00000,000000,0000,DISTRICT,Barmer,Rural,418990,2421914,5.7803622998162245,902.1526818399229,19.621588545258007,904.8340548340549,16.869632860621806,7.109459708313342,54.79360927438079,38.55017785805378,69.43705074093863,30.886872882884852,45.20639072561921,47.374266798903676,43.55717289200942,77.17298085001796,11.499925045582744,39.785717522948254,6.381322753720703,52.625733201096324,08-115
08,115,00000,000000,0000,DISTRICT,Barmer,Urban,32639,181837,5.571157204571218,898.624873398557,14.465702799760225,895.6471605650044,15.313715030494343,2.2393682253886724,78.21941324349173,66.63995871584551,88.63084117855355,21.990882462708043,21.78058675650827,30.311762732557177,6.873954266592304,2.723248303639464,1.3607170071483,8.396531078776444,1.4677600783772997,69.68823726744282,08-115
08,116,00000,000000,0000,DISTRICT,Jalor,Total,326134,1828730,5.6072963873745145,952.4488754412076,17.30463217642845,894.9514667752502,19.53246241927458,9.77284782335282,54.85655717379445,38.46533986857697,70.67285141658058,32.207511548003616,45.14344282620555,49.030966845843835,45.03304577085874,72.64510775737082,17.622713139216902,26.312003426108916,5.393110309108186,50.969033154156165,08-116
08,116,00000,000000,0000,DISTRICT,Jalor,Rural,298074,1676975,5.626035816609298,955.3846171784907,17.531925043605302,895.0767683799357,19.470654004979203,10.143919855692541,53.33995194396982,36.7775080383017,69.38405100807572,32.60654296977402,46.66004805603018,50.47707926474754,47.67610171891095,76.31224541871828,18.393172732513634,27.034051280112653,5.5825953823326495,49.52292073525246,08-116
08,116,00000,000000,0000,DISTRICT,Jalor,Urban,28060,151755,5.408232359230221,920.5846991077643,14.79292280320253,893.3119676140676,20.2154788969062,5.672300747916049,71.07713485839791,56.94632168372272,84.15378659281099,27.207464909088266,28.922865141602088,33.05064083555731,15.261204289249381,10.754446128080389,4.619586888906611,14.125927107424834,2.195151128479145,66.94935916444268,08-116
08,117,00000,000000,0000,DISTRICT,Sirohi,Total,201785,1036346,5.135892162450133,939.8836832755868,16.728389939267387,897.384261792711,19.478340245439266,28.22126973037962,55.250978583562585,39.72807833933557,69.97680987939783,30.248731540062266,44.749021416437415,40.51050517877234,29.402228573135638,52.855567385768964,23.300677180471098,25.376284153786422,4.8379221063814075,59.48949482122766,08-117
08,117,00000,000000,0000,DISTRICT,Sirohi,Rural,159265,827692,5.196948482089599,950.9442501154974,17.810369074486644,903.5536272307016,19.44479347390092,32.9731349342509,48.951971035328256,32.65570506227003,64.62126236267697,31.965557300406942,51.048028964671744,42.59676304712381,34.013731905611735,61.4938877386051,26.984712255722265,28.101086309101735,5.461326828714865,57.40323695287619,08-117
08,117,00000,000000,0000,DISTRICT,Sirohi,Urban,42520,208654,4.90719661335842,897.2167413778994,12.436377927094616,863.0815623205054,19.611414111399732,9.371495394289111,78.70446895268329,66.94439956609042,89.31401026537985,22.369610699289424,21.295531047316715,32.23470434307514,10.547757790727134,7.573707607903775,3.9890572265421724,11.092939234897932,1.570050104818686,67.76529565692486,08-117
08,118,00000,000000,0000,DISTRICT,Pali,Total,418157,2037573,4.872746360816631,987.0580112383,14.597464728871062,899.2503480071006,19.537753984765207,7.095598538064649,62.39116530346139,48.008832545451,76.81499880296863,28.80616625751763,37.60883469653861,41.33972132532185,31.541736361471756,57.076527286908764,28.169582596782483,28.140971380473378,4.716814253846784,58.66027867467815,08-118
08,118,00000,000000,0000,DISTRICT,Pali,Rural,329510,1577567,4.787614943400807,1003.1096082960133,14.93007903943224,904.5046939056044,20.36439656762597,8.332831505730026,58.40294776216716,43.484819662993424,73.64148772082038,30.156668057826955,41.59705223783284,43.89182836608524,36.97899261779627,66.61188319856504,32.80942429699765,31.79674851932995,5.324490954228846,56.10817163391476,08-118
08,118,00000,000000,0000,DISTRICT,Pali,Urban,88647,460006,5.189188579421751,933.9115373134956,13.456780998508716,879.5202671929559,16.702825615318062,2.85257148819798,75.83571127142656,63.8904418768377,87.09595565271705,23.205513775879353,24.16428872857344,32.58740103389956,12.205201154211476,13.031673604440176,6.737645426406233,11.254536236524709,1.9098889956238658,67.41259896610045,08-118
08,119,00000,000000,0000,DISTRICT,Ajmer,Total,494832,2583052,5.220058524913506,950.8203778458331,14.756458638850475,900.9780012069162,18.506286362024458,2.4576353863569143,69.33481993837098,55.68013309703787,82.4394298906881,26.759296793650236,30.665180061629016,40.79368127316059,29.19639672842894,42.17231869506378,13.810378828571482,21.49912405738895,3.2800871577133246,59.20631872683941,08-119
08,119,00000,000000,0000,DISTRICT,Ajmer,Rural,293744,1547642,5.268676126150662,960.5369668240442,16.396686055302194,906.6374141584143,16.583034060848696,3.137935000471685,59.12619408291341,41.28944425536053,76.45401590423934,35.16457164887881,40.87380591708659,46.09974399764287,40.482166054507445,60.678749584769406,19.67415086220792,27.67096637648414,4.368436027858643,53.90025600235714,08-119
08,119,00000,000000,0000,DISTRICT,Ajmer,Urban,201088,1035410,5.149039226607257,936.475103237776,12.3047874754928,889.8052420012756,21.380998831380808,1.4407819124791146,83.8818068182444,76.49806913013292,90.84621129922465,14.34814216909173,16.1181931817556,32.862634125612075,12.106318476120483,3.36827689169848,1.5152984603086437,8.558085951161308,0.9980515072164766,67.13736587438792,08-119
08,120,00000,000000,0000,DISTRICT,Tonk,Total,266870,1421326,5.325911492486979,952.0062186184999,14.355468062921526,891.5526384099084,20.255944097272547,12.538080637376648,61.58435801552303,45.447388697196075,77.1165044787092,31.669115781513128,38.41564198447697,45.67291388464012,40.005337641916356,67.70415967687524,17.472707078829444,23.6249559046215,4.162757775035777,54.327086115359876,08-120
08,120,00000,000000,0000,DISTRICT,Tonk,Rural,212126,1103603,5.2025824274252095,942.8091084333108,14.605523906694708,896.7639444575194,21.382236184569994,15.76182739626478,58.010687424661725,39.65834405498192,75.46210137352116,35.80375731853925,41.989312575338275,49.2061909944065,46.794371477972504,78.43330429930705,19.82723219793717,25.534351918179286,4.593023362876837,50.793809005593495,08-120
08,120,00000,000000,0000,DISTRICT,Tonk,Urban,54744,317723,5.803795849773491,984.639986007958,13.486905260242413,872.2037749038798,16.343796325730274,1.340475823280027,73.83691318140806,64.76330909645598,82.94133510200214,18.178026005546158,26.163086818591935,33.40016303509661,16.939453917986196,12.800603090840557,5.424048247267245,13.854127402940067,1.9609875612514136,66.59983696490339,08-120
08,121,00000,000000,0000,DISTRICT,Bundi,Total,220768,1110906,5.032006450210176,924.7799570309793,14.392216803221874,893.664649240208,18.974422678426436,20.573207814162494,61.517399176885505,46.55078737838021,75.43801968221882,28.887232303838616,38.482600823114495,47.35693208966375,39.585308367650526,68.7791655816199,21.17276288702905,31.367387010992392,7.295315829390733,52.64306791033625,08-121
08,121,00000,000000,0000,DISTRICT,Bundi,Rural,177150,888205,5.013858312164832,923.6291891002179,14.826869923047045,895.0269087978818,18.950242342702417,24.43185976210447,57.30484116577132,41.16319673211227,72.29553334693045,31.132336614818186,42.69515883422868,50.72646517414336,45.77966614377062,78.21220494723174,23.712088424276725,33.91705785087281,8.017223202494701,49.27353482585664,08-121
08,121,00000,000000,0000,DISTRICT,Bundi,Urban,43618,222701,5.10571323765418,929.3833278464124,12.658676880660616,887.326772444266,19.070861828191163,5.183631865146541,77.90139324456327,67.42429882685784,87.70412681985093,20.27982799299309,22.098606755436734,33.91812340312796,14.959683057562339,12.51323872061004,6.02626562169032,16.159182376615124,2.9893031137470873,66.08187659687204,08-121
08,122,00000,000000,0000,DISTRICT,Bhilwara,Total,498125,2408523,4.83517791718946,973.0089061025479,15.016796601070448,927.7730696045668,16.93764186599007,9.51923647812373,61.36903714994821,47.20667718238056,75.26548248556072,28.058805303180165,38.63096285005179,47.67091698937482,39.87044815274119,62.553727034006435,14.201094790382914,23.06602274063397,3.5572413372642435,52.32908301062519,08-122
08,122,00000,000000,0000,DISTRICT,Bhilwara,Rural,394065,1895869,4.811056551584129,984.4176859839771,15.514363070444212,933.2982779019325,17.508751923260522,11.318503546394819,55.99776992102948,40.58139083455333,71.32319437078425,30.74180353623092,44.00223007897052,50.97746732501033,46.269342290356846,72.57120271173532,16.203260125032852,25.238859928854197,3.9610291515687046,49.02253267498968,08-122
08,122,00000,000000,0000,DISTRICT,Bhilwara,Urban,104060,512654,4.926523159715549,931.9334634719888,13.176723482114644,904.0786988753276,14.825593870329696,2.865285358155793,80.69795081138523,71.78727081803905,89.04041656335234,17.25314574531329,19.302049188614774,35.442813281472496,15.534824663561075,9.270276666354796,3.5514779938249523,11.508593883290496,1.409473910148102,64.5571867185275,08-122
08,123,00000,000000,0000,DISTRICT,Rajsamand,Total,243078,1156597,4.758131134862061,989.5396661844466,15.220599742174674,902.5905951776239,12.81068513924902,13.903632812466228,63.14162577150106,47.95279657708076,78.42156084547842,30.468764268397663,36.85837422849894,47.62514514562981,40.20752427606396,57.035460967156894,19.35021812497844,34.175091815820096,6.527955035210437,52.37485485437019,08-123
08,123,00000,000000,0000,DISTRICT,Rajsamand,Rural,205878,972777,4.725016757497158,997.652784622967,15.739270151329645,904.517862473878,12.519210466530357,15.418847279489544,59.46363715109392,43.32281935894612,75.86381613899766,32.54099678005154,40.53636284890608,49.954614469708886,44.56225286476184,62.85520848981473,21.137901869957012,36.77129398885064,7.121764307630256,50.04538553029112,08-123
08,123,00000,000000,0000,DISTRICT,Rajsamand,Urban,37200,183820,4.941397849462366,947.6790387692178,12.475791535197475,889.8228265348166,14.353171580894353,5.885104994015885,81.87982869964634,72.27343819538929,91.06560964933612,18.792171453946835,18.12017130035366,35.2975737134153,16.553929405977126,13.448615991615807,5.961408051291536,14.730904383206955,2.0806362123173665,64.7024262865847,08-123
08,124,00000,000000,0000,DISTRICT,Dungarpur,Total,282029,1388552,4.92343695151917,993.5221928066478,17.445439565821086,922.4096882737604,3.764137029077773,70.82464322546078,59.459414662487475,46.157707076724286,72.88387517440108,26.726168097676798,40.540585337512525,46.200286341454984,42.61307476662524,64.250874882115,28.733544811890603,66.26563681285707,20.332026530946276,53.79971365854501,08-124
08,124,00000,000000,0000,DISTRICT,Dungarpur,Rural,263075,1299809,4.940830561626912,996.49333534036,17.803077221345596,925.3669251505974,3.4088854593251776,74.40216216382561,57.642200555408394,43.95538978132063,71.50141845842015,27.546028677099514,42.357799444591606,47.064761053354765,44.380613567666465,66.95392904314167,29.94890086178713,68.47529717924911,21.10953458264133,52.935238946645235,08-124
08,124,00000,000000,0000,DISTRICT,Dungarpur,Urban,18954,88743,4.682019626464071,950.9959108297058,12.20716000135222,861.340206185567,8.967467856619676,18.42511522035541,84.37941214221539,77.11274971237319,91.38556950536983,14.272819792996643,15.620587857784614,33.53841993171292,16.103751993896942,8.692000134395055,3.752981890266438,20.84803279239324,4.351039881732352,66.46158006828708,08-124
08,125,00000,000000,0000,DISTRICT,Banswara,Total,367797,1797485,4.887166018211133,980.1455019752048,18.096562697324316,933.6186654777828,4.455725638878767,76.38444827077834,56.333505864005076,43.060000846216525,69.48395532832384,26.42395448210732,43.666494135994924,50.99202496821948,48.816777205694756,81.3833907573202,21.751653439875014,40.759502233316674,8.841402876363501,49.00797503178052,08-125
08,125,00000,000000,0000,DISTRICT,Banswara,Rural,340276,1669864,4.907381067133739,981.4064860157077,18.543605946352518,937.0140309393786,4.237890031763065,81.33644416551287,53.95706989577352,40.100840832416715,67.6996541251651,27.598813292748382,46.04293010422648,52.230600815395746,51.223737965438154,85.14756128322135,22.678231557705978,42.121695062945726,9.188584925130133,47.769399184604254,08-125
08,125,00000,000000,0000,DISTRICT,Banswara,Urban,27521,127621,4.6372224846480865,963.7927585517103,12.247200695810252,868.7230989956959,7.306007631972794,11.589785380149035,85.19702476091828,79.25877763329,91.00365575826078,11.744878124970782,14.802975239081718,34.78581111259118,17.03228278570744,7.431184394287517,3.5477767265846736,13.997387034283912,2.0205433166644142,65.21418888740881,08-125
08,126,00000,000000,0000,DISTRICT,Chittaurgarh,Total,329119,1544338,4.692339245075489,971.903964779084,13.76039442142847,912.410007199424,16.202670658884262,13.050640468602081,61.70640268923009,46.52672102822153,76.60891807318194,30.08219704496041,38.29359731076991,51.98052498870066,45.47267551010488,71.83636352311726,15.38065785949636,18.168806173739185,2.964540862405092,48.01947501129934,08-126
08,126,00000,000000,0000,DISTRICT,Chittaurgarh,Rural,269332,1259074,4.6748028455586415,978.3851731967347,14.075026567143789,916.438667257843,16.868587549262397,15.309028698869168,56.84465350845166,40.24185977338427,73.26342417601812,33.02156440263385,43.15534649154834,55.61515844183901,51.88618489413949,80.58026151183316,16.893732970027248,19.04143745822837,3.11637790687711,44.384841558161,08-126
08,126,00000,000000,0000,DISTRICT,Chittaurgarh,Urban,59787,285264,4.771338250790306,943.7978685709613,12.371697795726064,892.4339106654512,13.263503281171127,3.0827584272813953,82.74766773878675,74.26824765108933,90.81392898124224,16.545681330152917,17.252332261213255,35.93828874305906,16.640916048170503,12.11287663750134,5.045893931856535,12.208468674099434,1.9274475950799366,64.06171125694094,08-126
08,127,00000,000000,0000,DISTRICT,Kota,Total,396501,1951014,4.92057775390226,910.5841292411285,13.072996913399903,898.5715455445471,20.779348584889703,9.42156232605199,76.55525667498841,65.8662675588095,86.30793171105748,20.44166415224798,23.444743325011586,38.380606187346686,23.031705011437293,36.75880829742084,18.02751295053091,22.871325341107436,4.165537098146261,61.61939381265332,08-127
08,127,00000,000000,0000,DISTRICT,Kota,Rural,151351,774410,5.116649377936056,929.6042418851273,14.055991012512752,910.4375449742879,23.48329696155783,16.3640707118968,68.57093060119388,53.953705577434974,82.20552106262741,28.251815485192438,31.42906939880612,46.14093309745484,37.88634578735335,70.22584797940222,33.80863091906414,35.28126049479458,6.978898466360685,53.85906690254516,08-127
08,127,00000,000000,0000,DISTRICT,Kota,Urban,245150,1176604,4.799526820314093,898.2688801768227,12.426015889798096,889.8324802233597,18.99968043623853,4.852184762247961,81.71252107193428,73.7082755214343,88.91211615105831,15.203840629624011,18.287478928065724,33.27296184612665,13.078017292474145,6.212914217695937,3.6238380958949246,11.544582123216115,1.5977378790317016,66.72703815387335,08-127
08,128,00000,000000,0000,DISTRICT,Baran,Total,241428,1222755,5.064677667876137,928.8029718666446,14.938806220379389,911.8816855414373,18.08898757314425,22.64206648102032,66.6583661029334,51.96467119937331,80.35003519668352,28.385363997310208,33.3416338970666,45.191636918270625,37.84395645454391,72.67234062575216,33.48582927813559,34.89032416849596,6.268560560133047,54.808363081729375,08-128
08,128,00000,000000,0000,DISTRICT,Baran,Rural,191526,968541,5.056968766642649,928.4886545553017,15.373019830858995,914.4690316690882,17.262666216505032,27.291255610242622,63.61555645296085,47.78234377214113,78.35718745214452,30.574843680003383,36.38444354703915,48.32774244972593,43.731785303004635,82.70722150771032,37.84593889000457,37.934386443169245,6.846353354384135,51.67225755027407,08-128
08,128,00000,000000,0000,DISTRICT,Baran,Urban,49902,254214,5.094264758927498,930.0014424865432,13.284476858080199,900.5571500928583,21.237225329840214,4.928918155569717,77.97208348643413,67.4848584440584,87.77337030926388,20.28851186520548,22.02791651356587,33.24325174852683,15.430581973436084,17.09167070962856,9.336283709427398,18.030032304251616,3.0683122507661906,66.75674825147317,08-128
08,129,00000,000000,0000,DISTRICT,Jhalawar,Total,283295,1411129,4.9811292115992165,946.0009956656825,14.754497994159287,912.0672238038387,17.261497708572357,12.91370243259121,61.49947960137132,46.52982676832501,75.75054401357883,29.220717245253823,38.50052039862868,48.610013684078496,41.272708189379955,78.50222319411036,30.581237699540782,30.657773890225236,5.514687659450397,51.38998631592151,08-129
08,129,00000,000000,0000,DISTRICT,Jhalawar,Rural,237702,1181838,4.97193124163869,948.5139308166249,15.007725255068799,916.4037514046158,17.410508039172882,14.53904849903286,57.62894100476769,41.51440396338356,73.00697885719512,31.492574893811565,42.37105899523231,51.751762931975456,46.81621053180487,86.44064471192992,33.36358077374587,32.727240027337146,5.910349856610782,48.24823706802455,08-129
08,129,00000,000000,0000,DISTRICT,Jhalawar,Urban,45593,229291,5.029083411927269,933.1506618328978,13.44928496975459,887.501530175052,16.493451552830248,4.5361571103968314,81.09023295188281,72.10675705180857,89.53868116395495,17.431924112146376,18.90976704811719,32.41644896659703,12.458326180645278,13.179420945000539,7.686201700570444,13.628780540307824,2.2589064686255518,67.58355103340297,08-129
08,130,00000,000000,0000,DISTRICT,Udaipur,Total,623531,3068420,4.921038408675751,958.3980352322982,16.573676354605954,923.9863650636914,6.144041558847876,49.7092640512055,61.824584842199016,48.44837321753791,74.73773109759843,26.289357880060514,38.175415157800984,44.51095352005267,35.29150869827832,61.655035975700386,22.18273327461244,39.78875121450479,8.51826388232977,55.48904647994733,08-130
08,130,00000,000000,0000,DISTRICT,Udaipur,Rural,495973,2459994,4.959935319059707,965.9254736613293,17.94646653609724,933.1958365627559,4.9750121341759375,60.28612264907963,54.933832446871754,39.823316408270685,69.63987381555448,29.816557407283796,45.066167553128246,46.99617153537773,40.48919563357652,71.91054776261284,25.80574568182939,45.59308296925101,9.879050569023693,53.00382846462227,08-130
08,130,00000,000000,0000,DISTRICT,Udaipur,Urban,127558,608426,4.769798836607661,928.541769022299,11.023197562234357,865.4873164218959,10.870672850930104,6.944805120096774,87.51750228129998,81.24434259524492,93.39326662683834,12.148924031593424,12.482497718700017,34.46269554555525,13.845791473368358,5.109690957649752,2.2066959175887066,7.785673407096529,1.0153567340709653,65.53730445444475,08-130
08,131,00000,000000,0000,DISTRICT,Pratapgarh,Total,178726,867848,4.855745666551034,982.5468767133302,17.343820576875213,933.2870941224826,6.963085701643605,63.42435541707765,55.973540769241495,42.35456381734659,69.49995554172409,27.145391724377504,44.026459230758505,55.45832910832311,53.38313524170898,83.78122311934078,20.115563460171952,31.965700798264677,6.989075284545413,44.54167089167688,08-131
08,131,00000,000000,0000,DISTRICT,Pratapgarh,Rural,163810,796041,4.859538489713692,984.2934808348559,17.806997378275742,935.5107391072819,6.340879427064687,68.51682262597028,53.1984288312522,39.04049565505154,67.28823482773973,28.247739172688192,46.8015711687478,57.14868957754688,56.5267049915162,87.61845307049263,20.7250833650234,33.09783767505556,7.269957597592581,42.85131042245312,08-131
08,131,00000,000000,0000,DISTRICT,Pratapgarh,Urban,14916,71807,4.8140922499329575,963.3882919093321,12.209116102886904,898.029876596666,13.860765663514698,6.970072555600429,84.77633248730965,77.14726886701409,92.19815985479126,15.050890987777166,15.223667512690355,36.71926135334995,18.152920474541638,17.574999051845108,9.599120112261538,12.432206925323321,2.142830052717412,63.28073864665005,08-131
09,132,00000,000000,0000,DISTRICT,Saharanpur,Total,597656,3466382,5.799961850964435,889.9572870924582,14.989432786115323,886.8351387370767,22.05325321906241,0.028271552298621445,70.48711632416415,61.740325720320854,78.27621093852748,16.53588521820663,29.51288367583585,29.925841987409353,7.732025711338034,47.68109710954129,26.32203010765956,14.907590924514915,2.6788606286824814,70.07415801259064,09-132
09,132,00000,000000,0000,DISTRICT,Saharanpur,Rural,408198,2399856,5.879146884600121,889.9435581739846,15.625687541252475,884.6192505628819,26.14202685494463,0.006167036688867998,68.64892521070571,58.38213482733862,77.79594649742675,19.413811670088137,31.351074789294287,29.93425438859665,7.828393889490139,64.85490249575781,35.349168057529525,15.745170724645346,3.095023657428739,70.06574561140336,09-132
09,132,00000,000000,0000,DISTRICT,Saharanpur,Urban,189458,1066526,5.6293532075710715,889.9881801089131,13.557756679162065,892.6061177209722,12.852851219754605,0.07801028760667812,74.52439396092323,69.12196706656498,79.33027534217936,10.208308275614385,25.475606039076766,29.906912724115493,7.515187476479572,9.001928111234776,5.990939444766667,13.021177872180335,1.7415703917357706,70.0930872758845,09-132
09,133,00000,000000,0000,DISTRICT,Muzaffarnagar,Total,676642,4143512,6.123639975053278,889.0525085322831,15.592135367292286,862.897017055694,13.545272705859185,0.007650514828966345,69.1171853779182,58.686617143833274,78.44174438937111,19.755127245537835,30.882814622081796,31.172686358818318,10.772646017236234,51.073670454087974,25.056517120816572,15.96051233931331,2.636794658590138,68.82731364118169,09-133
09,133,00000,000000,0000,DISTRICT,Muzaffarnagar,Rural,475749,2952200,6.205373001309514,886.3849549266329,15.966906036176413,861.773557779656,15.530587358580043,0.008400514870266242,68.33992724194572,56.701884590939144,78.71099497033887,22.00911037939973,31.660072758054284,31.957726441298018,12.355427783817138,64.01729386426076,30.65622562154462,17.634102703252722,3.006075535054099,68.04227355870198,09-133
09,133,00000,000000,0000,DISTRICT,Muzaffarnagar,Urban,200893,1191312,5.9300821830526695,895.6956224241363,14.663413110923083,865.935333639539,8.625448245295942,0.005791933599258632,71.01389401204968,63.50209832009863,77.78130965892623,14.2792113388276,28.986105987950324,29.227272116792243,6.871955400954374,16.001413029742555,9.883453766356107,11.425724034142474,1.636185049456041,70.77272788320775,09-133
09,134,00000,000000,0000,DISTRICT,Bijnor,Total,633197,3682713,5.816061983869159,916.8666703101943,15.32104185148286,882.9069041810859,21.38217124169057,0.0830366091520029,68.47537729081736,59.717140515202146,76.56047648061491,16.843335965412763,31.524622709182637,29.544414674724855,9.454396201414932,49.965901863541276,28.628556408060028,22.817075905576655,3.896286519931326,70.45558532527514,09-134
09,134,00000,000000,0000,DISTRICT,Bijnor,Rural,478997,2757401,5.756614342052247,916.9758038726039,15.53314153436515,877.6182084396398,25.98251034216641,0.1078551868226638,68.53208763937847,58.38779683801815,77.90940743519364,19.521610597175496,31.467912360621526,30.01144918711497,10.38173934733345,61.23310647512616,34.383881788828525,24.53077570039249,4.4145511494364,69.98855081288504,09-134
09,134,00000,000000,0000,DISTRICT,Bijnor,Urban,154200,925312,6.000726329442283,916.5415293608366,14.688991388850464,899.7693759172549,7.673303707290081,0.009078019089777286,68.3080544164947,63.6502836288627,72.59068516600286,8.940401537140154,31.6919455835053,28.15266634389266,6.6902594071533015,14.17312859884837,10.345489443378119,17.37312859884837,2.2499040307101725,71.84733365610735,09-134
09,135,00000,000000,0000,DISTRICT,Moradabad,Total,796170,4772006,5.993702350000628,906.3729183528511,16.433738767302472,915.8834666829537,15.32701341951372,0.014354550266701259,56.769531572273046,47.85894485845804,64.82927949849584,16.970334640037798,43.230468427726954,29.711006230922592,9.889369804568013,49.867154366837326,23.86665077362215,22.065211794801986,3.720735697494236,70.28899376907741,09-135
09,135,00000,000000,0000,DISTRICT,Moradabad,Rural,522763,3198383,6.118227571576412,903.7744743818831,17.59964331976502,915.5255492336591,18.218581076750347,0.005346451628838698,53.392267591583916,42.19476019373724,63.484393553981576,21.289633360244338,46.607732408416084,29.71920498576937,10.799934929835526,69.03750944206098,31.91700665099828,24.661400854677478,4.4768519590040965,70.28079501423062,09-135
09,135,00000,000000,0000,DISTRICT,Moradabad,Urban,273407,1573623,5.755606111035928,911.6761665962068,14.064042022771655,916.7944154303185,9.44991271734081,0.032663477846981134,63.35139627954578,58.83680703686755,67.46346984540125,8.626662808533702,36.64860372045422,29.694342291641647,8.04707518998373,10.870853904643285,7.490631895000181,16.78404886181002,2.182645411608104,70.30565770835835,09-135
09,136,00000,000000,0000,DISTRICT,Rampur,Total,393736,2335819,5.9324496617022575,908.5219329530701,16.235290491258098,923.5357670009282,13.183213254109157,0.01532653000938857,53.341013353831556,44.443321209566236,61.399110581277796,16.95578937171156,46.658986646168444,31.563276092882198,11.472664646155783,60.2805519347965,31.22883212322366,23.464553258615332,5.039463636351306,68.43672390711781,09-136
09,136,00000,000000,0000,DISTRICT,Rampur,Rural,290515,1747172,6.014050909591587,905.566498487258,17.108447250757226,919.9552952057962,15.902155025378153,0.006982712635046807,52.40633920199301,41.9715370239918,61.82503711294159,19.853500088949787,47.59366079800699,31.763215069838573,12.543990441939842,74.41590174391575,37.549508251074855,26.80112729251583,5.97937141189063,68.23678493016143,09-136
09,136,00000,000000,0000,DISTRICT,Rampur,Urban,103221,588647,5.702783348349658,917.348238336737,13.643660801804817,936.9799580348745,5.113081354360084,0.04009193965143796,56.00392655222747,51.438303691316634,60.17819753867474,8.739893847358104,43.99607344777253,30.969834213034297,8.314278004232413,17.250401803590727,11.987734705408029,13.30751550989287,2.1782417184577323,69.0301657869657,09-136
09,137,00000,000000,0000,DISTRICT,Jyotiba Phule Nagar,Total,314401,1840221,5.8531016122722255,910.0346774972002,16.314942607436826,903.3644610966355,17.280587494654178,0.008911973072799409,63.838726225494966,52.101383944500576,74.53544194451615,22.434058000015575,36.161273774505034,32.55527461103856,15.973594047255158,58.34675649194027,22.012922954686196,24.29054781509926,4.540560751407554,67.44472538896143,09-137
09,137,00000,000000,0000,DISTRICT,Jyotiba Phule Nagar,Rural,235417,1381508,5.868344257211671,906.740699948519,16.764144688268182,897.5354766820699,19.998653645147186,0.0022439247546883552,63.41426720352028,49.85614415178025,75.73325233573505,25.877108183954796,36.58573279647972,33.58272264800493,18.229627273128564,71.63410554631122,25.985670807935374,26.296050419443556,4.927060791295576,66.41727735199507,09-137
09,137,00000,000000,0000,DISTRICT,Jyotiba Phule Nagar,Urban,78984,458713,5.807669907829434,920.0242769243648,14.96207868536536,923.3011069076643,9.094575475297189,0.028994164106968843,65.08998154224774,58.67918974605978,70.98437692213065,12.305187176070874,34.91001845775226,29.46090474872088,9.2305382547099,12.730407500314486,8.37421655900134,17.40552460023235,3.21368052626516,70.53909525127912,09-137
09,138,00000,000000,0000,DISTRICT,Meerut,Total,579110,3443689,5.946519659477474,886.1849668874535,14.627308098960157,851.676628656712,18.124429935455844,0.09844094516084351,72.84047116127034,63.98275649390699,80.74356266199139,16.7608061680844,27.159528838729656,31.667755131197968,11.85014827441707,32.09999825774227,14.120998882204121,18.314704930314278,2.667763372057304,68.33224486880202,09-138
09,138,00000,000000,0000,DISTRICT,Meerut,Rural,271679,1684507,6.200357775168489,882.298976444822,15.86529471234017,855.2338375459032,20.626984631111654,0.013178930096461459,70.74718381660323,59.411033812133475,80.80791937853175,21.396885566398275,29.252816183396774,32.25667806663908,13.699566988818205,55.75505276369886,22.842798408439247,21.03241645594314,3.6664053326855197,67.74332193336092,09-138
09,138,00000,000000,0000,DISTRICT,Meerut,Urban,307431,1759182,5.722201079266567,889.9210698489402,13.441872415702298,847.6727014166165,15.728105449009824,0.18008369799145285,74.78878187973456,68.21481011233926,80.6833723198338,12.468562207494529,25.211218120265443,31.103831212461248,10.087293069792205,8.609525689315811,5.459881975170559,15.615902100432589,1.6760695429050776,68.89616878753876,09-138
09,139,00000,000000,0000,DISTRICT,Baghpat,Total,209916,1303048,6.207473465576707,861.3110117559672,14.963301428650363,840.7443072391526,11.439333009988887,0.0010744040127455012,72.01446841306814,59.95295015011977,82.44741191558977,22.49446176547,27.985531586931856,31.978484292213334,12.287512977256219,47.80906898330913,17.878784242671497,19.720898978869435,3.0252342840686834,68.02151570778666,09-139
09,139,00000,000000,0000,DISTRICT,Baghpat,Rural,164494,1028023,6.249607888433621,856.2838678456575,15.006473590571417,836.6569438657064,12.25206050837384,0.001264563146933483,71.67437479470743,58.86404202593943,82.68860735783676,23.824565331897325,28.325625205292567,32.83613304371595,13.630497494812492,54.41295402635953,20.14468410341181,21.120501950746974,3.293014933508708,67.16386695628405,09-139
09,139,00000,000000,0000,DISTRICT,Baghpat,Urban,45422,275025,6.054885297873278,880.3456786747162,14.801927097536588,856.4002006475444,8.401418052904281,0.00036360330879010996,73.2826610218679,63.95228310087106,81.5360239355285,17.583740834657448,26.717338978132105,28.772657031178984,7.341451670523913,19.638073093059695,8.212859525855533,13.750442298943538,1.8829297882019917,71.22734296882102,09-139
09,140,00000,000000,0000,DISTRICT,Ghaziabad,Total,850676,4681645,5.503440792969356,881.0595644386085,14.55110329809287,850.3566364806798,16.521180055301073,0.08475653322710287,78.07351939074306,69.78973710221935,85.41617939973744,15.626442297518096,21.92648060925694,32.47871207663118,13.175918946046878,18.58210712261055,8.13396311042539,17.60080971340407,2.2494669649821315,67.52128792336882,09-140
09,140,00000,000000,0000,DISTRICT,Ghaziabad,Rural,248050,1519098,6.12416045152187,879.5553696880313,16.375441215774096,854.3070546842388,18.9393969316002,0.037653923578333984,72.60345466839954,61.03872580999516,82.83338525672409,21.79465944672893,27.396545331600464,32.65602350868739,15.097147744473016,45.910413101191956,18.29796583998049,22.3088351203543,3.811908231988179,67.3439764913126,09-140
09,140,00000,000000,0000,DISTRICT,Ghaziabad,Urban,602626,3162547,5.247943168731519,881.7829457364342,13.674800722329186,848.0919618819709,15.359613627876517,0.1073818033376263,80.61881083853008,73.85523497572602,86.61967839115388,12.764443415427863,19.38118916146992,32.393542293600696,12.254316147469355,5.348861498875994,3.2122257460264474,15.32103223060712,1.492882598751929,67.6064577063993,09-140
09,141,00000,000000,0000,DISTRICT,Gautam Buddha Nagar,Total,327090,1648115,5.038720229906142,851.369445998378,14.962426772403624,842.5523966077633,13.112252482381386,0.13439596144686505,80.12368026930818,70.81926657552337,88.05968965293854,17.240423077415173,19.87631973069182,34.53090348671057,16.58857819161078,21.351445856593376,8.582714383360656,19.43687413131755,2.6903457861323576,65.46909651328943,09-141
09,141,00000,000000,0000,DISTRICT,Gautam Buddha Nagar,Rural,111916,673806,6.02064048036027,873.7392416679413,16.24800016621995,826.1580290570632,19.157739764858135,0.032650347429378786,74.76671285746183,61.68691814774513,86.31955522035413,24.632637072609,25.233287142538174,32.156585129844494,17.04959564100687,46.51294808305603,17.116115067405723,27.859031812916236,4.731092475758401,67.8434148701555,09-141
09,141,00000,000000,0000,DISTRICT,Gautam Buddha Nagar,Urban,215174,974309,4.528005242269048,836.2089598932547,14.073358657263762,855.8551242488224,8.93135545294152,0.2047605020583819,83.73465553260844,77.17220461223867,89.20137938584487,12.0291747736062,16.265344467391557,36.17291844784355,16.26211404101871,5.882486465627802,3.3364922993110806,14.259042776560852,1.4357216629402216,63.82708155215645,09-141
09,142,00000,000000,0000,DISTRICT,Bulandshahr ,Total,587529,3499171,5.955741759130188,896.3024180874239,15.71217868460844,853.9240216079148,20.736340121703112,0.005658483109285028,68.88428904428905,55.569144261365786,80.92673735812312,25.357593096757334,31.115710955710952,33.52965602424117,16.65416095545649,48.890442016262384,20.552733409474456,24.55073896663996,4.048548488826007,66.47034397575882,09-142
09,142,00000,000000,0000,DISTRICT,Bulandshahr ,Rural,440668,2631742,5.972164985885065,892.6723672949823,16.0584510183749,850.2156163124138,23.052145689053106,0.0015579034723008562,68.7140383636055,53.85311112172294,82.103995008928,28.250883887205056,31.285961636394504,34.93780925333866,19.331771469451812,59.004560220909156,24.188094702073908,27.500318117008334,4.636133959344103,65.06219074666134,09-142
09,142,00000,000000,0000,DISTRICT,Bulandshahr ,Urban,146861,867429,5.90646257345381,907.4015436374431,14.661603428061548,866.3545778730024,13.7102863750232,0.018099464048354393,69.39236744343127,60.65018395296686,77.38828379807929,16.738099845112423,30.60763255656873,29.257380142928124,8.60007899985218,12.246884198166178,7.381780784673762,13.864382336368685,1.9197200802247554,70.74261985707187,09-142
09,143,00000,000000,0000,DISTRICT,Aligarh,Total,611371,3673889,6.009262788061586,882.1191231949246,15.637625415465736,877.3638238148612,20.557344002499804,0.01712082210431507,67.51566442320723,55.6753357465204,77.970712834991,22.2953770884706,32.48433557679277,31.96506481279102,14.229920209908514,46.72311154747135,22.75254372377829,26.27488480969651,4.505854673307441,68.03493518720897,09-143
09,143,00000,000000,0000,DISTRICT,Aligarh,Rural,407034,2456698,6.035608818919304,876.8850421300566,16.40812179600423,874.6477170202674,22.991307844920293,0.011153182035398735,67.34490650564862,52.7953960756609,80.1095532760397,27.3141572003788,32.65509349435138,33.19561460138772,16.610572629653024,63.43272235002133,30.19928486994737,29.403837570323578,5.320925647074981,66.80438539861228,09-143
09,143,00000,000000,0000,DISTRICT,Aligarh,Urban,204337,1217191,5.9567821784600925,892.7726712208412,14.08250636095732,883.7822689657446,15.644791984166822,0.029165513054237178,67.85098204211211,61.27364796435082,73.73279234893494,12.459144384584114,32.14901795788789,29.481404315345745,9.47052696483998,8.748624057740807,5.82897908567766,19.16398445011077,2.6535133553484096,70.51859568465426,09-143
09,144,00000,000000,0000,DISTRICT,Mahamaya Nagar,Total,260860,1564708,5.998267269799893,871.3759991006151,15.856377036482206,864.6595068279008,24.76845520058695,0.01712779636839589,71.59126296329491,59.23325922690259,82.37543914546205,23.142179918559464,28.40873703670509,30.939638577932755,11.802256715450993,57.620813236524384,31.959348501905538,30.32750482839821,5.711039732295013,69.06036142206725,09-144
09,144,00000,000000,0000,DISTRICT,Mahamaya Nagar,Rural,204827,1232015,6.014905261513375,867.2156092474546,16.247854125152696,863.6799523317413,25.830448492916076,0.018912107401289756,71.51968475702121,57.74454878043693,83.47516767588998,25.73061889545305,28.48031524297879,31.496045096853532,12.920809296034086,68.33051572534508,37.16845859662505,31.923584409693945,6.056139121112474,68.50395490314646,09-144
09,144,00000,000000,0000,DISTRICT,Mahamaya Nagar,Urban,56033,332693,5.937447575535845,886.9453755537028,14.406675223103582,868.7616968184653,20.83572542854824,0.01052020932210777,71.85062666146936,64.55577264388731,78.3433445060233,13.78757186213599,28.149373338530637,28.87917689882264,7.709425757769536,14.3673435402117,10.921221078487495,23.881389273410424,4.31728057119662,71.12082310117736,09-144
09,145,00000,000000,0000,DISTRICT,Mathura,Total,423125,2547184,6.019932644017725,863.1683276949803,15.87148788623044,869.7091904691431,19.887844772894304,0.05967374166923159,70.35981012717298,56.894759815202924,81.96586848043403,25.0711086652311,29.640189872827023,33.0144583194618,17.439551751226,49.365530674638705,21.315220247841996,29.269661652034213,5.530841119272623,66.98554168053819,09-145
09,145,00000,000000,0000,DISTRICT,Mathura,Rural,292881,1791191,6.115763740222138,861.8907141995867,16.81177495867275,872.7634565751423,22.38270513864797,0.017474406693646853,68.56562822973572,52.72499481001761,82.1839589732325,29.458964163214894,31.434371770264278,34.36099221132755,20.84849420439648,63.566601838266955,26.988274021034297,32.72485624830415,6.605997683075239,65.63900778867246,09-145
09,145,00000,000000,0000,DISTRICT,Mathura,Urban,130244,755993,5.804436288811769,866.2024157177169,13.643644848563413,860.849014054015,13.976716715630966,0.15965756296685288,74.45485013356861,66.36849396398179,81.4661335895764,15.09763962559461,25.545149866431387,29.82408567275094,9.384262003556609,10.600173860592191,5.829208579487998,19.83784838646726,2.5959337910479534,70.17591432724906,09-145
09,146,00000,000000,0000,DISTRICT,Agra,Total,710566,4418797,6.2187003037015565,868.4502398144909,15.25200184575123,860.5514667314499,22.43427340065633,0.16418495803269534,71.5787208111851,61.184887634225596,80.6200969781582,19.435209343932605,28.421279188814907,31.45299501199082,13.153043756000942,37.40894661559139,16.869159416452494,24.411516688203854,3.9449751195098157,68.54700498800918,09-146
09,146,00000,000000,0000,DISTRICT,Agra,Rural,371791,2394602,6.440720727505507,863.2367038494099,17.120632155155636,862.3363526515186,21.094946049489643,0.04647954023257309,70.59796002380291,56.42414784930159,82.8359526255204,26.411804776218816,29.402039976197088,30.919877290672936,13.153653537260077,64.10695184276777,27.946483560415338,26.391800196648337,5.116773454635823,69.08012270932706,09-146
09,146,00000,000000,0000,DISTRICT,Agra,Urban,338775,2024195,5.9750424322928195,874.6555976324566,13.041431285029356,857.7862853282288,24.01868397066488,0.3034292644730374,72.68452475299836,66.50732245805057,78.10324068198615,11.595918223935584,27.315475247001643,32.083667828445385,13.15232744545364,6.9711257152359885,4.240140675909559,22.153838099520197,2.6090330686934506,67.91633217155461,09-146
09,147,00000,000000,0000,DISTRICT,Firozabad,Total,414266,2498156,6.030318684130486,875.4277254689403,15.304048266001002,880.9450012053587,18.96959197103784,0.10267573362111894,71.92453861048843,61.748847576110634,80.82251124437117,19.073663668260536,28.075461389511574,30.48332450015131,11.978372537753728,43.96674550012409,19.72644221236184,24.670626286077468,4.036526898142008,69.51667549984869,09-147
09,147,00000,000000,0000,DISTRICT,Firozabad,Rural,274897,1664987,6.0567667162609995,866.8452423666176,15.93117543860703,879.6734601320899,20.016672802850714,0.006486537132121752,72.60259977781509,60.58162128512633,82.99394210635678,22.412320821230452,27.397400222184913,29.522873151562145,10.250738893954974,63.505793893626716,27.427413579845062,26.20577273614999,4.747208840570275,70.47712684843785,09-147
09,147,00000,000000,0000,DISTRICT,Firozabad,Urban,139369,833169,5.978151525805595,892.8173858519585,14.050810819893684,883.8324509598829,16.87712816967506,0.29489815391595225,70.59916045479555,63.98951699495077,76.51012747631808,12.520610481367306,29.400839545204448,32.40266980648584,15.377040420361581,8.390592994010424,5.704729061484837,21.875474591527176,2.7425371061121835,67.59733019351415,09-147
09,148,00000,000000,0000,DISTRICT,Mainpuri,Total,313690,1868529,5.956610029009532,880.986775413564,15.21779967022187,883.8170700198089,19.705661512344737,0.025581620622425447,75.9942052039541,66.29964974533061,84.53006407623624,18.23041433090563,24.005794796045905,30.01505462318219,10.829318792621168,72.75907567220598,24.45866913914842,24.25968190571286,4.678517937379645,69.9849453768178,09-148
09,148,00000,000000,0000,DISTRICT,Mainpuri,Rural,263503,1580087,5.9964668333946864,875.7547122774445,15.529714503062172,884.9081677331142,20.216418463033996,0.03012492350104773,75.367422289886,64.80362659093063,84.60104101287436,19.797414421943728,24.632577710114006,30.600909949895165,11.45757225370842,81.41156226927062,26.62221496067389,24.918049060950818,4.960487755443921,69.39909005010485,09-148
09,148,00000,000000,0000,DISTRICT,Mainpuri,Urban,50187,288442,5.747344929961942,910.1739700535751,13.509128351627018,876.9749518304432,16.907731883706255,0.0006933802982922044,79.34751238596097,74.11035535464175,84.14195004721942,10.03159469257767,20.652487614039032,26.80573564182747,7.457126434272659,18.65000840673056,10.928749725164579,20.1425264165341,2.9151954888190486,73.19426435817252,09-148
09,149,00000,000000,0000,DISTRICT,Budaun,Total,615776,3681896,5.979278179078106,871.111248887694,18.0588751013065,899.1322776711452,16.907756221251226,0.0015752753472667344,51.29213350935884,40.0886132033673,60.98370039940729,20.895087196039988,48.70786649064116,30.075347049454955,9.784923842143305,75.37510960921774,23.367466087743363,20.913122672920675,3.9104414801917744,69.92465295054504,09-149
09,149,00000,000000,0000,DISTRICT,Budaun,Rural,505491,3037301,6.008615385832784,862.945112047773,18.650439979442275,896.6925822501692,18.22295518290746,0.00023046777385580156,49.55842791352383,37.27553886036289,60.06492385001584,22.789384989652945,50.44157208647617,30.53869208221378,10.510226202533895,84.06817084109571,24.27572793762506,21.42359673635548,4.068882391499344,69.46130791778621,09-149
09,149,00000,000000,0000,DISTRICT,Budaun,Urban,110285,644595,5.844811171056807,910.5734432381003,15.271449514811625,913.2944606413994,10.710601230229834,0.007911944709468736,59.13548509949538,52.402746874795845,65.26284129498869,12.860094420192844,40.86451490050462,27.89208727960968,6.463289194432509,30.527112035641384,18.681691519597756,18.279557931153395,3.093035802682003,72.10791272039032,09-149
09,150,00000,000000,0000,DISTRICT,Bareilly,Total,756784,4448359,5.877977071396859,886.7646591012718,15.767971964492974,902.9656177171987,12.524843431027039,0.07254360540594858,58.494591457622924,48.30064128783203,67.50362228856241,19.202981000730382,41.505408542377076,31.516588476784364,11.908246735294597,49.38483035669069,23.279796800361776,25.539686626898845,3.9267574008306876,68.48341152321564,09-150
09,150,00000,000000,0000,DISTRICT,Bareilly,Rural,481039,2879950,5.986936610129324,881.8823855364373,17.20800708345631,902.1851358561104,15.362141703849025,0.012673831142901788,55.88927548096603,43.59070293258684,66.68393941517834,23.093236482591507,44.11072451903397,31.054462751089428,11.55777218926581,69.89689753374786,31.31079115293402,27.072308137838192,4.682826579661499,68.94553724891057,09-150
09,150,00000,000000,0000,DISTRICT,Bareilly,Urban,275745,1568409,5.687896426045803,895.795887630861,13.123745145558333,904.8473967684022,7.314928695257423,0.1824779123302659,63.0536300754087,56.460508235352634,68.95075571671086,12.490247481358224,36.9463699245913,32.3651547523637,12.546484954796924,13.245393189366808,9.130290888029975,22.83941861793711,2.5946676437793776,67.63484524763629,09-150
09,151,00000,000000,0000,DISTRICT,Pilibhit,Total,362573,2031007,5.601649874645934,894.5925474019638,15.013242199559135,911.616272436038,16.423281652894353,0.08439163429766613,61.474016083777926,50.00098329142053,71.70356375336578,21.702580461945253,38.525983916222074,30.45804371919939,8.724250655627447,71.23576434073439,36.24154347281383,25.087091116302002,4.488647844747455,69.5419562808006,09-151
09,151,00000,000000,0000,DISTRICT,Pilibhit,Rural,299026,1679592,5.6168761244841585,894.015374570501,15.524603594206212,914.6327136017858,18.115887667957455,0.08900971188240954,60.72191265835096,48.300238985635424,71.78061313534087,23.480374149705447,39.27808734164904,30.584034694140005,8.765481462607987,81.87378695587,40.97047423820342,25.78496243821627,4.7437447317140595,69.41596530586,09-151
09,151,00000,000000,0000,DISTRICT,Pilibhit,Urban,63547,351415,5.530001416274568,897.3560171262276,12.569184582331431,894.0011148750053,8.333451901597826,0.06231947981731002,64.94719198034143,57.819928037261015,71.34632965186668,13.526401614605668,35.05280801965857,29.855868417682796,8.527574878761989,19.151146609733317,13.088316590098934,21.67025677195524,3.239672887397777,70.1441315823172,09-151
09,152,00000,000000,0000,DISTRICT,Shahjahanpur,Total,527501,3006538,5.69958729936057,871.5963553354917,16.717733153547368,903.1184448668338,17.717155080028924,0.016896510205425645,59.54400172849456,49.567843418134736,68.17731098259178,18.60946756445704,40.45599827150544,29.675793221306368,7.7778928460469885,69.50854839758175,30.843721349362376,21.599190328777627,3.7141313631034705,70.32420677869364,09-152
09,152,00000,000000,0000,DISTRICT,Shahjahanpur,Rural,425057,2412446,5.675582333663485,864.744448927661,17.649306968943552,906.4719209793403,19.869957710970525,0.010404377963278763,58.22931484205196,47.08780882824795,67.76686784132738,20.67905901307943,41.77068515794804,29.808335606268493,7.87731109863667,82.00470025448124,35.08239351420506,22.0797930775542,3.9954944306156217,70.19166439373151,09-152
09,152,00000,000000,0000,DISTRICT,Shahjahanpur,Urban,102444,594092,5.799187848971145,899.9453130746524,12.93486530705682,884.7493377808299,8.975209226853753,0.043259293173447885,64.59351141717593,58.83055476297232,69.79298830157732,10.962433538605005,35.40648858282407,29.13757465173744,7.38265050479206,17.59693594602089,13.235396062482668,19.602666605046675,2.5452906923005822,70.86242534826256,09-152
09,153,00000,000000,0000,DISTRICT,Kheri,Total,745077,4021243,5.397083791339687,893.9655338884422,16.469932307000594,920.7786407429105,26.404323240351303,1.3273259039555678,60.55600162789112,50.417825006991166,69.56647647495109,19.148651467959922,39.44399837210888,31.450922015904037,10.865590899320146,75.2234885563422,33.37834995627484,24.232200379847523,4.113328030438406,68.54907798409596,09-153
09,153,00000,000000,0000,DISTRICT,Kheri,Rural,661245,3560208,5.3840981784361315,893.043948488817,16.896681317496057,922.2512654021167,28.632793364882055,1.4731161774817652,59.044949877494844,48.22591730916892,68.64374400010206,20.41782669093314,40.955050122505156,31.62674765069906,11.121689473656007,82.01483510335017,35.987115201185105,24.51895152480777,4.216334599787918,68.37325234930094,09-153
09,153,00000,000000,0000,DISTRICT,Kheri,Urban,83832,461035,5.499510926615135,901.1125406172168,13.174487837149023,906.3147322829703,9.195614215840447,0.201503139674862,71.72442392629455,66.49354073292908,76.43392231516383,9.94038158223475,28.27557607370545,30.093159955317926,8.897298731964472,20.106674354908463,12.20628513766758,21.905002162318006,3.277353322762001,69.90684004468207,09-153
09,154,00000,000000,0000,DISTRICT,Sitapur,Total,801764,4483992,5.59265818869393,887.7867891737508,16.671706818388614,929.5952423357777,32.25757316248557,0.03572709317947043,61.120656754541905,50.67125627721125,70.312353013084,19.641096735872758,38.879343245458095,31.726238583833332,11.919507873941068,73.43241468801534,33.28787672166917,28.044386272478178,5.180929030044946,68.27376141616666,09-154
09,154,00000,000000,0000,DISTRICT,Sitapur,Rural,714655,3953208,5.531631346593811,884.1640838025226,17.10013740739167,930.4471985835856,35.25180056298581,0.0317969608479999,59.578775077779724,48.271158422270624,69.47171618296477,21.200557760694146,40.421224922220276,31.93849147325413,12.059123975451259,80.68359212574103,36.172961242520365,28.70057302618813,5.433967345031463,68.06150852674587,09-154
09,154,00000,000000,0000,DISTRICT,Sitapur,Urban,87109,530784,6.093331343489192,915.2128339004335,13.480813287514318,921.5833713779306,9.956969313317659,0.06499819135467534,72.12399015743745,67.40605308992093,76.43724156329198,9.031188473371046,27.876009842562553,30.145407548079824,10.898388680152813,16.214290624785164,10.522039660764841,22.86649959064291,3.184235689688576,69.85459245192018,09-154
09,155,00000,000000,0000,DISTRICT,Hardoi,Total,730442,4092845,5.60324433699048,867.6492464778898,15.94235794416842,898.9048853811074,31.139830606827278,0.008527075909300253,64.57487307247027,53.186890747015426,74.38945787615168,21.202567129136256,35.42512692752973,32.22565232741528,11.938237185909562,76.0943207682498,30.845083877581036,26.466208624158988,5.123181692048044,67.77434767258472,09-155
09,155,00000,000000,0000,DISTRICT,Hardoi,Rural,638627,3551039,5.56042729167417,862.9407910302825,16.335951252577065,898.0646216768916,34.05220274967411,0.008448231630235545,63.40034123845526,51.174639034282166,73.86840043435829,22.693761400076127,36.59965876154474,32.58466043318589,12.362392181371177,83.36479145168846,33.03543186638251,27.25724962708302,5.437674035125928,67.4153395668141,09-155
09,155,00000,000000,0000,DISTRICT,Hardoi,Urban,91815,541806,5.901061917987257,899.1079409032754,13.362716544298145,905.6643503895557,12.051915261182048,0.0090438274954504,72.00866627184143,65.60289595367915,77.76169314565533,12.158797191976177,27.991333728158565,29.872685057013026,9.218318122809547,24.11709462966167,15.186095939500285,20.81098781602946,2.8748486271408447,70.12731494298697,09-155
09,156,00000,000000,0000,DISTRICT,Unnao,Total,588533,3108367,5.281550907085924,906.8718418096703,14.023923172521133,920.2035107812259,30.51724587218948,0.09413302869320128,66.36542022083091,56.761647418424744,75.0540955845459,18.29244816612116,33.63457977916909,36.18440164884005,18.51678978272046,69.59681491966172,29.576774803866478,32.26627570362678,6.11756986478701,63.81559835115995,09-156
09,156,00000,000000,0000,DISTRICT,Unnao,Rural,491106,2576721,5.246771572735825,906.0039337316377,14.396125929039272,923.2659663821977,33.9024675158855,0.09372376753245694,64.51788103308907,53.973250537377595,74.04106734723987,20.06781680986228,35.48211896691093,37.27617386593271,20.32545084028399,78.3199011351344,32.76439532203439,33.523372649538835,6.489828766802394,62.72382613406728,09-156
09,156,00000,000000,0000,DISTRICT,Unnao,Urban,97427,531646,5.456865140053578,911.0895431180128,12.219973440973881,902.902668345977,14.11014095845732,0.0961165888579995,75.09787241337193,69.87198490769438,79.86510905596826,9.993124148273878,24.90212758662807,30.892924991441674,9.776450350356669,18.583057823564154,10.935150175656505,24.914607193088205,3.940550775993814,69.10707500855833,09-156
09,157,00000,000000,0000,DISTRICT,Lucknow,Total,860703,4589838,5.3326617892583155,916.8444369457034,11.844448540449577,914.5524595706316,20.660729202207136,0.1635351835947151,77.28887150081917,71.54204248341533,82.55959183596111,11.017549352545785,22.71112849918083,33.613517514125775,14.41252057747196,24.540156053321027,13.159723257493164,25.312385354996024,3.8825361062894492,66.38648248587423,09-157
09,157,00000,000000,0000,DISTRICT,Lucknow,Rural,283193,1550842,5.47627236548926,905.7919366096796,14.352977285887281,928.3387622149837,38.51275629625713,0.06499695004391162,67.82284961415395,58.29234994364453,76.41997937908123,18.127629435436695,32.17715038584605,33.66945182036597,15.737426908518634,62.761031101578055,32.9081124559522,35.58430366171289,7.666232572391604,66.33054817963404,09-157
09,157,00000,000000,0000,DISTRICT,Lucknow,Urban,577510,3038996,5.262239614898443,922.5342311497769,10.564311371255506,905.1091858533111,11.550591050465352,0.21382061707221728,81.91487913487644,77.93409576003853,85.59556551319781,7.661469753159281,18.085120865123557,33.584973458339526,13.742840841763401,4.9864497582903375,3.056495592007415,20.057297045204702,1.9468062384019533,66.41502654166047,09-157
09,158,00000,000000,0000,DISTRICT,Rae Bareli,Total,619707,3405559,5.495434132582011,943.2110614182142,14.168510955176522,926.207879409663,30.255444113580175,0.05156275372119526,67.25332718448794,56.28975630559021,77.62537773602718,21.335621430436966,32.746672815512056,35.3748092457068,20.406142223582698,68.46236853682629,42.15802973329681,46.47101792132546,10.825592881274332,64.6251907542932,09-158
09,158,00000,000000,0000,DISTRICT,Rae Bareli,Rural,565776,3097564,5.474894657956506,945.1574273336226,14.450936284125204,927.5656262918561,31.78045715923868,0.04600389209068804,66.04028699550216,54.557684196161624,76.92764064768697,22.369956451525347,33.95971300449784,35.804490238135514,21.19990831265385,73.26572695788443,44.9858304322462,48.35875560268225,11.44709922845058,64.19550976186449,09-158
09,158,00000,000000,0000,DISTRICT,Rae Bareli,Urban,53931,307995,5.710908382933749,923.850511889964,11.32810597574636,908.9566121354709,14.918099319794154,0.10746927709865418,79.0234525182622,73.30469422419243,84.31770745190951,11.013013227717082,20.976547481737796,31.053426191983636,12.328433692580223,12.763087732505255,9.367125665234257,24.580993904415376,3.618665244712106,68.94657380801637,09-158
09,159,00000,000000,0000,DISTRICT,Farrukhabad,Total,314144,1885204,6.001082306203524,873.5132771505804,16.05194981551068,888.610122948262,16.587700853594626,0.01220027116428779,69.04350584357813,59.44348354969304,77.40180376118485,17.95832021149181,30.95649415642187,31.416600007214075,11.117861482381532,64.28992329473024,22.908417993911527,19.85270156871816,3.1924790677177692,68.58339999278593,09-159
09,159,00000,000000,0000,DISTRICT,Farrukhabad,Rural,242119,1469019,6.067342918151818,870.6445044638934,16.893382590694877,893.6818008393743,17.45573066107382,0.010551259037493729,67.76210384223477,56.94006893740039,77.13431083788943,20.19424190048904,32.237896157765235,31.659835577347877,11.639594101661796,77.64922412699505,26.602650245436894,20.438238702699913,3.5391075686589017,68.34016442265212,09-159
09,159,00000,000000,0000,DISTRICT,Farrukhabad,Urban,72025,416185,5.778340853870184,883.7099832985575,13.081922702644258,865.832762165867,13.523793505292117,0.01802083208188666,73.36816498037264,67.78816455956841,78.31444677955142,10.526282219983003,26.63183501962736,30.558045100135757,9.290843346342562,15.435059522873454,9.39863812923619,17.71139662520247,1.9248612181352118,69.44195489986424,09-159
09,160,00000,000000,0000,DISTRICT,Kannauj,Total,280928,1656616,5.896941565098531,878.7265700132459,15.554721190668205,898.0980863006232,18.7116386658103,0.000905460287719061,72.7044306593449,63.32989235981351,80.90903972826393,17.57914736845042,27.295569340655106,31.671552127952403,12.098239636570131,70.30376842089213,24.685139019127995,20.136045864495422,3.77147039315692,68.32844787204759,09-160
09,160,00000,000000,0000,DISTRICT,Kannauj,Rural,233746,1375775,5.885769168242451,873.727434303264,15.773364103868728,899.6787268127424,20.193200196253024,0.0010176082571641439,73.05105676800122,63.02990030755981,81.75890144061728,18.729001133057473,26.948943231998783,31.64383710999255,11.581375773541378,79.77365234249382,26.622839659307036,20.38759796760293,3.980953168499683,68.35616289000745,09-160
09,160,00000,000000,0000,DISTRICT,Kannauj,Urban,47182,280841,5.952291127972532,903.6066996088957,14.48364020922871,889.7096399535424,11.453811943412822,0.000356073365356198,71.03199883413487,64.74566175246805,76.7272987000619,11.981636947593842,28.968001165865132,31.807321580538456,14.585552471682545,24.15144187712699,15.241581586960415,18.910084184130397,2.750537345513165,68.19267841946154,09-160
09,161,00000,000000,0000,DISTRICT,Etawah,Total,277527,1581810,5.69966165454172,870.0700828509817,14.38036173750324,875.3452326971434,24.546753402747484,0.01068396330785619,78.41479982869885,69.61489665422314,86.06356124605105,16.448664591827907,21.585200171301153,31.99322295345206,12.549561521508137,64.98146508797167,31.22599155851341,28.550087734551603,5.25063627309948,68.00677704654794,09-161
09,161,00000,000000,0000,DISTRICT,Etawah,Rural,213548,1215511,5.691980257366025,862.1671722278396,15.04832124102538,875.7139780756175,27.038751603235184,0.005923434670685826,77.30053447763261,67.20621567156988,85.97950733308959,18.773291661519707,22.69946552236739,32.940384743535844,13.708595503321956,78.59932966028462,37.226082308925704,30.39481111105561,5.962127304604964,67.05961525646416,09-161
09,161,00000,000000,0000,DISTRICT,Etawah,Urban,63979,366299,5.725300489223026,896.7822448683692,12.163833371098475,873.8329548321979,16.277412714749424,0.026481098774498432,81.99090578505205,77.15954200977659,86.3391560075116,9.179613997735018,18.00909421494795,28.850201611252007,8.783194655364557,13.385945986865764,8.492779954200495,21.56077897007892,2.5549310168625445,71.14979838874798,09-161
09,162,00000,000000,0000,DISTRICT,Auraiya,Total,248197,1379545,5.558266215949427,864.1492351764769,14.535009731469433,896.3390991025071,28.38776553138897,0.01087315020532132,78.94943970796284,70.61115017247171,86.11022211852102,15.499071946049312,21.05056029203716,32.041216488044974,12.115620675366104,72.04557228922476,34.32558939240718,26.31130054318441,4.7407035380511875,67.95878351195502,09-162
09,162,00000,000000,0000,DISTRICT,Auraiya,Rural,206164,1145323,5.555397644593625,857.8007247434687,14.878073696241149,896.3897792022792,30.609181863980726,0.00663568268514646,77.53684657526097,68.36886520345406,85.34078437180757,16.97191916835351,22.463153424739033,32.70492254150139,12.888287140077418,80.5033411020965,37.954012125677764,27.629032215005196,5.135125755185182,67.29507745849861,09-162
09,162,00000,000000,0000,DISTRICT,Auraiya,Urban,42033,234222,5.572336021697238,895.8282744888544,12.857460016565481,896.0523830510608,17.525253819026393,0.031593957869030236,85.69671789796529,81.03355315001451,89.87395855586414,8.840405405849623,14.303282102034714,28.79575787073802,8.423687158914309,25.07339204697091,14.174302404886873,18.99297215550218,2.5501882987871776,71.20424212926198,09-162
09,163,00000,000000,0000,DISTRICT,Kanpur Dehat,Total,329817,1796184,5.446001873766361,864.7024931093013,14.027794479852842,896.7697739368709,25.640134863688797,0.04459454042570249,75.78219151558166,66.86424685802666,83.44781410762798,16.583567249601316,24.21780848441834,35.011112447277114,16.19261665760227,72.99750025442702,37.2209253511093,28.656911510278853,5.591193008345206,64.98888755272289,09-163
09,163,00000,000000,0000,DISTRICT,Kanpur Dehat,Rural,298833,1622761,5.430327306555836,862.0150360065542,14.153532159079496,899.2326266000728,26.619569979806023,0.046895383855047046,75.32831855675506,66.02807440230222,83.28950033041292,17.261425928110697,24.671681443244935,35.467884673097274,16.89151324520501,77.0572608542304,38.95447729946018,29.4164455772562,5.804965259860414,64.53211532690273,09-163
09,163,00000,000000,0000,DISTRICT,Kanpur Dehat,Urban,30984,173423,5.597179189258973,890.230743239561,12.85123657185033,871.756109851348,16.4753233423479,0.02306499137945947,79.96572623332628,74.39968581687613,84.93612224448897,10.536436427612841,20.03427376667372,30.736984137052183,9.764190214995837,29.162367507738484,18.50295469468155,20.45586717943908,3.282994090610637,69.26301586294782,09-163
09,164,00000,000000,0000,DISTRICT,Kanpur Nagar,Total,863338,4581268,5.306459347323991,862.4509412530907,11.130630209802177,872.8752552631966,17.828120948174174,0.08192055125349576,79.6548265142911,75.05247355619422,83.6181588616975,8.56568530550328,20.345173485708898,34.31870827028674,12.838363355082485,29.088391535091514,16.46003897643605,21.820316594497505,4.0224979519562,65.68129172971325,09-164
09,164,00000,000000,0000,DISTRICT,Kanpur Nagar,Rural,293376,1565623,5.336574907286213,869.9364594032917,13.673598305594641,884.4142811872822,27.95832713239394,0.030978083484976906,74.74048238091785,66.21940148752171,82.13391445659263,15.914512969070927,25.259517619082146,35.951758501248385,16.32263033679635,73.20992984157948,40.884468677436494,26.68542769276688,5.234788201162259,64.04824149875161,09-164
09,164,00000,000000,0000,DISTRICT,Kanpur Nagar,Urban,569962,3015645,5.2909579936908075,858.5882927202065,9.810405402492666,864.6132708112741,12.568853429365856,0.10836819320576525,82.09690572608702,79.4685313348982,84.35188082099513,4.883349486096932,17.903094273912984,33.470882680156315,11.01666141458719,4.484115229109845,2.839810851002068,19.107298365404716,3.3464670292055487,66.52911731984368,09-164
09,165,00000,000000,0000,DISTRICT,Jalaun ,Total,288338,1689974,5.861086641372278,865.1240712863595,13.72784433369981,880.9245836779037,27.70326644078548,0.04923152663887137,73.74574496031144,62.46284582814372,83.47876077930374,21.01591495116002,26.25425503968856,36.73216274333215,19.109381258913967,70.82369467301584,39.15094947516287,32.298586902591005,6.182542802095482,63.26783725666786,09-165
09,165,00000,000000,0000,DISTRICT,Jalaun ,Rural,216570,1271074,5.869113912360899,859.2303731701325,14.214042612782576,881.9699794793804,29.51252248098852,0.047125501741047335,72.44715944471906,59.84926842075951,83.22485131582306,23.375582895063552,27.552840555280937,38.898128669141215,22.368228416561973,83.24009352296814,45.773263433813895,34.28454120350145,6.6756468132614915,61.101871330858785,09-165
09,165,00000,000000,0000,DISTRICT,Jalaun ,Urban,71768,418900,5.836863225950284,883.2383247316083,12.252566244927191,877.2539409677773,22.21341608975889,0.055621866793984245,77.59798027063938,70.08099536755199,84.24357364360952,14.16257827605753,22.402019729360617,30.15994270709,9.365583516573011,22.23286370112395,13.234921640018996,24.526674054139626,4.252809878106696,69.84005729291,09-165
09,166,00000,000000,0000,DISTRICT,Jhansi,Total,367779,1998603,5.434249916390006,890.0463006744617,13.02774988329348,865.6840476071053,28.144909219089538,0.1937853590733127,75.04835378517227,63.48584085143835,85.38235515216091,21.896514300722565,24.951646214827733,40.77418076526454,26.515698064211772,58.52801645326991,30.441494439904087,31.276061032207082,4.718289291876198,59.22581923473547,09-166
09,166,00000,000000,0000,DISTRICT,Jhansi,Rural,215843,1165119,5.397992985642342,892.5667894137541,14.044144847007045,866.5913783466228,32.120753330775656,0.1689956133236176,70.1948500631061,55.70849928831184,83.18736433785509,27.478865049543245,29.805149936893898,45.35528130602968,34.93512165826494,81.29334668072053,41.02694141089957,34.64252530547287,5.333971686634131,54.64471869397032,09-166
09,166,00000,000000,0000,DISTRICT,Jhansi,Urban,151936,833484,5.4857571609098565,886.534165370852,11.60694146498313,864.1513796824419,22.58711624938211,0.22843869828335037,81.64594932825874,74.1041025744527,88.35452192936337,14.250419354910676,18.354050671741263,34.37030584870256,14.703952491466183,16.53361073197636,10.914891908779598,25.06606253338034,3.5825615856404314,65.62969415129744,09-166
09,167,00000,000000,0000,DISTRICT,Lalitpur,Total,222094,1221592,5.500337694849929,905.727046805749,17.37118448712827,916.1587430583774,19.68897962658564,5.862022672054172,63.52281136967288,50.84415001638417,74.97859564822184,24.13444563183767,36.47718863032712,41.20451018015835,30.41229389180838,79.25562877594362,26.095905243061008,29.068781029540027,4.591626916406246,58.79548981984165,09-167
09,167,00000,000000,0000,DISTRICT,Lalitpur,Rural,189543,1046214,5.519665722289929,904.0143554428021,18.09161414395143,915.9530316833687,20.560611882463817,6.66928563372312,60.381101527883615,46.77820745404912,72.64271513774496,25.86450768369584,39.618898472116385,42.64796685955263,33.20274753591445,87.21124904468735,28.087873076207615,29.946502491096822,4.847945601527604,57.35203314044737,09-167
09,167,00000,000000,0000,DISTRICT,Lalitpur,Urban,32551,175378,5.387791465699978,916.0084341166573,13.073475578464802,917.8586365537432,14.489274595445266,1.0463113959561632,81.18268284683504,73.51108793500933,88.20779612455704,14.696708189547707,18.817317153164964,32.59359782869003,13.880374500566523,17.1565025716385,10.547216682411392,22.217557118365345,2.5908820545117384,67.40640217130998,09-167
09,168,00000,000000,0000,DISTRICT,Hamirpur,Total,204863,1104285,5.390358434661213,860.5158566357278,13.97782275408975,886.1964464647946,21.842006366110198,0.04292370176177345,68.77338330192751,55.94680382541468,79.75818003802986,23.81137621261518,31.22661669807249,40.17576984202448,26.456882846335176,70.27149474253643,40.898671264834164,34.54936831547035,5.714124714023284,59.82423015797552,09-168
09,168,00000,000000,0000,DISTRICT,Hamirpur,Rural,166700,894437,5.365548890221955,858.0954893606413,14.336616217799577,891.1042944785275,22.2143091128833,0.005031097774354147,66.79452626907943,53.07764292196008,78.49068465658361,25.413041734623533,33.20547373092057,42.06601471092989,29.38769779017295,78.00714411009584,45.24204393840331,36.45861572235777,6.076746027949205,57.93398528907011,09-168
09,168,00000,000000,0000,DISTRICT,Hamirpur,Urban,38163,209848,5.49872913555014,870.9033201383688,12.448534177118677,862.4696991301868,20.255137051580192,0.20443368533414663,77.0259899306028,67.7684695105565,85.09955368970226,17.331084179145762,22.974010069397195,32.118962296519385,14.0637156545596,27.088618863221615,16.652571920297916,23.891336923784515,3.689856233587039,67.88103770348062,09-168
09,169,00000,000000,0000,DISTRICT,Mahoba,Total,158435,875958,5.528816233786727,878.2952152638102,14.627299482395276,892.0407560543414,25.217875742900915,0.07386198881681542,65.2697341237101,53.215289053841595,75.82894756646381,22.613658512622216,34.730265876289906,39.91926553556221,27.471435546875,69.96934304899392,37.2979558219609,31.733376039533738,5.1470504123817475,60.08073446443779,09-169
09,169,00000,000000,0000,DISTRICT,Mahoba,Rural,124678,690577,5.538884165610613,876.5220415805048,15.013242549346417,891.968831548021,27.3367053927368,0.03620161111650113,62.99482534473564,50.1050462386139,74.2581654481019,24.153119209488004,37.00517465526436,42.53153522344358,31.78926613923266,78.61245501561046,41.31413999380347,33.53341527273223,5.6279429238746665,57.46846477655642,09-169
09,169,00000,000000,0000,DISTRICT,Mahoba,Urban,33757,185381,5.491631365346446,884.9301975617444,13.189593324019183,892.3457936692206,17.324860692303957,0.21415355403196662,73.5661467718884,64.4896823925194,81.58800393313668,17.098321540617277,26.4338532281116,30.18809910400742,11.468195606213806,24.60732984293194,16.219645122670336,22.28615335132141,2.6231617318585494,69.81190089599258,09-169
09,170,00000,000000,0000,DISTRICT,Banda,Total,319963,1799410,5.623806502626866,862.9824118209791,16.39270649824109,902.0634511220015,21.554565107451886,0.00905852473866434,66.66522648324491,53.67480631218986,77.7786274229276,24.10382111073774,33.33477351675509,38.995504081893515,25.958749133208727,74.84982663259649,38.97139615983719,31.13302331944779,5.222826636871891,61.00449591810649,09-170
09,170,00000,000000,0000,DISTRICT,Banda,Rural,270245,1523655,5.638050657736498,859.8327968624694,17.025310847928175,902.4942978049299,22.581030482622378,0.004003530983063751,64.15940543311123,50.2225830644218,76.0240272253885,25.801444160966696,35.84059456688877,40.42286475612918,28.54806562068789,82.22826572279816,42.68807689497569,32.751317167420304,5.465615638775461,59.57713524387083,09-170
09,170,00000,000000,0000,DISTRICT,Banda,Urban,49718,275755,5.546381592179895,880.5794057272237,12.897318271654184,898.9267980137754,15.882939565919022,0.036989356493989226,79.85469836379534,71.54854567800082,87.1466099574681,15.59806427946728,20.145301636204664,31.108774092944824,11.832995151871874,21.87470857036277,12.286673505548821,19.514128508812835,3.4796698685069476,68.89122590705517,09-170
09,171,00000,000000,0000,DISTRICT,Chitrakoot,Total,168232,991730,5.895014028246707,879.2695382598001,17.67729119820919,907.2335425755284,26.88786262389965,0.036905206054067136,65.04895158000977,52.73884245842934,75.80024873681167,23.06140627838233,34.95104841999023,39.74841942867514,30.00372837595823,78.84103633462458,38.22834775505648,28.306405173047995,4.947018876348628,60.25158057132486,09-171
09,171,00000,000000,0000,DISTRICT,Chitrakoot,Rural,151278,895398,5.91889104826875,877.9556789724703,18.099772391718545,910.1977794017114,27.57433007444734,0.04031726673501616,63.77621080736855,51.02510098687391,74.88212842388864,23.857027437014736,36.22378919263145,40.96167290970049,32.260800183466955,83.33996782724869,40.28491970444693,29.257572865828724,5.065845080022903,59.03832709029951,09-171
09,171,00000,000000,0000,DISTRICT,Chitrakoot,Urban,16954,96332,5.681962958593842,891.5702868812222,13.750363326828053,871.6970467712307,20.507204251961962,0.005190383257899764,76.28240618154683,67.64960750331328,84.00684150513112,16.357234001817844,23.717593818453167,28.47132832288336,9.195022574606321,18.678674299048385,10.726656214678966,15.586830495497136,3.3580048856965763,71.52867167711663,09-171
09,172,00000,000000,0000,DISTRICT,Fatehpur,Total,472238,2632733,5.575013023094288,901.2718798430299,14.816884203601353,906.9475269111565,24.745388157477418,0.012914336546850745,67.42782180319303,56.580899100598224,77.19317719631236,20.61227809571414,32.57217819680697,40.411579905748134,28.06008921395725,70.88104563368421,39.98067540221199,37.0112103345242,7.320977245662069,59.58842009425187,09-172
09,172,00000,000000,0000,DISTRICT,Fatehpur,Rural,414578,2310740,5.573715923179715,900.7641750775281,15.143417260271603,909.2893193288774,26.149155681729663,0.01315595869721388,66.2348054252951,54.74644549763033,76.5657221175593,21.81927661992897,33.76519457470491,41.753464258202996,30.34089767590521,76.05870146992063,42.71020113721401,38.36013988188397,7.642820274166834,58.246535741797004,09-172
09,172,00000,000000,0000,DISTRICT,Fatehpur,Urban,57660,321993,5.584339229968783,904.9233281272185,12.473563089880836,886.7853619580025,14.671436956704028,0.011180367275064985,75.7281897888436,69.28268846394798,81.57771836610375,12.295029902155775,24.271810211156406,30.781725068557392,11.731748615660202,20.480250214397415,13.410684558341321,23.880341018009382,4.188064369671594,69.21827493144261,09-172
09,173,00000,000000,0000,DISTRICT,Pratapgarh,Total,533546,3209141,6.0147409970274355,998.1140475130519,14.126739834740823,917.0789671766507,22.100992134655346,0.022529393379723733,70.09083407540622,58.446515513419186,81.87611482710004,23.429599313680853,29.90916592459378,33.23633956875064,22.583864818197245,64.90796464657356,36.24251242967145,48.15183934760984,12.310789132955998,66.76366043124936,09-173
09,173,00000,000000,0000,DISTRICT,Pratapgarh,Rural,505129,3033899,6.006186538488188,1001.8032664657759,14.224468250261463,917.1575552416238,22.78253165316314,0.014931281496186919,69.538642677003,57.64920395590389,81.6250684822171,23.97586452631321,30.461357322997003,33.40216665090038,23.027090539782233,67.42797428033488,37.60770800522603,49.04242007996937,12.774574003244563,66.59783334909962,09-173
09,173,00000,000000,0000,DISTRICT,Pratapgarh,Urban,28417,175242,6.166801562445015,936.3328987204703,12.434804441857546,915.5239099859352,10.301754145695668,0.15407265381586605,79.455331017719,72.51934073326606,85.97047746631954,13.451136733053474,20.544668982280996,30.36543750927289,14.642435685626623,16.916918798038076,10.243737432582263,31.19162610640257,3.478473305395298,69.63456249072712,09-173
09,174,00000,000000,0000,DISTRICT,Kaushambi,Total,277851,1599596,5.7570280474067035,907.7216646690161,17.015046299190544,923.3139239075131,34.72107957259208,0.012065546550504002,61.27838580589171,48.559681878528224,72.78316376674563,24.223481888217407,38.72161419410829,39.9529631231886,31.065376797865223,72.37085462676384,50.29213595666311,35.01469285823817,7.044904754602667,60.0470368768114,09-174
09,174,00000,000000,0000,DISTRICT,Kaushambi,Rural,256198,1475140,5.757812317036042,907.5045096885567,17.206163482788075,923.8903038020738,36.10464091543854,0.0068468077606193304,60.51149366466747,47.39670091288769,72.36902621892185,24.972325306034158,39.48850633533253,40.545168594167336,32.161925321136216,74.79459887844467,51.83230841768406,35.600520316068604,7.21955264856261,59.454831405832664,09-174
09,174,00000,000000,0000,DISTRICT,Kaushambi,Urban,21653,124456,5.747748579873458,910.2993092862624,14.74979109082728,915.3797996661102,18.32213794433374,0.0739217072700392,70.10622154779969,61.90608117467793,77.56361803980852,15.657536865130588,29.89377845220031,32.93372758243877,18.089232118166795,37.003513223382456,27.817897921342833,26.46628281448229,4.496437981848346,67.06627241756122,09-174
09,175,00000,000000,0000,DISTRICT,Allahabad ,Total,976733,5954391,6.096232030657304,901.2637113334251,14.868942936397694,893.0219331443209,21.998068316306405,0.13359888525963445,72.31605772774152,60.974384626867476,82.55430606734775,21.579921440480277,27.683942272258477,35.468060461598846,24.29677912154253,48.0811418305825,25.623571492494694,39.07250650715206,7.649816019360702,64.53193953840116,09-175
09,175,00000,000000,0000,DISTRICT,Allahabad ,Rural,721011,4481518,6.21560281327192,914.3940581616338,16.11967195044179,896.3972950836886,24.72543901419117,0.10846771116394044,68.76408577344863,55.46340397834682,80.97267225945818,25.50926828111136,31.235914226551373,36.15620867750614,26.64916033615518,60.77790744821942,32.1232427375124,42.313714284656314,9.109036521189596,63.84379132249385,09-175
09,175,00000,000000,0000,DISTRICT,Allahabad ,Urban,255722,1472873,5.759664792235318,862.3970725095088,11.063343546931744,878.2014338735332,13.69948393378112,0.21006563362896868,82.50921427502664,77.33983236332065,86.95720717521908,9.61737481189843,17.490785724973364,33.374228463689676,16.913749495986217,6.228334282691838,4.198470176580682,28.388396126617298,2.8397347221092035,66.62577153631032,09-175
09,176,00000,000000,0000,DISTRICT,Bara Banki,Total,579058,3260699,5.631040413913632,910.1110497324953,15.943421947257322,931.987780767344,26.51452955332584,0.018707645201228324,61.74978984483543,52.34245415602648,70.27299930667064,17.930545150644164,38.25021015516457,36.58264684964788,20.70054182924333,73.8107892861634,35.37519386343631,30.05876681896299,5.783627446870939,63.41735315035212,09-176
09,176,00000,000000,0000,DISTRICT,Bara Banki,Rural,524255,2929896,5.588684895709149,910.6501331959529,16.21491001728389,933.0425441880147,28.458757580473847,0.01733849938700896,60.84464171652784,50.92179184991548,69.83847782885127,18.91668597893579,39.15535828347216,37.16360580716858,21.63972555947584,78.5239540618356,37.14902351552778,30.78123349757314,6.0669235113949975,62.83639419283141,09-176
09,176,00000,000000,0000,DISTRICT,Bara Banki,Urban,54803,330803,6.0362206448552085,905.3496757248672,13.538873589417266,920.8697889861039,9.294655731659024,0.030834061359782103,69.51848847616915,64.56003065269611,73.99568868012402,9.435658027427905,30.481511523830846,31.43713932461314,12.356777046155804,24.46271455358431,16.80273090052406,22.494350689937015,2.8174431463051106,68.56286067538686,09-176
09,177,00000,000000,0000,DISTRICT,Faizabad,Total,423375,2470996,5.836423974018305,961.687101271169,14.572342488615927,931.3559322033899,22.462480716277973,0.03767711481524049,68.73330699403198,59.02926205954173,78.11669530408464,19.087433244542915,31.266693005968023,33.638621835081885,19.260951255109926,64.14030646925141,32.81172364591817,40.25822627040853,9.153774802727112,66.36137816491812,09-177
09,177,00000,000000,0000,DISTRICT,Faizabad,Rural,365711,2130743,5.826302736313647,974.2684087293388,15.096846499085062,934.4683256557978,24.381682821438343,0.03383796168754279,66.84817817793471,56.4957811486926,77.00923687608916,20.51345572739656,33.15182182206529,34.02268598324622,20.346633240956134,72.07712129070704,36.55177836388316,42.57589635498858,10.102684926669388,65.97731401675378,09-177
09,177,00000,000000,0000,DISTRICT,Faizabad,Urban,57664,340253,5.900613901220866,886.406351353599,11.28777703649931,905.6762925473852,10.443993146276448,0.061718779849112275,80.03153926174275,75.058780334536,84.42737037892358,9.368590044387588,19.96846073825725,31.233523290022426,12.120814100399043,9.999717708166703,7.299125836289557,24.448354709098265,2.680831443546338,68.76647670997758,09-177
09,178,00000,000000,0000,DISTRICT,Ambedkar Nagar,Total,368728,2397888,6.5031351022976285,977.7863923920125,14.146991018763178,932.3562249362013,24.65190200709958,0.03111071075880108,72.22852351943668,62.66024402011742,81.65785478821593,18.99761076809851,27.771476480563322,32.837146689086396,20.244323386853235,65.39691490199365,38.242413620557834,43.99299972821877,10.19141526902532,67.1628533109136,09-178
09,178,00000,000000,0000,DISTRICT,Ambedkar Nagar,Rural,325035,2117158,6.513630839755718,982.799537724699,14.271537598988834,931.2573105021955,26.588946124946744,0.03259086001139263,71.60666597980064,61.59170430829768,81.53798546925357,19.94628116095589,28.39333402019936,33.19128756568948,21.297584515283077,71.04646000068307,41.20948553603752,45.85804710891517,10.731138788009883,66.80871243431052,09-178
09,178,00000,000000,0000,DISTRICT,Ambedkar Nagar,Urban,43693,280730,6.425056645229213,940.780377191527,13.20770847433477,941.358186292476,10.043458127025968,0.01994799273323122,76.86085072152086,70.83647324792766,82.52793729938112,11.691464051453465,23.139149278479138,30.166352010828913,12.122102849752356,18.517818765793635,13.622086295255414,28.517110266159694,5.71286871501783,69.83364798917108,09-178
09,179,00000,000000,0000,DISTRICT,Sultanpur,Total,623523,3797117,6.089778564704109,983.2574770733726,14.836861755905861,922.4926034745754,22.427199372576613,0.018329695924565927,69.2665220252438,58.28392365468078,80.18584767718154,21.901924022500765,30.733477974756198,32.72567055479196,19.802808028128087,67.64062087568966,40.36866908304309,44.39488118767262,10.841021316045298,67.27432944520804,09-179
09,179,00000,000000,0000,DISTRICT,Sultanpur,Rural,590446,3597201,6.092345447339808,986.8594020644067,14.993407374233467,923.367425539199,23.14430024899915,0.01893138581914105,68.46864700715336,57.23861712892842,79.68178134476629,22.443164215837875,31.531352992846635,32.92076255955672,20.26926661088428,70.41240438902709,42.0180776304523,45.61021291544013,11.227839956224573,67.07923744044328,09-179
09,179,00000,000000,0000,DISTRICT,Sultanpur,Urban,33077,199916,6.04395803730689,920.6071668748199,12.020048420336542,903.0648610121169,9.524000080033614,0.0075031513235558935,83.13794162127742,77.20052592303045,88.61834840317943,11.41782248014897,16.86205837872258,29.215270413573702,11.105545467827103,11.440605417251652,6.925658322775058,19.75310755744273,2.9979796596240114,70.7847295864263,09-179
09,180,00000,000000,0000,DISTRICT,Bahraich,Total,603754,3487731,5.776741851813818,891.5132405292306,18.77421165795183,934.8618133142643,14.602817705837978,0.3199501337689174,49.361069448420494,39.1784534815047,58.339782060692215,19.16132857918752,50.638930551579506,33.03465777607275,15.608751909393028,79.25322871823359,41.91232120538814,35.47319816692126,6.884894459102902,66.96534222392725,09-180
09,180,00000,000000,0000,DISTRICT,Bahraich,Rural,557893,3203687,5.742475707707392,889.9447945339627,19.19638216842032,935.7084627756847,15.424759035448844,0.34213704397464545,47.525027088938636,36.68072339884519,57.06138972116569,20.3806663223205,52.474972911061364,33.35497506466768,16.115447461660583,84.18428413543467,44.263135779986506,36.37853281289626,7.129401481767078,66.64502493533232,09-180
09,180,00000,000000,0000,DISTRICT,Bahraich,Urban,45861,284044,6.193584963258542,909.3854613409338,14.012617763445101,921.8734910671174,5.332272464829392,0.0697075101040684,68.8210872822856,65.21731646441174,72.09102552088214,6.873709056470403,31.178912717714397,29.421850135894438,9.958457148770716,16.201792487824722,11.853394119969845,23.897045625875005,3.7584808127221168,70.57814986410557,09-180
09,181,00000,000000,0000,DISTRICT,Shrawasti,Total,188289,1117361,5.934287186187191,881.4053615357545,18.94696521536012,927.7896155457212,16.944747489844374,0.49527413253192115,46.741087941876316,34.77735924246162,57.16009163793513,22.38273239547351,53.258912058123684,36.13469594875783,20.970687573548517,81.37781575460366,40.895592624239946,42.35068296367847,8.657725600921351,63.86530405124217,09-181
09,181,00000,000000,0000,DISTRICT,Shrawasti,Rural,182331,1078712,5.916229275328935,880.3341926959408,19.087393113268416,927.2342656033546,17.42652348356188,0.5114432767967725,46.10134576209822,33.87992679243982,56.72910709121871,22.84918029877889,53.89865423790178,36.50798359525063,21.55788456550192,82.9671724866435,41.56052572775103,42.65621508521746,8.698224551567229,63.492016404749364,09-181
09,181,00000,000000,0000,DISTRICT,Shrawasti,Urban,5958,38649,6.486908358509567,911.8025326474079,15.027555693549639,947.6861167002012,3.4981500168180286,0.04398561411679474,63.74349136749794,58.121355801883766,68.83486132064523,10.713505518761465,36.25650863250206,25.71605992393076,4.882547604839147,18.40225374786196,14.548747358889225,30.244491397524904,7.0530234430023135,74.28394007606924,09-181
09,182,00000,000000,0000,DISTRICT,Balrampur,Total,323881,2148665,6.634118704091935,927.5361278741497,18.370011146456054,949.9170058886298,12.901592384108271,1.1582540786953759,49.50851076566959,38.42582141439872,59.73306938420273,21.30724796980401,50.49148923433041,35.382574761537974,21.850409693368306,79.62901823471923,43.24455148483465,39.66127065595269,7.300595985809986,64.61742523846202,09-182
09,182,00000,000000,0000,DISTRICT,Balrampur,Rural,298368,1982274,6.643721846846847,928.3890254615285,18.72738077581606,950.8847162444098,13.550699852795326,1.2485660408197858,47.98187016385628,36.43659731829995,58.641375457228264,22.20477813892831,52.01812983614372,35.972020013378575,22.96069183543236,83.53850425768235,45.079263572414256,40.41642825889401,7.450102655582108,64.02797998662143,09-182
09,182,00000,000000,0000,DISTRICT,Balrampur,Urban,25513,166391,6.521812409359934,917.4329899283229,14.112542144707346,934.7449946444756,5.168548779681593,0.08233618404841608,66.71868111875389,60.96121169508408,71.98456612317628,11.023354428092198,33.28131888124611,28.360307949348222,8.541318628867145,20.553518828540547,15.52056623365615,28.250227807327978,5.041429146623154,71.63969205065179,09-182
09,183,00000,000000,0000,DISTRICT,Gonda,Total,541247,3433919,6.344458260276731,921.454094964821,16.668593522444763,926.0712434971633,15.491716607176814,0.025335484034422477,58.70957979516574,47.08584718915983,69.40961148158887,22.32376429242904,41.29042020483426,34.0879327671969,19.11034489878083,74.4838332684067,36.865683882475956,36.81075253384728,7.628708506755786,65.91206723280311,09-183
09,183,00000,000000,0000,DISTRICT,Gonda,Rural,504278,3208890,6.363335303146281,922.5754886888292,16.952341775504927,926.8277132332106,16.07312809102213,0.019508303494354746,57.381530619443524,45.29272319018597,68.52390285692034,23.231179666734377,42.618469380556476,34.40657049633985,19.72026818510071,78.04729595704616,38.36997506496424,37.71820420644,7.917077646415215,65.59342950366013,09-183
09,183,00000,000000,0000,DISTRICT,Gonda,Urban,36969,225029,6.086964754253564,905.6042951019579,12.622373116353891,911.6974020729574,7.200849668264979,0.10843046896177824,76.70896376350922,71.62589003693988,81.3077593722755,9.68186933533562,23.291036236490783,29.544192081909443,10.328124853891397,15.306168494201525,11.884241084186934,21.740896168945444,2.8398237143329874,70.45580791809056,09-183
09,184,00000,000000,0000,DISTRICT,Siddharthnagar,Total,379351,2559297,6.7465144417702865,976.1461514406279,18.955908595211888,935.2648564122817,15.971690663490795,0.46969929633020313,59.24936323589465,47.41048043839894,70.92201161993543,23.51153118153649,40.75063676410535,34.341383590884526,23.35584028501774,79.00268290518355,45.05562647770276,49.03356248392874,11.535582058441367,65.65861640911547,09-184
09,184,00000,000000,0000,DISTRICT,Siddharthnagar,Rural,355461,2398606,6.7478738877120135,978.8176458019323,19.16763320028383,936.1000568504833,16.369924864692244,0.44150644165819647,58.349382365835424,46.26457465146333,70.30397793728378,24.03940328582045,41.650617634164576,34.69894597111822,24.046474190136244,81.66326441112544,46.156572641059434,49.799889702039316,11.841411237175459,65.30105402888178,09-184
09,184,00000,000000,0000,DISTRICT,Siddharthnagar,Urban,23890,160691,6.72628714943491,937.1097234611954,15.79553304167626,920.2602511726433,10.027319513849562,0.8905290277613557,72.14523793687042,64.2596800512406,79.56005506481588,15.300375013575291,27.854762063129584,29.004113484887146,12.815004438041086,31.49097775012337,25.39532688222799,35.34876735254361,6.074194863432532,70.99588651511286,09-184
09,185,00000,000000,0000,DISTRICT,Basti,Total,382212,2464464,6.447898025179743,963.2908246180908,15.864260950859904,928.9678956794601,20.854798447045685,0.14688792370267936,67.2190190957779,56.2308380987084,77.8764551026089,21.645617003900497,32.780980904222105,31.799531257100938,18.61127099749254,73.9054317534529,36.01688427027082,43.38001857882218,10.30142097365278,68.20046874289906,09-185
09,185,00000,000000,0000,DISTRICT,Basti,Rural,360637,2326367,6.450716371309655,966.7539138653722,16.106057212812942,930.0578987493045,21.23070005721367,0.13927295220401598,66.26692579371321,55.02161548630431,77.2193981272643,22.197782640959986,33.73307420628679,32.09570974828993,19.18504338792204,77.03639120139715,37.429687248883035,44.30145286233165,10.632895117482564,67.90429025171007,09-185
09,185,00000,000000,0000,DISTRICT,Basti,Urban,21575,138097,6.400787949015064,906.7323889211057,11.790987494297486,904.2217284528126,14.522400921091696,0.2751689030174443,82.47327893345593,76.32855244308669,88.04696673189824,11.718414288811545,17.52672106654407,26.810140698204886,8.620243334196221,10.76328867761452,7.52484874675886,24.797428694900606,3.6165730337078648,73.18985930179511,09-185
09,186,00000,000000,0000,DISTRICT,Sant Kabir Nagar,Total,256645,1715183,6.6830953262288375,972.2545466253323,16.55286928566806,942.1019509125235,21.516013160111775,0.09287638695113,66.7203485573312,54.79646172734503,78.38605162909762,23.58958990175259,33.27965144266879,31.452562204732672,18.44849425269684,72.55820074925529,44.82648678608039,50.79365079365079,12.155656766190457,68.54743779526733,09-186
09,186,00000,000000,0000,DISTRICT,Sant Kabir Nagar,Rural,237921,1586652,6.6688186414818365,976.8679394325256,16.69112067422472,942.4376003931377,22.277096679044934,0.09838326236629077,66.03022192095456,53.837224201893974,78.02707611028562,24.189851908391645,33.96977807904544,31.584430612383812,18.92230400628537,76.76753768944496,47.43911321300647,52.08696259490956,12.536941143604018,68.41556938761619,09-186
09,186,00000,000000,0000,DISTRICT,Sant Kabir Nagar,Urban,18724,128531,6.864505447553942,917.0283532447387,14.846223868171881,937.455579246624,12.120811321782293,0.024896717523399024,75.05504847006368,66.83125681805133,82.56757229273751,15.73631547468618,24.94495152993632,29.824711548186816,12.40647973456509,17.530129910784158,10.671988313246725,33.88636719361403,7.171179631658579,70.17528845181317,09-186
09,187,00000,000000,0000,DISTRICT,Mahrajganj,Total,426565,2684703,6.29377234419139,942.9674167760686,15.775934991691818,930.811417005156,18.3624035880319,0.6121719981688849,62.761601757677234,48.91565015030457,75.84964517286262,26.93399502255805,37.238398242322766,37.03400338882923,25.694635783902513,76.67394516285091,53.55638856508354,55.816779029080124,11.93670021614217,62.96599661117077,09-187
09,187,00000,000000,0000,DISTRICT,Mahrajganj,Rural,404790,2549973,6.299496034981101,943.3903451345374,15.933149096088469,931.2244509934404,18.66157014211523,0.589692518312939,61.91104837377932,47.766081601941,75.28813356254527,27.522051960604266,38.08895162622068,37.50827949942999,26.56224880780904,78.6360200365727,54.94834549809661,57.017975829394295,12.204598040045962,62.491720500570004,09-187
09,187,00000,000000,0000,DISTRICT,Mahrajganj,Urban,21775,134730,6.187370838117107,934.9974148331131,12.80041564610703,921.1317812186699,12.700215245305428,1.0376308171899356,78.2812978788601,69.99102634033044,86.04969415178645,16.05866781145602,21.7187021211399,28.057596674831142,9.197874105250223,27.0303158563039,18.337654092376066,25.42458071001534,5.158457224485477,71.94240332516885,09-187
09,188,00000,000000,0000,DISTRICT,Gorakhpur,Total,692960,4440895,6.408587797275456,949.6618852503999,14.151246539267422,908.6960747391056,21.078206082332503,0.4091967947902394,70.82914858229073,59.36055469953775,81.79982294299533,22.439268243457583,29.170851417709272,30.435959418090274,15.475484925001782,52.57293236531623,33.65797863171033,44.779151675496756,10.704860579345368,69.56404058190972,09-188
09,188,00000,000000,0000,DISTRICT,Gorakhpur,Rural,554999,3604766,6.4950855767307685,960.4693684649045,14.902021379473728,911.588034759834,23.55906042167508,0.4022175087093032,68.02189215418132,55.350291514970486,80.30431812812638,24.954026613155897,31.978107845818684,30.46217146965989,16.173925845394216,62.8625158229289,40.11419828975767,49.160906665209595,12.431312551794479,69.53782853034011,09-188
09,188,00000,000000,0000,DISTRICT,Gorakhpur,Urban,137961,836129,6.060618580613362,904.400627717509,10.914464155650624,891.8487499481737,10.382608425254954,0.439286282379872,82.3902157423443,76.4622645506232,87.76064255794971,11.298378007326505,17.609784257655704,30.322952558755883,12.36910632167987,8.008235419402931,5.695770670389959,25.801553212720723,3.2275113493387604,69.67704744124411,09-188
09,189,00000,000000,0000,DISTRICT,Kushinagar,Total,561062,3564544,6.353208736289394,960.6359543578164,15.951016455400746,928.5176441857625,15.267899624748635,2.2518728903332375,65.24846935693131,52.358195902048976,77.7114638855535,25.353267983504523,34.75153064306869,31.33564910406492,17.87105444122465,71.0916020351432,47.30535115889104,53.15392583348031,12.646679910794619,68.66435089593507,09-189
09,189,00000,000000,0000,DISTRICT,Kushinagar,Rural,533834,3396437,6.362346722014709,962.8306432644447,16.076347066057753,929.0622537987854,15.699098790879972,2.2626947003580518,64.75378664292275,51.593770312339636,77.51156270252866,25.917792390189028,35.24621335707725,31.54770720022188,18.3111052423082,72.98903031083586,48.52720210397033,54.136638612484575,12.936841692658316,68.45229279977812,09-189
09,189,00000,000000,0000,DISTRICT,Kushinagar,Urban,27228,168107,6.174048773321581,917.3224754214284,13.418834432831469,915.4283773456738,6.555943535962215,2.033228836395867,74.93627575593099,67.75786813691707,81.52330008827288,13.765431951355808,25.063724244069007,27.05122332799943,8.755548371855923,26.383727322704782,18.51566794942276,29.99890049477735,5.809785596481584,72.94877667200058,09-189
09,190,00000,000000,0000,DISTRICT,Deoria,Total,468346,3100946,6.621057935799601,1016.959405139466,14.979815836844626,924.63321359171,15.11354922014121,3.5438862850239894,71.12796470985386,59.38395057399315,83.27306198754246,23.889111413549315,28.872035290146144,28.257376942391126,15.16926658607876,60.400047475252386,33.21167799910071,48.03034764210051,12.927876418266104,71.74262305760887,09-190
09,190,00000,000000,0000,DISTRICT,Deoria,Rural,420650,2784143,6.618668726970165,1027.616849621043,15.214053301141501,925.9897512378996,15.838051421927682,3.6975830623642536,70.08614897638783,57.90538190130696,82.8393956894922,24.934013788185247,29.913851023612168,28.503564651671986,15.963776866860568,65.17591169132287,35.68865142770735,50.4509942286852,13.771516419264598,71.49643534832802,09-190
09,190,00000,000000,0000,DISTRICT,Deoria,Urban,47696,316803,6.642129319020463,927.9050661798266,12.921279154553462,910.7076176250933,8.746444951594524,2.1931610496112723,80.04262908347471,72.8097949115194,86.77266079313651,13.962865881617105,19.957370916525292,26.09381855601115,7.816865383858655,14.55253671400576,9.433140589843466,24.79253864950524,4.829071202187114,73.90618144398886,09-190
09,191,00000,000000,0000,DISTRICT,Azamgarh,Total,665232,4613913,6.9357953315535035,1019.2144083774033,15.303387818539274,919.3090232001848,25.38795161503912,0.20214945535383957,70.93242077184564,60.908098571915836,81.34153383279806,20.433435260882227,29.067579228154358,29.736841591941594,18.46967829142315,63.96971790745405,32.94784669745312,42.83865099356283,10.92212134993936,70.26315840805842,09-191
09,191,00000,000000,0000,DISTRICT,Azamgarh,Rural,611588,4220512,6.900907146641203,1026.4549934292247,15.400335314767496,919.2550618764008,26.618879415578018,0.19608995306730556,70.32952167725938,59.933829402937114,81.21662935882499,21.282799955887874,29.67047832274062,29.704879407996,18.69328587032026,69.09359351295129,35.46643609545521,44.49779771523924,11.57695074890444,70.295120592004,09-191
09,191,00000,000000,0000,DISTRICT,Azamgarh,Urban,53644,393401,7.333550816493923,944.6704597695468,14.263308939224862,919.9343050708273,12.182226278021663,0.26715742969641665,77.31470637939572,71.74426676734585,82.60020454033315,10.855937772987303,22.685293620604284,30.079740519215765,15.96826858673811,9.684452481957848,6.264471749454932,25.260702756604186,3.9844845944529887,69.92025948078424,09-191
09,192,00000,000000,0000,DISTRICT,Mau,Total,324424,2205968,6.799644909131261,978.9631195226737,15.466316827805299,926.4391180373225,21.511508779819106,1.0387730012402718,73.09385634598287,63.629578658774655,82.45293322127465,18.823354562499993,26.90614365401713,31.584637673801254,20.282444405956788,51.31963252084329,30.476342201688706,43.10158493685656,9.932443196741428,68.41536232619875,09-192
09,192,00000,000000,0000,DISTRICT,Mau,Rural,253645,1706760,6.728932168976325,987.2782336236075,15.481614286718695,918.520562267658,24.763704328669526,1.2480958072605404,71.80127082631441,61.28905713941152,82.31779951880075,21.028742379389236,28.198729173685592,31.228643746045137,20.340316328131173,64.3657199464163,37.883631833515324,49.61163081287359,11.701169610392533,68.77135625395486,09-192
09,192,00000,000000,0000,DISTRICT,Mau,Urban,70779,499208,7.053052459062716,951.0525040450862,15.41401580102883,954.1356629504533,10.39246165926828,0.3231118091056233,77.50959124709894,71.83519543570279,82.90305743016965,11.067861994466867,22.49040875290106,32.801757984647686,20.080791643037372,8.855015908494098,6.365840402078791,21.911584192880568,4.175292673543045,67.19824201535232,09-192
09,193,00000,000000,0000,DISTRICT,Ballia,Total,480268,3239774,6.745762782446468,936.6191205462126,14.564349241644633,900.3838207279304,15.269521886403187,3.39881732491217,70.94094414510236,59.75003591865783,81.4932377936683,21.74320187501047,29.059055854897636,31.467719661927035,18.91813753771846,57.93720935022948,37.708524811105235,44.136194522125436,8.674494817471208,68.53228033807297,09-193
09,193,00000,000000,0000,DISTRICT,Ballia,Rural,435184,2935665,6.745801775800581,938.9894968223628,14.713667942357183,901.0866647007821,15.89837396296921,3.378382751437919,70.24085351363031,58.640559054393414,81.2110421981817,22.570483143788287,29.759146486369687,31.626837530849055,19.463692463741,61.50628245973431,39.87105501810529,45.32418267708394,9.040365853921232,68.37316246915094,09-193
09,193,00000,000000,0000,DISTRICT,Ballia,Urban,45084,304109,6.745386389850058,914.0316205533597,13.12292631918161,892.809713526845,9.199004304377707,3.5960790374503877,77.57540660330582,70.43140481483533,84.12844702467343,13.697042209838102,22.424593396694178,29.931702119963568,13.577552074367361,21.5325460038451,15.650645427080473,32.01867618786048,4.942598187311178,70.06829788003644,09-193
09,194,00000,000000,0000,DISTRICT,Jaunpur,Total,663513,4494204,6.773347319494871,1023.9922718889962,15.046401987982744,918.0113512271635,22.036049097904765,0.10538017410869643,71.54755331865894,59.806808322103045,83.80484221887207,23.998033896769023,28.45244668134106,31.982860591108015,22.13173983469519,68.00967040612227,30.388172884598664,37.62608922515001,8.748169406035307,68.01713940889199,09-194
09,194,00000,000000,0000,DISTRICT,Jaunpur,Rural,613244,4147624,6.763415540959227,1031.936829842197,15.18428382129142,918.5615061231949,23.138645161663643,0.10815830943209895,70.81180850619286,58.66572846948274,83.60968780885918,24.94395933937644,29.18819149380714,32.37636777104193,23.115760629356057,71.84666939717765,31.93223368209405,38.916930409204305,9.12395278698291,67.62363222895807,09-194
09,194,00000,000000,0000,DISTRICT,Jaunpur,Urban,50269,346580,6.894507549384312,933.5222708203161,13.396329851693691,910.5798115303897,8.840960240060015,0.07213341796987709,80.17064744078813,73.99038593978128,85.96229678535241,11.97191084557113,19.82935255921187,27.273645334410524,9.744699160949489,13.500132240148108,8.4527902671251,19.28801904258133,3.409679978841576,72.72635466558948,09-194
09,195,00000,000000,0000,DISTRICT,Ghazipur,Total,546664,3620268,6.622473768164722,951.5480506178995,15.42866439722142,907.8162678379911,20.071469846983703,0.7930904562866616,71.77524056009243,60.29019453010789,82.79793714527483,22.50774261516694,28.224759439907572,33.273834975753175,22.42825572047929,66.81684074906069,36.18904833297637,36.33739608601015,8.202460231678181,66.72616502424682,09-195
09,195,00000,000000,0000,DISTRICT,Ghazipur,Rural,505095,3345908,6.624314237915639,954.7840067864302,15.555329076591468,908.5138683133608,20.921465862181506,0.8134712610149472,71.05938506590653,59.23340675572558,82.45434322276837,23.22093646704279,28.940614934093475,33.7395110684454,23.36982494185431,70.39382829019225,38.0169776940773,37.512324020079845,8.613925323303448,66.2604889315546,09-195
09,195,00000,000000,0000,DISTRICT,Ghazipur,Urban,41569,274360,6.6001106593856,912.929495760821,13.88394809739029,898.3354928735174,9.705496428050736,0.5445400204111386,80.33588975231517,73.26720396776193,86.80588206682988,13.538678099067951,19.66411024768483,27.594766000874767,10.676208223865094,13.480563737468465,8.93288776763661,18.818106169675996,2.067125440832662,72.40523399912524,09-195
09,196,00000,000000,0000,DISTRICT,Chandauli,Total,296804,1952756,6.579277907305832,918.4069240253266,15.854361732853464,910.8684783883372,22.879765828398426,2.136723686932725,71.4846219994535,60.35415923066078,81.72279953171333,21.368640301052558,28.515378000546505,33.41651491532993,20.278311730960336,57.414453913381955,38.10844649318129,47.60084776022423,10.391345857667618,66.58348508467007,09-196
09,196,00000,000000,0000,DISTRICT,Chandauli,Rural,259129,1710203,6.599813220442328,920.2171496581072,16.155216661413878,913.4773876307224,24.132749153170703,2.203714997576311,70.71683417996591,58.96046975610607,81.55057354202401,22.59010378591794,29.283165820034085,34.14764212201709,21.62601745055047,62.97256478662452,41.74974400421922,49.4426312599102,10.834186652602595,65.8523578779829,09-196
09,196,00000,000000,0000,DISTRICT,Chandauli,Urban,37675,242553,6.438035832780359,905.7395403653506,13.733081017344661,889.5002552612174,14.045177754964893,1.664378506965488,76.74617549929987,69.9770073395785,82.89495284825712,12.917945508678613,23.253824500700134,28.261452136234144,10.69675046409549,10.062874731943573,7.086901340646837,31.910020569227854,6.618623174663379,71.73854786376586,09-196
09,197,00000,000000,0000,DISTRICT,Varanasi,Total,560162,3676841,6.563888660780274,913.1709591296334,13.521144917607261,884.8469453522493,13.243923248244894,0.7783039843169721,75.60180394944162,66.6923195725538,83.77782937648325,17.085509803929455,24.398196050558383,33.19991264240145,17.064201155110243,31.13750380926479,14.921340730133661,24.57156011101754,4.810896627203229,66.80008735759854,09-197
09,197,00000,000000,0000,DISTRICT,Varanasi,Rural,306978,2079790,6.775045768752158,931.9459074838879,14.73350674827747,887.5569791794999,17.242702388221886,0.9204775482140024,73.3764754444096,61.89357734951314,84.16842961935535,22.274852269842214,26.623524555590393,33.436933536558975,19.82828049247257,49.956285284533905,23.547995594016836,30.713182575084335,7.0025509837248965,66.56306646344102,09-197
09,197,00000,000000,0000,DISTRICT,Varanasi,Urban,253184,1597051,6.307867005813954,889.2611296640014,11.942323695361011,880.5091597483781,8.036437158237277,0.5931557602105381,78.40792248738913,72.91645594844334,83.29782271756358,10.381366769120234,21.59207751261087,32.891247680881825,13.375192890970041,6.223800186563612,3.5007329284776025,16.44082316434731,1.9094214624302768,67.10875231911817,09-197
09,198,00000,000000,0000,DISTRICT,Sant Ravidas Nagar (Bhadohi),Total,222403,1578213,7.096185752890024,955.4143915430449,16.384543784647573,901.6392237036602,22.373595959480756,0.11867853071797026,68.96978698574601,56.03059320596444,81.47305995947075,25.442466753506302,31.030213014253988,29.819042169846526,16.528425109646562,42.247688097099925,22.18810559956482,39.019736171080815,9.866810593955053,70.18095783015347,09-198
09,198,00000,000000,0000,DISTRICT,Sant Ravidas Nagar (Bhadohi),Rural,189745,1348911,7.109072702838019,964.6557110585809,16.586565014296717,899.0459699870985,23.929080569437126,0.1303273529536048,68.2446166056242,54.62221423436377,81.57067933956077,26.948465105197002,31.755383394375798,29.947935779306416,17.417962863984588,47.60143673679546,24.837673991449883,41.9465753729847,10.914397320599747,70.05206422069358,09-198
09,198,00000,000000,0000,DISTRICT,Sant Ravidas Nagar (Bhadohi),Urban,32658,229302,7.02131177659379,902.7632561613144,15.196116911322186,918.4606067279635,13.223172933511265,0.05015220102746596,73.16578986614007,64.53805232873738,80.930559762377,16.392507433639622,26.834210133859926,29.060801911889122,11.112949481579527,9.791857376532558,6.125725948046881,21.276468028272582,3.516064648768702,70.93919808811087,09-198
09,199,00000,000000,0000,DISTRICT,Mirzapur,Total,394925,2496970,6.322643539912642,902.7403753099516,16.44477106252778,902.4235432563785,26.47725042751815,0.8062571837066524,68.47766121583685,56.859563910260555,78.96651134878486,22.10694743852431,31.522338784163153,35.32265105307633,22.701296903436237,58.10729300359638,37.91082952757156,39.10505263062418,7.83053437884072,64.67734894692367,09-199
09,199,00000,000000,0000,DISTRICT,Mirzapur,Rural,339323,2149403,6.334386410588142,906.9563797866809,16.92400168791055,903.9307023971527,28.546996538108488,0.8927129998422817,67.2915786962419,55.05567587927869,78.39656524349466,23.340889364215975,32.7084213037581,35.7970096812929,24.017255799621427,65.15735188232206,42.386232782530264,40.689504589159135,8.27933175812493,64.2029903187071,09-199
09,199,00000,000000,0000,DISTRICT,Mirzapur,Urban,55602,347567,6.250980180569044,877.0765375558964,13.481141765472557,890.803438117913,13.677650640020486,0.27160230977049027,75.52068264878903,67.78048571917222,82.2930111046682,14.512525385495977,24.479317351210966,32.38915086875336,14.4178371089204,9.921473874962247,7.3222946683959,28.275623145664184,4.763089168013929,67.61084913124664,09-199
09,200,00000,000000,0000,DISTRICT,Sonbhadra,Total,333174,1862559,5.590349186911344,917.5070829695761,17.346671971196617,924.6559837969858,22.638799629971455,20.671452555328447,64.02917373350647,52.136365427388576,74.92314623746381,22.786780810075236,35.97082626649353,39.21481145026815,29.935313027720582,70.13536436933786,50.82988886896066,45.619312184162354,9.92471238323163,60.78518854973185,09-200
09,200,00000,000000,0000,DISTRICT,Sonbhadra,Rural,270822,1548217,5.716732761740183,927.2130902663239,18.403298762382793,932.5198730296536,24.855430472601707,24.21598522687711,59.59626183612049,46.88607719979914,71.36614987749826,24.48007267769912,40.40373816387951,41.37772676569241,34.09485119591017,79.07033375636301,57.2869592908087,49.828524687918055,10.950536748166222,58.6222732343076,09-200
09,200,00000,000000,0000,DISTRICT,Sonbhadra,Urban,62352,314342,5.041410059019759,871.0944708004215,12.142507205527737,867.9162180679259,11.721309910861418,3.213697183322623,84.3065759505817,76.9322281662105,90.73357503473046,13.801346868519957,15.693424049418297,28.561884826081148,8.763657981591193,6.382125593103296,4.757078256220623,15.585529393419616,2.6051992604308216,71.43811517391885,09-200
09,201,00000,000000,0000,DISTRICT,Etah,Total,290683,1774480,6.104519356137097,873.1203930166498,16.01748117758442,878.6775155164551,15.836244984446148,0.007889635273432217,70.80690325736637,58.79531262379268,81.28178200309529,22.486469379302605,29.193096742633628,30.768675893782966,12.783793815081104,68.53222805063885,24.136055269018872,23.903264564529366,4.647022623373578,69.23132410621703,09-201
09,201,00000,000000,0000,DISTRICT,Etah,Rural,245688,1506338,6.131101234085507,869.8591961906134,16.391938595454672,878.9036342606685,16.30915505019458,0.002257129541975307,69.69208048149149,56.579529668669814,81.0750356362536,24.49550596758379,30.307919518508513,31.259119799142027,13.464164772265105,77.01691344495697,26.396144991802373,24.5412727133719,5.066388032314789,68.74088020085797,09-201
09,201,00000,000000,0000,DISTRICT,Etah,Urban,44995,268142,5.959373263695967,891.6543209876543,13.913896368342145,877.1823899371069,13.17958395178674,0.03953129312080913,76.88935290881287,70.69696580333706,82.42543589743589,11.728470094098824,23.110647091187133,28.013515227006586,9.011646306728274,15.345598807178233,9.96858192662016,19.903881995846422,2.0182118323659406,71.9864847729934,09-201
09,202,00000,000000,0000,DISTRICT,Kanshiram Nagar,Total,237903,1436719,6.039095765921405,880.1162052698043,17.314380891461724,893.2007062619866,17.699981694402315,0.010440454953265043,61.01636418734637,49.00061420304003,71.55897333782154,22.55835913478151,38.98363581265363,32.90587790653566,14.50470891556663,71.10974797203686,22.652692140915676,25.06699946061997,5.698602899960868,67.09412209346435,09-202
09,202,00000,000000,0000,DISTRICT,Kanshiram Nagar,Rural,190739,1148512,6.021380000943698,874.9502086339861,17.903513415619514,897.0403719831722,19.405543868936505,0.010448301802680337,59.97827949873156,46.71866594943518,71.51680802278624,24.79814207335106,40.02172050126844,33.87600651974033,15.771443924501266,81.55524712776622,24.398694322358445,26.19682833423291,6.219703395275914,66.12399348025968,09-202
09,202,00000,000000,0000,DISTRICT,Kanshiram Nagar,Urban,47164,288207,6.110741243321177,900.9887275821357,14.966673259150543,875.1086767518692,10.903274382648583,0.010409185064901268,65.01028269243324,57.59657241965536,71.72427199564558,14.12769957599022,34.989717307566764,29.039891466897057,9.53454662586568,22.552123782782722,14.536113268415079,19.814803751717548,3.2761813728418665,70.96010853310294,09-202
10,203,00000,000000,0000,DISTRICT,Pashchim Champaran,Total,710461,3935042,5.538716410893771,909.1858270543543,19.721034743720654,952.6820627148242,14.07720679982577,6.3543413259629755,55.69721029777991,44.68979528782822,65.59062614955172,20.900830861723506,44.30278970222009,37.58402070422628,25.59671322118412,82.24581408258715,67.53676771378555,46.07352393290632,7.8645144146477195,62.41597929577372,10-203
10,203,00000,000000,0000,DISTRICT,Pashchim Champaran,Rural,637354,3541877,5.557158188385104,910.5943492560452,20.102815541025283,955.2580631873791,14.814941343248227,6.933555287210708,53.90386803587457,42.45698049404345,64.2023584000043,21.74537790596085,46.09613196412543,38.59755717095766,27.37662226877116,86.21461248004869,70.90729278066064,47.81314599459577,8.21972118635513,61.402442829042336,10-203
10,203,00000,000000,0000,DISTRICT,Pashchim Champaran,Urban,73107,393165,5.377939185030161,896.5899826821868,16.28171378428904,924.4806541803205,7.4312311624890315,1.1364185520074268,71.11538473223536,63.981742342679205,77.47331042645858,13.491568083779377,28.884615267764644,28.45344829778846,9.431089398700125,33.74572044087281,26.347781780475376,24.81473866754865,3.523764403007089,71.54655170221153,10-203
10,204,00000,000000,0000,DISTRICT,Purba Champaran,Total,981516,5099371,5.195402825832692,901.8923925736487,19.96907069518966,932.8575360406959,12.74129691681582,0.2443634714948177,55.79308289925642,45.12139928374941,65.33698420051486,20.21558491676545,44.20691710074358,34.07359456685932,19.716007446978328,80.94488814351793,60.857166371517415,34.804974161731046,6.002167433364085,65.92640543314067,10-204
10,204,00000,000000,0000,DISTRICT,Purba Champaran,Rural,909672,4698028,5.164529632658804,903.4373897214183,20.21356620267057,933.9498529639375,13.047602100285483,0.2527656284722015,54.39083296850994,43.409039070845125,64.22897663044441,20.819937559599282,45.60916703149006,34.579678963173485,20.586793623060238,83.97944554935697,63.09549091047869,35.82926608571043,6.22905975329981,65.42032103682651,10-204
10,204,00000,000000,0000,DISTRICT,Purba Champaran,Urban,71844,401343,5.586312009353599,883.9917757290121,17.10706303585711,917.8748009720941,9.155759537353337,0.14600977218987252,71.59234711513895,64.63179291889666,77.6977808372219,13.065987918325234,28.40765288486105,28.149488093725317,9.404986326102541,37.30880895057357,28.67069112023793,20.075945333522164,2.7395198980314404,71.85051190627469,10-204
10,205,00000,000000,0000,DISTRICT,Sheohar,Total,150144,656246,4.370777387041773,892.9827243540743,19.611243344721338,928.695600047956,14.728470725916806,0.04845743821676628,53.77671794794028,45.255105955905215,61.31382950222365,16.058723546318433,46.22328205205972,32.97117239571746,16.047588129455733,80.90741870482317,63.00907696005028,36.311537537204444,6.515168321224557,67.02882760428254,10-205
10,205,00000,000000,0000,DISTRICT,Sheohar,Rural,144286,628130,4.353367617093827,893.143897381492,19.629535287281293,928.0531665363565,14.79263846655947,0.047124002993011005,53.408566431142305,44.922760128107214,60.916883834499444,15.99412370639223,46.591433568857695,33.169566809418434,16.31616599963555,81.87551596367616,63.543206558258305,36.92236066580913,6.657131337953808,66.83043319058157,10-205
10,205,00000,000000,0000,DISTRICT,Sheohar,Urban,5858,28116,4.799590303857972,889.3891539547074,19.202589273011807,943.484521238301,13.294921041399915,0.0782472613458529,61.95800501826826,52.67571132466553,70.09832272990167,17.42261140523614,38.04199498173174,28.538910229051073,10.034000755572347,55.770189431704885,49.140079760717846,20.451146560319042,2.82901296111665,71.46108977094893,10-205
10,206,00000,000000,0000,DISTRICT,Sitamarhi,Total,736322,3423574,4.6495609257906185,898.5554986213796,19.37235765898444,930.4827465762396,11.850598234476603,0.08730642305380283,52.051209503732686,42.410025756352596,60.641900339591025,18.23187458323843,47.948790496267314,32.55612409721537,15.345962098891455,76.43387706433707,57.053355380442724,32.383232114611474,5.1909996832896255,67.44387590278464,10-206
10,206,00000,000000,0000,DISTRICT,Sitamarhi,Rural,699274,3233076,4.6234752042833,899.9262495702789,19.570897807536845,933.0577679201533,12.008378398775656,0.0877183214994018,50.79997415716596,41.01034604266315,59.53266907166837,18.52232302900522,49.20002584283404,32.73545069772563,15.657529657677236,79.18604409455367,59.12683939899581,33.168140957441786,5.40722361536034,67.26454930227436,10-206
10,206,00000,000000,0000,DISTRICT,Sitamarhi,Urban,37048,190498,5.141923990498812,875.589512341607,16.002792680238112,878.5432585654424,9.172799714432697,0.08031580384046026,72.38474373957115,65.3895599539331,78.5057242292504,13.116164275317303,27.61525626042885,29.512645802055665,9.980771609450024,24.62425072481813,18.019956955585993,17.60729976343359,1.1205777200690132,70.48735419794434,10-206
10,207,00000,000000,0000,DISTRICT,Madhubani,Total,898515,4487379,4.994217124922789,926.481756638116,18.061300371553195,936.0917881781871,13.084653647485537,0.08891604653852504,58.618346977073074,46.15851065817463,70.13592422032379,23.97741356214916,41.381653022926926,36.478710623729356,24.604947207360663,81.70877577525843,57.46350808643944,34.38413672356558,7.1067444215969084,63.52128937627065,10-207
10,207,00000,000000,0000,DISTRICT,Madhubani,Rural,868524,4325884,4.980730526732709,927.509271318686,18.139737450195152,936.4505907785247,13.227238640703264,0.08920720019307037,58.141495207812085,45.54729070377488,69.79792382952368,24.250633125748806,41.858504792187915,36.68937955802791,24.989755461792075,83.21622541174692,58.52186952631778,34.70928840555968,7.2106430434618245,63.31062044197209,10-207
10,207,00000,000000,0000,DISTRICT,Madhubani,Urban,29991,161495,5.384782101297056,899.3601957048432,15.960246447258427,925.2315506423663,9.265302331341529,0.0811170624477538,71.06027114647804,62.393495833463376,78.81292051704403,16.419424683580658,28.939728853521956,30.835629586055298,14.129908851953079,33.664002570384355,23.731876782200086,24.02104502188843,3.795333145909474,69.16437041394471,10-207
10,208,00000,000000,0000,DISTRICT,Supaul,Total,443073,2229076,5.030945239272084,929.4631704958871,19.620551295693822,944.2150138028833,15.892190306656213,0.4561531325087166,57.66992480405688,44.76618577669322,69.6174475723668,24.85126179567358,42.33007519594312,39.37425193219074,30.35631634775045,86.15341319521194,63.15168819686401,46.14803539322898,7.985580198750801,60.62574806780926,10-208
10,208,00000,000000,0000,DISTRICT,Supaul,Rural,422580,2123518,5.025126603246722,931.3575777970797,19.764513415944673,944.7530964307063,16.175233739483254,0.4721881330885823,56.89256169243727,43.816795568523645,69.02799875973483,25.211203191211183,43.10743830756273,39.91145824994184,31.34548735721756,87.9954266943708,64.57174815669589,46.86352175210937,8.139445704974591,60.088541750058155,10-208
10,208,00000,000000,0000,DISTRICT,Supaul,Urban,20493,105558,5.150929585712195,892.1273392127339,16.72445480209932,931.5098468271334,10.198184884139524,0.13357585403285396,72.73730433199854,63.63922823346907,80.78374206825588,17.144513834786807,27.262695668001456,28.567233179863205,10.004018485031144,34.38235781794064,23.239927043608024,26.03879953573205,3.6610843972807166,71.43276682013679,10-208
10,209,00000,000000,0000,DISTRICT,Araria,Total,568142,2811569,4.948708245473843,921.3459957507963,20.553861562707514,956.8460796099081,13.609980761631673,1.3817196021154026,53.53346916281316,43.927969859195905,62.297241994558306,18.3692721353624,46.46653083718684,38.05323646689802,26.812961528990474,85.50948552799204,64.67441136637028,34.90844411543958,6.136781902489314,61.94676353310198,10-209
10,209,00000,000000,0000,DISTRICT,Araria,Rural,535361,2642792,4.936467168882306,923.073900457994,20.800009989435413,957.0461722496556,13.852319819342574,1.4506249451337827,52.28645099520279,42.49539871163926,61.23886585614581,18.743467144506546,47.71354900479721,38.527814523428255,27.689907594411835,88.51474646683887,66.90918376366368,35.77150096738394,6.329637304681746,61.47218547657175,10-209
10,209,00000,000000,0000,DISTRICT,Araria,Urban,32781,168777,5.14862267777066,894.6889839356077,16.699550294175154,952.9517738359202,9.815318437938819,0.30276637219526353,72.09869693865937,65.64561376904997,77.79950969228501,12.15389592323504,27.901303061340627,30.62206343281371,12.854776782353383,26.30265270978852,20.647021264245495,17.90530735444924,2.3373256196428227,69.37793656718628,10-209
10,210,00000,000000,0000,DISTRICT,Kishanganj,Total,338445,1690400,4.994607691057631,949.7791157710186,20.522006625650732,971.4711130812335,6.691788925698059,3.7993374349266444,55.45651047714322,46.76484471745074,63.663662359914795,16.898817642464053,44.54348952285678,31.29815428300994,13.100324253427736,81.22438873179804,60.8370631908427,27.340359578425293,4.924735003704655,68.70184571699006,10-210
10,210,00000,000000,0000,DISTRICT,Kishanganj,Rural,306497,1529277,4.989533339641171,952.3067260039984,20.929236495415807,971.8332419494945,6.262436432379484,3.9867205221813964,53.709898437907036,44.7382916363488,62.20782964223774,17.469538005888943,46.290101562092964,31.250715207251535,13.134636085897483,87.08417902952439,65.1834027327321,28.37249691364483,5.108074742106254,68.74928479274847,10-210
10,210,00000,000000,0000,DISTRICT,Kishanganj,Urban,31948,161123,5.043289094779016,926.1105532443934,16.656839805614343,967.1626475115444,10.766929612780299,2.0208163949280986,71.18442119372975,65.31053581430083,76.5772972046451,11.266761390344271,28.815578806270253,31.748415806557723,12.769939719378865,26.478867732728624,20.23106697423466,17.697540759275913,3.2118700394886033,68.25158419344227,10-210
10,211,00000,000000,0000,DISTRICT,Purnia,Total,647777,3264619,5.039726634320144,921.0760458287482,20.10985049097613,954.1605274515932,11.976619630039524,4.272780376515605,51.08398460340423,42.344945826042384,59.06206107458111,16.717115248538725,48.91601539659577,35.02148336452125,21.724530729615545,82.4301725329261,65.16253570747595,32.09369571720204,5.593894262138792,64.97851663547874,10-211
10,211,00000,000000,0000,DISTRICT,Purnia,Rural,581363,2921614,5.025455696354945,922.7191182490283,20.64437670410944,954.1202961235035,12.272189276201443,4.159755532387235,48.3779138352315,39.28428906516624,56.69598725541286,17.411698190246618,51.6220861647685,35.706633388257316,22.938223739954296,87.63805945111723,69.27857286644108,33.090461172726485,5.852321200908733,64.29336661174268,10-211
10,211,00000,000000,0000,DISTRICT,Purnia,Urban,66414,343005,5.164649019784985,907.1938525866286,15.556916079940525,954.6153846153846,9.45904578650457,5.235492193991341,72.7448177763047,67.07197875940946,77.84303956787372,10.771060808464256,27.2551822236953,29.185580385125583,11.294642583523846,28.15958764534303,22.26994845566788,21.70655691852799,2.900867063571343,70.81441961487442,10-211
10,212,00000,000000,0000,DISTRICT,Katihar,Total,619076,3071029,4.960665572562981,918.8774266915767,20.199483625846582,960.6499552768569,8.567161039508257,5.8602833122057785,52.23779194245556,44.394672646139654,59.36392897723511,14.969256331095458,47.76220805754444,33.004116861156305,17.206866045740547,82.9889716111235,66.32927702784032,34.13334701440262,6.462036019361345,66.9958831388437,10-212
10,212,00000,000000,0000,DISTRICT,Katihar,Rural,565512,2797207,4.946326514733551,921.4964993845072,20.735826844420167,962.1722377648399,8.269784824648301,6.224280148019077,49.601543941118074,41.59465754435491,56.89687718992778,15.302219645572869,50.398456058881926,33.475641952847965,18.027481935767145,88.0902365805445,70.46721266832054,35.4388108284751,6.802771942677302,66.52435804715203,10-212
10,212,00000,000000,0000,DISTRICT,Katihar,Urban,53564,273822,5.112052871331492,892.5258836376705,14.720511865372396,939.0032711179526,11.604984259847638,2.141902403751342,77.26860059782284,71.39559918260107,82.46460798398682,11.069008801385749,22.73139940217716,28.18728955306732,8.682319415190188,21.100501405749974,16.12790381301582,18.295479574517703,2.328232901027428,71.81271044693268,10-212
10,213,00000,000000,0000,DISTRICT,Madhepura,Total,401289,2001762,4.988330106232665,910.8823464835871,20.2109941141854,930.4961087173322,17.29851001267883,0.626048451314392,52.25296239761681,41.74286549753819,61.774870284538686,20.032004787000496,47.74703760238319,38.84307924718323,29.50106004697114,86.79499347948546,62.25509487541573,42.96067370933681,6.986210462146292,61.15692075281677,10-213
10,213,00000,000000,0000,DISTRICT,Madhepura,Rural,383856,1913301,4.984423846442416,911.8479955234022,20.3973133343891,930.0886750181752,17.59137741526294,0.6380072973358608,51.21871468819905,40.56355058400669,60.88539259993914,20.321842015932447,48.78128531180095,39.255297519836134,30.237874243458652,88.81691768565464,63.790555366196585,43.78994290826978,7.1224862596395555,60.74470248016386,10-213
10,213,00000,000000,0000,DISTRICT,Madhepura,Urban,17433,88461,5.074341765616934,890.2326972798564,16.181141972168525,941.6711882799783,10.964153694848576,0.36739354065633445,73.49724196528517,66.3508064516129,79.79049889669515,13.439692445082258,26.50275803471483,29.927312601033222,13.362296577216648,29.432650902772533,18.69381279746166,19.434161819143313,3.120042305658382,70.07268739896676,10-213
10,214,00000,000000,0000,DISTRICT,Saharsa,Total,368979,1900661,5.15113597250792,906.0474902073258,20.386539209254043,932.5925076185679,16.69150890137694,0.3161531698709028,53.198888170755396,41.67758773490764,63.560765529819484,21.883177794911845,46.801111829244604,34.19326223876851,21.38093851931461,80.23305195584538,54.90600063394564,44.09491951044625,7.860156516868801,65.80673776123149,10-214
10,214,00000,000000,0000,DISTRICT,Saharsa,Rural,340117,1744121,5.128003010728661,908.4729664519418,20.74001746438464,933.8112650756992,17.467652760330274,0.3206772924584934,51.076541352295656,39.20035145363603,61.78829350037904,22.58794204674301,48.923458647704344,34.86552825176694,22.536067970871006,84.25761021679106,57.510890532267055,45.52398712705374,8.091801143567556,65.13447174823307,10-214
10,214,00000,000000,0000,DISTRICT,Saharsa,Urban,28862,156540,5.423740558519853,879.43475285445,16.448192155359653,915.6312774347148,8.04395042800562,0.2657467739874792,75.63077252431341,68.32562108234058,82.00429491768074,13.678673835340163,24.369227475686586,26.703079085217833,8.288167756556405,21.686084064974523,17.011554747494078,23.305662543958277,4.490323198009618,73.29692091478216,10-214
10,215,00000,000000,0000,DISTRICT,Darbhanga,Total,803012,3937385,4.903270436805427,911.3992627972829,18.425477823479287,931.1066274136105,15.636977333941182,0.07040205618703785,56.559429098574896,45.237739880442724,66.82824041556357,21.590500535120846,43.440570901425104,31.07747908827813,14.685613783905282,71.81752803112026,52.4758098787225,40.2318492367036,6.9318590435095295,68.92252091172186,10-215
10,215,00000,000000,0000,DISTRICT,Darbhanga,Rural,729100,3554057,4.874580990261967,912.2792291819676,18.803750193089193,932.2117205547733,16.058690111047742,0.06204177366879597,54.40135201771734,42.644857900482634,65.07297672862758,22.428118828144946,45.59864798228266,31.439225651136155,15.314135199279038,76.93875249693923,56.25496702966256,42.012300334357164,7.225103994386808,68.56077434886384,10-215
10,215,00000,000000,0000,DISTRICT,Darbhanga,Urban,73912,383328,5.1862755709492365,903.2789815495223,14.918294515401954,918.2851967394587,11.72703272393355,0.14791510142749814,75.65446952554409,68.27413959326816,82.30172559486692,14.027586001598763,24.345530474455913,27.723516153268218,8.82786218420879,17.971808190304124,12.740891297801868,21.51178109003312,3.848614875037639,72.27648384673178,10-215
10,216,00000,000000,0000,DISTRICT,Muzaffarpur,Total,945703,4801062,5.076712244753374,899.5322249640652,17.607250229220117,915.3870380818373,15.66268046528039,0.12453494664305521,63.43289109688307,54.67115682812456,71.28496499306381,16.61380816493925,36.56710890311693,32.23424317369782,15.494520719662733,67.35890606402486,49.690356464842665,41.17910087064629,6.936997362343676,67.76575682630218,10-216
10,216,00000,000000,0000,DISTRICT,Muzaffarpur,Rural,857133,4327625,5.048953896303141,900.7388400974696,18.068501776378497,916.8223291022567,16.371289101990122,0.10996793853441554,61.49506104316003,52.26692350355735,69.77480606010666,17.507882556549305,38.50493895683997,32.45260391092112,15.892136435647716,72.87840521436857,53.7383573514323,43.07991800214607,7.406080914137937,67.54739608907889,10-216
10,216,00000,000000,0000,DISTRICT,Muzaffarpur,Urban,88570,473437,5.345342666817206,888.5733091329756,13.39101084199165,897.8596018560096,9.185382638027868,0.2576900411247959,80.18968927345935,75.58557577078113,84.27420839469808,8.688632623916945,19.81031072654065,30.23823655523333,11.833788248814825,13.211184766588199,9.978415607820674,22.531590748747895,2.33516579467585,69.76176344476667,10-216
10,217,00000,000000,0000,DISTRICT,Gopalganj,Total,413044,2562012,6.2027580596740295,1021.0465532719186,17.54597558481381,954.3592998687036,12.492681533107573,2.3734080870815593,65.46791877989966,54.80801615139138,76.50975471545374,21.70173856406236,34.53208122010034,28.42301285083754,14.572224119362213,75.20245097164107,46.50721435427856,50.1358828125751,11.106274229230666,71.57698714916245,10-217
10,217,00000,000000,0000,DISTRICT,Gopalganj,Rural,387421,2399207,6.192764460367404,1024.7036415360092,17.663711384636674,955.0438950578271,12.68402434637778,2.4777770321610433,64.79965252923685,53.98880877823867,76.04616814707705,22.057359368838384,35.20034747076315,28.57690061757906,14.935597575438134,77.76491024898668,47.98014640784459,51.62036057927216,11.53468617409961,71.42309938242094,10-217
10,217,00000,000000,0000,DISTRICT,Gopalganj,Urban,25623,162805,6.353861764820669,968.6453282385519,15.810939467461074,943.1569411942327,9.67292159331716,0.8353551795092288,75.09922372030584,67.01177305803704,82.97241260150896,15.960639543471927,24.900776279694156,26.15521636313381,9.064239882156143,33.9439199661829,22.79132027617303,26.234089521394015,4.208350946409281,73.84478363686618,10-217
10,218,00000,000000,0000,DISTRICT,Siwan,Total,535661,3330464,6.217484565798145,988.2298861553708,16.55679208662817,940.3282334229453,11.610544356582146,2.612248623615208,69.45458981247522,58.65882790258071,80.22894495802004,21.570117055439326,30.54541018752478,27.996579455595377,12.203888668059303,68.77531059098085,40.36224174617338,50.4401468872263,11.14845734092937,72.00342054440463,10-218
10,218,00000,000000,0000,DISTRICT,Siwan,Rural,507055,3147551,6.207513977773615,992.518128614249,16.710134323478794,942.1304501949663,11.925938610684943,2.6615295510700223,68.94538469196759,57.93686705943833,79.9863087902609,22.04944173082258,31.05461530803241,28.07366743223541,12.39748805063698,71.81035565670363,42.11035576987279,51.98809913165307,11.517111742092021,71.92633256776459,10-218
10,218,00000,000000,0000,DISTRICT,Siwan,Urban,28606,182913,6.394217996224568,917.2265604528064,13.918092207770908,903.8288962010171,6.1832674550196,1.7642267088725243,77.93274268838715,71.22457638354857,84.10030109833848,12.87572471478991,22.06725731161285,26.670056256252973,8.735201353019152,13.799889305700757,8.69770206834348,22.401246335813703,4.470819752782732,73.32994374374702,10-218
10,219,00000,000000,0000,DISTRICT,Saran,Total,631097,3951862,6.261893179653841,953.6390021657872,17.23597635747402,925.5550718328253,11.996016055216502,0.9308523425160089,65.96266265531749,54.42475417338636,77.0343356202178,22.60958144683144,34.03733734468251,26.32255377338581,9.464340052907119,69.74969982628858,47.43763644805817,47.557802065118224,9.400412023867775,73.67744622661418,10-219
10,219,00000,000000,0000,DISTRICT,Saran,Rural,575224,3598660,6.2561019707105405,957.794897936423,17.430404650619952,926.9270468536882,12.176282282849728,0.9971767268927879,65.03970015470827,53.17019969783466,76.48709667822516,23.316896980390496,34.96029984529173,26.388489048701462,9.712525865628804,73.84944904973716,50.100775879498585,49.58310166464483,10.017038178999865,73.61151095129854,10-219
10,219,00000,000000,0000,DISTRICT,Saran,Urban,55873,353202,6.321514864066723,912.2803218156815,15.25500988103125,909.7256681080314,10.159342246080147,0.25509481826263725,75.12503299133706,67.23796321578347,82.32388425949594,15.085921043712474,24.874967008662935,25.650760754469115,6.871216617210682,26.777337498206382,19.523394297950308,26.329208931665914,2.937118511241846,74.34923924553088,10-219
10,220,00000,000000,0000,DISTRICT,Vaishali,Total,626087,3495021,5.582324820671888,894.7978758874187,17.22144158790462,903.9474391783101,21.116639928629898,0.06506398673999383,66.5971225607716,56.72686451892767,75.41032945434655,18.683464935418883,33.402877439228405,30.338701827542668,12.220400536569228,71.45360373614601,47.40320122526274,32.47417819122851,5.010449439049969,69.66129817245734,10-220
10,220,00000,000000,0000,DISTRICT,Vaishali,Rural,587807,3261942,5.549341875819785,895.1325832069211,17.36756815418545,904.2497050449912,21.3869529255885,0.0633978163928114,66.03741454955848,55.947295911627236,75.05018550021845,19.10288958859121,33.96258545044152,30.558912451539605,12.578202023598042,74.35730236533597,49.23847377745497,33.45669302397438,5.188731297915158,69.4410875484604,10-220
10,220,00000,000000,0000,DISTRICT,Vaishali,Urban,38280,233079,6.088793103448276,890.126019754448,15.176399418223005,899.1195103618597,17.33360791834528,0.08838205072100018,74.22789394353232,67.38480724160915,80.30815375210149,12.923346510492337,25.772106056467678,27.256852826723986,7.198105042590989,25.89327876593735,18.606957342987567,17.05808279552967,2.2131276562254056,72.74314717327601,10-220
10,221,00000,000000,0000,DISTRICT,Samastipur,Total,835493,4261566,5.100660328692161,911.0135726274807,18.710985586049823,923.3186841813279,18.845842115316294,0.044209100598230786,61.85812824661501,51.51149221721916,71.25497888363941,19.743486666420253,38.14187175338499,31.523623006190682,15.053631120472266,75.97647759416407,53.71661456007146,32.45250856036922,5.093642995384844,68.47637699380932,10-221
10,221,00000,000000,0000,DISTRICT,Samastipur,Rural,807402,4113769,5.095069122939997,911.360222425315,18.871793724927187,923.7385363726246,18.944743858977013,0.03199012876026826,61.142371054108445,50.62758345906403,70.69509365167774,20.06751019261371,38.857628945891555,31.6680883151193,15.27706403683719,77.99135982903883,55.102966642922055,33.06185674633391,5.2053652575471006,68.3319116848807,10-221
10,221,00000,000000,0000,DISTRICT,Samastipur,Urban,28091,147797,5.261364849951942,901.4151550238004,14.235065664391023,907.9532057676612,16.0930194794211,0.38431091294139935,80.70338755739283,74.89467987677962,85.93316642429876,11.038486547519142,19.29661244260717,27.502588009228873,8.798721223971341,11.400314898642,9.284589647707145,12.923145050186971,1.5129895689824837,72.49741199077113,10-221
10,222,00000,000000,0000,DISTRICT,Begusarai,Total,589667,2970541,5.037658542872503,894.888560019392,18.379312051239154,918.9187289335963,14.55189475587107,0.05376125089672218,63.87397219142647,55.20832146959129,71.58259056083382,16.37426909124253,36.12602780857353,31.58286655528404,15.884241072478705,61.491800098488355,45.926056991074226,36.91938237996465,6.020686817696353,68.41713344471596,10-222
10,222,00000,000000,0000,DISTRICT,Begusarai,Rural,482492,2400718,4.975663845203651,895.8405064170803,18.728938592537734,919.9899224111059,15.46074965906033,0.03469795286243532,61.81122439827193,52.680192042343336,69.94114085018772,17.260948807844386,38.18877560172807,32.35731976850259,17.165486905087228,68.64682135096446,51.16644009845419,39.226552764647124,6.44200368688273,67.64268023149741,10-222
10,222,00000,000000,0000,DISTRICT,Begusarai,Urban,107175,569823,5.316752974107768,890.8883962940349,16.90630248340274,913.9349147693408,10.722803396844283,0.13407672206983573,72.37389833300597,65.65139412682215,78.33183277693233,12.680438650110176,27.626101666994032,28.32002218232679,10.470404624708069,27.0495866744333,20.70036065289328,25.81332804541004,3.9925886450109687,71.67997781767322,10-222
10,223,00000,000000,0000,DISTRICT,Khagaria,Total,328823,1666886,5.069250022048336,886.0742306395439,20.450108765686437,925.7995446507765,14.827708673538561,0.04049467090130939,57.92040156681041,49.55775507204951,65.24712816877695,15.689373096727444,42.07959843318959,33.64387246638342,20.762227046354234,76.71971540909942,58.08275603819509,45.38511603855173,7.739053681761041,66.35612753361657,10-223
10,223,00000,000000,0000,DISTRICT,Khagaria,Rural,312717,1579727,5.051618556074661,886.7345610374534,20.679142661991598,926.0303048169329,15.229403561501451,0.036651902512269526,56.82473127633069,48.30076770382417,64.29813485983365,15.997367156009481,43.17526872366931,34.03100662329631,21.495435358261748,79.25062825871424,60.066183405041315,46.61019313723849,7.915780780026674,65.9689933767037,10-223
10,223,00000,000000,0000,DISTRICT,Khagaria,Urban,16106,87159,5.411585744443065,874.1855714439307,16.298947899815282,920.5083141814249,7.54712651590771,0.11014353078855883,76.73981878743848,71.29856699660215,81.44880842794313,10.150241431340987,23.26018121256152,26.627198568134098,7.37196831800069,18.09289900034471,12.138055842812822,17.00706652878318,3.6452947259565667,73.3728014318659,10-223
10,224,00000,000000,0000,DISTRICT,Bhagalpur,Total,564711,3037766,5.379328541501759,880.1977887715445,17.98630967625551,937.9577707076404,10.486949949403607,2.2114935778463516,63.14024654569509,54.88641723203226,70.30447033348679,15.418053101454532,36.85975345430491,32.376687341948,17.12056018445921,62.06117161890663,48.31870572063022,45.69254764480523,9.67252584573088,67.623312658052,10-224
10,224,00000,000000,0000,DISTRICT,Bhagalpur,Rural,458408,2435234,5.312372384426101,879.9292257288561,18.766574382585,942.5246316934873,11.049780021139652,2.6952646029087965,59.836803112286574,50.85654784207454,67.61404369316682,16.75749585109228,40.163196887713426,33.09057774324767,18.618535102926003,72.81930623342554,56.72403587343779,50.863516386149485,10.976840114515042,66.90942225675232,10-224
10,224,00000,000000,0000,DISTRICT,Bhagalpur,Urban,106303,602532,5.6680620490484745,881.2840135257918,14.832739174018975,914.9364701849114,8.212177942416336,0.2562519501038949,75.8749707693507,70.33111532264125,80.72885828527151,10.39774296263026,24.125029230649304,29.491379710953115,11.071194487254434,13.273868144854948,10.201187427896114,22.24260671375109,3.757562114859732,70.50862028904689,10-224
10,225,00000,000000,0000,DISTRICT,Banka,Total,381601,2034763,5.332174181933485,906.7441947635737,18.443523889514406,942.6645753420403,12.181172942499938,4.444350521412075,58.170054372421255,47.65760260719014,67.61869236727954,19.961089760089394,41.829945627578745,37.895322452786885,26.1737267510177,82.35902889453753,59.995590600197126,51.48402241012606,11.83495875914302,62.104677547213115,10-225
10,225,00000,000000,0000,DISTRICT,Banka,Rural,367997,1963450,5.335505452490102,907.9348205271224,18.52560543940513,944.0994120791021,12.235249178741501,4.594463826427972,57.63054405520004,46.98209873936271,67.21306607980789,20.230967340445176,42.36945594479996,38.27013674908961,26.834076628426303,83.3552697244532,60.65463159505733,52.28934743117984,12.042879101428639,61.72986325091039,10-225
10,225,00000,000000,0000,DISTRICT,Banka,Urban,13604,71313,5.242061158482799,874.5367084614778,16.183585040595684,898.5030432636947,10.692300141629156,0.31130368936939967,72.60924847754802,66.06372266973533,78.30371668126642,12.239994011531095,27.39075152245198,27.575617348870473,7.628494138863841,44.29188914314772,34.81311975591152,20.711924739384692,3.8901601830663615,72.42438265112952,10-225
10,226,00000,000000,0000,DISTRICT,Munger,Total,263171,1367765,5.197248177040783,876.1153350771767,16.805518491846186,921.7296068087383,13.44134409054187,1.564888705296597,70.46431819879516,62.079757793651545,77.73509672973105,15.65533893607951,29.535681801204845,31.193808877987085,15.531747671920893,56.814122786869106,46.0436696370395,45.29529506068092,9.01002676616869,68.80619112201292,10-226
10,226,00000,000000,0000,DISTRICT,Munger,Rural,192161,987645,5.139674543741966,873.0264991968504,17.88365252697072,926.6228170642582,15.057333353583523,1.9792536792065976,66.21566968920541,56.681477692889636,74.43173209801158,17.750254405121943,33.78433031079459,32.925595735309756,18.61339079735677,69.83037504458959,56.675523082032555,51.56494089572801,10.662755083213403,67.07440426469024,10-226
10,226,00000,000000,0000,DISTRICT,Munger,Urban,71010,380120,5.353048866356851,884.1887162811908,14.00426181205935,905.670509057063,9.242607597600758,0.4882668630958644,81.00536270943782,75.31797307272716,86.01445272944859,10.696479656721436,18.99463729056218,26.694201831000736,7.578849409680566,15.100029565388784,11.971025918990835,25.202522913176306,3.7134128313787325,73.30579816899926,10-226
10,227,00000,000000,0000,DISTRICT,Lakhisarai,Total,163355,1000912,6.127219858590187,901.6272596870873,18.804250523522548,919.5716471188169,15.30694007065556,0.832540722860751,62.41801997790078,52.57191020881731,71.25509286823333,18.683182659416026,37.58198002209922,32.627843406812985,18.139061502380063,73.03108617902112,48.98400372348243,38.18712948900103,6.607650286610162,67.37215659318701,10-227
10,227,00000,000000,0000,DISTRICT,Lakhisarai,Rural,139248,857901,6.1609574284729405,902.7975238597977,19.100921901245016,925.0387669752362,16.12004182300755,0.9470789753130024,60.893558528832884,50.70957522959534,70.0349156092186,19.325340379623263,39.106441471167116,33.12281953278992,19.321046192247408,78.73775782039056,52.72609541773854,39.689119900338184,6.7528619339036675,66.87718046721008,10-227
10,227,00000,000000,0000,DISTRICT,Lakhisarai,Urban,24107,143011,5.932343302775127,894.6371320314777,17.024564543986127,883.5680024756305,10.429267678710028,0.14544335750396822,71.33418728510753,63.46866756968703,78.38896348871411,14.920295919027083,28.665812714892468,29.65855773332121,11.01452709206415,34.79900978427443,23.91370977248615,28.124484262642934,5.634799009784274,70.34144226667878,10-227
10,228,00000,000000,0000,DISTRICT,Sheikhpura,Total,100701,636342,6.319122948133583,929.8120051070076,19.116607107498798,939.8341572317015,20.604486266818785,0.09696043951208627,63.85840157763335,53.397372225048656,73.5605711653616,20.163198940312938,36.14159842236665,35.304128911811574,23.837651133891498,73.09296476820013,48.8286483719481,34.12031782065834,6.2224299481427074,64.69587108818843,10-228
10,228,00000,000000,0000,DISTRICT,Sheikhpura,Rural,82905,527340,6.360774380314818,936.1873990306947,19.541472294914097,945.2571967909391,21.47438085485645,0.09614290590510866,62.33825920950294,51.42431858666211,72.53185039998176,21.107531813319653,37.66174079049706,36.65604733189214,26.29618009255628,79.27077836752852,52.68595255093067,34.83461112663087,5.89543822619528,63.34395266810786,10-228
10,228,00000,000000,0000,DISTRICT,Sheikhpura,Urban,17796,109002,6.125084288604181,899.5521321645784,17.061154841195574,910.3235747303544,16.396029430652646,0.10091557953065082,70.99275482550745,62.8528661973478,78.29709536601747,15.444229168669672,29.007245174492553,28.76369240931359,11.693368720819853,35.00462475680158,25.04704493987816,29.71645456575128,8.238446081714669,71.23630759068641,10-228
10,229,00000,000000,0000,DISTRICT,Nalanda,Total,477529,2877653,6.026132444312283,922.2028509211387,18.02444561592381,930.6223479490806,21.11693105457816,0.05011028084345124,64.43200682331117,53.103650187692594,74.85818951481602,21.754539327123425,35.56799317668883,36.32891109525714,24.77305042108717,72.24474373935834,51.081957490769256,29.12427541083966,4.564863882458725,63.67108890474286,10-229
10,229,00000,000000,0000,DISTRICT,Nalanda,Rural,401779,2419759,6.022611933426088,923.912801496031,18.440390138026142,931.6078370258781,22.942119442473402,0.050583549849385824,62.43538280840679,50.23827025930901,73.68333395018321,23.4450636908742,37.56461719159321,37.720037408684085,27.02621530750901,79.32552090751523,56.014457662363846,30.79144635786549,4.898141188999205,62.27996259131591,10-229
10,229,00000,000000,0000,DISTRICT,Nalanda,Urban,75750,457894,6.0448052805280525,913.2167867230459,15.82637029530852,924.5764062251022,11.471650644035519,0.04760927201492048,74.65557590821584,67.8684938067353,80.83925862017671,12.970764813441406,25.344424091784163,28.97744892922816,12.793623777234837,23.53677102331821,17.151771852343124,17.65596973305398,2.27228192876415,71.02255107077184,10-229
10,230,00000,000000,0000,DISTRICT,Patna,Total,975578,5838465,5.984621424427365,896.5217611625357,16.16096011537279,909.1431485063573,15.773289725981057,0.15533192371625076,70.67907029195412,61.95854029357374,78.47616593222726,16.51762563865352,29.32092970804588,32.23254742470838,16.140673410018213,49.38763559535487,34.975710537195134,27.13336514539138,4.027502197263809,67.76745257529161,10-230
10,230,00000,000000,0000,DISTRICT,Patna,Rural,546154,3323875,6.085966595502367,903.6812187683453,18.471212064232258,923.2950006735103,19.984776804181866,0.06486405174683164,62.3773070373056,51.03985385542816,72.57299891645792,21.533145061029757,37.6226929626944,34.27649956752285,20.090502899515165,73.39376182735485,52.0415901582364,32.690018853549695,5.213076709722042,65.72350043247715,10-230
10,230,00000,000000,0000,DISTRICT,Patna,Urban,429424,2514590,5.8557276724170055,887.1403623449985,13.107186459820488,883.3290477414931,10.206395476002053,0.2749155926015772,80.97522286061589,75.59327543318061,85.75286699922763,10.159591566047027,19.024777139384113,29.530778377389556,10.868511457969399,12.55598738449025,8.792207687273255,18.608011548955126,2.2085222023814333,70.46922162261045,10-230
10,231,00000,000000,0000,DISTRICT,Bhojpur,Total,416090,2728407,6.557252036818958,907.4700429256561,16.82985712908668,918.3628281612941,15.591588791554924,0.5122769440189825,70.47139545746997,58.02844359694455,81.73576173619834,23.707318139253793,29.528604542530033,30.145539136939615,14.037458388770032,67.57151732598332,44.36207967727385,37.74913585890701,7.380002018254259,69.85446086306038,10-231
10,231,00000,000000,0000,DISTRICT,Bhojpur,Rural,356659,2338546,6.556811968855405,910.1491986271047,17.20167146594508,920.4684337165337,16.578292665613592,0.5028338121208649,69.15658245178763,55.817951158316035,81.26831623653689,25.450365078220855,30.843417548212372,30.88876592549388,15.151417248212285,74.12895169641226,48.51733513486574,39.97283857642023,7.770769767480494,69.11123407450613,10-231
10,231,00000,000000,0000,DISTRICT,Bhojpur,Urban,59431,389861,6.559892985142434,891.555801383754,14.599562408140338,903.6120401337793,9.672934712628347,0.5689207178968915,78.11787603283446,71.02407217185477,84.42788554305756,13.403813371202787,21.88212396716554,25.6873603669,7.282522924546271,20.27260472315143,14.390134305257376,21.709521194268312,4.561385990314045,74.31263963309999,10-231
10,232,00000,000000,0000,DISTRICT,Buxar,Total,261660,1706352,6.52125659252465,921.6173391878393,17.295786566898272,933.6613683120831,14.75293491612516,1.5720085890836122,70.13814239401938,58.62971500605142,80.71573983036672,22.086024824315295,29.861857605980617,31.54812137237803,16.635649915992058,71.3814408476711,46.773120920192746,38.968312645591304,8.212556796861357,68.45187862762197,10-232
10,232,00000,000000,0000,DISTRICT,Buxar,Rural,235177,1541853,6.556138567972208,924.7034650461999,17.592143998163248,936.1366491548653,15.399003666367674,1.5469697824630493,69.11494339717679,57.100840198288104,80.1953130909696,23.0944728926815,30.885056602823212,32.052407071231826,17.49119493713948,76.3260292876785,50.01932412115718,40.931321466366924,8.672989330252266,67.94759292876817,10-232
10,232,00000,000000,0000,DISTRICT,Buxar,Urban,26483,164499,6.211494166068799,893.1649998273699,14.518021386148245,905.9856344772545,8.69731730891981,1.8066979130572223,79.38371605140203,72.69681236416325,85.34177862051344,12.644966256350187,20.616283948597967,26.821439644009992,8.4694876816823,15.996917567598196,10.412275333741302,16.98057614287981,3.055234468847034,73.17856035599,10-232
10,233,00000,000000,0000,DISTRICT,Kaimur (Bhabua),Total,250884,1626384,6.482613478739179,920.156409753886,18.40161978966837,942.0589857564647,22.69377957481136,3.565025233893103,69.34473058986379,58.39669379787512,79.36530615484752,20.968612356972393,30.655269410136214,31.429416423181735,17.347679816469032,77.01398575405497,52.54625236959639,44.31404463938118,9.155396615169721,68.57058357681827,10-233
10,233,00000,000000,0000,DISTRICT,Kaimur (Bhabua),Rural,240695,1560813,6.484609152662083,921.4783244572805,18.557764447118263,943.0603072382103,23.136147635879507,3.6110027274247463,68.7595827751166,57.62477115076826,78.96605692160162,21.34128577083336,31.2404172248834,31.723979746452653,17.837985878706505,78.7340049116231,53.81115293889553,44.99163893107571,9.340970045561766,68.27602025354736,10-233
10,233,00000,000000,0000,DISTRICT,Kaimur (Bhabua),Urban,10189,65571,6.435469624104426,889.2186239483692,14.684845434719618,912.4131082423039,12.163913925363348,2.4706043830351834,82.64094955489614,76.26099204385397,88.28901695143733,12.028024907583358,17.35905044510386,24.417806652331063,5.45637170722224,23.82112297795266,13.42826806570483,23.358940728249326,3.4164012241583914,75.58219334766893,10-233
10,234,00000,000000,0000,DISTRICT,Rohtas,Total,460345,2959918,6.429782011317599,917.609193376809,17.12243379715249,930.8960125574342,18.566257578757252,1.069286378879415,73.36945621635901,62.97152988474757,82.88238287933855,19.910852994590982,26.630543783640988,31.246777782357483,15.316597617010219,67.42838792966431,43.848330430250876,41.3502739277246,9.524813516146438,68.75322221764252,10-234
10,234,00000,000000,0000,DISTRICT,Rohtas,Rural,390394,2532153,6.486147328083936,920.8064168656639,17.526468582269715,933.3600526253882,20.105617630530226,1.1229574200295163,72.4994684814275,61.53175134325103,82.56958343168961,21.037832088438577,27.5005315185725,32.02883080129834,16.5539012601771,74.31613809294234,48.23598460701907,44.037562621837466,10.306910195692085,67.97116919870166,10-234
10,234,00000,000000,0000,DISTRICT,Rohtas,Urban,69951,427765,6.115209217881088,898.8990988591468,14.730751697777986,913.7182251647585,9.454022652624689,0.7515808913772749,78.35049567925604,71.31936267828246,84.6529377206345,13.333575042352038,21.649504320743958,26.617418442369058,7.899454307513766,18.36729316704725,12.595292464430003,22.208852977340594,3.953978570173898,73.38258155763094,10-234
10,235,00000,000000,0000,DISTRICT,Aurangabad,Total,391898,2540073,6.4814645647591975,926.218108356513,17.9283823732625,944.0014343282562,24.09631534211812,0.04066812253033673,70.32267317894025,59.711912310010185,80.10979059928368,20.3978782892735,29.67732682105975,32.98212295473398,19.536200178649064,72.17028540052759,50.8607374339019,42.67090012772002,8.0853933657209,67.01787704526602,10-235
10,235,00000,000000,0000,DISTRICT,Aurangabad,Rural,355036,2303219,6.487282979754165,927.9946158566037,18.162406614394897,944.9597589722846,25.324947388850127,0.03573259859353366,69.3956546212821,58.37087829247846,79.58551973375258,21.214641441274118,30.604345378717895,33.541447860581215,20.404564315352697,76.59439790921553,54.00571884955077,44.05494652008393,8.4855922012393,66.45855213941879,10-235
10,235,00000,000000,0000,DISTRICT,Aurangabad,Urban,36862,236854,6.425424556453801,909.112158948938,15.652680554265498,933.2533764405277,12.14883430298834,0.08866221385325981,79.06897587346081,72.50663912658601,85.00591106704294,12.499271940456936,20.931024126539185,27.543127834024332,11.00107279965245,19.78018609071539,13.618038842987875,26.281098149822952,3.3462605576589968,72.45687216597567,10-235
10,236,00000,000000,0000,DISTRICT,Gaya,Total,688425,4391418,6.378934524458002,937.4763408610206,17.83157513131294,960.460761192311,30.385424480202065,0.07054668901935549,63.67473413814978,53.34251464060523,73.31014278522233,19.967628144617095,36.32526586185022,37.893500459304946,27.667432837675282,69.36424243808223,47.083882691870855,39.482002473465535,6.678116560560844,62.10649954069506,10-236
10,236,00000,000000,0000,DISTRICT,Gaya,Rural,598783,3809817,6.362600474629374,943.1972587871419,18.430832767033166,965.0111098051727,33.193116624761764,0.06388758305188937,61.008045987367886,50.01980874589368,71.31869639794168,21.298887652048002,38.991954012632114,38.94635884085771,29.5313982884722,76.17855686639237,51.69717984748464,40.95782070852583,7.128728218710932,61.05364115914229,10-236
10,236,00000,000000,0000,DISTRICT,Gaya,Urban,89642,581601,6.488041319917003,900.8183701883166,13.906097135321293,921.8230206254159,11.99344567839464,0.11416761663064542,80.22499465772493,74.4486621374555,85.40907196180227,10.960409824346769,19.775005342275065,30.996679854401897,15.161794744346526,13.278454822301237,9.113752724973235,27.335156453679616,2.9693194362009576,69.0033201455981,10-236
10,237,00000,000000,0000,DISTRICT,Nawada,Total,338247,2219146,6.560726333123427,938.6809100979499,17.73416440378416,945.2671642528793,25.465291603166264,0.09215256679821877,59.76186446202041,48.85846558300622,69.9812597760087,21.122794193002477,40.23813553797959,36.81781189700903,25.83598733524558,75.13760019387033,48.65178124476006,37.76211964883035,6.8656285302695945,63.18218810299096,10-237
10,237,00000,000000,0000,DISTRICT,Nawada,Rural,304903,2003567,6.571161976103876,942.0882542242763,17.98801836923846,947.0980080714436,26.95352838213047,0.09373282750214991,58.06428447538744,46.69962315121904,68.75834997915089,22.05872682793185,41.93571552461256,37.70130971412486,27.266488392455692,79.15527601668583,51.06642960876179,39.000835351105614,7.186667213859151,62.298690285875146,10-237
10,237,00000,000000,0000,DISTRICT,Nawada,Urban,33344,215579,6.465301103646833,907.576186599653,15.374874176056109,925.579503863359,11.633786222220161,0.07746580139995082,75.05179955490753,68.70895134760778,80.78789966492343,12.07894831731565,24.948200445092468,28.606682469071664,12.280753068725808,25.92670666450462,19.075725636452084,22.589589751905304,2.9333549537862815,71.39331753092833,10-237
10,238,00000,000000,0000,DISTRICT,Jamui,Total,307082,1760405,5.732687034733393,921.7052520347924,18.433996722345142,955.5455120672513,17.192009793200995,4.47584504702043,59.79474779440237,47.27555619716728,71.24002991525344,23.96447371808616,40.20525220559763,41.329750824384156,32.60329653540454,67.06658181813184,45.55789057012993,38.78920407767764,6.976363818788819,58.670249175615844,10-238
10,238,00000,000000,0000,DISTRICT,Jamui,Rural,282205,1615072,5.723045303945713,923.217619936745,18.644617701254184,957.0916984590187,17.54881516118167,4.841951318578986,58.3973642792561,45.55908508283774,70.15233710397675,24.59325202113901,41.6026357207439,42.129948386201974,33.9632862803368,69.66590195303257,47.23255475589665,39.59854738701613,7.252483359762738,57.870051613798026,10-238
10,238,00000,000000,0000,DISTRICT,Jamui,Urban,24877,145333,5.842062949712586,905.0571518456376,16.093385535287926,935.8549908955472,13.226865199232108,0.4073403838082197,74.85157121301582,65.94617063285878,82.85985733420553,16.913686701346748,25.148428786984184,32.43723036062009,17.332174668694332,29.549022103432183,21.38644945059607,27.10746255992533,2.9909634720631284,67.56276963937991,10-238
10,239,00000,000000,0000,DISTRICT,Jehanabad ,Total,181740,1125313,6.191884010124354,921.7001205638151,17.66486302033301,921.5191586436222,19.81439830518265,0.11419045190093778,66.79571475443808,55.01127367809936,77.65789309937153,22.646619421272177,33.20428524556192,32.46901084409404,18.33413311445887,72.69923202820094,49.13240534460203,31.11517387472699,5.023290948004532,67.53098915590596,10-239
10,239,00000,000000,0000,DISTRICT,Jehanabad ,Rural,159920,990117,6.191326913456728,925.7206984677742,17.992924068569675,923.980776499811,20.55403553317436,0.11220896116317566,65.4511395797361,53.09868931653378,76.89077922663256,23.79208991009878,34.54886042026391,33.169009319100674,19.372724350422196,77.42287127145171,52.19937152113808,31.94006309148265,5.064674859627541,66.83099068089933,10-239
10,239,00000,000000,0000,DISTRICT,Jehanabad ,Urban,21820,135196,6.195967002749771,892.7591420731366,15.262285866445751,900.5250069079857,14.397615314062545,0.12870203260451493,76.32548314449818,68.84110314682077,82.9968136567004,14.155710509879626,23.67451685550182,27.34252492677298,10.58211014929118,30.733647135205324,21.88497538278418,23.786722934588543,4.655629497375966,72.65747507322702,10-239
10,240,00000,000000,0000,DISTRICT,Arwal,Total,118222,700843,5.928194413899274,928.0571779134353,18.24103258504401,939.6297982096798,20.16343175290329,0.08418433229696237,67.42576814740612,54.85249532523646,79.0622574238794,24.20976209864294,32.57423185259388,33.72424351816313,20.26495052557315,82.00622794621627,61.22088054359139,31.76464117383247,5.481608096330081,66.27575648183688,10-240
10,240,00000,000000,0000,DISTRICT,Arwal,Rural,109769,648994,5.912361413513834,929.1183639498246,18.2816790293901,940.0712930865328,20.29525696693652,0.07889133027423982,66.79306190098181,54.08749309048427,78.56712101836783,24.479627927883556,33.20693809901819,34.21079393646166,21.028620422683908,83.84468485672849,62.48097069712556,32.11966166124688,5.630421662327835,65.78920606353834,10-240
10,240,00000,000000,0000,DISTRICT,Arwal,Urban,8453,51849,6.133798651366379,914.8724009306791,17.73226098864009,933.9503575936053,18.51337537850296,0.15043684545507147,75.29246278279217,64.45012787723785,85.16776418940107,20.717636312163222,24.70753721720783,27.634091303593127,10.628935895365736,53.517587939698494,41.69458403126745,26.263260748185367,3.175600223338917,72.36590869640688,10-240
11,241,00000,000000,0000,DISTRICT,North  District,Total,8873,43709,4.926067846275217,767.4484431864132,10.700313436592007,928.659793814433,2.2466768857672332,65.69585211283717,78.012912482066,70.96909188736772,83.29522528581036,12.326133398442636,21.987087517934,53.44208286622892,39.11691869961537,40.99062459865577,9.683633717196798,26.29821482083993,7.992636671090373,46.55791713377108,11-241
11,241,00000,000000,0000,DISTRICT,North  District,Rural,7819,39065,4.99616319222407,753.8385561641376,10.474849609624984,933.8374291115313,2.0581082810700115,68.33482657109946,77.3396620249907,69.8886263921701,82.8157555313027,12.927129139132603,22.6603379750093,55.32317931652374,41.30188791614555,43.84601147510642,10.161021654636313,27.827133074218025,8.472145104571533,44.67682068347626,11-241
11,241,00000,000000,0000,DISTRICT,North  District,Urban,1054,4644,4.40607210626186,890.8794788273615,12.5968992248062,893.2038834951456,3.832902670111973,43.49698535745048,83.81374722838137,79.34100418410041,87.79692594317653,8.45592175907612,16.186252771618626,37.61843238587424,22.349177330895795,5.666857469948483,3.777904979965655,7.384087006296508,2.06067544361763,62.38156761412576,11-241
11,242,00000,000000,0000,DISTRICT,West District,Total,28023,136435,4.8686792991471295,942.4670406332755,11.5117088723568,964.2321160580291,4.350056803606113,42.376956059662106,77.38985662102726,70.8601911535897,83.52559365058964,12.665402496999945,22.610143378972737,51.56154945578481,44.67876187742647,69.44049582077672,11.44737590265537,27.183430943310398,9.225564337294593,48.43845054421519,11-242
11,242,00000,000000,0000,DISTRICT,West District,Rural,26890,131187,4.878653774637412,942.705248193342,11.561358976118061,964.1284641284641,4.316738701243263,42.98749113860367,76.90484399241511,70.29209805386559,83.12042270006353,12.828324646197942,23.09515600758489,52.15303345605891,45.67775177115569,71.28387266508813,11.720599842146804,27.79385541816481,9.452190943903652,47.84696654394109,11-242
11,242,00000,000000,0000,DISTRICT,West District,Urban,1133,5248,4.631950573698147,936.531365313653,10.270579268292684,967.1532846715328,5.182926829268292,27.115091463414636,89.33956253981738,84.90981082270127,93.4729064039409,8.563095581239622,10.66043746018262,36.77591463414634,19.62174940898345,4.093264248704663,1.7616580310880827,5.544041450777202,1.1917098445595855,63.224085365853654,11-242
11,243,00000,000000,0000,DISTRICT,South District,Total,30543,146850,4.807975640899715,915.351506456241,10.721144024514812,952.6230931415106,4.121893088185223,28.186584950629896,81.41580095495247,75.81561304980879,86.517410759835,10.701797710026213,18.584199045047527,50.9043241402792,41.96779709318894,56.17165866252859,5.602450737763033,31.91176273861919,10.398244886492849,49.09567585972081,11-243
11,243,00000,000000,0000,DISTRICT,South District,Rural,25703,125651,4.888573318289694,908.1976673551209,10.931866837510247,955.5808656036446,4.012701848771597,29.37421906709855,80.20908725371933,74.2630577687367,85.57561539507684,11.312557626340137,19.790912746280668,53.16869742381676,45.41912613079611,62.34226952265482,6.170012124477974,34.82269822024638,11.503285583846004,46.831302576183234,11-243
11,243,00000,000000,0000,DISTRICT,South District,Urban,4840,21199,4.37995867768595,958.8800591387914,9.472144912495873,932.6275264677574,4.769092881739705,21.14722392565687,88.45292063988327,84.57695578231292,92.1803127874885,7.603357005175582,11.547079360116726,37.48290013679891,22.077671774115835,4.29146740498364,0.8306065945129625,7.437704505411529,1.1074754593506166,62.517099863201096,11-243
11,244,00000,000000,0000,DISTRICT,East District,Total,61567,283583,4.6060876768398655,872.6755243277511,9.868010423756008,960.075646144148,5.397008988550089,27.658921726619717,83.85361445076076,78.50460977339502,88.47289562903285,9.96828585563783,16.14638554923924,49.254715550650076,35.81282018297251,30.765045318518307,8.221051275075531,20.489984106301637,5.116052635347012,50.745284449349924,11-244
11,244,00000,000000,0000,DISTRICT,East District,Rural,32876,161096,4.900109502372551,848.5547408401895,10.070392809256592,978.6559336504453,5.478720762774991,29.2670209067885,79.9948920778889,73.40159271899887,85.50058266200537,12.0989899430065,20.005107922111094,53.97278641307047,43.846434704999396,47.74807931177255,12.12563831255463,25.082808115195288,7.024888439067029,46.027213586929534,11-244
11,244,00000,000000,0000,DISTRICT,East District,Urban,28691,122487,4.269178488027604,905.3745041611573,9.601835296807009,935.0115169463639,5.289540930874296,25.54393527476385,88.90233549482507,84.91022296692626,92.504337966224,7.594114999297744,11.097664505174933,43.04946647399316,25.605649290402393,2.761236487767874,1.7826664138061825,12.916745685567987,1.9685188697136355,56.95053352600684,11-244
12,245,00000,000000,0000,DISTRICT,Tawang,Total,10062,49977,4.966905187835421,714.418030256252,11.58132741060888,986.2731640356898,0.0,69.65404085879504,59.00337187987961,46.529634581105164,67.53820939894042,21.00857481783526,40.99662812012039,57.14828821257778,43.24882358590224,32.25377262700886,5.535520464969714,14.463779279436995,1.8066594306922028,42.85171178742221,12-245
12,245,00000,000000,0000,DISTRICT,Tawang,Rural,8377,38775,4.628745374238988,864.899961523663,13.15022566086396,985.5919003115264,0.0,80.21921341070278,49.05273785485212,41.96220553973596,55.06474978050922,13.102544240773256,50.94726214514788,52.804642166344294,45.45960073402658,44.708180708180706,7.536019536019537,18.866910866910867,2.31013431013431,47.195357833655706,12-245
12,245,00000,000000,0000,DISTRICT,Tawang,Urban,1685,11202,6.648071216617211,340.1124536427803,6.150687377254062,991.3294797687862,0.0,33.08337796821996,90.87796062018452,74.76,95.90665169100212,21.14665169100212,9.122039379815476,72.18353865381182,29.26486106225818,0.7172891417264408,0.4699480583724957,3.314370516942864,0.5317833292109819,27.81646134618818,12-245
12,246,00000,000000,0000,DISTRICT,West Kameng,Total,18159,83947,4.622886722837161,818.8061965117539,13.869465257841258,973.3898305084746,0.0,55.24914529405458,67.06682894445673,59.053324596711285,73.4467767979133,14.393452201202017,32.93317105554327,50.61884284131655,37.52116850127011,38.079213046854775,4.01242557597722,18.217118113571647,3.457039983056033,49.38115715868345,12-246
12,246,00000,000000,0000,DISTRICT,West Kameng,Rural,14069,68015,4.834387660814556,798.9103123594912,14.426229508196723,967.121090617482,0.0,57.113871940013226,64.36609796745873,55.59057599873927,71.15261570336065,15.562039704621384,35.63390203254127,52.697199147246934,39.704032311461305,43.52435689972658,4.123653813961274,19.627810948049774,3.8000111600915125,47.302800852753066,12-246
12,246,00000,000000,0000,DISTRICT,West Kameng,Urban,4090,15932,3.895354523227384,908.9384136113108,11.4925935224705,1007.6754385964912,0.0,47.28847602309817,78.21431104177009,72.23638818059098,83.57546408393866,11.339075903347677,21.785688958229912,41.746171227717795,28.829422620616924,8.735528491956098,3.4130205984062543,10.614945121034431,1.608780634491054,58.253828772282205,12-246
12,247,00000,000000,0000,DISTRICT,East Kameng,Total,14508,78690,5.423904052936311,1029.4003868471953,18.58685982971153,1000.5471207769115,0.0,92.0066082094294,60.01654595404595,51.68711656441718,68.64670734808035,16.959590783663174,39.98345404595405,40.29736942432329,38.29637980709006,72.21065909807632,3.352254809208451,14.46546830652791,1.7376222011983602,59.70263057567671,12-247
12,247,00000,000000,0000,DISTRICT,East Kameng,Rural,10898,60340,5.536795742338044,1045.0077950247407,18.624461385482267,1005.3533190578158,0.0,95.78554855817036,54.81243126552889,46.86904761904762,63.18718098903857,16.318133369990953,45.18756873447111,43.22837255551873,43.47797885451125,84.50007667535654,3.6382456678423556,15.036037417573992,1.9628891274344424,56.771627444481275,12-247
12,247,00000,000000,0000,DISTRICT,East Kameng,Urban,3610,18350,5.083102493074792,979.7173373610962,18.463215258855588,984.7685998828354,0.0,79.58038147138964,77.09530811388852,68.0945945945946,85.90320021158423,17.808605616989638,22.90469188611148,30.659400544959126,20.70256579671842,15.232847493778884,2.02630643441166,11.820120867401352,0.6932100959829364,69.34059945504087,12-247
12,248,00000,000000,0000,DISTRICT,Papum Pare,Total,35730,176573,4.94186957738595,979.9174721356327,14.25472750647041,977.374499175112,0.0,66.38387522441144,79.95085962629538,73.72114743162108,86.05810105555048,12.336953623929404,20.049140373704617,37.24918305743234,28.045222048036983,24.27020616675789,2.826430699993918,22.22070181840297,2.9815118895578663,62.75081694256767,12-248
12,248,00000,000000,0000,DISTRICT,Papum Pare,Rural,14245,79610,5.588627588627588,993.4894203080005,15.732948122095214,1008.1770081770082,0.0,77.1900515010677,73.93754192442424,66.87632911013269,80.93358656300077,14.057257452868086,26.062458075575762,37.47519155884939,30.525519848771264,49.52738486290809,4.679225045250385,23.402828987061742,4.266943755446806,62.52480844115061,12-248
12,248,00000,000000,0000,DISTRICT,Papum Pare,Urban,21485,96963,4.51305562020014,968.9118118870184,13.041056897992018,947.7818853974121,0.0,57.51162814681889,84.73516924025712,79.21949811130091,90.09706467079873,10.877566559497822,15.264830759742878,37.06362220640863,25.98289881800654,3.3029105682007907,1.2883299014970226,21.239356669820246,1.9144081473649062,62.93637779359137,12-248
12,249,00000,000000,0000,DISTRICT,Upper Subansiri,Total,15869,83448,5.2585544142668095,998.371569519613,14.949429584891188,970.1516108654454,0.0,93.85845077173809,63.796091471404615,57.58854474357893,70.02484051261784,12.436295769038914,36.203908528595385,39.98897517016585,37.112017270328614,70.53041654180402,5.531914893617021,22.933772849865147,3.3443212466287084,60.01102482983415,12-249
12,249,00000,000000,0000,DISTRICT,Upper Subansiri,Rural,13231,70043,5.293855339732446,1010.419058553387,15.233499421783762,958.1574600844192,0.0,97.02611253087389,60.732993111346914,54.84624107798012,66.73811711068014,11.891876032700019,39.267006888653086,41.70866467741245,40.49938925659745,78.51372629561169,6.130622304374615,24.084343123160128,3.6660505237215038,58.29133532258756,12-249
12,249,00000,000000,0000,DISTRICT,Upper Subansiri,Urban,2638,13405,5.08150113722517,937.6987568661463,13.465124953375607,1044.167610419026,0.0,77.30697500932487,79.47413793103448,72.36298292902067,86.0314830157415,13.668500086720826,20.525862068965523,31.003356956359568,18.729767226761215,14.412897016361887,1.3233878729547641,14.846005774783446,1.082771896053898,68.99664304364043,12-249
12,250,00000,000000,0000,DISTRICT,West Siang,Total,21231,112274,5.2882106353916445,930.1677898500894,13.231024101751073,940.5617243631614,0.0,82.63979193758128,66.46136790564469,59.62776617063915,72.80700017817196,13.179234007532813,33.53863209435531,43.800879990024406,37.003289838465236,61.48402708583281,2.8143237692417187,12.56074994407955,2.9302316123391012,56.1991200099756,12-250
12,250,00000,000000,0000,DISTRICT,West Siang,Rural,15771,87306,5.535856952634583,953.7225591335288,13.735596637115432,940.767114419809,0.0,89.63874189631869,60.91032211806569,54.17866652176275,67.34444790692842,13.165781385165673,39.08967788193431,45.95904061576524,41.95781224336563,74.33769470404984,3.1102803738317757,13.074143302180685,3.2523364485981308,54.04095938423477,12-250
12,250,00000,000000,0000,DISTRICT,West Siang,Urban,5460,24968,4.572893772893773,852.0881240264075,11.466677347004167,939.7018970189703,0.0,58.16645305991669,85.37434969463922,79.48514851485149,90.32902957101207,10.843881056160583,14.625650305360779,36.2544056392182,18.621049882475845,4.507291206363235,1.5024304021210781,10.285019885108264,1.5024304021210781,63.7455943607818,12-250
12,251,00000,000000,0000,DISTRICT,East Siang,Total,19107,99214,5.192547233998011,979.6871258679862,13.057632995343399,987.8778579100813,0.0,70.53339246477312,72.54431421648756,66.49320206282232,78.46510241060575,11.971900347783432,27.455685783512436,40.54064950511017,33.873070186158294,59.04728755407489,8.863308637064293,16.518323305653624,3.687036944955497,59.459350494889826,12-251
12,251,00000,000000,0000,DISTRICT,East Siang,Rural,12918,71579,5.541028022913764,980.2196586162061,13.543078277148327,1004.5492142266337,0.0,80.67170538845193,69.58713743233417,63.354484202263365,75.6730861358628,12.318601933599439,30.412862567665826,43.89136478576119,40.19812598780763,72.77270267689467,10.029601807938377,17.48734761434892,4.322500557023268,56.10863521423881,12-251
12,251,00000,000000,0000,DISTRICT,East Siang,Urban,6189,27635,4.465180158345452,978.3091130360083,11.800253301972138,939.9167162403331,0.0,44.27356612990773,80.05251497497333,74.43322852887638,85.57942708333334,11.146198554456959,19.947485025026666,31.861769495205355,17.474023123079174,10.07382169222033,4.701873935264055,13.060760931289039,1.4196479273140261,68.13823050479463,12-251
12,252,00000,000000,0000,DISTRICT,Upper Siang,Total,7324,35320,4.822501365374112,888.8710626236697,14.122310305775764,946.1568474444011,0.0,80.60022650056625,59.98615323750494,52.63454494223725,66.45389191869113,13.819346976453879,40.01384676249506,49.954699886749715,46.182540160038506,61.09725685785536,4.5567898435728855,17.6830650646112,4.358422126501927,50.04530011325028,12-252
12,252,00000,000000,0000,DISTRICT,Upper Siang,Rural,5729,28780,5.023564321871182,876.7525268992501,14.256428075052119,950.0950570342205,0.0,85.12161223071577,55.590225716254004,47.51004717805347,62.58030383190991,15.07025665385644,44.409774283745996,51.81723419041001,49.371513573819264,69.12760678602562,3.69476295849259,16.98518071481258,4.184268758801046,48.182765809589995,12-252
12,252,00000,000000,0000,DISTRICT,Upper Siang,Urban,1595,6540,4.100313479623824,944.1141498216409,13.53211009174312,928.1045751633987,0.0,60.703363914373085,79.16887709991158,73.96363636363637,84.09638554216868,10.132749178532308,20.831122900088417,41.75840978593272,32.68261964735517,17.24642987916514,9.26400585865983,21.4939582570487,5.3094104723544495,58.24159021406727,12-252
12,253,00000,000000,0000,DISTRICT,Changlang,Total,29521,148226,5.021035872768538,926.3138743047252,17.452403761823163,978.508604206501,0.0,36.348548837585845,59.80368920454081,49.837562410231854,68.92896842171183,19.091406011479975,40.19631079545919,42.4797269035122,33.16170487387413,69.78369278658325,6.6829717625385126,19.377124162246293,4.016453324016136,57.5202730964878,12-253
12,253,00000,000000,0000,DISTRICT,Changlang,Rural,24858,128998,5.189395767962024,946.1702095559947,18.316563047489108,979.0602227992295,0.0,37.38119970852261,55.75306064344691,45.71003018069219,65.18290887678492,19.472878696092728,44.24693935655309,43.1324516659173,35.648568922905206,78.52803738317758,7.287922358015816,21.07117181883537,4.50215672178289,56.8675483340827,12-253
12,253,00000,000000,0000,DISTRICT,Changlang,Urban,4663,19228,4.123525627278576,802.9067041725269,11.654878302475556,972.7112676056338,0.0,29.42063657166632,84.92965208688997,78.07723250201126,90.29279042921607,12.215557927204813,15.070347913110027,38.100686498855836,14.9480322316945,3.3715533715533716,2.0884520884520885,6.511056511056511,0.32760032760032765,61.89931350114416,12-253
12,254,00000,000000,0000,DISTRICT,Tirap,Total,20611,111975,5.432778613361797,943.8754253176863,17.90131725831659,960.7747236623301,0.0,87.85175262335343,52.185358424888506,41.88870681721251,61.86657098837086,19.977864171158352,47.814641575111494,44.80375083724046,41.61041731805558,75.30148099423947,3.6097988797863225,11.77420319320696,2.631106858817198,55.19624916275955,12-254
12,254,00000,000000,0000,DISTRICT,Tirap,Rural,15978,91165,5.70565777944674,973.9092779040815,19.08407831953052,966.9869983041266,0.0,95.98968902539352,45.14078110808356,34.78463776868806,55.243706480985544,20.459068712297487,54.85921889191644,46.90286842538255,47.176522899066256,86.91737412006829,3.601580953717346,12.165859818985476,2.8344909843541712,53.09713157461745,12-254
12,254,00000,000000,0000,DISTRICT,Tirap,Urban,4633,20810,4.491690049643859,822.4012610561346,12.719846227775108,920.899854862119,0.0,52.20086496876502,80.79612398832792,73.75030780595912,86.49536898715267,12.745061181193549,19.20387601167208,35.60788082652571,14.950484506442338,8.272604588394064,3.6572199730094463,9.51417004048583,1.45748987854251,64.3921191734743,12-254
12,255,00000,000000,0000,DISTRICT,Lower Subansiri,Total,15249,83030,5.444947209653092,984.3223478240088,12.429242442490667,966.4634146341463,0.0,87.81283873298807,74.34603218264337,68.07974525820296,80.53012706653915,12.45038180833619,25.65396781735663,36.374804287606885,31.23072814237502,51.731673399112644,6.5161247599496726,24.942056817429307,4.446725382425005,63.625195712393115,12-255
12,255,00000,000000,0000,DISTRICT,Lower Subansiri,Rural,12245,70224,5.734912209064924,980.3722504230118,12.659489633173843,959.4445668944236,0.0,91.66951469583049,72.2731274660058,65.60783926868568,78.82805678621091,13.220217517525228,27.726872533994197,36.57439052175894,32.732136693130826,59.76094066344806,7.424855941442143,27.507397601619687,5.112132066656284,63.42560947824105,12-255
12,255,00000,000000,0000,DISTRICT,Lower Subansiri,Urban,3004,12806,4.262982689747004,1006.2666457778473,11.166640637201313,1011.2517580872011,0.0,66.66406372013118,85.52215189873418,81.25876577840113,89.8095909732017,8.550825194800566,14.47784810126582,35.280337341871,23.104468316985834,6.086764054891545,1.3501549358123064,10.358565737051793,0.6640106241699867,64.71966265812901,12-255
12,256,00000,000000,0000,DISTRICT,Kurung Kumey,Total,15037,92076,6.1232958701868725,1031.7754534622004,18.449976106694468,982.7264239028945,0.0,98.57509014292542,48.750799062433416,42.641765350305185,55.12380952380952,12.482044173504335,51.249200937566584,41.318041617793995,41.95004063475769,79.81284828093787,7.746293765114079,35.93733571653874,6.765850068341919,58.681958382206,12-256
12,256,00000,000000,0000,DISTRICT,Kurung Kumey,Rural,14574,89731,6.156923288047207,1036.009257578508,18.41615495202327,985.223450264296,0.0,98.80420367542989,48.21872524110046,42.21528111484863,54.50934318003804,12.294062065189408,51.78127475889954,41.51519541741427,42.41880023653606,80.88424782562011,7.731128530011812,35.93900998604102,6.786212820788146,58.484804582585724,12-256
12,256,00000,000000,0000,DISTRICT,Kurung Kumey,Urban,463,2345,5.064794816414687,882.0224719101124,19.74413646055437,897.5409836065575,0.0,89.80810234541578,69.44739638682252,60.79545454545454,77.04590818363273,16.250453638178193,30.55260361317748,33.77398720682302,22.474977252047314,29.419191919191917,8.45959595959596,35.858585858585855,5.808080808080808,66.22601279317696,12-256
12,257,00000,000000,0000,DISTRICT,Dibang Valley,Total,1952,8004,4.100409836065574,813.3212505663797,13.543228385807096,888.5017421602788,0.0,71.22688655672164,64.10404624277457,59.15584415584415,68.07291666666667,8.917072510822521,35.89595375722543,44.41529235382309,36.96378830083565,39.26863572433193,2.9817158931082983,28.973277074542896,7.060478199718706,55.58470764617691,12-257
12,257,00000,000000,0000,DISTRICT,Dibang Valley,Rural,1331,5620,4.222389181066867,814.073595868302,13.790035587188612,894.8655256723716,0.0,79.7153024911032,55.562435500515996,51.252319109461965,59.01822238750465,7.7659032780426855,44.437564499484004,46.97508896797153,40.60269627279936,50.265151515151516,3.3712121212121215,31.098484848484848,7.575757575757576,53.02491103202846,12-257
12,257,00000,000000,0000,DISTRICT,Dibang Valley,Urban,621,2384,3.8389694041867957,811.5501519756839,12.961409395973153,872.7272727272726,0.0,51.216442953020135,84.04819277108435,77.59740259740259,89.22675933970461,11.629356742302022,15.951807228915655,38.38087248322148,28.370786516853936,7.540983606557377,1.8579234972677594,22.84153005464481,5.573770491803279,61.619127516778526,12-257
12,258,00000,000000,0000,DISTRICT,Lower Dibang Valley,Total,11600,54080,4.662068965517242,927.7795601183474,14.809541420118343,947.7140077821011,0.0,48.02884615384615,69.13025547524472,62.18707636692273,75.54822271417234,13.361146347249608,30.869744524755276,41.283284023668635,31.597955968801628,58.41171728030099,15.022843321687718,11.184269461614262,1.6169488488757502,58.71671597633136,12-258
12,258,00000,000000,0000,DISTRICT,Lower Dibang Valley,Rural,8983,42691,4.752421240120227,941.4707353676839,16.05022135813169,960.5150214592276,0.0,52.88936778243658,63.63179776221435,56.07379648313635,70.7202335892722,14.64643710613585,36.36820223778565,43.3393455295027,36.15109651241426,70.00864771376068,17.8359096313912,12.85806939790293,1.8646632796454436,56.6606544704973,12-258
12,258,00000,000000,0000,DISTRICT,Lower Dibang Valley,Urban,2617,11389,4.351929690485289,878.1332453825858,10.158925278777769,875.2025931928688,0.0,29.809465273509527,88.3893666927287,84.34691745036572,91.94051771617404,7.59360026580832,11.6106333072713,33.5762577926069,13.896713615023474,2.301255230125523,1.4121338912133892,3.085774058577406,0.41841004184100417,66.4237422073931,12-258
12,259,00000,000000,0000,DISTRICT,Lohit,Total,30005,145726,4.856723879353441,911.887799950145,16.401328520648338,965.7044164816185,0.0,32.53365905878155,68.18140775702852,60.04189533092118,75.52058942899068,15.478694098069496,31.818592242971476,41.82163786832823,31.70275519746781,61.85577159734187,12.780375748625811,16.721634260398723,2.641726146525556,58.17836213167177,12-259
12,259,00000,000000,0000,DISTRICT,Lohit,Rural,22578,113296,5.01798210647533,920.5641538539777,17.38719813585652,965.5757333865496,0.0,35.61908628724756,64.37385813647873,55.57049386035673,72.39682247952787,16.826328619171143,35.62614186352127,44.0465682813162,36.403646073105605,74.3021461635573,15.027152676191813,18.043003426647697,2.827485321523756,55.9534317186838,12-259
12,259,00000,000000,0000,DISTRICT,Lohit,Urban,7427,32430,4.366500605897401,882.1822402785838,12.95713845205057,966.3079082826392,0.0,21.754548257786,80.80629162533654,75.2341073467834,85.6556019346717,10.42149458788829,19.19370837466346,34.04872032069072,14.907894736842106,5.605868502082956,2.626335808730303,10.749864155044376,1.8022097446114833,65.95127967930928,12-259
12,260,00000,000000,0000,DISTRICT,Anjaw,Total,4612,21167,4.589549002601908,839.489006691579,16.4028912930505,990.8256880733945,0.0,77.72003590494639,56.4566261655835,43.70902672718104,66.81347946327973,23.104452736098693,43.5433738344165,49.61024235838806,44.27536231884058,61.87029806685077,1.7236453671078944,11.779830492334064,3.209218169698124,50.38975764161194,12-260
12,260,00000,000000,0000,DISTRICT,Anjaw,Rural,4425,20185,4.561581920903955,854.8979966917846,16.78969531830567,987.683284457478,0.0,79.311369829081,55.17980471540843,41.934637091481825,66.17631034107006,24.24167324958824,44.82019528459157,49.69531830567253,45.350962055250996,64.69943176153923,1.8044063403449309,12.291895125112152,3.3496161898115844,50.30468169432747,12-260
12,260,00000,000000,0000,DISTRICT,Anjaw,Urban,187,982,5.251336898395722,571.2,8.45213849287169,1128.2051282051282,0.0,45.010183299389,80.31145717463849,86.90095846645367,76.79180887372013,-10.109149592733544,19.68854282536151,47.86150712830957,16.246498599439775,1.4893617021276597,0.0,0.851063829787234,0.2127659574468085,52.138492871690424,12-260
13,261,00000,000000,0000,DISTRICT,Mon,Total,41978,250260,5.961694220782315,899.4633898279357,16.120035163430032,912.0337456751505,0.0,95.21497642451851,56.98701397688622,52.580996131528046,60.93950512408046,8.358508992552416,43.01298602311378,59.00023975065931,57.573814205068054,84.18938870602895,7.338778495672315,28.9006731954434,11.814783209394937,40.99976024934068,13-261
13,261,00000,000000,0000,DISTRICT,Mon,Rural,35822,215816,6.024677572441516,901.982039147256,16.278681840085998,908.621719997827,0.0,96.84731437891537,52.53979323016979,47.87671392866319,56.739811912225704,8.863097983562511,47.46020676983021,62.398524669162626,61.940262049693686,89.83113777790979,7.511175797899989,28.145931415502055,12.112931252134912,37.60147533083738,13-261
13,261,00000,000000,0000,DISTRICT,Mon,Urban,6156,34444,5.595191682910981,883.8328593305622,15.12600162582743,935.3640416047548,0.0,84.98722564162118,84.47355818567421,82.10672921858965,86.54438173422267,4.437652515633019,15.526441814325793,37.70758332365579,29.919554455445546,25.692947336002465,5.551278102864182,36.726208808130586,8.723437018786573,62.29241667634421,13-261
13,262,00000,000000,0000,DISTRICT,Mokokchung,Total,42690,194622,4.558959943780745,925.1968503937009,10.551736186042687,949.4968672868805,0.0,91.68079662114252,91.61793596268511,91.00541135906522,92.18291039996467,1.1774990408994483,8.38206403731489,51.416078346743944,45.956377632845076,58.05210508958998,9.159862891862453,19.00826446280992,5.560274616007275,48.583921653256056,13-262
13,262,00000,000000,0000,DISTRICT,Mokokchung,Rural,29960,138897,4.636081441922563,946.0720440502711,10.73241322706754,948.8822068244215,0.0,94.76014600747317,90.82264698766029,90.10719145123286,91.49927813696567,1.3920866857328065,9.177353012339708,56.178319186159534,53.01078135181565,70.67409970524157,9.794950660002563,20.178136614122774,6.432141484044599,43.821680813840466,13-262
13,262,00000,000000,0000,DISTRICT,Mokokchung,Urban,12730,55725,4.37745483110762,875.0630909519163,10.101390758187529,951.1265164644715,0.0,84.00538358008075,93.58631427658895,93.3324735620325,93.80636505925318,0.47389149722067714,6.413685723411049,39.545984746523104,27.63977543643775,13.359350183781821,6.911104052275718,14.86590733765939,2.473113400190589,60.4540152534769,13-262
13,263,00000,000000,0000,DISTRICT,Zunheboto,Total,27835,140757,5.0568349200646665,976.4522515691478,14.274956130068132,947.7510663047692,0.0,97.01897596567134,85.26238148909368,82.62135434968124,87.8540582256449,5.232703875963665,14.737618510906316,56.456162038122436,55.05895887259131,71.32358492940376,15.044169833639545,37.85770014849118,20.938514584853902,43.543837961877564,13-263
13,263,00000,000000,0000,DISTRICT,Zunheboto,Rural,23014,113160,4.9170070391935345,992.7446905927517,14.627076705549664,928.6879515264507,0.0,98.86443973135384,82.96310864524678,80.10081811420544,85.83727491494481,5.736456800739376,17.036891354753223,61.995404736656056,62.211303082981516,78.52581463637142,15.960600963594379,39.927872965190865,23.395672377911453,38.00459526334394,13-263
13,263,00000,000000,0000,DISTRICT,Zunheboto,Urban,4821,27597,5.7243310516490356,912.3414870764327,12.831104830235171,1042.0991926182237,0.0,89.45175200202921,94.49617559028933,93.36209173342725,95.51075057100103,2.1486588375737767,5.503824409710674,33.74279813023155,24.43414856448428,17.064003436426116,8.140034364261169,22.261597938144327,2.4269759450171824,66.25720186976845,13-263
13,264,00000,000000,0000,DISTRICT,Wokha,Total,31891,166343,5.215985701295036,968.4397372936513,12.106310454903422,955.5253447271315,0.0,94.1554498836741,87.69057145788449,84.47873552043113,90.80679720242026,6.328061681989126,12.309428542115512,47.13874343976001,44.37547349641975,68.75350711625772,8.210477988063051,19.002193541804825,6.271999183798398,52.86125656023999,13-264
13,264,00000,000000,0000,DISTRICT,Wokha,Rural,25618,131339,5.126824888750098,976.9549183412358,12.515703637152711,946.9382920762762,0.0,95.21238931315146,85.4831550639246,81.8042840324026,89.09332321699544,7.289039184592838,14.516844936075401,50.34452828177465,48.98003204733145,79.78282568585342,9.497595354042527,18.81824506215783,6.634705544296906,49.65547171822536,13-264
13,264,00000,000000,0000,DISTRICT,Wokha,Urban,6273,35004,5.580105212816834,937.1333702268954,10.570220546223288,994.6091644204852,0.0,90.18969260655925,95.79286992077691,94.56557757306648,96.93493678692569,2.3693592138592123,4.2071300792230915,35.11027311164439,26.727294201015706,9.414157851912124,1.2855980471928397,19.991863303498782,4.320585842148088,64.88972688835561,13-264
13,265,00000,000000,0000,DISTRICT,Dimapur ,Total,78605,378811,4.819171808409134,919.0603564444715,13.436251851187004,966.0087295762679,0.0,59.12948673612962,84.78986804426783,81.77011406066185,87.54380338765634,5.773689326994486,15.210131955732166,39.95396121020773,28.50063665477877,22.138751238850347,5.939874463164849,19.15559960356789,3.968285431119921,60.04603878979226,13-265
13,265,00000,000000,0000,DISTRICT,Dimapur ,Rural,36505,180942,4.956636077249692,936.5548242093435,14.40406318046667,970.290293317206,0.0,72.39667959898752,81.88456795304721,78.31851296335977,85.20453327016345,6.886020306803687,18.11543204695279,42.47659470990704,35.607437119316174,40.31330505607744,10.378880532930859,23.015170834526007,5.2629524577792814,57.52340529009295,13-265
13,265,00000,000000,0000,DISTRICT,Dimapur ,Urban,42100,197869,4.699976247030879,903.336892428746,12.551233391789518,961.5354237422005,0.0,46.997255760124126,87.39033947085544,84.92341196045807,89.59889592324038,4.675483962782309,12.609660529144563,37.647130171982475,21.878394207219678,3.3869408795575366,1.359877570745852,15.17344144337647,2.6324974493905384,62.35286982801753,13-265
13,266,00000,000000,0000,DISTRICT,Phek,Total,36639,163418,4.460219984169874,951.4228054882199,16.982217381194236,913.2712857635298,0.0,96.16198949932077,78.05419191249096,72.20900824953333,83.66215084202317,11.45314259248984,21.945808087509036,49.123719541298996,48.59868214621901,72.56125664885334,3.9351246309652823,20.71826301431294,7.8154390423159805,50.876280458701,13-266
13,266,00000,000000,0000,DISTRICT,Phek,Rural,31582,138843,4.396270027230701,968.5944788668492,17.508984968633637,906.0686843343266,0.0,98.20516698717256,76.16407498275606,70.29141266429401,81.93336218087408,11.64194951658007,23.835925017243937,50.953234948827095,51.71560734256522,78.36737578627465,4.314085801116687,21.4700685560817,8.62251749240229,49.046765051172905,13-266
13,266,00000,000000,0000,DISTRICT,Phek,Urban,5057,24575,4.859600553687957,859.7699409716967,14.006103763987793,965.7338663620789,0.0,84.61851475076297,88.29792268016845,83.46432264736298,92.37546889993894,8.91114625257596,11.702077319831545,38.78738555442523,29.856526714197695,29.46915652538817,1.122534620226605,15.13848090642048,1.8254301300881242,61.21261444557477,13-266
13,267,00000,000000,0000,DISTRICT,Tuensang,Total,36742,196596,5.350715802079364,928.6786418529819,18.204846487212354,932.9228775113415,0.0,97.1108262629962,73.07625337363034,69.593869929835,76.3069877842646,6.713117854429612,26.923746626369663,49.92675334187878,47.77262499603857,80.6131181612568,3.986592497503923,25.09933370010392,10.7687918984453,50.07324665812123,13-267
13,267,00000,000000,0000,DISTRICT,Tuensang,Rural,29782,159822,5.366395809549393,938.1290776357595,18.80905006820087,927.4814054885868,0.0,98.5145974897073,68.55064310540146,64.93202957309802,71.95435647414232,7.022326901044295,31.449356894598537,53.0258662762323,52.19364012409514,88.28277107154236,3.4101502118069074,24.423283420062067,10.933720367682632,46.97413372376769,13-267
13,267,00000,000000,0000,DISTRICT,Tuensang,Urban,6960,36774,5.283620689655172,888.6549227055622,15.57894164355251,961.986301369863,0.0,91.00995268396149,91.99226928651957,89.82337518973368,93.8916077578394,4.068232568105714,8.007730713480427,36.45782346222875,28.006704039761892,32.13246811367196,7.6303423584694565,29.372715745506078,9.726262400238681,63.542176537771255,13-267
13,268,00000,000000,0000,DISTRICT,Longleng,Total,11985,50484,4.212265331664581,904.9128367670365,18.045321289913634,885.3476821192054,0.0,96.29783693843595,72.16851162565862,69.63053187170118,74.47623442547301,4.8457025537718295,27.831488374341376,60.549877188812296,59.60720540405304,77.89191311175085,4.282255953938759,31.483904736979852,16.01674954200471,39.450122811187704,13-268
13,268,00000,000000,0000,DISTRICT,Longleng,Rural,10295,42871,4.1642544924720735,904.446714939363,18.390053882577966,869.1322901849218,0.0,97.45049100790744,68.64835510332409,65.9039175751767,71.15290001639971,5.248982441223006,31.351644896675907,64.55879265704088,64.96561886051082,82.82328287025328,3.1759222459081546,31.15583336344257,16.678108176464214,35.44120734295911,13-268
13,268,00000,000000,0000,DISTRICT,Longleng,Urban,1690,7613,4.504733727810651,907.5419694312202,16.104032575857087,996.742671009772,0.0,89.80690923420465,91.45138562705496,90.29900332225914,92.47853124074622,2.179527918487082,8.548614372945039,37.97451727308551,29.486471562672556,30.68142511241785,14.873746108612936,34.624697336561745,9.685230024213075,62.0254827269145,13-268
13,269,00000,000000,0000,DISTRICT,Kiphire,Total,14771,74004,5.0100873332882,956.2252180808882,19.878655207826604,948.476821192053,0.0,96.5204583536025,69.53940600070835,63.96098300761728,74.88441215323645,10.923429145619174,30.460593999291646,43.18550348629804,41.96107701664179,71.00034419099471,3.939422384930692,19.177696423542663,4.727932663725398,56.81449651370196,13-269
13,269,00000,000000,0000,DISTRICT,Kiphire,Rural,11662,57517,4.932001371977362,966.8638648565468,20.49307161360989,943.7664907651715,0.0,97.59027765704053,64.26197244697136,58.23245088909583,70.128133224039,11.895682334943174,35.738027553028644,47.467705200201685,47.65155266322416,77.21412350743535,3.7066881547139405,18.42355871364735,4.95201816716724,52.532294799798315,13-269
13,269,00000,000000,0000,DISTRICT,Kiphire,Urban,3109,16487,5.302991315535542,919.9953417957378,17.73518529750713,967.6985195154778,0.0,92.78825741493297,87.33318587333186,83.95233673785206,90.4098014364174,6.457464698565332,12.666814126668143,28.246497240249894,21.59493670886076,34.57161262615418,5.303843676186386,23.59888340133133,3.414215159974232,71.7535027597501,13-269
13,270,00000,000000,0000,DISTRICT,Kohima,Total,54391,267988,4.927065139453219,928.4429284861045,13.540158514560355,985.1195360796543,0.0,83.86121766646268,85.23405063400402,81.47637706616223,88.69057976418338,7.214202698021154,14.76594936599598,42.847067779154294,36.183751608252855,40.829087742216416,1.9142172871761378,13.426518615284127,4.110603091661224,57.152932220845706,13-270
13,270,00000,000000,0000,DISTRICT,Kohima,Rural,27636,146900,5.315530467506151,923.5553693252498,14.439074200136147,981.0404408330999,0.0,90.92716133424098,81.13995655944434,76.15406400453129,85.69796838353994,9.543904379008652,18.860043440555657,48.88904016337644,45.6933830514242,61.97749867721184,2.4882341474282215,16.12130663621933,5.715837255284191,51.11095983662355,13-270
13,270,00000,000000,0000,DISTRICT,Kohima,Urban,26755,121088,4.525808260138292,934.4058021949934,12.44962341437632,990.8874801901744,0.0,75.28904598308668,90.08800807448142,87.74221385424022,92.26169922762381,4.5194853733835885,9.911991925518578,35.51714455602537,24.71662307021593,5.513056014137233,0.9556583811937592,8.926453833096938,1.4299997674797127,64.48285544397463,13-270
13,271,00000,000000,0000,DISTRICT,Peren,Total,18475,95219,5.1539377537212445,915.3357203202316,16.188995893676683,934.8562821639263,0.0,88.47183860364002,77.94596762067064,72.5753475050582,82.84188085371403,10.266533348655827,22.054032379329357,64.47242672155767,64.03911658059553,70.71184231959603,6.090568496497801,40.454471412282125,20.23456589021013,35.527573278442325,13-271
13,271,00000,000000,0000,DISTRICT,Peren,Rural,15615,81429,5.214793467819405,899.8833411105926,16.133072983826402,922.0190197512802,0.0,89.65479129057215,76.66344520588063,71.14079400006197,81.60999306037475,10.469199060312775,23.336554794119365,64.15527637573837,63.794757447691154,74.15822821155797,5.4459141287494495,37.85723856740874,18.66924446316112,35.844723624261626,13-271
13,271,00000,000000,0000,DISTRICT,Peren,Urban,2860,13790,4.821678321678322,1011.9638167493434,16.519216823785353,1012.3674911660778,0.0,81.48658448150834,85.5542043085476,80.56994818652849,90.5976931142957,10.027744927767202,14.445795691452403,66.34517766497461,65.39792387543253,51.03289977046672,9.771559733304185,55.28473057164718,29.1725871679965,33.65482233502538,13-271
14,272,00000,000000,0000,DISTRICT,Senapati,Total,83411,479148,5.744422198510987,937.3370046457467,13.218254067636723,892.6874458356991,0.2087037825473549,87.49071268167664,63.60479350092469,57.6693587121756,69.2097633966146,11.540404684439004,36.39520649907531,48.75779508627814,47.224846328049175,79.76003972228642,4.7983494705121945,20.501921908039485,4.376728219088956,51.24220491372186,14-272
14,272,00000,000000,0000,DISTRICT,Senapati,Rural,81974,471672,5.7539219752604485,936.2323124099456,13.212359436218387,891.4923968798373,0.21137570175884934,87.67851388252853,63.2652014276187,57.297795135306515,68.89383639677959,11.596041261473076,36.7347985723813,48.97958750996455,47.54526042557296,80.1236240547478,4.842375001623215,20.444284768183255,4.343290494885791,51.02041249003545,14-272
14,272,00000,000000,0000,DISTRICT,Senapati,Urban,1437,7476,5.202505219206681,1009.6774193548388,13.590155163188872,968.9922480620155,0.04012841091492777,75.64205457463883,85.12383900928793,80.34398034398035,89.9812734082397,9.637293064259353,14.876160990712066,34.76457998929909,27.768903088391905,47.44132358599462,0.8849557522123894,25.62524047710658,7.348980377068102,65.2354200107009,14-272
14,273,00000,000000,0000,DISTRICT,Tamenglong ,Total,25039,140651,5.617277047805423,943.4718326401459,13.726884273840925,916.8983320095314,0.015641552495183113,95.71634755529644,70.05373154008439,63.68532475230756,76.08950384436348,12.40417909205592,29.946268459915615,50.24848739077575,48.971880492091394,71.84011319419879,2.7223204810753447,20.793774319066145,3.1906614785992216,49.75151260922425,14-273
14,273,00000,000000,0000,DISTRICT,Tamenglong ,Rural,21558,121288,5.626124872437146,939.5528832315221,13.706219906338632,910.584990231008,0.014840709715717961,95.6590924081525,67.36031491248184,60.53982805768133,73.8004569687738,13.260628911092468,32.63968508751816,52.186531231449116,51.47564421145794,76.54670121334681,2.835882204246714,20.27142315470172,3.2845677451971684,47.81346876855089,14-273
14,273,00000,000000,0000,DISTRICT,Tamenglong ,Urban,3481,19363,5.562482045389256,968.384670123005,13.856323916748437,956.9657184536834,0.020657955895264164,96.0749883798998,86.95443645083932,83.15071828585342,90.64493267186393,7.494214386010512,13.045563549160676,38.10876413778856,33.52928826369935,31.467678547228623,1.7482043637349236,25.27442742919095,2.385147038894159,61.89123586221144,14-273
14,274,00000,000000,0000,DISTRICT,Churachandpur,Total,49089,274143,5.58461162378537,974.8091053162369,13.658929828593106,947.5217142559942,0.16159449630302433,92.93945130825882,82.77847721569258,78.49536740532001,86.9724816669872,8.477114261667197,17.221522784307425,44.741248180694015,38.471656702851696,59.611104316986676,6.752272634625575,26.80363621540092,4.401777342953814,55.258751819305985,14-274
14,274,00000,000000,0000,DISTRICT,Churachandpur,Rural,45787,255786,5.586432830279337,972.7593148180997,13.820146528738867,947.6584022038568,0.16576356798261047,94.10913810763685,82.34498902175689,78.04676526481038,86.54368705665013,8.496921791839753,17.655010978243112,45.05328673187743,38.96548716769605,62.83495314127039,7.063519611246096,26.986289482818464,4.456785838250608,54.94671326812257,14-274
14,274,00000,000000,0000,DISTRICT,Churachandpur,Urban,3302,18357,5.5593579648697755,1003.8205436087763,11.412540175409926,945.2181987000928,0.10350275099417117,76.64106335457863,88.65453203787972,84.47053069210075,92.88718456209797,8.41665386999722,11.345467962120281,40.39331045377785,31.698564593301437,9.507754551584625,1.9150370869858393,23.964935940660823,3.5468644639244777,59.60668954622215,14-274
14,275,00000,000000,0000,DISTRICT,Bishnupur,Total,46580,237399,5.096586517818807,998.6109006415114,13.18581796890467,933.2386363636364,9.314698040008592,1.3845888146116874,75.85445617576275,66.68212470774641,85.10868505702311,18.4265603492767,24.14554382423725,46.30895665103897,39.73292192518779,44.99577030481094,13.743325722914031,30.48473216478529,6.794800658558993,53.69104334896103,14-275
14,275,00000,000000,0000,DISTRICT,Bishnupur,Rural,29237,149894,5.126859800937169,994.0402548855277,13.415480272726061,935.7912976511359,14.566293514083286,1.0087128237287684,73.62792310359441,63.885726593027904,83.40305327014804,19.51732667712013,26.372076896405588,47.87249656423873,41.92283500394792,49.973522116001,15.103542462164498,31.999219599208452,7.090498620362887,52.12750343576127,14-275
14,275,00000,000000,0000,DISTRICT,Bishnupur,Urban,17343,87505,5.045551519344981,1006.4891885074867,12.792411862179303,928.6698828394211,0.3188389234900863,2.0284555168276097,79.6412050687319,71.40297111988365,88.03131695188722,16.628345832003575,20.358794931268093,43.6306496771613,36.00492094591516,35.64001152466015,11.186778071714818,27.63823044081825,6.239031928547107,56.3693503228387,14-275
14,276,00000,000000,0000,DISTRICT,Thoubal,Total,85965,422168,4.910928866399116,1002.2670682254737,14.344052604650281,935.0674250655078,9.615366394421178,0.4282655246252677,74.47319226131877,64.09225479372299,84.9992481244883,20.906993330765317,25.526807738681228,46.265704648386425,40.66855003951297,56.5418622868231,16.949707913720633,31.687137452065596,7.249166747730635,53.73429535161357,14-276
14,276,00000,000000,0000,DISTRICT,Thoubal,Rural,54888,270835,4.934320798717388,999.2249206466375,14.762124540772056,934.7205419791918,1.6234977015526058,0.3149519079882585,71.20084555606574,60.02292135218744,82.49989111972475,22.476969767537312,28.799154443934256,46.9296804327358,41.892660584346025,64.2704284747683,17.94778996396595,32.08682790199997,6.981794149580652,53.0703195672642,14-276
14,276,00000,000000,0000,DISTRICT,Thoubal,Urban,31077,151333,4.869614184123306,1007.7346600331675,13.595844924768558,935.7418383667325,23.918114357080082,0.6310586587195126,80.25053916395173,71.24613706598801,89.43100732091558,18.184870254927574,19.74946083604827,45.07741206478428,38.487058637668184,42.14198806749051,15.090080185291058,30.94243370420863,7.74733570810795,54.92258793521572,14-276
14,277,00000,000000,0000,DISTRICT,Imphal West,Total,111156,517992,4.66004534168196,1030.911101178574,11.94516517629616,949.0030554068101,3.1911689755826345,4.664357750698852,86.08010663930527,80.16880718182209,92.24296596165816,12.074158779836068,13.91989336069473,41.19503776120095,32.268823829191675,23.42082694822084,6.031295252288096,22.202852095019846,4.3381274398159215,58.80496223879905,14-277
14,277,00000,000000,0000,DISTRICT,Imphal West,Rural,41595,195113,4.690780141843971,1012.553121260882,13.04833609241824,937.3715851152881,6.002162849220708,2.1730996909483222,82.16192957431007,75.04280871783521,89.4543415227845,14.411532804949289,17.838070425689935,43.14217914746839,34.312636886874145,40.39274852689603,8.647357916745865,23.694402204904012,5.088148640942786,56.85782085253162,14-277
14,277,00000,000000,0000,DISTRICT,Imphal West,Urban,69561,322879,4.641667026063455,1042.167912666186,11.278528489000523,957.2181016876276,1.4925095778914081,6.16980354869781,88.40059623755947,83.16310908187775,93.91827956989248,10.755170488014727,11.59940376244053,40.018396984628914,31.051203777317887,12.36427239166944,4.3270309803344915,21.23116452933574,3.8495174559441536,59.981603015371086,14-277
14,278,00000,000000,0000,DISTRICT,Imphal East,Total,92124,456113,4.951076809517606,1017.3600360911835,13.14060331540649,942.7571229457716,3.4726043765470402,6.063628969137034,81.94922976346432,75.32324046701902,88.76835533156118,13.445114864542163,18.050770236535683,42.71923843433535,33.59983305726918,29.050849893250124,10.392716373788799,25.406983905403184,4.670307111184102,57.28076156566465,14-278
14,278,00000,000000,0000,DISTRICT,Imphal East,Rural,54443,272906,5.012692173465827,995.0873242731506,14.042930532857467,937.1209057824504,2.8636233721501174,3.8844876990612156,78.38666223324893,70.54440919567602,86.26725353617367,15.722844340497645,21.613337766751073,44.04190453855906,35.077176252782536,40.24860016806303,14.199662209945672,26.979108600334463,5.239905818142487,55.95809546144094,14-278
14,278,00000,000000,0000,DISTRICT,Imphal East,Urban,37681,183207,4.86205249329901,1051.4752813392308,11.7964924920991,952.8327460016264,4.379745315408254,9.309687948604584,87.12088864135647,82.06389385414542,92.5087553362816,10.444861482136176,12.879111358643527,40.74898884867936,31.45832889608315,11.02270444042596,4.263612618042998,22.875895787288194,3.7532650190878036,59.25101115132064,14-278
14,279,00000,000000,0000,DISTRICT,Ukhrul,Total,35694,183998,5.154871967277414,942.5874701746236,13.268079000858704,923.3435751989285,0.13478407373993195,94.3521125229622,81.35413729360529,76.94816915936049,85.52026821091131,8.572099051550822,18.64586270639471,47.78801943499386,46.36648745519713,68.99543950232574,4.380807242206781,22.978766959706125,6.495013021869918,52.211980565006144,14-279
14,279,00000,000000,0000,DISTRICT,Ukhrul,Rural,30468,156811,5.14674412498359,940.706179378968,13.423803177073038,920.6204379562045,0.09820739616480986,95.33833723399506,80.02592791744316,75.34283980582525,84.44609899629157,9.103259190466318,19.974072082556845,49.055232094687234,48.07393763978423,74.76990276116686,4.539545525453695,22.46243045083459,6.445322656128126,50.94476790531276,14-279
14,279,00000,000000,0000,DISTRICT,Ukhrul,Urban,5226,27187,5.202257941063912,953.5100955665733,12.369882664508774,940.5654933641084,0.34575348512156545,88.6636995622908,88.92293485560779,86.03951890034365,91.67760998030204,5.638091079958386,11.077065144392208,40.478905359179016,36.586284853052,28.63243980009087,3.271240345297592,26.587914584279872,6.84234438891413,59.521094640820984,14-279
14,280,00000,000000,0000,DISTRICT,Chandel,Total,28801,144182,5.0061456199437515,933.2788050255434,11.92035066790584,921.4086081609838,0.37452663994118546,88.97088402158383,71.10673648568842,63.964081419794326,77.7843800469269,13.820298627132573,28.893263514311585,52.87622588117795,48.30682585520739,67.64343240903486,10.906634486738897,29.493166137621657,8.70956740732968,47.12377411882204,14-280
14,280,00000,000000,0000,DISTRICT,Chandel,Rural,25570,127335,4.979859210011733,931.9819751475519,11.567911414772059,911.2495134293499,0.3918796874386461,93.3011348019005,71.05989964921629,64.10308255059464,77.56262671385863,13.459544163263999,28.94010035078371,54.540385597047155,50.86771074137987,73.10832409393943,11.568201126006134,30.413684862273033,9.152039626200521,45.459614402952845,14-280
14,280,00000,000000,0000,DISTRICT,Chandel,Urban,3231,16847,5.214175177963479,943.1372549019608,14.584198967175166,984.6526655896607,0.2433667715320235,56.24146732355909,71.47324530924253,62.87726358148893,79.52099031216362,16.643726730674686,28.52675469075747,40.29797590075384,29.069340834046713,11.739578730299014,4.1390484607453235,20.076594491088525,4.1832375902194725,59.70202409924615,14-280
15,281,00000,000000,0000,DISTRICT,Mamit,Total,17731,86364,4.870791269527945,926.5637547961095,17.941503404196194,979.4328053142565,0.059052382937334995,95.03959983326385,84.93276326743711,80.3507632348165,89.12702702702703,8.776263792210528,15.06723673256289,45.55022926219258,36.89088983050847,79.36653194031368,6.489743003126668,8.017489005821195,1.3320114898701034,54.44977073780743,15-281
15,281,00000,000000,0000,DISTRICT,Mamit,Rural,14539,71465,4.915399958731687,924.4647906287869,18.459385713286224,983.7593984962406,0.05317288183026656,95.28580423983767,82.66950388687728,77.16280408809558,87.68902739051993,10.526223302424341,17.33049611312272,46.40033582872735,38.58141567142441,84.61097708082026,4.9487334137515075,8.121230398069963,1.3299155609167672,53.59966417127266,15-281
15,281,00000,000000,0000,DISTRICT,Mamit,Urban,3192,14899,4.667606516290727,936.6956973872351,15.457413249211358,955.0084889643463,0.0872541781327606,93.85864823142492,95.40330263575738,94.9185989146522,95.85571757482732,0.9371186601751305,4.596697364242615,41.47258205248674,28.837080210935333,51.22188056319793,14.759669849490209,7.460754167340994,1.3432594270917624,58.52741794751326,15-281
15,282,00000,000000,0000,DISTRICT,Kolasib,Total,17270,83955,4.861320208453966,956.1722354256955,16.058602822940863,979.7356828193833,0.10005360014293371,87.67673158239533,93.50389510876505,92.38469372908482,94.56907056607953,2.1843768369947156,6.49610489123495,43.68054314811506,33.96690791237177,65.20778795811518,16.145833333333336,19.01996073298429,3.4413176265270504,56.319456851884944,15-282
15,282,00000,000000,0000,DISTRICT,Kolasib,Rural,7608,37077,4.8734227129337535,941.5091375608735,18.019257221458044,972.5420726306467,0.04585052728106373,87.87658116891873,89.71575207264114,87.72300149802533,91.5786123488224,3.8556108507970777,10.284247927358862,47.7411872589476,39.844271412680754,82.37952658041918,11.807242528670697,17.112027569063894,4.237048754307667,52.25881274105241,15-282
15,282,00000,000000,0000,DISTRICT,Kolasib,Urban,9662,46878,4.851790519561168,967.9274589647789,14.507871496224242,986.8536371603857,0.14292418618541747,87.51866547207645,96.37697432442548,95.86361095584125,96.8722423767036,1.0086314208623435,3.6230256755745245,40.46887665856052,29.383701262089605,49.1855990722682,20.193980285699226,20.800168678509305,2.6988561488587846,59.53112334143948,15-282
15,283,00000,000000,0000,DISTRICT,Aizawl,Total,82524,400309,4.850819155639572,1008.8774025191951,13.079146359437335,979.4706994328923,0.1566290040943371,93.31341538661384,97.88562790269923,97.66804467487381,98.10612197662307,0.4380773017492601,2.114372097300773,43.62529945617011,34.815632787668065,29.03181474610046,6.547332737808928,13.299663299663301,2.926658879039832,56.37470054382989,15-283
15,283,00000,000000,0000,DISTRICT,Aizawl,Rural,17328,85555,4.93738457987073,954.2028323435359,15.402957162059494,963.3492252681764,0.05376658289988896,97.41452866577056,96.40493526949169,95.89906256195304,96.88680263299881,0.9877400710457636,3.5950647305083123,51.9104669510841,45.642130460801916,80.88354498784113,10.893452220120688,9.32180491758984,2.055750698009547,48.0895330489159,15-283
15,283,00000,000000,0000,DISTRICT,Aizawl,Urban,65196,314754,4.827811522179275,1024.2716573413081,12.447498681510005,984.9528827642112,0.18458859935060395,92.1986694370842,98.274516919169,98.11475937435186,98.43906535446992,0.324305980118055,1.7254830808309976,41.373262929144666,31.97583885875025,11.348138591964615,5.065118564934267,14.656284555842241,3.223676127288365,58.62673707085534,15-283
15,284,00000,000000,0000,DISTRICT,Champhai,Total,25520,125745,4.927311912225705,983.7350918154856,16.418147838880273,971.0712239831964,0.013519424231579785,98.18760189271939,95.91056137012369,94.58858697735025,97.2143478096534,2.6257608323031576,4.089438629876312,47.9875939401169,42.03698061163943,73.18120049053726,9.64999502833847,11.983361506082,3.2464949786218558,52.0124060598831,15-284
15,284,00000,000000,0000,DISTRICT,Champhai,Rural,15452,77216,4.997152472171887,974.32881615955,17.16742644011604,968.2256867112101,0.012950683796104435,98.09754455035225,95.40650406504065,93.84834573373438,96.92664092664093,3.078295192906552,4.59349593495935,50.59443638624119,46.16333385818506,84.79279187037653,5.749097703944505,6.921442649806742,1.553741009035759,49.40556361375881,15-284
15,284,00000,000000,0000,DISTRICT,Champhai,Urban,10068,48529,4.820123162495034,998.8878820331164,15.22594737167467,976.196844075956,0.014424364812792351,98.33089492880546,96.69421487603306,95.72350856754527,97.66785140464482,1.9443428370995548,3.305785123966942,43.83976591316532,35.55317306502825,51.85898942420681,16.81316098707403,21.27849588719154,6.354876615746181,56.160234086834684,15-284
15,285,00000,000000,0000,DISTRICT,Serchhip,Total,12622,64937,5.14474726667723,976.713037654866,14.320033263008764,949.0672814923496,0.04927853149976131,96.84617398401527,97.91149933498689,97.53247695768924,98.28347578347578,0.7509988257865388,2.0885006650131146,49.88989328118022,44.05659789316213,71.26585794981017,3.9633299379572184,7.898879525882026,2.0433990801617434,50.11010671881978,15-285
15,285,00000,000000,0000,DISTRICT,Serchhip,Rural,6331,32918,5.199494550623914,977.8886018145768,15.657087307855885,941.9743782969103,0.03949207120724224,98.6511938756911,97.58680305431494,96.8929219600726,98.27006934019586,1.3771473801232617,2.4131969456850584,53.612005589647005,50.17511520737327,85.35244786944696,2.096554850407978,6.663644605621033,2.272212148685403,46.387994410353,15-285
15,285,00000,000000,0000,DISTRICT,Serchhip,Urban,6291,32019,5.0896518836433,975.5059230009872,12.945438645804053,957.9593764761455,0.05933976701333583,94.99047440582154,98.2349142570137,98.17166074149314,98.29678518203109,0.12512444053794525,1.765085742986301,46.06327493051001,37.75852254759345,54.41046850633941,6.1970303071394675,9.37690690894298,1.7696114990846838,53.93672506948999,15-285
15,286,00000,000000,0000,DISTRICT,Lunglei,Total,33058,161428,4.883175025712385,947.4731876802065,15.559258616844662,962.5722769182685,0.11026587704735238,95.10927472309636,88.8570988401523,85.485819565677,92.04200134107543,6.556181775398429,11.142901159847696,48.499640706692766,40.8240701834804,71.65610790374495,13.618249629591785,20.792673580953355,7.4324324324324325,51.50035929330723,15-286
15,286,00000,000000,0000,DISTRICT,Lunglei,Rural,18943,92676,4.892361294409544,947.9160098366858,18.025162933229748,966.6823640216624,0.07013682075186671,98.52604773619923,81.76014531860841,76.03285621340274,87.16577540106952,11.132919187666786,18.23985468139159,54.10246449997842,50.0875850905785,89.45552453131232,8.63183087355405,23.19106501794974,8.597925807738333,45.89753550002158,15-286
15,286,00000,000000,0000,DISTRICT,Lunglei,Urban,14115,68752,4.870846617074035,946.876592852693,12.235280428205725,954.460966542751,0.16435885501512684,90.50354898766582,97.79250911501491,97.3747016706444,98.187681393099,0.8129797224545996,2.2074908849850914,40.947172445892484,28.330043662898497,39.954532537652746,22.499289570900824,16.52102870133561,5.356635407786303,59.05282755410751,15-286
15,287,00000,000000,0000,DISTRICT,Lawngtlai,Total,22984,117894,5.129394361294814,945.477648146009,19.07052097647039,966.5004810635879,0.12384005971465893,95.30086348753966,65.88443680498057,57.12401340685479,74.12439490704958,17.000381500194784,34.11556319501943,38.6499737051928,29.756523256828693,70.9783610586841,6.9196330597375235,16.424527059649737,2.8639775271035424,61.3500262948072,15-287
15,287,00000,000000,0000,DISTRICT,Lawngtlai,Rural,19074,97064,5.08881199538639,943.6123348017621,19.94663314926234,965.7833282566758,0.09993406412264073,95.68635127338663,59.09939127189426,48.59619270445602,68.95313162555186,20.35693892109584,40.90060872810574,40.04471276683426,31.922162804515747,80.98999202449252,7.291157477681443,15.863541639867245,2.4595435951529496,59.95528723316574,15-287
15,287,00000,000000,0000,DISTRICT,Lawngtlai,Urban,3910,20830,5.327365728900256,954.217093535979,14.987998079692751,970.959595959596,0.23523763802208356,93.50456072971676,95.6573300203298,94.27777134252288,96.96969696969697,2.6919256271740863,4.342669979670205,32.15074411905905,19.722741126732867,12.871434970882484,4.763326862774377,19.68045393459758,5.211288636703001,67.84925588094094,15-287
15,288,00000,000000,0000,DISTRICT,Saiha,Total,11144,56574,5.076633165829146,978.5269636986781,17.062608265280872,931.75905543326,0.1467105030579418,96.58500371195248,90.00873809168603,87.34350883210426,92.64313260160189,5.299623769497629,9.991261908313973,34.3991939760314,25.91136526090064,50.69112584142644,4.917527362417142,24.49514413442269,6.726273058938389,65.6008060239686,15-288
15,288,00000,000000,0000,DISTRICT,Saiha,Rural,6537,31464,4.813217072051399,984.7347505204062,18.614924993643527,947.1409574468084,0.03813882532418002,98.64607170099161,85.7695161479283,81.75834508697696,89.75476839237058,7.99642330539362,14.2304838520717,36.18421052631579,28.351803215681247,71.98945981554678,6.482213438735178,26.54369784804567,9.099692577953448,63.81578947368421,15-288
15,288,00000,000000,0000,DISTRICT,Saiha,Urban,4607,25110,5.450401562839158,970.8029197080292,15.117483074472322,908.4967320261438,0.2827558741537236,94.00238948626045,95.10181101623346,94.09202802499527,96.09375,2.0017219750047275,4.898188983766545,32.162485065710875,22.831271727706362,20.666171371966318,2.711738484398217,21.607231302625063,3.3803863298662704,67.83751493428912,15-288
16,289,00000,000000,0000,DISTRICT,West Tripura ,Total,410565,1725739,4.203327122380134,962.3425681238259,11.059030363224103,951.6909200609488,19.591259164914277,25.0295090972621,88.69397070407045,84.74712179786736,92.49745087578569,7.750329077918323,11.306029295929548,40.45675504812721,23.36871433787343,38.85585051376583,22.359341027646245,24.919146693250145,5.827167283987751,59.543244951872786,16-289
16,289,00000,000000,0000,DISTRICT,West Tripura ,Rural,242324,1048101,4.3252050973077365,952.7891638098077,12.128411288606728,954.9998462058995,17.790556444464798,38.42625853806074,85.66955090376261,80.4435937100059,90.6471937553265,10.203600045320599,14.330449096237388,42.51250595123943,27.616786701109348,57.60883714040765,33.05601314259809,30.61489225134321,6.916247357341317,57.48749404876057,16-289
16,289,00000,000000,0000,DISTRICT,West Tripura ,Urban,168241,677638,4.02778157524028,977.3042940345717,9.405021560184052,945.1243705173204,22.376401559534738,4.308790239036182,93.2312112929341,91.10812829193027,95.31333180617081,4.205203514240537,6.7687887070658945,37.27713026719281,16.88263219180127,5.777026492058717,3.4912352931861728,14.87229022501623,3.9061139174359867,62.7228697328072,16-289
16,290,00000,000000,0000,DISTRICT,South Tripura ,Total,208127,876001,4.208973367222898,957.3516793879484,12.779551621516413,950.9428043637378,16.000894976147286,39.364681090546696,84.65523288990802,79.09492096605953,89.98364781808583,10.888726852026295,15.34476711009198,41.8772352999597,26.517480167204642,53.663536370946865,30.348512314465236,29.545993539505787,8.515040412163174,58.1227647000403,16-290
16,290,00000,000000,0000,DISTRICT,South Tripura ,Rural,176230,752970,4.272655053055666,956.8488540413268,13.29867059776618,954.2349726775956,14.803245813246214,45.01188626372897,83.15822527897555,77.06709929593345,88.98895807787208,11.921858781938639,16.84177472102445,42.73251258350266,28.463834560531044,59.670005563100794,33.60175035662895,31.418155598996776,9.261785848590423,57.267487416497346,16-290
16,290,00000,000000,0000,DISTRICT,South Tripura ,Urban,31897,123031,3.8571338997397873,960.434692544258,9.602457917110321,923.4776945620318,23.330705269403644,4.802854565109606,93.44254925056421,90.9527123548588,95.8438576349024,4.891145280043602,6.557450749435787,36.64279734375889,14.628197896273685,10.793664877334635,7.129231178740961,16.183842775387074,3.185306774322346,63.35720265624111,16-290
16,291,00000,000000,0000,DISTRICT,Dhalai,Total,84509,378230,4.475617981516762,944.1874331770705,14.808714274383311,968.0604356992269,16.30965285672739,55.68252121724876,85.72337447512406,79.78608255676177,91.30500228799885,11.518919731237077,14.27662552487594,41.20006345345425,27.315092059275063,56.57218396853001,27.08126110979202,30.527943733916874,6.2580616180349224,58.79993654654575,16-291
16,291,00000,000000,0000,DISTRICT,Dhalai,Rural,74404,337731,4.539151120907478,943.5182680853758,15.269844935762485,968.6593373034051,14.964276302737979,60.88780716013632,84.50447302208555,78.06007951913294,90.5561164680133,12.49603694888036,15.495526977914452,41.93100426078743,29.081228119396428,60.88663550213962,29.06774753908512,32.6344852910023,6.772635473893825,58.06899573921257,16-291
16,291,00000,000000,0000,DISTRICT,Dhalai,Urban,10105,40499,4.00781791192479,949.7857589909008,10.963233660090372,961.1307420494699,27.52907479197017,12.274377145114695,95.39643362267395,93.41385597082954,97.27670611120118,3.862850140371634,4.603566377326047,35.104570483221806,12.636861313868614,13.596398677639446,7.29408454666948,9.544911022015896,1.1324470704086658,64.8954295167782,16-291
16,292,00000,000000,0000,DISTRICT,North Tripura,Total,152355,693947,4.554802927373569,966.6354928300176,14.295616235822045,969.1538140892038,16.567259459295883,25.855865073269285,87.5003152622225,83.74540651880847,91.1283683933867,7.382961874578228,12.4996847377775,35.83371640773719,18.362763752356436,37.505177607000526,17.685096936867374,25.15894750811326,4.933103306832028,64.1662835922628,16-292
16,292,00000,000000,0000,DISTRICT,North Tripura,Rural,123624,573662,4.64037727302142,965.316057596448,15.075950646896604,968.162577943653,15.606228057636725,29.678974727278433,86.01945494142787,81.76577796727781,90.12345181104331,8.357673843765497,13.980545058572133,36.10575565402624,19.378285049100505,43.32697646348823,20.44707302353651,26.927700663850334,5.192516596258298,63.89424434597376,16-292
16,292,00000,000000,0000,DISTRICT,North Tripura,Urban,28731,120285,4.186592878772058,972.9525809044237,10.574053290102672,975.9204598415411,21.150600656773495,7.622729351124413,94.20727739248461,92.67478693717474,95.69778103796077,3.022994100786022,5.792722607515387,34.536309598037995,13.53889207323241,8.478166674690675,3.9141110201723555,16.3400895479274,3.6396899523373936,65.463690401962,16-292
17,293,00000,000000,0000,DISTRICT,West Garo Hills,Total,123352,643291,5.215083663013165,984.4921782211816,17.490373718892382,975.6628621597893,1.369520170498266,73.68500414275965,67.58054700938435,62.70260426151884,72.3920227237855,9.689418462266659,32.41945299061565,39.74764142510932,32.519145682664224,62.7568998760232,15.536209438662771,26.32923075719711,5.187079818375943,60.25235857489067,17-293
17,293,00000,000000,0000,DISTRICT,West Garo Hills,Rural,109609,568433,5.186006623543687,981.134311296062,18.23082051886502,979.1069859822009,1.0993380046549022,73.93747372161715,64.20956835476535,58.81985041825557,69.50004476447491,10.680194346219338,35.79043164523465,40.85881713412135,34.20517921210614,68.77182407267874,16.992099201308903,27.170997395104518,5.5503649006479945,59.14118286587865,17-293
17,293,00000,000000,0000,DISTRICT,West Garo Hills,Urban,13743,74858,5.446991195517718,1010.3663121710174,11.867803040423201,936.3557105492589,3.421144032701916,71.76788052045205,91.32991784642435,89.52769609314049,93.16956628277383,3.6418701896333374,8.670082153575649,31.309946832669855,19.90324809951624,3.1529994026794093,1.1093096680604149,17.987882925164264,1.5871661404556703,68.69005316733015,17-293
17,294,00000,000000,0000,DISTRICT,East Garo Hills,Total,58328,317917,5.450504046084213,971.9084745972968,18.266088318649206,980.0531914893617,0.16010468141055684,95.99360839464389,73.94649138335784,70.0533798094583,77.72318890026158,7.66980909080327,26.053508616642162,39.65594793609653,34.341455320561096,76.65082928144805,15.265758727086688,33.422699547087795,7.482966217984818,60.344052063903476,17-294
17,294,00000,000000,0000,DISTRICT,East Garo Hills,Rural,50585,273725,5.411189087674212,972.607971865699,18.94784911864097,974.6059544658494,0.07854598593478856,97.17015252534478,71.16785360137024,66.92208516591535,75.29534120909891,8.37325604318356,28.83214639862976,41.19645629737876,37.06821179294912,82.54777634904448,16.013834079723317,34.99224050015519,7.979426240411475,58.80354370262124,17-294
17,294,00000,000000,0000,DISTRICT,East Garo Hills,Urban,7743,44192,5.707348572904559,967.5868210151381,14.043265749456916,1026.7798824297845,0.6652787834902245,88.70610065170168,90.1753277523298,88.47643641058748,91.80327868852459,3.3268422779371036,9.824672247670193,30.114047791455466,17.40750966316952,26.683198076345054,8.926961226330027,20.123234144875262,3.2762248271716263,69.88595220854454,17-294
17,295,00000,000000,0000,DISTRICT,South Garo Hills,Total,24527,142334,5.8031557059567005,945.2507858411917,19.60810488007082,974.320882852292,0.22412073011367628,94.311267862914,71.71684509504041,66.9043707461501,76.23234068502896,9.327969938878866,28.283154904959588,37.28483707336265,29.268116361112718,63.521076334583285,10.486347962087095,27.647025570483706,5.760425106936252,62.71516292663735,17-295
17,295,00000,000000,0000,DISTRICT,South Garo Hills,Rural,22176,129203,5.826253607503608,943.7791484880397,19.874151528989266,971.288192845079,0.1478293847666076,95.25165824322964,69.81405457618932,64.68520995986502,74.62016316144002,9.934953201574999,30.18594542381068,38.14849500398598,30.733425788659872,67.42072267645925,10.943618251536854,29.004443182048732,6.023656393921565,61.85150499601403,17-295
17,295,00000,000000,0000,DISTRICT,South Garo Hills,Urban,2351,13131,5.585282858358146,959.8507462686567,16.990328230903966,1009.9099099099099,0.9747924758205773,85.05825908156271,89.78899082568807,87.83427495291902,91.64579606440071,3.811521111481696,10.211009174311926,28.786840301576422,14.974343025967968,12.671957671957673,4.523809523809524,9.947089947089948,2.328042328042328,71.21315969842358,17-295
17,296,00000,000000,0000,DISTRICT,West Khasi Hills,Total,64906,383461,5.90794379564293,979.5111374958057,22.743903552121335,966.8485859907086,0.04381149582356485,97.81881338649823,77.86678008553673,77.18929150155915,78.53293433217516,1.3436428306160053,22.133219914463268,42.597552293453575,38.8155745048644,74.77425081881907,22.764088279408615,26.65646331384493,5.978756619425143,57.40244770654643,17-296
17,296,00000,000000,0000,DISTRICT,West Khasi Hills,Rural,57720,340356,5.896673596673597,974.4517925513401,23.008261937500734,965.2178277454326,0.04260245155072923,97.6786071055013,76.54114163162194,75.72926478990688,77.33453052847614,1.6052657385692584,23.45885836837806,43.591709856738234,40.14799733295233,79.80615635552381,23.60026151367892,26.594188734691677,5.979092385773117,56.408290143261766,17-296
17,296,00000,000000,0000,DISTRICT,West Khasi Hills,Urban,7186,43105,5.998469245755636,1020.3890321068667,20.656536364690872,981.3084112149533,0.05335807910915207,98.92587866836794,88.02374199584807,88.08179723502305,87.96389763078201,-0.11789960424103185,11.97625800415193,34.74770908247303,28.53468075333027,24.929897182534383,14.48123915075444,27.27333422352784,5.975430631593003,65.25229091752696,17-296
17,297,00000,000000,0000,DISTRICT,Ribhoi,Total,46872,258840,5.522273425499232,953.0524933789077,20.422654921959513,952.5005540370836,0.2279400401792613,88.88927522794005,75.66778976395537,74.49388684951404,76.78674720502195,2.292860355507912,24.33221023604463,41.13467779323134,33.72839623463095,71.21242005015355,18.77377363275197,14.649723404055488,3.4299775529946555,58.86532220676865,17-297
17,297,00000,000000,0000,DISTRICT,Ribhoi,Rural,42412,233587,5.5075686126567955,967.7941114527611,20.86032185010296,951.9689139927092,0.21576543215161803,90.8976098841117,74.55209347614411,73.67918523233608,75.40056751509462,1.7213822827585403,25.44790652385589,41.25229571851173,34.79744433418638,75.00311332503114,19.091946865919468,15.40992112909921,3.594852635948526,58.74770428148827,17-297
17,297,00000,000000,0000,DISTRICT,Ribhoi,Urban,4460,25253,5.662107623318386,826.486330102705,16.37429216330733,958.7873045949787,0.34055359759236525,70.31243812616323,85.43422672601572,82.38859938317559,87.87878787878788,5.490188495612287,14.565773273984277,40.04672712153012,22.980659840728098,35.093444081874814,15.742114110550776,7.406308711559379,1.8589933748640364,59.95327287846989,17-297
17,298,00000,000000,0000,DISTRICT,East Khasi Hills,Total,164046,825922,5.0346975848237685,1010.770567913738,16.836335634599877,963.9149777558083,0.6831153547187264,80.05090069037996,84.15457432079282,83.81110505789468,84.50509495681642,0.6939898989217426,15.845425679207182,39.56620600976848,29.501677613910342,36.003990379024806,12.512469934452517,11.386656711119816,2.295997992570061,60.43379399023152,17-298
17,298,00000,000000,0000,DISTRICT,East Khasi Hills,Rural,86985,459441,5.281841696844284,1011.4837856651884,20.74869243276068,976.4061949287832,0.664720823783685,94.16247135105486,77.72532153479827,78.70249052664771,76.72775508391794,-1.9747354427297665,22.27467846520173,41.556151932457055,33.79661691886838,60.38831798707353,21.039565067094056,15.284979520861485,3.388223709709521,58.443848067542945,17-298
17,298,00000,000000,0000,DISTRICT,East Khasi Hills,Urban,77061,366481,4.755725983311922,1009.877152572118,11.931587176415693,937.2231082757398,0.7061757635457226,62.35984948742227,91.40769750336169,89.57640533542758,93.27587501877723,3.6994696833496477,8.592302496638311,37.071498931731796,24.113043808820414,1.7363462387752098,0.5292212571765053,5.90828794347122,0.7610775798616223,62.928501068268204,17-298
17,299,00000,000000,0000,DISTRICT,Jaintia Hills,Total,66028,395124,5.984188526079845,1013.0116921822861,23.0082202042903,975.853600226033,0.3333130865247365,95.18505583057471,61.643322277483215,65.06213500152657,58.14112887126183,-6.921006130264743,38.356677722516785,39.02066186817303,32.86125961204794,56.17460111557919,23.19756129199637,28.254637436762227,5.193929173693086,60.979338131826964,17-299
17,299,00000,000000,0000,DISTRICT,Jaintia Hills,Rural,61086,366694,6.002913924630849,1008.0718471058541,23.74023027374323,976.1196740290105,0.33133893655200247,95.4905179795688,59.05449864111,62.749587122474004,55.29204587281769,-7.457541249656316,40.94550135889,39.13235558803798,32.89313574237848,60.29784802363829,24.8954674694765,29.37294419356637,5.464960695768523,60.86764441196202,17-299
17,299,00000,000000,0000,DISTRICT,Jaintia Hills,Urban,4942,28430,5.7527316875758805,1078.9762340036564,13.566654941962716,969.8672114402451,0.3587759409074921,91.24516355962012,91.10405729866113,90.44026135656503,91.83238030212512,1.3921189455600853,8.895942701338868,37.58002110446711,32.46357167062013,0.7955821789591913,0.3931111943092475,13.234743541744665,1.5537251965555972,62.41997889553289,17-299
18,300,00000,000000,0000,DISTRICT,Kokrajhar,Total,181081,887142,4.899144581706529,958.7816429494044,15.434282223139023,953.6848113005636,3.333175523196963,31.411544036918553,65.22170888994933,58.270594831762835,71.89279556971945,13.622200737956618,34.778291110050674,38.452806878718405,24.136358716553403,62.463686970694546,16.512717988104278,25.802697497442335,3.471100544951939,61.547193121281595,18-300
18,300,00000,000000,0000,DISTRICT,Kokrajhar,Rural,169359,832201,4.913828022130504,960.6757985703717,15.789094221227803,953.974957618297,2.8535173593879364,32.04958898150807,63.625493005176914,56.52786347073957,70.45296752519596,13.92510405445639,36.374506994823086,38.45020614010317,24.587068214982036,66.34789973217327,17.535931596366055,26.594537834822475,3.6176921898975882,61.54979385989683,18-300
18,300,00000,000000,0000,DISTRICT,Kokrajhar,Urban,11722,54941,4.686998805664563,930.5316420113146,10.059882419322546,946.8122578372667,10.598642179792868,21.74696492601154,87.85971586999636,83.43700092460284,91.9672131147541,8.53021219015126,12.140284130003636,38.492200724413465,17.196586360546785,3.6930206166067716,1.0308303385662947,13.821637979950824,1.25307357669756,61.507799275586535,18-300
18,301,00000,000000,0000,DISTRICT,Dhubri,Total,414674,1949258,4.700699826851936,953.461849900987,18.89241957709036,968.3471233403886,3.611374174172942,0.3248415550942974,58.339236784912806,53.332727461570414,63.095555259535544,9.76282779796513,41.660763215087194,34.36276778138143,15.232234262830957,56.19742049717908,25.54660288824294,24.606796761513188,5.326513580534443,65.63723221861856,18-301
18,301,00000,000000,0000,DISTRICT,Dhubri,Rural,371075,1745557,4.704054436434683,952.7124533232504,19.78044830389383,970.6243258205727,2.287464688921645,0.3225904396132581,55.24945760770361,50.214575902649294,60.02426600213441,9.809690099485117,44.75054239229639,34.342218558316915,15.655033858083728,62.22118796322709,28.32635208511618,25.88733583223652,5.68208546649251,65.65778144168308,18-301
18,301,00000,000000,0000,DISTRICT,Dhubri,Urban,43599,203701,4.672148443771646,959.9072488309889,11.282713388741342,934.7588180823302,14.956234873662869,0.34413184029533483,82.28012704877213,77.30282079334107,87.074031828798,9.771211035456929,17.71987295122787,34.538858424848186,11.623081780548679,4.872363408948774,1.86195917903235,13.696060037523452,2.2968901017681507,65.46114157515181,18-301
18,302,00000,000000,0000,DISTRICT,Goalpara,Total,198454,1008183,5.080184828726052,964.1510095618089,17.026373188200953,962.7588414878169,4.472799085086735,22.96904431040793,67.37112773542006,63.13140536315625,71.46007256331679,8.328667200160538,32.62887226457994,35.963014651109965,19.288085659266386,55.81689756269772,20.91385734734798,26.53176050064401,4.036152719590262,64.03698534889003,18-302
18,302,00000,000000,0000,DISTRICT,Goalpara,Rural,170003,870121,5.118268501144097,963.0745142630245,17.485039437043813,963.059017831798,3.7794743489698557,25.26901430950408,65.93331290565196,61.69209454970787,70.01793614077683,8.325841591068958,34.06668709434804,36.098312763397274,19.961487735342967,62.873807302793075,23.26336600880614,27.579202735443282,4.239427696363249,63.901687236602726,18-302
18,302,00000,000000,0000,DISTRICT,Goalpara,Urban,28451,138062,4.852623809356437,970.9627683873915,14.135678173574192,960.4218985434455,8.84240413727166,8.473729194130174,76.07932785585344,71.80469779138795,80.23729885344383,8.43260106205588,23.920672144146565,35.110312758036244,15.061604963683948,10.089945125221767,5.689648058753146,19.74460535544828,2.7189833725296033,64.88968724196376,18-302
18,303,00000,000000,0000,DISTRICT,Barpeta,Total,337929,1693622,5.0117687443220325,953.4189000281428,16.99487843214129,960.9952512995906,5.628174409638042,1.6145279170912992,63.81152843982009,58.057138189466805,69.28898805515483,11.231849865688027,36.18847156017991,33.17292760722286,14.096837959008877,54.14596030073475,17.611565187674433,21.781020390727345,4.27998803895882,66.82707239277713,18-303
18,303,00000,000000,0000,DISTRICT,Barpeta,Rural,306434,1546269,5.04600990751679,952.8801233661999,17.674544338662937,960.797818912326,4.782220946032029,1.6704079303148416,61.46728956545032,55.555913652741694,67.0901229136937,11.53420926095201,38.53271043454968,33.018963712006126,14.363137525182907,59.16186476862752,19.15888765713077,22.915532295783862,4.529322589616932,66.98103628799387,18-303
18,303,00000,000000,0000,DISTRICT,Barpeta,Urban,31495,147353,4.678615653278298,959.0906069268098,9.86271063364845,964.7154251723672,14.505303590697169,1.0281433021384023,86.27917482306881,81.93594043260207,90.44206552832581,8.506125095723746,13.720825176931186,34.788568946679064,11.31165266572403,4.1882876204596,2.2004603800085833,10.48144824626429,1.7966524911240296,65.21143105332094,18-303
18,304,00000,000000,0000,DISTRICT,Morigaon,Total,184602,957423,5.18641726525173,967.3708674183347,17.110409923304537,956.1411888328995,12.30814384028794,14.285953021809586,68.03166314685913,64.04009224492512,71.90230947742023,7.862217232495112,31.96833685314087,36.676369796840056,19.78962215254943,66.52351714946404,21.638739221069176,25.681479034481185,3.5757002745281192,63.323630203159944,18-304
18,304,00000,000000,0000,DISTRICT,Morigaon,Rural,168445,884125,5.248745881444982,968.5587244474231,17.54457797257175,957.225593983824,12.363297045101088,14.765785381026438,66.60137254821271,62.629511136356676,70.45799875631978,7.828487619963106,33.39862745178729,36.89568782694755,20.467492103484584,70.7523512893772,22.953734472906525,26.560373263356674,3.699218893698422,63.104312173052456,18-304
18,304,00000,000000,0000,DISTRICT,Morigaon,Urban,16157,73298,4.536609519093891,953.1549776167128,11.873448115910392,937.013131537948,11.642882479740239,8.498185489372153,84.17369765461723,80.09188846641318,88.07325563795973,7.981367171546552,15.826302345382771,34.030942181232774,11.545988258317024,11.221135343168697,4.441949967928159,14.187780628608081,1.9603912764592688,65.96905781876723,18-304
18,305,00000,000000,0000,DISTRICT,Nagaon,Total,559340,2823768,5.0483927485965605,962.1599986658439,16.288165316697405,963.8518720938672,9.432432126152007,4.077990826441832,72.3705785700144,68.06912303620875,76.50785246022728,8.438729424018533,27.629421429985598,34.705329899623486,15.402381530141781,55.33654150314592,20.01779595468562,25.000561225635153,4.2860291551615415,65.29467010037652,18-305
18,305,00000,000000,0000,DISTRICT,Nagaon,Rural,480399,2454234,5.1087408591608225,961.8412690799651,17.146409022122587,964.1396885851909,9.31166302805682,4.463673798016001,69.9560002576938,65.51554956234875,74.22489985406135,8.709350291712596,30.043999742306198,34.60978048547938,15.893302217579238,62.90968383750979,22.67669721746399,26.748488647935908,4.6516090675237365,65.39021951452062,18-305
18,305,00000,000000,0000,DISTRICT,Nagaon,Urban,78941,369534,4.681141612090042,964.2794495208025,10.588200273858426,960.7617138561764,10.234511574036489,1.5165045706213771,87.23059741470368,83.75689586094246,90.581666389173,6.82477052823053,12.76940258529632,35.339914595138744,12.146168560198891,6.079192606035545,2.7237294495110764,13.63166479060899,1.9082186640937877,64.66008540486126,18-305
18,306,00000,000000,0000,DISTRICT,Sonitpur,Total,392919,1924110,4.896963496293129,955.5871304517514,14.441066259205554,965.7311836324662,5.671713155692762,12.06828091949005,67.33930732186158,60.72524844562067,73.64836075204944,12.92311230642877,32.66069267813842,40.04999714153556,24.825516961176593,47.23399506362525,14.905801408242345,27.5472809710799,4.791164356363693,59.95000285846444,18-306
18,306,00000,000000,0000,DISTRICT,Sonitpur,Rural,352647,1750265,4.963221011379652,955.6361279797986,14.909970775853942,966.1711633654043,5.4101521769560605,13.046310130180286,64.97940980365956,57.98666653829279,71.64910043581044,13.662433897517651,35.020590196340436,40.47821329912899,26.045154803105415,51.13694747599071,16.124752285186794,29.249826387908694,5.132425092734263,59.52178670087102,18-306
18,306,00000,000000,0000,DISTRICT,Sonitpur,Urban,40272,173845,4.316770957489075,955.0939619203995,9.72015300986511,958.9612798516114,8.305099370128563,2.2215191693750183,89.7328397484501,86.69997651785947,92.6282490378987,5.928272520039229,10.267160251549896,35.738732779199864,12.542684219202599,2.7281506518590053,1.0059552551102529,8.13294704651537,0.8997263801706101,64.26126722080014,18-306
18,307,00000,000000,0000,DISTRICT,Lakhimpur,Total,204307,1042137,5.100838444106174,967.5064284824251,15.040153070085797,958.8457308538292,7.853094170919945,23.93408928000829,77.19534040058821,70.6692064074907,83.51947480084864,12.850268393357936,22.804659599411792,41.26088988300003,28.830374095300538,65.88425446807521,10.214537378341609,34.06132629449179,5.756113443179571,58.73911011699997,18-307
18,307,00000,000000,0000,DISTRICT,Lakhimpur,Rural,183192,950804,5.190204812437225,970.2433990492807,15.385820842150434,960.6894425754916,7.876597069427558,25.572568058190754,76.21685114634282,69.44248305358296,82.80147363415537,13.35899058057241,23.78314885365718,41.706913307053824,29.976805874136623,70.38968505942489,10.906289481050356,35.824900201991674,6.078411099707226,58.29308669294618,18-307
18,307,00000,000000,0000,DISTRICT,Lakhimpur,Urban,21115,91333,4.3255031967795405,939.4589314533254,11.441647597254006,933.3950046253468,7.608421928547185,6.877032397928459,86.92803184847249,83.07990611286866,90.54621344783746,7.466307334968803,13.071968151527514,36.61765188924047,16.697181347618724,12.462624088027747,2.0123191005860543,13.150340868317187,1.93457720368377,63.38234811075952,18-307
18,308,00000,000000,0000,DISTRICT,Dhemaji,Total,129869,686133,5.283270064449561,953.4091200259644,15.193410024004091,950.109433750491,6.445543356754449,47.44852674335734,72.69946346878942,65.21327447957366,79.8412986245433,14.628024144969643,27.300536531210582,46.17180634075318,38.88600231722029,79.26704545454545,6.0546085858585865,36.43813131313131,6.617424242424243,53.82819365924683,18-308
18,308,00000,000000,0000,DISTRICT,Dhemaji,Rural,119638,637848,5.33148330797907,954.9218764366583,15.41934755615758,951.3511368596485,6.35323776197464,49.73206782807189,71.80998561620476,64.11880737425082,79.15947744638896,15.040670072138141,28.190014383795244,47.14743951537043,40.7693295246654,82.87960256576518,6.245822650958171,37.60694844860323,6.845365761200284,52.852560484629564,18-308
18,308,00000,000000,0000,DISTRICT,Dhemaji,Urban,10231,48285,4.7194800117290585,933.6430259100557,12.208760484622553,929.6235679214403,7.66490628559594,17.28280004142073,84.01981599433829,79.30546058415551,88.42398247855449,9.118521894398981,15.980184005661712,33.283628456042244,13.717079866174831,11.666977786074295,2.476510484724037,14.566610665173293,2.352062721672578,66.71637154395775,18-308
18,309,00000,000000,0000,DISTRICT,Tinsukia,Total,268598,1327929,4.943927356123277,952.173599850639,13.692448918579231,959.8176272136412,2.83810354318642,6.179999081276183,69.65534511296106,61.73339610381474,77.1888522335366,15.455456129721853,30.344654887038942,41.959773451743274,29.423126210054683,35.398315852949416,8.57077222377763,26.383534698741556,4.202650413857961,58.040226548256726,18-309
18,309,00000,000000,0000,DISTRICT,Tinsukia,Rural,210707,1063186,5.045802939627065,963.7898392116662,14.600267497879017,967.3020379194971,2.3783232661077176,7.1739093629901065,65.04805288350343,56.2865487230255,73.4870516399238,17.20050291689831,34.95194711649657,43.33935924664169,33.48428777039082,41.63089383607724,10.060159122180313,28.82776521448507,4.633467743685679,56.66064075335831,18-309
18,309,00000,000000,0000,DISTRICT,Tinsukia,Urban,57891,264743,4.57312881104144,906.8757382811374,10.046724559289576,917.2493332372234,4.684543122953204,2.188537562843966,87.22123076277059,83.17135233517698,90.88930323375719,7.717950898580213,12.778769237229412,36.419470958627805,12.592627892015534,5.613059802111639,1.4530481860233566,14.702648882988653,2.1437905785226823,63.5805290413722,18-309
18,310,00000,000000,0000,DISTRICT,Dibrugarh,Total,276867,1326335,4.790513134465285,960.7751827968435,12.3053376409429,962.4134282416313,4.438999197035439,7.756034486008437,76.04780225685116,68.99425998360998,82.82305070575426,13.828790722144277,23.952197743148844,42.26360610253066,29.626666215315872,35.03711486967427,10.919317750023637,30.141448594879737,5.534673547917518,57.73639389746934,18-310
18,310,00000,000000,0000,DISTRICT,Dibrugarh,Rural,222414,1082605,4.8675218286618644,967.3032296987639,12.95791170371465,967.6138913824058,3.8237399605580977,8.552796264565561,72.75358104766735,64.84754564349832,80.40074905585143,15.553203412353113,27.246418952332647,43.459618235644584,32.85328363760694,41.36932088689383,12.793945113242195,33.312504250833165,6.24319866693872,56.540381764355416,18-310
18,310,00000,000000,0000,DISTRICT,Dibrugarh,Urban,54453,243730,4.475970102657337,932.2947635469933,9.40672055142986,931.1826145552561,7.171870512452304,4.216961391703935,90.10656558108359,87.02740754646142,92.9776042988544,5.9501967523929835,9.893434418916414,36.9511344520576,15.021046813214847,1.9564517382662863,1.1259035542576699,13.575243446108749,1.8332019409067188,63.04886554794239,18-310
18,311,00000,000000,0000,DISTRICT,Sivasagar,Total,248367,1151050,4.634472373543989,953.5280779883778,12.108944007645194,960.2824111839329,3.6789887494027194,4.260370965640068,80.41209089920626,74.71046851826337,85.8434630216516,11.132994503388232,19.587909100793738,42.197732505104035,28.593143170402648,38.41084417469432,9.978650119308156,34.33419048540611,7.848397317779694,57.802267494895965,18-311
18,311,00000,000000,0000,DISTRICT,Sivasagar,Rural,222136,1040954,4.686111211149926,959.3100514600422,12.32417570805242,961.6954906188357,3.312634371931901,4.54141105178519,79.27224118378594,73.2398338317188,85.05717027017165,11.817336438452855,20.727758816214063,42.740697475584895,30.09311944246058,41.693507240774,10.756758093191673,36.55832290053516,8.414267123087539,57.2593025244151,18-311
18,311,00000,000000,0000,DISTRICT,Sivasagar,Urban,26231,110096,4.197171285883115,900.5006041774556,10.073935474494986,944.0841367221735,7.142857142857142,1.603146345007993,90.91965052270088,88.75587858059,92.85782671134514,4.101948130755147,9.080349477299123,37.064016858014824,13.938197293256144,2.6197127873351955,1.494878204185659,10.084301328236043,1.6786747047002892,62.935983141985176,18-311
18,312,00000,000000,0000,DISTRICT,Jorhat,Total,236262,1092256,4.623070997451982,961.6490512836631,11.407032783523277,964.3375165542031,8.117602466820966,12.814852928251252,82.14944887781064,76.45065730520678,87.62771673588351,11.177059430676735,17.85055112218936,45.65028711217883,33.2190994133917,39.91793316727434,10.660064418051494,32.085283724213724,6.370608361511216,54.34971288782117,18-312
18,312,00000,000000,0000,DISTRICT,Jorhat,Rural,184642,871722,4.721146867993197,967.9119033429051,11.860891430983731,967.7229041773717,8.309300442113427,15.413285428152554,80.01114107516581,73.57669255500721,86.23928405857238,12.662591503565167,19.98885892483419,47.0425204365612,36.49691897918154,47.355881779165045,12.359295747171284,34.78223761217323,7.086422161529457,52.9574795634388,18-312
18,312,00000,000000,0000,DISTRICT,Jorhat,Urban,51620,220534,4.272258814413018,937.2787406554986,9.613030190356135,947.9922815400166,7.359862878286341,2.5438254418819772,90.39150370734545,87.71944386802241,92.89294247916546,5.173498611143046,9.60849629265455,40.14709749970526,20.04742401379608,5.467708780410671,2.7897625878154013,19.59384670988728,3.0551853441460164,59.85290250029473,18-312
18,313,00000,000000,0000,DISTRICT,Golaghat,Total,227197,1066888,4.6958718645052535,964.220553390247,12.634222148904103,963.1382715330168,5.839225860633919,10.475795022532825,77.43459625896502,71.08650425265955,83.55655122560849,12.470046972948936,22.565403741034984,44.98391583746373,32.616993204474845,53.59262222666733,13.880415395642679,30.987564801386874,6.070702272007468,55.01608416253627,18-313
18,313,00000,000000,0000,DISTRICT,Golaghat,Rural,204860,969152,4.730801522991311,965.3272496831432,12.910255563626757,965.7193131294089,5.7939311893284025,11.244263025820512,75.9423813315135,69.21564654403002,82.43549085625672,13.219844312226698,24.057618668486498,45.84998018886614,34.4524575286696,57.52167181269072,14.820999378876396,32.38912043496656,6.361790996408286,54.15001981113385,18-313
18,313,00000,000000,0000,DISTRICT,Golaghat,Urban,22337,97736,4.375520436943188,953.3136141977776,9.89706965703528,930.3532229095989,6.288368666612099,2.8556519603830726,91.73659766303669,89.10730052511734,94.24986118822875,5.142560663111411,8.26340233696331,36.39600556601457,14.29979035639413,4.511975711233554,2.1308894636230744,13.479703137298998,2.4344990441920613,63.603994433985434,18-313
18,314,00000,000000,0000,DISTRICT,Karbi Anglong,Total,177646,956313,5.383250959773933,950.9942529790867,15.861020398133247,958.994162318541,4.701494176069969,56.33490290312899,69.2507879378399,61.996769526375815,76.13843130889012,14.141661782514305,30.749212062160098,40.095763625507544,29.44313584156037,74.05885129654888,15.896057020506415,32.06725415383331,6.61457694925686,59.90423637449245,18-314
18,314,00000,000000,0000,DISTRICT,Karbi Anglong,Rural,153957,843347,5.477808738803692,952.5356312684638,16.411631273959593,961.5782536600576,4.73541733118159,58.32190071228095,66.68794507333958,59.054354944335294,73.94573353811244,14.89137859377714,33.31205492666042,41.07123165197718,31.37938326248168,80.25741036397179,17.093422408790524,33.85569891417634,7.091776783987204,58.92876834802282,18-314
18,314,00000,000000,0000,DISTRICT,Karbi Anglong,Urban,23689,112966,4.768711216176285,939.5635527016121,11.750438184940602,932.4501383025186,4.448241063682878,41.50098259653347,87.37310917626289,82.91940891593195,91.5618795499669,8.64247063403495,12.626890823737114,32.81341288529292,14.885879794601903,16.137908708319845,4.707564476097982,15.355562749541383,2.155498003668933,67.18658711470708,18-314
18,315,00000,000000,0000,DISTRICT,Dima Hasao,Total,42252,214102,5.06726308813784,932.2936409090089,15.13951294242931,966.8689320388349,2.025670007753314,70.92086949211124,77.53566553652416,71.32522949431129,83.28809821674689,11.962868722435601,22.464334463475836,39.713781281818946,27.787996127783153,57.97854824293174,5.666368725596274,19.6770475608035,3.3859434539210613,60.28621871818105,18-315
18,315,00000,000000,0000,DISTRICT,Dima Hasao,Rural,29289,151613,5.176448496022397,948.3274862819179,16.533542638164274,966.1934269354459,1.2432970787465456,81.16718223371346,71.12749514010716,64.00826311851394,77.85393741931517,13.845674300801235,28.872504859892842,41.38167571382401,31.999024337362457,75.95473382212305,7.105514823079376,23.377430666241633,4.284348103283392,58.618324286175984,18-315
18,315,00000,000000,0000,DISTRICT,Dima Hasao,Urban,12963,62489,4.820566226953638,894.4671820524482,11.757269279393173,969.1771642991155,3.9238906047464357,46.06090671958265,92.24184831888579,88.70132880098888,95.37499145416012,6.673662653171249,7.758151681114214,35.66707740562339,17.255287418655097,7.376166547020818,1.615218951902369,9.260588657573582,0.8569633883704235,64.33292259437661,18-315
18,316,00000,000000,0000,DISTRICT,Cachar,Total,379955,1736617,4.570585990446237,959.4362529392384,14.78587391462827,953.8872444204327,15.253622416456825,1.0116796046566399,79.34138959335552,73.68271501401425,84.77599365186185,11.093278637847604,20.658610406644485,35.01416835145573,16.265392499173853,31.08564587163809,11.292269538303659,22.49819919679243,3.4504705112307623,64.98583164854426,18-316
18,316,00000,000000,0000,DISTRICT,Cachar,Rural,310750,1421153,4.573300080450523,954.5952800436814,15.66847482290788,954.2490543517372,15.205259391494089,1.1689803983103861,77.07562913023163,70.74777052653158,83.1165802263757,12.368809699844121,22.924370869768367,35.29563671188113,17.195239673231807,37.18264371367909,13.460990221389341,24.90944069536787,3.9519143549207048,64.70436328811887,18-316
18,316,00000,000000,0000,DISTRICT,Cachar,Urban,69205,315464,4.558398959612744,981.5453420518714,10.809791291557833,951.5279844340162,15.471495955164455,0.30304567240636016,88.99251145317615,85.9857056919419,91.95495565418021,5.969249962238308,11.00748854682385,33.74616438008775,12.135310342179531,2.3577594709601057,1.0736729383694825,11.1368909512761,1.0877631344110767,66.25383561991227,18-316
18,317,00000,000000,0000,DISTRICT,Karimganj,Total,247714,1228686,4.9600991465964785,963.1836948602253,17.250949388208216,969.1930359166837,12.850313261484219,0.157892252373674,78.22136937582003,72.08726178535608,84.12198538861423,12.034723603258158,21.778630624179968,32.48763313002671,13.16690499019611,40.42903918370824,16.793053603593446,26.49967056725063,4.912431013275013,67.51236686997328,18-317
18,317,00000,000000,0000,DISTRICT,Karimganj,Rural,224563,1118986,4.9829491055962025,961.378415803404,17.903173051316102,969.6201038225578,12.883896670735828,0.14834859417365365,76.66232697474125,70.11474834057272,82.94531973259271,12.83057139201999,23.337673025258752,32.43356038413349,13.33567922753229,44.20530850556724,18.317733318270616,27.736156306915717,5.250367153725129,67.5664396158665,18-317
18,317,00000,000000,0000,DISTRICT,Karimganj,Urban,23151,109700,4.738456222193426,981.789933880117,10.59799453053783,961.8629767127911,12.507748404740202,0.25524156791248864,92.82480575891674,90.32808452904658,95.28202638180788,4.953941852761304,7.175194241083261,33.03919781221513,11.46358517646193,2.6156053415737777,1.5257697825847036,14.118198874296436,1.528528859949233,66.96080218778486,18-317
18,318,00000,000000,0000,DISTRICT,Hailakandi,Total,143350,659296,4.599204743634461,951.2148924206103,16.87830655729748,954.4400730644935,10.717340921225064,0.10480876571373102,74.33441967234653,67.59802893688405,80.73777201961887,13.139743082734824,25.665580327653473,32.495267679464156,13.518104826916735,45.23945108289769,14.585511575802837,22.893483943241225,4.118745332337565,67.50473232053584,18-318
18,318,00000,000000,0000,DISTRICT,Hailakandi,Rural,133091,611156,4.592015989060116,947.926195310234,17.445136757227285,954.0880848958046,10.756009922180262,0.08655727833810026,72.7321376543736,65.56797756701569,79.51393979613096,13.945962229115267,27.267862345626398,32.44556218052347,13.483452081140786,48.63106614958672,15.665706807602891,23.42543609708865,4.220522156606638,67.55443781947653,18-318
18,318,00000,000000,0000,DISTRICT,Hailakandi,Urban,10259,48140,4.692465152548982,993.9526985047426,9.682176983797259,962.5263157894736,10.226422933111758,0.3365184877440798,92.92762023045609,90.53935792916033,95.30962881293642,4.770270883776092,7.072379769543915,33.126298296634815,13.947576780430888,3.0664074747601426,1.1538220354925692,16.278923935536465,2.8532012290712987,66.87370170336519,18-318
18,319,00000,000000,0000,DISTRICT,Bongaigaon,Total,150018,738804,4.924769027716674,965.8558131861698,15.754110697830548,969.4411072945397,11.205136951072275,2.5493906367588695,69.741264628574,64.43196278619399,74.8657327157512,10.4337699295572,30.258735371426,34.624338796216584,16.0513077639358,51.15126306654262,18.53201254075354,25.071734048458598,5.414650164577845,65.37566120378341,18-319
18,319,00000,000000,0000,DISTRICT,Bongaigaon,Rural,125095,628994,5.028130620728247,966.9216288392862,16.733227979917135,973.357582120894,10.725062560215202,2.4272091625675287,66.4197898587666,60.90760339379617,71.74254081441171,10.834937420615539,33.580210141233394,34.73594342712331,16.81877571084836,59.35410344780239,21.379304031818826,27.48767661233849,6.073587902255054,65.2640565728767,18-319
18,319,00000,000000,0000,DISTRICT,Bongaigaon,Urban,24923,109810,4.405970388797496,959.7729868646487,10.14570621983426,933.194516744751,13.955013204626173,3.249248702303979,87.37192025864253,83.16735537190083,91.42015954166584,8.252804169765014,12.628079741357467,33.98506511246699,11.638588270296404,3.1270934376591017,1.8623221415364828,10.927409630483131,1.5568477183204266,66.01493488753302,18-319
18,320,00000,000000,0000,DISTRICT,Chirang,Total,97395,482162,4.950582678782278,969.1333823409295,15.184730443294992,968.0922555845273,7.286969939563881,37.0597434057433,63.55395686971661,56.65166328842256,70.24448735667609,13.592824068253528,36.44604313028339,40.21345522874055,27.446882032178404,59.595449059795556,18.166627126161718,28.297420239924907,4.355988323516973,59.78654477125945,18-320
18,320,00000,000000,0000,DISTRICT,Chirang,Rural,89823,446825,4.97450541620743,969.302981555345,15.481676271470935,968.5267920662474,7.0188552565322,39.48369048285123,62.084898940550616,55.06388014739504,68.89139209612316,13.827511948728116,37.915101059449384,40.72981592345997,28.804619651707362,63.272909099900545,19.208092707881157,28.986048760653,4.483188729112978,59.27018407654003,18-320
18,320,00000,000000,0000,DISTRICT,Chirang,Urban,7572,35337,4.666798732171157,966.9913721124409,11.429945949005292,960.6796116504854,10.677193876107197,6.409712199677392,81.27995399067032,75.82667446241798,86.5576862621817,10.73101179976372,18.72004600932968,33.684240314684324,10.257886253741653,3.368898596992355,2.243131983533563,17.768629757204067,2.4111568512139794,66.31575968531568,18-320
18,321,00000,000000,0000,DISTRICT,Kamrup,Total,311114,1517542,4.877768277865991,949.4130084872588,13.183226559792086,966.8587046285737,7.105371712941058,11.995582329846554,75.5471236397337,69.46698796384159,81.30374069996823,11.836752736126641,24.452876360266302,41.44557448821845,27.123143471419237,45.36500284599509,15.823414748932354,33.02467271056389,6.32049402659018,58.55442551178155,18-321
18,321,00000,000000,0000,DISTRICT,Kamrup,Rural,280269,1375148,4.906529084558049,947.4155266661002,13.587192069508156,968.4780547419878,6.470212660746334,13.103462318237746,74.20508556732958,67.95827975920233,80.1029740421647,12.144694282962377,25.794914432670424,41.65238941553927,27.6555736254275,49.04675775425903,16.92423993770754,33.706017298029614,6.489903663173773,58.34761058446073,18-321
18,321,00000,000000,0000,DISTRICT,Kamrup,Urban,30845,142394,4.616437023828822,968.9163590105226,9.281992218773263,944.2483083259783,13.239321881539952,1.2964029383260531,87.89258149670607,83.14481415150658,92.50492193580881,9.36010778430223,12.107418503293928,39.448291360591035,22.039872704179928,7.822402620522681,4.598376415295877,26.0770490635904,4.5930356761375775,60.551708639408965,18-321
18,322,00000,000000,0000,DISTRICT,Kamrup Metropolitan,Total,293112,1253938,4.278016594339365,936.3295937984974,9.999377959675837,945.6582459189373,8.11754648156448,5.990806563003912,88.71465382188858,85.06685783748402,92.12643254375872,7.059574706274702,11.285346178111425,39.151218002803965,19.018459544192904,8.605061393431269,3.4617828945760305,15.842927330057929,1.905966610447068,60.848781997196035,18-322
18,322,00000,000000,0000,DISTRICT,Kamrup Metropolitan,Rural,45484,216927,4.769303491337613,953.206317192199,12.600091274945028,979.7913950456323,15.442522138784016,13.63315769821184,76.44809434897729,70.21811171998527,82.36304186888212,12.144930148896847,23.551905651022707,40.459693814048045,23.475180654607282,39.236395952966916,15.13763558472336,26.718166074195604,4.572281469328229,59.540306185951955,18-322
18,322,00000,000000,0000,DISTRICT,Kamrup Metropolitan,Urban,247628,1037011,4.187777634193226,932.8360573544844,9.455348111061502,936.3521466092658,6.585272480234057,4.392142417004256,91.19151229341462,88.09308875170227,94.0806981075769,5.987609355874625,8.808487706585382,38.877504674492364,18.07575806013331,1.9366808544413687,0.9199730134635037,13.475409510769811,1.3255151749660188,61.12249532550764,18-322
18,323,00000,000000,0000,DISTRICT,Nalbari,Total,155248,771639,4.970363547356488,948.5538097907607,12.354611418033562,967.332535391473,7.803649115713436,3.027840738998418,78.62875680535141,72.57222637928203,84.35784409635504,11.78561771707301,21.371243194648585,34.68240977970268,15.286463116925297,34.77055410035759,13.072120109258172,26.47380830496631,4.4349700885200445,65.31759022029732,18-323
18,323,00000,000000,0000,DISTRICT,Nalbari,Rural,137601,688909,5.006569719696804,947.8478951133379,12.738837785542067,968.1760075354908,7.872157280569712,3.339047682640232,77.22049405306495,70.89967198745471,83.19313593539704,12.293463947942328,22.779505946935046,34.90867444031069,15.772658934707904,37.67906224401116,14.044717221993523,27.507287235590816,4.5731821413869245,65.09132555968931,18-323
18,323,00000,000000,0000,DISTRICT,Nalbari,Urban,17647,82730,4.688048960163201,954.4520305228094,9.155082799468149,957.6117859912122,7.233168137314154,0.436359240904146,89.89302251317261,85.88402005668193,93.71814872594904,7.834128669267102,10.10697748682739,32.79825939804182,11.252196727803767,8.992408048942286,4.451979066853394,17.314070907348714,3.2099948404216114,67.20174060195818,18-323
18,324,00000,000000,0000,DISTRICT,Baksa,Total,191701,950075,4.956025268517118,973.8536970477635,12.93287372049575,966.0149124771992,7.692340078414863,34.84009157171803,69.24986974176835,61.27344987768475,77.02706574473774,15.753615867052993,30.75013025823165,42.81304107570455,29.89791891113505,59.95707500319602,23.254973497625112,31.58134114801011,4.83951066487034,57.18695892429545,18-324
18,324,00000,000000,0000,DISTRICT,Baksa,Rural,189249,937833,4.955550623781368,974.2730413218617,12.93748460546814,966.2280417449925,7.6113764390888345,35.17619874753821,69.18056438387705,61.1832869522945,76.98170178481996,15.79841483252546,30.819435616122945,42.89260454686495,30.091658275821835,60.475909919181824,23.442988507461575,31.647363279065083,4.862514636019897,57.10739545313505,18-324
18,324,00000,000000,0000,DISTRICT,Baksa,Urban,2452,12242,4.992659053833605,942.2497223544344,12.579643849044272,949.3670886075948,13.894788433262539,9.091651690900179,74.53746963184452,68.27905184043168,80.42807908579721,12.14902724536553,25.462530368155484,36.71785655938572,14.800471459841724,13.526140155728585,6.4293659621802,25.672969966629587,2.7808676307007785,63.28214344061428,18-324
18,325,00000,000000,0000,DISTRICT,Darrang,Total,187783,928500,4.944537045419447,953.6140281480328,16.84523424878837,968.9565315910722,4.336025848142165,0.9067312870220787,63.0804360102164,58.038410018710664,67.8730585393951,9.83464852068444,36.9195639897836,34.985783521809374,17.205285651560917,64.97692731565711,25.1250604137999,25.669939016694222,4.867890026874521,65.01421647819063,18-325
18,325,00000,000000,0000,DISTRICT,Darrang,Rural,175351,873006,4.978620024978472,955.3957801370784,17.286937317727485,970.3113780272864,3.2927608744957078,0.9192376684696324,61.49856666066557,56.4309745191284,66.32446973895881,9.893495219830413,38.50143333933443,34.9547425790888,17.563170209074755,68.95729083717562,26.64136821373916,26.63645271122734,5.045927178468788,65.0452574209112,18-325
18,325,00000,000000,0000,DISTRICT,Darrang,Urban,12432,55494,4.463803088803089,926.005622462083,9.89656539445706,932.441942294159,20.748188993404693,0.7099866652250694,85.9245630174793,81.59876825766717,89.9272265218898,8.328458264222633,14.0754369825207,35.47410530868202,11.483827442749522,3.2764401097226457,1.6204409224829828,10.68779843543635,2.108097124860307,64.52589469131797,18-325
18,326,00000,000000,0000,DISTRICT,Udalguri,Total,168717,831668,4.929366928051115,972.5675198106338,13.620098404651856,973.0708935725484,4.550373466335124,32.148886334450765,65.41340824116014,58.04843204296035,72.57576048785444,14.527328444894088,34.58659175883986,41.486506634859104,27.884336338650556,57.26110772976263,21.08338405356056,26.62145320696751,3.492449931889981,58.5134933651409,18-326
18,326,00000,000000,0000,DISTRICT,Udalguri,Rural,160404,794094,4.950587267150445,973.1886830897372,13.808566743987488,972.3891067381371,4.292438930403705,33.11761579863341,64.43462621321633,56.91883421753413,71.7498731432789,14.831038925744771,35.56537378678367,41.722642407573915,28.54957972894304,59.46721719682358,21.89926867622247,27.25456285068379,3.585991663572953,58.277357592426085,18-326
18,326,00000,000000,0000,DISTRICT,Udalguri,Urban,8313,37574,4.519908576927704,959.5306388526727,9.636983020173524,993.9427312775331,10.001596848884867,11.67562676318731,85.14416988189556,81.02928769434735,89.07771184976093,8.048424155413585,14.855830118104436,36.49598126363975,13.723571933257242,3.959746226208707,1.3709618610078027,11.325020053963392,1.2324072048421206,63.504018736360244,18-326
19,327,00000,000000,0000,DISTRICT,Darjiling ,Total,391234,1846823,4.720507420111749,970.4510706218879,10.459529689634579,952.523424944154,17.17950231289084,21.517438325167056,79.5562433253873,73.3339220534558,85.60786615230829,12.273944098852496,20.4437566746127,37.02173949533875,22.443720287962144,20.800583859616278,9.6589862020751,22.06600304800461,5.575040293918909,62.97826050466124,19-327
19,327,00000,000000,0000,DISTRICT,Darjiling ,Rural,236694,1118860,4.727031525936441,973.4198760064554,11.3305507391452,964.5895643819058,20.093845521334217,28.517330139606383,74.27009929572709,66.58660964646248,81.75807466025523,15.171465013792755,25.729900704272907,38.30488175464312,26.014187481314384,31.838545142307815,14.647275408443738,27.892938974935717,7.906378768858878,61.69511824535688,19-327
19,327,00000,000000,0000,DISTRICT,Darjiling ,Urban,154540,727963,4.710515077002718,965.9054697078537,9.120793227128301,929.8918730380188,12.700233390982785,10.758788564803432,87.48335391577875,83.47841573092359,91.36651880079788,7.88810306987429,12.51664608422125,35.04958356399982,16.93437228275305,2.2598648627463276,1.2800413877435841,12.278363929954379,1.6590371078746453,64.95041643600018,19-327
19,328,00000,000000,0000,DISTRICT,Jalpaiguri ,Total,868326,3872846,4.460129029880482,952.9606709617037,11.921465506245278,955.3865244772719,37.65391136130897,18.89318604457807,73.25338757121507,66.22753649052787,79.94644371008394,13.718907219556073,26.74661242878493,39.06455356086971,22.306752842391344,37.319073837835695,23.11254469862715,23.738689016531055,5.493188623249235,60.93544643913029,19-328
19,328,00000,000000,0000,DISTRICT,Jalpaiguri ,Rural,625015,2812495,4.499884002783933,956.809570259503,12.483968860389085,957.3041224182623,41.22286439620338,24.544470301280537,69.72922550890068,61.81624501550915,77.29988290016465,15.483637884655494,30.270774491099317,39.92103097072173,25.052555647905155,48.047386079337215,29.69182660492689,27.6431562100043,6.557669065183915,60.07896902927827,19-328
19,328,00000,000000,0000,DISTRICT,Jalpaiguri ,Urban,243311,1060351,4.3580068307639195,942.824738263543,10.429470995924934,949.3231333286328,28.187552989528943,3.9036130488866423,82.38653473185914,77.75071844693912,86.75380230080606,9.00308385386694,17.613465268140857,36.792816718237646,14.96852730322034,6.4436999689849355,4.177806030251222,12.501890380972643,2.4296842358887867,63.207183281762354,19-328
19,329,00000,000000,0000,DISTRICT,Koch Bihar ,Total,665720,2819086,4.234642191912516,942.1318845751622,12.225416322879118,947.8071662710523,50.170019644664976,0.6429388816091457,74.7847291570096,68.49010575585558,80.71013539912852,12.220029643272937,25.215270842990407,40.01215287508079,20.669828539337672,67.08221887503025,34.741399868968955,21.42064953452065,3.373029769224018,59.98784712491921,19-329
19,329,00000,000000,0000,DISTRICT,Koch Bihar ,Rural,596027,2529652,4.244190279970538,938.5554319205221,12.619324713438845,948.6921222110307,53.39299634890491,0.6669692115753472,73.16337522116767,66.4746765719715,79.4313562077327,12.956679635761205,26.83662477883233,40.508220103002316,21.426331878870222,73.28150113641132,37.892120458624184,22.470887083946103,3.551614738508291,59.491779896997684,19-329
19,329,00000,000000,0000,DISTRICT,Koch Bihar ,Urban,69693,289434,4.152985235246008,973.9609619030731,8.782658568101882,936.7619047619048,22.001216166725403,0.43291389401383396,88.35932942949995,85.00302651843111,91.64051205608946,6.63748553765835,11.640670570500049,35.67652729119592,14.18197860063862,5.562657369746272,3.47472399767577,10.99845051326748,1.6008134805345728,64.32347270880408,19-329
19,330,00000,000000,0000,DISTRICT,Uttar Dinajpur,Total,605674,3007134,4.964938234099532,938.7530898104917,16.133534455065853,953.1122937818536,26.86777509748485,5.414324735778319,59.067430036039184,52.17462620344408,65.51919758279956,13.344571379355486,40.932569963960816,35.76914098274304,18.955090009532523,65.0509563733119,41.12284381374195,23.36165172652948,4.005481459168894,64.23085901725696,19-330
19,330,00000,000000,0000,DISTRICT,Uttar Dinajpur,Rural,532383,2644906,4.968051196225274,941.2595809519336,16.72187971897678,952.8950470917063,28.021941044407626,5.988001085860897,55.9917062708728,48.718583353959005,62.82073176314002,14.102148409181012,44.0082937291272,36.138259733994325,19.841520480148343,72.3154810043282,45.7564842026191,25.03298204793147,4.313350902834521,63.861740266005675,19-330
19,330,00000,000000,0000,DISTRICT,Uttar Dinajpur,Urban,73291,362228,4.9423257971647265,920.6456094211467,11.837571916030786,955.355921382644,18.440319356869153,1.2254712501518379,80.28144756990001,76.31859890883607,83.91172870617035,7.593129797334285,19.71855243009999,33.073920293295934,12.407922548392856,7.092476816106441,4.154320008680918,10.027294808978073,1.5492099530061851,66.92607970670407,19-330
19,331,00000,000000,0000,DISTRICT,Dakshin Dinajpur,Total,396406,1676276,4.228684732319894,955.5272462987008,11.223390420193333,956.8247298295248,28.799195359236784,16.427247064325922,72.82139259653488,67.00880914886154,78.37452171719296,11.365712568331418,27.178607403465122,41.93742557908125,24.836126518019675,67.31390480905051,39.82036652171377,25.10956817124641,4.481875198261134,58.06257442091876,19-331
19,331,00000,000000,0000,DISTRICT,Dakshin Dinajpur,Rural,339231,1439981,4.244839062467758,951.799406590934,11.771474762514227,956.7004121021828,30.568597780109595,18.605314931238677,70.10462236928893,63.788727209315844,76.11196943216687,12.323242222851029,29.895377630711067,42.61014555053157,25.95818914569716,76.36616697469596,45.12286946402902,26.86455511768675,4.877130535970977,57.38985444946844,19-331
19,331,00000,000000,0000,DISTRICT,Dakshin Dinajpur,Urban,57175,236295,4.132837778749454,978.5561174933852,7.883366131318901,957.9566953962582,18.016462472756512,3.1541082121923867,88.67857782759904,85.51687656028139,91.77811743726913,6.261240876987742,11.321422172400958,37.837872151336256,18.094072749364663,5.191871064434229,3.4314218926506284,13.065798745092778,1.7693968168752585,62.16212784866375,19-331
19,332,00000,000000,0000,DISTRICT,Maldah ,Total,846991,3988845,4.709430206460281,944.3164918468605,15.268580253181058,949.9263622974963,20.944158020680174,7.871551790054515,61.73231887638488,56.95542617231215,66.23840487672213,9.282978704409977,38.26768112361512,38.55369160747033,23.299698963095107,52.081969142574,35.48851088567328,31.65802579840517,5.979203392795252,61.44630839252967,19-332
19,332,00000,000000,0000,DISTRICT,Maldah ,Rural,734207,3447185,4.695113231009783,949.3947982736313,15.393023583010484,960.4457153835355,22.264311314884463,8.92394809097858,59.37397460500542,54.28669895953806,64.1936474657301,9.906948506192037,40.62602539499458,38.69133800477781,23.67788883931789,58.9183827399491,40.04904923067234,33.53814248719037,6.372951096222565,61.30866199522219,19-332
19,332,00000,000000,0000,DISTRICT,Maldah ,Urban,112784,541660,4.802631578947368,912.6074751505093,14.476608942879295,881.6048375485914,12.542554369899936,1.173983679799136,76.58026189109026,74.0342331371355,78.91740604725688,4.883172910121374,23.41973810890974,37.67769449470148,20.843086804279277,7.403777837665679,5.683906215547443,19.37085038096871,3.4059338020922656,62.32230550529852,19-332
19,333,00000,000000,0000,DISTRICT,Murshidabad ,Total,1570759,7103807,4.52253146408838,958.2857807608632,14.26547765163102,968.2253591155929,12.634549333899415,1.281495964065465,66.59372144591133,63.08996761623883,69.94555830844594,6.855590692207109,33.40627855408867,36.458014695500594,17.381983940708405,47.23605905540237,32.52217164554557,21.924493813870534,3.62078638344929,63.541985304499406,19-333
19,333,00000,000000,0000,DISTRICT,Murshidabad ,Rural,1286200,5703115,4.434081013839216,954.5794774321395,14.25466609037342,967.7400615765932,12.760061825861833,1.5080179866616754,65.30471938006055,62.034427496052146,68.41937366799246,6.384946171940314,34.69528061993945,35.20540967523888,14.19168468092944,58.92539365127589,40.551099334845766,23.556022621718743,3.982408650242429,64.79459032476112,19-333
19,333,00000,000000,0000,DISTRICT,Murshidabad ,Urban,284559,1400692,4.922325422847283,973.5227730640148,14.309498447910032,970.1962017850824,12.123507523424136,0.35917960550927686,71.84543348941062,67.34149430139298,76.23262775283301,8.891133451440027,28.154566510589376,41.558172674649384,30.24241985671901,6.916829009348876,4.828535205170228,16.29697200834218,2.3734671930348976,58.441827325350616,19-333
19,334,00000,000000,0000,DISTRICT,Birbhum,Total,817899,3502404,4.282196212490784,955.6451432783151,12.805061894630088,959.2283396458855,29.498024785261777,6.923358927182586,70.67793874035297,64.14376757816166,76.91885652533817,12.775088947176513,29.32206125964703,38.01968590716548,17.635747690308527,62.98904403189239,45.922846373881704,31.447736299783042,7.302326594337802,61.98031409283452,19-334
19,334,00000,000000,0000,DISTRICT,Birbhum,Rural,715476,3052956,4.267027824832699,954.5473169882251,13.142573951278694,962.2598140622173,30.595069172303823,7.621007312257366,69.10106236746805,62.33136561017447,75.55519377914827,13.223828168973796,30.898937632531954,38.27408583680865,17.9292143422447,70.43699951475878,51.316441461680064,33.80505284165646,7.96668523762699,61.72591416319134,19-334
19,334,00000,000000,0000,DISTRICT,Birbhum,Urban,102423,449448,4.388155004247093,963.1350898036201,10.512450828571938,933.8572364112639,22.046154393834215,2.1844573788291415,81.074341123819,76.00916595848003,85.97050539821625,9.961339439736221,18.925658876181004,36.291628842491235,15.651416754344593,9.633871205061553,7.284565206729118,14.560547353965372,2.5430379125999316,63.70837115750877,19-334
19,335,00000,000000,0000,DISTRICT,Barddhaman ,Total,1730927,7717563,4.458629971107967,945.4950718308478,10.781032820852904,951.3655499138102,27.414340511376455,6.341989044987388,76.20630510650597,69.63078911793211,82.41877427620474,12.787985158272633,23.793694893494035,37.72241315036884,16.481517721881453,45.181538795521234,33.4283096854239,25.573507746326236,4.724979055395774,62.27758684963116,19-335
19,335,00000,000000,0000,DISTRICT,Barddhaman ,Rural,1071561,4639264,4.329444613979046,954.3724858211793,11.035565124123137,961.604628441158,32.852905115983916,8.175046731550522,72.6450859461221,65.85847725220563,79.11597544860072,13.25749819639509,27.354914053877906,40.29076594908158,19.054574378817353,66.99242187144733,49.648752537857206,28.490499921089025,5.673458360417185,59.709234050918425,19-335
19,335,00000,000000,0000,DISTRICT,Barddhaman ,Urban,659366,3078299,4.668574054470507,932.2673626672994,10.397430529003193,935.2076909123889,19.217951212666478,3.579411876494129,81.53514838293329,75.34232779140233,87.30640353236507,11.964075740962741,18.464851617066714,33.85168237393444,12.556650733875706,6.058119717174509,4.3327805799304455,20.341133298018534,3.0236378851040637,66.14831762606556,19-335
19,336,00000,000000,0000,DISTRICT,Nadia ,Total,1232282,5167600,4.1935206389446575,947.268939862113,10.16293830791857,959.963277278936,29.93492143354749,2.7227339577366667,74.9728589830304,70.97778699515999,78.75157074273183,7.773783747571841,25.027141016969594,35.656920040250796,11.477179063676491,46.93762696006256,30.181910738426588,13.390104346721794,2.024088696070296,64.3430799597492,19-336
19,336,00000,000000,0000,DISTRICT,Nadia ,Rural,883310,3728727,4.221311883710135,940.921195640858,10.890580082693102,961.909731280981,30.609401010049808,3.226302166932575,70.84971710807679,66.68564895490691,74.75722378116012,8.071574826253212,29.15028289192321,34.612402570636036,9.366043100992192,63.82719072184918,40.809947605845956,14.323935651734617,2.2505776374126185,65.38759742936396,19-336
19,336,00000,000000,0000,DISTRICT,Nadia ,Urban,348972,1438873,4.123176071432665,963.9134873665131,8.277311479192395,953.3556386538083,28.187060289546057,1.4177762735140627,85.35323877666842,81.63060937618137,88.94509918354464,7.314489807363273,14.64676122333158,38.363705483388735,16.88078876605916,7.449389045389082,5.333285024592168,11.206782547259536,1.4945516797855092,61.636294516611265,19-336
19,337,00000,000000,0000,DISTRICT,North Twenty Four Parganas,Total,2348683,10009781,4.261869737210173,955.2686853841346,9.570369221864095,955.7494120337101,21.66964492030345,2.643384505615058,84.05716294468463,80.33586123602886,87.61181666096059,7.275955424931723,15.942837055315366,35.68134008126651,12.809504841329694,24.83735689983044,16.77217422662632,14.447041457891425,4.328227159409837,64.31865991873349,19-337
19,337,00000,000000,0000,DISTRICT,North Twenty Four Parganas,Rural,993234,4277619,4.306758528201813,947.4226447426287,11.488119909697428,959.9411321296529,29.28495969369876,4.603495542730664,77.36953215109288,72.61225682984691,81.8690086405598,9.256751810712885,22.630467848907116,36.425076660637615,12.749866054159769,53.77825670067761,36.362912883810424,21.35077650973028,5.376266104281682,63.574923339362385,19-337
19,337,00000,000000,0000,DISTRICT,North Twenty Four Parganas,Urban,1355449,5732162,4.228976523646408,961.165101690653,8.139250077021549,951.3536573634527,15.986725427508851,1.180654001055797,88.86586104887813,85.84132013099058,91.77558796635445,5.934267835363869,11.13413895112187,35.12632755319895,12.85368346226694,2.4417208261443517,1.6120701386343566,9.104652698934888,3.517212333958117,64.87367244680104,19-337
19,338,00000,000000,0000,DISTRICT,Hugli ,Total,1287423,5519145,4.286970948942189,960.8616053204428,9.661097869325774,952.3206256682143,24.351978431441825,4.153596254492317,81.79785737278966,76.36280998429879,87.02517413675268,10.66236415245389,18.202142627210335,39.00731000906843,16.241941185257712,39.15981921806704,27.097781101506364,20.355386066042076,3.8611249169712987,60.99268999093157,19-338
19,338,00000,000000,0000,DISTRICT,Hugli ,Rural,781480,3390646,4.338749552131852,967.9362951225953,10.2610534983599,954.3646781260533,31.077824107854372,6.241288533217563,78.53289644496883,72.09062594930582,84.77867857662993,12.688052627324112,21.467103555031173,40.494672696589376,17.779206224617003,58.86189022680478,40.76397401078344,25.02885950863455,5.1900503338963215,59.50532730341062,19-338
19,338,00000,000000,0000,DISTRICT,Hugli ,Urban,505943,2128499,4.206993673200341,949.6962557753538,8.70538346506153,948.4941532766888,13.637873449787854,0.8279543471714104,86.91023335160212,83.12273595938275,90.50763988392674,7.384903924543991,13.089766648397884,36.63797821845347,13.769216746673148,4.471179307523732,3.036267742444274,12.126990314667514,1.521339661135183,63.36202178154653,19-338
19,339,00000,000000,0000,DISTRICT,Bankura ,Total,766902,3596674,4.689874325533119,956.7399943963724,11.639920660032018,948.6050473362316,32.65369616484563,10.250859544123266,70.26353482541353,60.050811210625334,80.04545205325861,19.99464084263328,29.73646517458647,40.76599658462235,23.621230550347754,65.2764932956855,44.15258283204431,37.49962488576066,9.652507809196436,59.23400341537766,19-339
19,339,00000,000000,0000,DISTRICT,Bankura ,Rural,701159,3296901,4.702073281523877,955.7159695499464,11.881703454243848,947.461570584843,33.5361298382936,11.082528714086349,68.9340015207356,58.30702885655072,79.1022538290711,20.79522497252038,31.065998479264394,41.1572564659964,24.292853933030607,70.06368863465187,47.37411508761794,39.20263185434007,10.268815857158229,58.842743534003596,19-339
19,339,00000,000000,0000,DISTRICT,Bankura ,Urban,65743,299773,4.559770621967358,968.073372812143,8.98079546857122,965.3964082347788,22.94869784803835,1.1041688210746132,84.41970159537622,78.50496532097652,90.14716491126822,11.642199590291696,15.580298404623775,36.4629236121999,16.28293377640636,5.848718277130258,4.160796296635135,16.358662836440818,2.0017199421806673,63.537076387800106,19-339
19,340,00000,000000,0000,DISTRICT,Puruliya,Total,567824,2930115,5.160252120375327,957.3298793049547,14.00037199905123,953.4339985619254,19.376952781716756,18.451562481336055,64.4832230638822,50.519062856123185,77.86040794316675,27.341345087043564,35.51677693611779,42.648223704530366,31.287562302921113,60.89784114170298,39.38768063173293,50.91410179875516,13.077425374627294,57.351776295469634,19-340
19,340,00000,000000,0000,DISTRICT,Puruliya,Rural,495836,2556801,5.156545712695326,960.4242574804019,14.281948419137821,955.922761723667,19.184793810703297,20.80028911127616,62.732018032158564,48.06135587318818,76.83311066627412,28.771754793085947,37.267981967841436,44.21067576240779,33.985500477808834,66.64384246345695,43.12925133959495,54.165726716437575,14.054224291144829,55.78932423759221,19-340
19,340,00000,000000,0000,DISTRICT,Puruliya,Urban,71988,373314,5.185780963493916,936.3964562109675,12.071875150677446,933.4992277329673,20.693035889358555,2.3653010602334765,76.17563549511345,67.14640229769223,84.63417512390843,17.4877728262162,23.824364504886546,31.94710083200737,12.567718777350631,6.437034117873942,3.9249390003605478,20.095083974074104,3.8192901402782087,68.05289916799263,19-340
19,341,00000,000000,0000,DISTRICT,Haora ,Total,1061336,4850029,4.569739460453617,939.3762603371135,10.779358226517822,961.9397159926747,14.823643322545083,0.31121463397435356,83.31446443646243,79.43035434425289,86.95265328080195,7.522298936549063,16.68553556353757,37.522352959126636,13.692901017788959,14.409853586431812,9.982278710549524,17.780525264514285,3.337756786979111,62.477647040873364,19-341
19,341,00000,000000,0000,DISTRICT,Haora ,Rural,391434,1775885,4.536869561663013,952.5540423014802,11.552437235519191,965.4538138759557,22.964043279829493,0.22664755882278415,79.97990739320073,74.96362282683943,84.74980034453765,9.78617751769822,20.020092606799267,37.75526005343814,13.649773883093289,32.32337544184104,22.382287580724544,24.716103148443676,5.423496249011917,62.24473994656186,19-341
19,341,00000,000000,0000,DISTRICT,Haora ,Urban,669902,3074144,4.588945845810283,931.8444039464589,10.332762551136186,959.6767228083164,10.12106134260464,0.3600677131585248,85.21458371122802,82.00679580197244,88.19361745299851,6.186821651026065,14.785416288771984,37.38780616652961,13.718098464841885,3.9597861409225175,2.748585075977396,13.734572869130949,2.121015700110062,62.612193833470386,19-341
19,342,00000,000000,0000,DISTRICT,Kolkata,Total,1024928,4496694,4.387326719535421,907.9934113102446,7.546054946144879,932.7595634640359,5.380219334471057,0.23759677665413748,86.30783733277593,84.0627496939786,88.34188672117483,4.279137027196228,13.692162667224068,39.934672005700186,17.910602599713634,1.5830242685466716,0.6898548787686414,12.213405058638777,1.0375109982514172,60.065327994299814,19-342
19,342,00000,000000,0000,DISTRICT,Kolkata,Rural,0,0,,,,,,,,,,,,,,,,,,,19-342
19,342,00000,000000,0000,DISTRICT,Kolkata,Urban,1024928,4496694,4.387326719535421,907.9934113102446,7.546054946144879,932.7595634640359,5.380219334471057,0.23759677665413748,86.30783733277593,84.0627496939786,88.34188672117483,4.279137027196228,13.692162667224068,39.934672005700186,17.910602599713634,1.5830242685466716,0.6898548787686414,12.213405058638777,1.0375109982514172,60.065327994299814,19-342
19,343,00000,000000,0000,DISTRICT,South Twenty Four Parganas,Total,1781221,8161961,4.58222814574946,955.5330925602656,12.566575606033892,962.8266660542874,30.18921555738872,1.1881458389717863,77.5145516951264,71.4014351562787,83.34945577184212,11.948020615563422,22.4854483048736,36.320854755370675,15.243106948703206,39.19427733704302,27.20740875171277,32.4105564052415,7.572523337878236,63.67914524462932,19-343
19,343,00000,000000,0000,DISTRICT,South Twenty Four Parganas,Rural,1298259,6074188,4.678718191054327,953.6057125599708,13.276095504452613,964.479729499291,33.951813806223974,1.4798521217980083,75.6843166932212,68.89802152700685,82.1445418033209,13.246520276314058,24.315683306778794,36.29464547360075,15.530482780764318,50.11051866434123,34.678048902184294,36.779604509651385,9.050918418492202,63.70535452639925,19-343
19,343,00000,000000,0000,DISTRICT,South Twenty Four Parganas,Urban,482962,2087773,4.322851487280573,961.1623216749846,10.502291197366763,956.7708426294465,19.242273944533242,0.33945261290379747,82.67442115611968,78.42258330749647,86.76332407703896,8.340740769542492,17.325578843880322,36.39710830631491,14.410377496789529,7.523862037744987,5.533439752384888,19.73498761003252,3.283374282296493,63.602891693685095,19-343
19,344,00000,000000,0000,DISTRICT,Paschim Medinipur,Total,1301610,5913457,4.543186515161992,965.9850692430064,11.583951654675092,962.6107709630377,19.079685537579792,14.881565892844067,78.00430147013118,70.49756167421197,85.25902512887131,14.76146345465935,21.995698529868818,42.4313392318571,25.874457765975166,66.85383429268532,44.046670617525635,39.79863372548332,10.33748758050008,57.5686607681429,19-344
19,344,00000,000000,0000,DISTRICT,Paschim Medinipur,Rural,1142875,5190771,4.541853658536585,964.9202167829229,11.883321379425137,961.6221235673489,19.923379397781176,16.433608803008262,76.86635249517101,68.9381065098239,84.5200103640791,15.581903854255202,23.133647504828986,43.49640930027543,27.469567093623116,73.14313630221291,48.18878917033801,42.284366323131515,11.241213234659064,56.50359069972457,19-344
19,344,00000,000000,0000,DISTRICT,Paschim Medinipur,Urban,158735,722686,4.552782940120326,973.667536950656,9.433695962008397,971.6012608808815,13.019762386430623,3.733848448703863,85.9566698751738,81.34706201130292,90.44588868615891,9.098826674855985,14.043330124826198,34.781357325311404,14.469794290394422,10.36123488224061,6.840786123488224,17.47095798854233,2.2199236155315085,65.21864267468858,19-344
19,345,00000,000000,0000,DISTRICT,Purba Medinipur,Total,1114170,5095875,4.573696114596515,937.7173616281483,11.531954767336327,945.945050978678,14.628184561042017,0.5485220889444894,87.02310734101101,81.3676631920366,92.32027905638047,10.95261586434387,12.976892658988987,37.48757573527608,15.986108908975966,54.834739729469405,36.76368357133883,40.98831609363876,11.717775032455295,62.51242426472392,19-345
19,345,00000,000000,0000,DISTRICT,Purba Medinipur,Rural,988784,4503161,4.554241371219599,938.8765509812009,11.643199077270388,944.53221774702,15.039724318095665,0.5335807447257603,86.8137242705114,81.02642839451877,92.24298173145867,11.216553336939896,13.1862757294886,38.10232412298827,16.74255560054829,59.37321694897276,39.82045787147637,43.37359228212464,12.590154265422319,61.89767587701173,19-345
19,345,00000,000000,0000,DISTRICT,Purba Medinipur,Urban,125386,592714,4.7271146698993505,928.9554531490015,10.68677304737192,957.7190542420028,11.501499880212043,0.6620393646851601,88.59686572013631,83.95040380420899,92.89749269779605,8.947088893587065,11.403134279863693,32.81700786551355,10.207327583186778,14.800191248823975,9.799445789698268,19.947457984381344,4.022394620355661,67.18299213448645,19-345
20,346,00000,000000,0000,DISTRICT,Garhwa ,Total,254697,1322784,5.193559405882284,935.097099806166,18.11815080920241,959.5601161031847,24.18732007644483,15.56368991460435,60.332742447743556,47.583596819009294,72.18646996988971,24.60287315088042,39.667257552256444,43.199116409028235,36.91750272602545,77.39062108986036,57.51753055049515,69.35308024940893,17.223951798204858,56.80088359097177,20-346
20,346,00000,000000,0000,DISTRICT,Garhwa ,Rural,241464,1253114,5.189651459430806,936.9654701235186,18.28532759190305,960.1361871032866,24.64604178071588,16.272900949155463,59.33018092185575,46.378325629797,71.39943665585633,25.021111026059337,40.66981907814425,43.928884363274214,38.252329803502995,79.12163770098405,58.70142185260473,70.51404322417386,17.601034735203342,56.071115636725786,20-346
20,346,00000,000000,0000,DISTRICT,Garhwa ,Urban,13233,69670,5.264868132698557,902.0967565796658,15.111238696713075,947.1056038468652,15.936558059422994,2.8075211712358263,77.69098102871055,68.90512517459977,85.54818871913136,16.643063544531586,22.309018971289447,30.073202239127315,12.429635009987289,31.91103474608629,26.412752959144715,38.85070637647957,7.316723940435281,69.92679776087269,20-346
20,347,00000,000000,0000,DISTRICT,Chatra,Total,182271,1042886,5.721623297178377,953.2077874647663,18.728892707352482,966.7411793136781,32.65486352295457,4.3689339007331585,60.179573248069474,49.92444459512474,69.92312878057535,19.998684185450614,39.820426751930526,38.133602330456064,28.780177266573798,77.39948200859966,47.40199652996052,50.84060449093515,8.136991123739596,61.866397669543936,20-347
20,347,00000,000000,0000,DISTRICT,Chatra,Rural,171296,979932,5.720694003362601,959.0372862651961,18.9878481364013,968.1404696424794,33.9238845144357,4.520517750211239,58.77543256779498,48.391392941140104,68.71208442309162,20.32069148195152,41.22456743220502,38.78187466069074,30.020157549909214,80.59999578987254,49.38795272026861,52.356092580702885,8.356839878327316,61.21812533930926,20-347
20,347,00000,000000,0000,DISTRICT,Chatra,Urban,10975,62954,5.736127562642369,866.7417862649744,14.698033484766654,939.0192791282482,12.901483622962798,2.0094036915843314,80.93704027857954,73.9706654814336,86.8920972644377,12.921431783004095,19.062959721420455,28.042697842869398,8.429695518303113,8.502322419848193,4.650504135040218,18.21683471168007,3.4043276311317547,71.9573021571306,20-347
20,348,00000,000000,0000,DISTRICT,Kodarma,Total,116155,716259,6.166406956222289,950.4795464324033,18.48144316511206,949.0988868602391,15.218377709739075,0.9637575234656738,66.83673469387756,53.22582912241987,79.77788617668874,26.55205705426887,33.16326530612244,35.93923427140183,23.901477493790058,57.261341475732074,24.96911637880801,44.32246385256664,11.165108889044278,64.06076572859818,20-348
20,348,00000,000000,0000,DISTRICT,Kodarma,Rural,91693,575013,6.27106758422126,958.5244980330046,19.134350005999863,954.4711692187444,16.32745694445169,1.0698888546867635,63.689170473216514,49.03046726427069,77.75399176573214,28.723524501461448,36.310829526783486,37.968880703566704,27.839015272654912,65.66419024761136,28.372250671014903,48.455062612790044,12.270183120654435,62.0311192964333,20-348
20,348,00000,000000,0000,DISTRICT,Kodarma,Urban,24462,141246,5.774098601913171,918.3995001833567,15.82345694745338,923.0769230769231,10.703311952196877,0.5316964728204693,79.1464809581483,70.0163470496212,87.52358680751551,17.50723975789431,20.853519041851698,27.676535972700112,7.514160221239592,10.33203724547222,5.962856850506498,21.242197892151847,4.993349022817968,72.32346402729989,20-348
20,349,00000,000000,0000,DISTRICT,Giridih,Total,396521,2445474,6.167325311900252,943.7865730650553,18.82052313784567,941.5285839632829,13.310016790200999,9.739952254654925,63.14026182449025,48.718964592747625,76.75844872199184,28.039484129244215,36.85973817550975,42.375302293134176,34.72623667650348,70.68795312450243,34.99160938629343,60.15428307296216,15.170847176961372,57.624697706865824,20-349
20,349,00000,000000,0000,DISTRICT,Giridih,Rural,360709,2237450,6.202922577479353,946.272120583712,19.146260251625733,944.1164324191858,13.467429439764016,10.510625935775101,61.55195344327613,46.420854621194465,75.87782497199376,29.456970350799295,38.44804655672387,43.64504234731502,37.12864552021342,74.37472863263618,36.78993913178828,62.61981125119811,15.866900964224564,56.35495765268498,20-349
20,349,00000,000000,0000,DISTRICT,Giridih,Urban,35812,208024,5.808779180163074,917.4486127753711,15.316982655847402,907.3929961089494,11.616928815905856,1.4507941391377919,79.45118386021878,72.68180525267849,85.67412975976467,12.992324507086181,20.548816139781223,28.71832096296581,8.469467719573212,10.423327363117457,5.5958219648147836,19.852362698983946,3.793039955809243,71.28167903703418,20-349
20,350,00000,000000,0000,DISTRICT,Deoghar,Total,264347,1492073,5.6443727373490145,925.2008330086113,17.991948115139138,950.1445611588139,12.736374158637009,12.128226970128138,64.85166963599809,51.803478343931666,76.85357189926007,25.05009355532841,35.14833036400191,36.95978682008186,23.398056763047535,61.35435121231188,38.024578079921376,46.11717473575028,9.345618142155377,63.04021317991813,20-350
20,350,00000,000000,0000,DISTRICT,Deoghar,Rural,217783,1233712,5.66486824040444,933.305753005629,18.94380536138094,958.863464923309,12.894176274527606,14.27723812364636,60.4892,46.14131270600656,73.79583906743301,27.65452636142645,39.5108,38.75474989300582,26.521720149905303,69.62720811843003,43.168480011377845,51.50568265003492,10.55504661990036,61.24525010699418,20-350
20,350,00000,000000,0000,DISTRICT,Deoghar,Urban,46564,258361,5.5485138733785755,887.417266922841,13.446688935249515,893.4488772618269,11.982845708137065,1.8663807618022845,84.36007512744835,77.730724576997,90.23688606185358,12.506161484856577,15.639924872551646,28.388572578678673,8.083144679975304,7.425182357352239,4.4924671075056235,10.990524234780832,1.4615856568273229,71.61142742132132,20-350
20,351,00000,000000,0000,DISTRICT,Godda,Total,253648,1313551,5.178637324165773,937.5994760497812,18.406898552092763,959.859931262564,8.798059610932503,21.25596950556164,56.40395720338469,44.142201976767566,67.83985112494794,23.697649148180375,43.59604279661531,42.03803278289156,32.75080865417291,81.92274050102229,55.7356059769174,57.30915570880366,13.61630305455902,57.96196721710844,20-351
20,351,00000,000000,0000,DISTRICT,Godda,Rural,241815,1249132,5.16565142774435,939.9261073415881,18.60083642081061,962.0259577953607,8.890573614317782,22.15818664480615,55.01134460351914,42.46619675594699,66.74037649100639,24.2741797350594,44.98865539648086,42.78571039729989,33.94588789293238,84.00467770605296,57.23229488258957,58.67302834689868,13.99419964449434,57.21428960270012,20-351
20,351,00000,000000,0000,DISTRICT,Godda,Urban,11833,64419,5.444012507394574,893.5626102292769,14.646300004657013,907.9878665318504,7.004144739905928,3.761312656203915,82.15662738251127,75.92342429271682,87.71109200343939,11.787667710722573,17.843372617488725,27.54001148729412,8.957531497746636,19.20410348909306,10.647652330759257,16.222309903613098,2.2321176934783837,72.45998851270588,20-351
20,352,00000,000000,0000,DISTRICT,Sahibganj,Total,227023,1150567,5.068063588270792,952.1285530318582,19.290923518578232,960.386857445681,6.287421766833222,26.799221601175766,52.04143388196577,43.311724622657984,60.33609774639783,17.02437312373985,47.95856611803423,42.60525462663191,34.66149657148559,64.64212712310436,42.20749813342255,34.196106911028515,6.948156066274719,57.39474537336808,20-352
20,352,00000,000000,0000,DISTRICT,Sahibganj,Rural,196056,990901,5.054173297425225,958.7204383544313,19.87988709265608,962.3254238638855,5.801790491683831,30.47024879377456,48.45114880635235,39.533476654522985,56.99274486690703,17.459268212384046,51.54885119364765,44.53179480089332,38.03352102744485,69.91927771457578,45.56593981861281,35.930708461562865,7.408003335856376,55.46820519910667,20-352
20,352,00000,000000,0000,DISTRICT,Sahibganj,Urban,30967,159666,5.1560047792811705,912.1905651564689,15.635764658725087,945.2236247467664,9.301291445893302,4.016509463505067,73.20212916013986,66.22837154100819,79.52168683223661,13.293315291228424,26.79787083986014,30.648979745218142,13.18943899589061,17.056972372077816,11.923737126042177,18.554847147294424,2.801618440411967,69.35102025478186,20-352
20,353,00000,000000,0000,DISTRICT,Pakur,Total,182317,900422,4.938771480443403,989.1751222217068,19.726639286912135,975.0152888197031,3.161739717599081,42.09737212107212,48.82145658751603,40.51733953948227,57.0648368189763,16.54749727949403,51.17854341248397,44.93270932962544,38.094429840919595,63.11717714986258,37.0820398236213,37.709598006841595,6.681183635536748,55.06729067037456,20-353
20,353,00000,000000,0000,DISTRICT,Pakur,Rural,168906,832910,4.9312043385078095,991.4118555604172,19.959419385047607,973.9019959392551,3.0227755699895544,45.189756396249294,47.33299733299734,38.78744333144939,55.84288836332066,17.055445031871272,52.66700266700266,45.7117815850452,39.25104724605037,66.67813562082063,39.120865266928966,39.46729772179294,7.031081741249888,54.28821841495479,20-353
20,353,00000,000000,0000,DISTRICT,Pakur,Urban,13411,67512,5.0340765043620905,961.9877942458588,16.8547813722005,991.4245712285614,4.876170162341509,3.9459651617490223,66.49920723994798,61.48995881473922,71.28868134931697,9.798722534577756,33.50079276005202,35.32112809574594,23.605824421485107,6.2610081355363585,4.5290614778159854,9.64522351757108,1.0945231904721966,64.67887190425405,20-353
20,354,00000,000000,0000,DISTRICT,Dhanbad,Total,507064,2684487,5.294177855260874,909.3677184776764,13.909324202352256,916.0299467874938,16.290226028287712,8.683931045298413,74.51902627890786,64.29488298352024,83.8055714046258,19.510688421105556,25.48097372109214,31.458673482121537,14.520805518208006,23.754298381061545,12.254293644553488,35.26211835586332,7.639277019410209,68.54132651787846,20-354
20,354,00000,000000,0000,DISTRICT,Dhanbad,Rural,211024,1124093,5.326849078777769,931.5773013767364,15.271868074972444,933.5255558308743,14.50858603336201,17.62122884850275,68.16876534900985,54.89588527456544,80.52882373218159,25.632938457616156,31.831234650990154,36.58193761548199,23.220329916607795,44.671035832836836,22.800481499945285,52.53067130333281,12.314969055117153,63.418062384518,20-354
20,354,00000,000000,0000,DISTRICT,Dhanbad,Urban,296040,1560394,5.270889069044724,893.6820388349514,12.927760552783463,901.3884045130216,17.573702539230478,2.245586691566361,78.97053736374544,71.03141098971071,86.05655050027372,15.025139510563008,21.029462636254564,27.767922716954818,8.116171506014444,3.9031685549367743,2.245383566164846,18.87331550073969,3.201789106116241,72.23207728304519,20-354
20,355,00000,000000,0000,DISTRICT,Bokaro,Total,394918,2062330,5.222172704206949,922.3681426388903,14.245343858645318,922.6454977978182,14.509171665058455,12.39500952805807,72.00951743354986,60.62554505385721,82.50920648171095,21.88366142785374,27.99048256645014,33.232702816717016,17.95723798234099,38.50880111122784,18.443522312100942,44.510978043912175,10.921869710870656,66.76729718328298,20-355
20,355,00000,000000,0000,DISTRICT,Bokaro,Rural,206148,1078686,5.232580476162757,943.739481110146,15.731547456813196,944.4711813910851,16.287408940136423,16.893053214744604,63.496488417939865,49.809883346778214,76.41120927805954,26.60132593128133,36.503511582060135,38.269987744348214,25.98160891448298,59.46251692655028,28.50564299089418,59.760714899966814,15.42901991943083,61.73001225565178,20-355
20,355,00000,000000,0000,DISTRICT,Bokaro,Urban,188770,983644,5.210806801928272,899.4656784840486,12.615539768452813,893.5803335723987,12.55911691628272,7.462354266380926,81.01220170507428,72.34623015873017,88.81433498408207,16.4681048253519,18.987798294925724,27.708703555351327,8.934693886313818,6.7722111133532685,3.2033901414393426,21.413659628331896,4.095320210599695,72.29129644464868,20-355
20,356,00000,000000,0000,DISTRICT,Lohardaga,Total,88638,461790,5.209842279834834,985.0921424242034,16.814785941661796,970.1867451537603,3.3196907685311507,56.89469239264601,67.60720672877927,57.68735203536486,77.40933768767758,19.721985652312718,32.392793271220725,47.92914528248771,43.518312452817014,81.60591328863427,36.524316411544646,53.46312327182694,13.177489021018198,52.07085471751229,20-356
20,356,00000,000000,0000,DISTRICT,Lohardaga,Rural,77536,404379,5.215370924473793,989.5156330717572,17.258809186431538,975.2915204347335,3.2234611589622606,61.44532727960651,64.97662797231222,54.33114331143312,75.5423616776737,21.21121836624058,35.023372027687785,50.52116949693234,47.77052962351584,87.4653078606147,39.06224761009707,56.22549523487863,13.858255383094221,49.47883050306767,20-356
20,356,00000,000000,0000,DISTRICT,Lohardaga,Urban,11102,57411,5.171230408935327,954.483556887043,13.687272473916149,925.9803921568628,3.9974917698698853,24.841929247008412,85.36920065384538,80.74529040768374,89.80390606467937,9.058615656995627,14.630799346154618,29.672014073957953,13.014944537575346,11.33548576460229,6.087466979747578,20.334605224537718,5.013208100968594,70.32798592604205,20-356
20,357,00000,000000,0000,DISTRICT,Purbi Singhbhum,Total,476931,2293919,4.809750257374756,949.116409012815,12.930970971512071,923.2829104772773,4.856928252479708,28.506804294310307,75.48712181938254,66.8130143030104,83.75365341609684,16.940639113086434,24.512878180617463,36.49505496924695,19.77749667193964,38.446450947063134,25.060949607425997,36.74165369633538,7.207164161989185,63.50494503075305,20-357
20,357,00000,000000,0000,DISTRICT,Purbi Singhbhum,Rural,218160,1019328,4.672387238723872,981.208867672955,14.469532868713506,952.1401911215819,4.392207415081308,50.544476360896596,62.85551411045197,50.84524546538166,74.70018954581906,23.8549440804374,37.14448588954803,43.83898019087085,32.461224570647545,70.1373799128592,45.50992138530153,61.39756480174013,12.485929692098026,56.16101980912915,20-357
20,357,00000,000000,0000,DISTRICT,Purbi Singhbhum,Urban,258771,1274591,4.925555800302198,924.1897693854506,11.700537662669829,895.570384493168,5.228579206976983,10.882628231330678,85.27220497984375,79.57277452891488,90.561544826452,10.98877029753713,14.72779502015625,30.62190145701641,9.318067845282568,2.16318561941461,1.6487148479134215,8.512851520865787,1.1634520783799296,69.3780985429836,20-357
20,358,00000,000000,0000,DISTRICT,Palamu,Total,358754,1939869,5.40724005864743,927.720505375126,16.99743642483075,944.8045628542611,27.650423817278387,9.341249331784775,63.631880686225614,52.090299489773486,74.29929047670835,22.208990986934865,36.368119313774386,36.7640804611033,25.7220960038219,72.15073439197953,53.419707645388584,60.21986188523154,14.370105514074385,63.2359195388967,20-358
20,358,00000,000000,0000,DISTRICT,Palamu,Rural,318828,1713866,5.375519088662226,931.0056548863107,17.40731189019445,947.871847271825,29.367231743905297,10.37724069443002,61.306735013366044,49.21836690949558,72.51855281253829,23.30018590304271,38.693264986633956,37.85190907573871,27.653376738894973,77.53336899269497,57.258401402122,62.98619921045857,15.137244867287059,62.14809092426129,20-358
20,358,00000,000000,0000,DISTRICT,Palamu,Urban,39926,226003,5.660547011972149,903.1671312241582,13.889196161112904,916.1274569649615,14.631221709446335,1.4849360406720264,80.5439513290479,73.29690819999132,87.0742119196241,13.777303719632783,19.4560486709521,28.514665734525646,10.842688248237794,17.96598597231705,14.777170877040533,32.372292222704985,6.647632052634846,71.48533426547435,20-358
20,359,00000,000000,0000,DISTRICT,Latehar,Total,133381,726978,5.450386486830958,966.5806430669847,18.94128845714726,967.9438624573038,21.30876037514203,45.54415676953085,59.510350784602885,48.68224763799105,69.97313935834765,21.290891720356605,40.489649215397115,43.10708164483657,37.29877530001791,78.63385868229842,45.545170544293015,62.56577498811343,12.753566767396668,56.89291835516344,20-359
20,359,00000,000000,0000,DISTRICT,Latehar,Rural,123316,675120,5.474715365402705,970.7735151766375,19.24354188884939,970.6190180047628,21.657334992297667,47.99487498518782,57.98904261348525,46.915074246734484,68.73976554281934,21.824691296084858,42.01095738651475,44.097938144329895,39.10462661703062,81.81173878285871,47.24164802461422,64.26738413376596,13.191855270494502,55.902061855670105,20-359
20,359,00000,000000,0000,DISTRICT,Latehar,Urban,10065,51858,5.1523099850968705,913.5793357933579,15.006363531181302,924.3323442136499,16.770797176906164,13.63916849859231,78.32834195480534,71.26070409134158,84.77185981956974,13.511155728228161,21.67165804519466,30.207489683366116,13.04224897002989,18.23811043728056,13.303542930098947,30.22661985317587,4.423874880306416,69.79251031663388,20-359
20,360,00000,000000,0000,DISTRICT,Hazaribagh,Total,304749,1734495,5.691552720435506,946.9435311786872,16.250436005869144,932.9383284986387,17.498753239415507,7.020371923816442,69.7526283325715,58.95315247070263,80.00872412960031,21.055571658897676,30.247371667428496,37.74216702844343,27.40163155187088,63.37033099310151,26.332954496850157,50.000305513292886,9.25399764143738,62.25783297155656,20-360
20,360,00000,000000,0000,DISTRICT,Hazaribagh,Rural,255451,1459188,5.712203123103844,953.5701949569841,16.902688344476516,934.9478688601755,18.699989309122607,7.370743180453787,66.63738942687534,54.9122460920046,77.8630661520307,22.950820060026096,33.362610573124655,39.65356074748422,30.950475532604944,70.83111541253328,29.37800283432996,54.49932598251011,10.16435657253465,60.34643925251578,20-360
20,360,00000,000000,0000,DISTRICT,Hazaribagh,Urban,49298,275307,5.584547040447888,912.5580942985961,12.793354328077383,918.9822382042062,11.131936347423059,5.1633267588546605,85.4860341710887,79.88523315835903,90.59183234734421,10.70659918898518,14.513965828911296,27.61135750271515,8.15925700365408,6.580193643443486,3.1545990317827823,15.754577983582404,2.3245106293411912,72.38864249728485,20-360
20,361,00000,000000,0000,DISTRICT,Ramgarh,Total,179375,949443,5.293062020905923,921.0549744046294,14.137341578167408,926.8457242933636,11.201936293173997,21.187791157552375,73.17033378842689,63.09158116770085,82.44384305024624,19.352261882545392,26.829666211573112,32.8745380186067,17.117920621774864,44.08009611533841,14.998798558269923,29.15915098117741,6.3737284741690035,67.1254619813933,20-361
20,361,00000,000000,0000,DISTRICT,Ramgarh,Rural,98829,530488,5.3677361907942,949.1268228697821,15.034458837900196,943.1829256407758,9.468074678409314,27.236054349957023,66.82596310002397,55.231798332490925,77.84253406194969,22.610735729458767,33.17403689997603,36.988018579119604,24.29806326237511,65.01985047167167,21.631153263988338,37.089548815851835,8.17768083295535,63.01198142088039,20-361
20,361,00000,000000,0000,DISTRICT,Ramgarh,Urban,80546,418955,5.201437687780896,886.6492842121379,13.001396331348236,903.4140545829403,13.39738158036066,13.5293766633648,81.0159540173121,73.18330906986125,87.9413376342752,14.758028564413948,18.984045982687903,27.665978446372524,7.697621030818926,8.631845946785381,3.771094316181799,15.734030437933534,3.3198743831314492,72.33402155362748,20-361
20,362,00000,000000,0000,DISTRICT,Dumka,Total,275019,1321442,4.804911660648901,976.6856041907873,16.606782590533676,965.6667353391674,6.02478201843138,43.216198667818944,61.01753822392701,48.82117698855298,72.95649097729644,24.135313988743462,38.98246177607299,47.280092505005896,39.4639225151931,79.46585912778758,48.51059334580708,61.98991963558315,12.706412987632426,52.719907494994104,20-362
20,362,00000,000000,0000,DISTRICT,Dumka,Rural,257610,1231264,4.779566010636233,982.94166151309,16.877290329287625,968.4001136686559,5.822877953062869,45.93888881669569,59.27539913626326,46.722705283584794,71.65135692082009,24.928651637235298,40.72460086373674,48.51697117758661,41.39768914171866,82.51742632731364,50.347019947369475,63.80730934827879,13.146749429166416,51.48302882241339,20-362
20,362,00000,000000,0000,DISTRICT,Dumka,Urban,17409,90178,5.179964386237004,895.053166897827,12.913349153895629,918.1353977927854,8.781520991816185,6.041384816695868,83.72149287560643,77.6243989410557,89.15813561363363,11.53373667257793,16.27850712439357,30.392113375767927,11.753380916604057,12.95289524574014,8.48323421023826,22.377494800598388,3.1086948589776333,69.60788662423208,20-362
20,363,00000,000000,0000,DISTRICT,Jamtara,Total,155275,791042,5.094458219288359,954.01032532174,16.55955056747935,953.6323097343812,9.213796486153706,30.40154631486065,64.58793210807076,52.14633692245633,76.45827597334352,24.31193905088719,35.41206789192924,41.291233588102784,28.971393949437097,73.99022138131409,41.53524925680661,62.51611145298517,12.116731112478607,58.708766411897216,20-363
20,363,00000,000000,0000,DISTRICT,Jamtara,Rural,140311,715296,5.097932450057373,959.4842251460786,16.950185657406163,956.3372327551432,8.811177470585605,33.1278240057263,62.5844202191054,49.658744123388225,74.9947206567503,25.33597653336208,37.4155797808946,42.41698541582785,30.942775650743894,78.95631939935465,44.26957848698283,65.37225574887857,12.745585962090525,57.58301458417214,20-363
20,363,00000,000000,0000,DISTRICT,Jamtara,Urban,14964,75746,5.061881849772788,903.7876693392313,12.8706466348058,920.6067769897556,13.015868824756424,4.656351490507749,82.62193736078912,75.28287412900339,89.23684134712339,13.953967218119999,17.37806263921088,30.66036490375729,9.769459662393281,9.111264209438511,5.812952118498106,25.202376851532897,3.901136755080951,69.3396350962427,20-363
20,364,00000,000000,0000,DISTRICT,Ranchi,Total,569444,2914253,5.1177165796812325,949.4152596397039,13.767301603532706,937.9603823618912,5.248103030176172,35.755852357362244,76.06061823951002,67.43678839242497,84.26409339797564,16.82730500555067,23.93938176048998,39.21646473384431,28.10508723920536,51.17367112708653,23.39379822849028,33.83517067165296,6.008135679829762,60.78353526615569,20-364
20,364,00000,000000,0000,DISTRICT,Ranchi,Rural,326235,1656918,5.0789093751436845,971.282336816858,15.133700038263811,960.4168621196485,5.085948731319232,47.6691061356084,67.80655186269037,56.6826954271172,78.63265134293171,21.949955915814506,32.19344813730963,45.33754838803127,38.68175749335489,74.59924441498072,33.53034986408522,43.12811665508529,7.997939313583757,54.662451611968734,20-364
20,364,00000,000000,0000,DISTRICT,Ranchi,Urban,243209,1257335,5.169771677857316,921.3290159517977,11.96665964122529,901.6569558018731,5.461790215018273,20.056548175307295,86.54652652424757,81.46734488869157,91.23986594540474,9.772521056713174,13.453473475752432,31.15009126446015,13.783781094197298,6.2434094791158685,3.951886963470961,16.01129548257294,2.1916912840441096,68.84990873553986,20-364
20,365,00000,000000,0000,DISTRICT,Khunti,Total,103700,531885,5.12907425265188,997.0525841515386,16.223807777997123,963.5469997952079,4.519209979600854,73.25380486383335,63.86433359590479,53.68786541520127,74.07818767199669,20.390322256795415,36.13566640409521,48.879739041334126,44.76030879307098,82.98126038525447,19.019631977352454,41.11676103144809,6.723490676349314,51.120260958665874,20-365
20,365,00000,000000,0000,DISTRICT,Khunti,Rural,94645,486903,5.144518992022822,999.6509154229673,16.542103868737716,965.734368135891,4.358773718789985,76.29219782995791,61.94842491491514,51.38025598634216,72.58542366186056,21.205167675518396,38.05157508508486,50.51950799235166,47.26612409565792,86.57375976193283,19.795837889918328,42.033734312812776,6.773693903187644,49.480492007648344,20-365
20,365,00000,000000,0000,DISTRICT,Khunti,Urban,9055,44982,4.967642186637217,969.3533558075392,12.778444711217821,933.4006054490413,6.2558356676003735,40.36503490285003,83.70800836009583,77.97686667355158,89.29434266156633,11.317475988014749,16.291991639904168,31.130229869725667,17.212411363533718,19.874312647289866,5.384560451331858,25.00892665857316,5.841605370277798,68.86977013027433,20-365
20,366,00000,000000,0000,DISTRICT,Gumla,Total,188988,1025213,5.424751836095414,993.0655728144015,16.937651005205748,962.7339723302288,3.1660737817409648,68.93728425215053,65.72831700655028,55.89712626395519,75.55327551312693,19.656149249171747,34.271682993449716,47.55187458606163,43.60297010902015,85.98628125076921,20.085413982950023,42.78432353930602,8.29094086661142,52.44812541393837,20-366
20,366,00000,000000,0000,DISTRICT,Gumla,Rural,176633,960132,5.435745302406685,995.5563407359681,17.205655055763167,964.2925089179548,3.073119112788658,71.11407598121924,64.15681785303201,53.99296305604423,74.34281612452303,20.349853068478794,35.84318214696799,48.91702390921248,45.70968085395107,88.76419087525656,20.62222676443786,43.733019920454446,8.475561460435882,51.08297609078751,20-366
20,366,00000,000000,0000,DISTRICT,Gumla,Urban,12355,65081,5.267583974099555,957.029018192753,12.983820162566648,932.7538883806038,4.5374225964567225,36.82334321845085,87.78760749412866,83.20239296525875,92.19263926877403,8.990246303515278,12.212392505871335,27.411994284046038,11.895934141896563,12.853139013452916,5.952914798206279,17.808295964125563,3.430493273542601,72.58800571595397,20-366
20,367,00000,000000,0000,DISTRICT,Simdega,Total,118288,599578,5.068798187474638,996.5369003259975,15.746741875118833,968.5167424210833,7.4509071380204075,70.78428494707944,67.99435430869974,59.92160337319089,76.08214086159138,16.160537488400493,32.00564569130026,48.14135942279403,43.03085184232246,86.00564707512689,31.26054496007206,46.12413171889345,6.906407524814218,51.858640577205975,20-367
20,367,00000,000000,0000,DISTRICT,Simdega,Rural,110036,556634,5.058653531571486,999.2242075963006,15.987704667699063,968.0879295855632,7.680271057822555,72.66659959686257,66.5929634056894,58.226195858962434,75.00375203145703,16.77755617249459,33.4070365943106,49.44972818764215,45.04023953215029,88.75547675964745,32.02278622653985,47.310847435459614,7.082912509899947,50.55027181235785,20-367
20,367,00000,000000,0000,DISTRICT,Simdega,Urban,8252,42944,5.204071740184197,962.3469201242917,12.623416542473919,975.5830903790087,4.477924739195231,46.38599105812221,85.4595847879967,81.5427296959147,89.22152560083595,7.678795904921245,14.540415212003296,31.182470193740684,16.486229819563153,29.482488238369054,15.592562168620717,21.731013367186915,3.27832126054813,68.81752980625932,20-367
20,368,00000,000000,0000,DISTRICT,Pashchimi Singhbhum,Total,302046,1502338,4.973871529502129,1004.7612375481227,17.40573692471335,983.4718893170302,3.793154403336666,67.3148119797276,58.63431774315083,46.252181948865385,71.13168347774833,24.87950152888294,41.36568225684917,46.25210838040441,40.13172136906288,73.63278804598892,38.49319937887037,50.6366003082622,9.513817831716468,53.74789161959559,20-368
20,368,00000,000000,0000,DISTRICT,Pashchimi Singhbhum,Rural,257294,1284304,4.9915816148064085,1014.0984886859237,18.227226575639413,985.8753467538747,2.97554161631514,74.21186884102207,54.31327609404205,41.185031851336554,67.7106380031475,26.52560615181094,45.68672390595795,48.777625858052296,44.67831753646116,80.90822455954397,42.13851637712646,54.44015752179333,10.153834365866233,51.222374141947704,20-368
20,368,00000,000000,0000,DISTRICT,Pashchimi Singhbhum,Urban,44752,218034,4.872050411154809,951.4714306172133,12.566847372428153,963.1726015619403,8.60920773824266,26.688498124145777,82.43912418561223,75.1957184239148,89.31891869777337,14.123200273858572,17.56087581438777,31.37584046524854,12.47530713224089,7.009209179944452,5.1118257564683525,15.806168688788189,3.652974711299518,68.62415953475146,20-368
20,369,00000,000000,0000,DISTRICT,Saraikela-Kharsawan,Total,221232,1065056,4.81420409344037,956.3454816306063,14.984751975482979,943.4486117876279,5.276248385061442,35.175802962473334,67.69962229143198,55.884098391358606,79.0264140984791,23.14231570712049,32.30037770856802,40.37825241114083,28.190033516119428,60.38748892573207,33.24396408798026,46.843978969936124,8.887318015770223,59.62174758885917,20-369
20,369,00000,000000,0000,DISTRICT,Saraikela-Kharsawan,Rural,167591,806310,4.811177211186759,972.1510194497711,15.213379469434832,950.0047690204432,5.4176433381701825,42.81070555989632,63.53433005238114,50.28175812331026,76.47120037462928,26.189442251319015,36.46566994761886,43.57976460666493,34.09734767097232,73.13824034969892,40.18520837364964,55.11372044577504,10.5473152185049,56.42023539333507,20-369
20,369,00000,000000,0000,DISTRICT,Saraikela-Kharsawan,Urban,53641,258746,4.8236610055740945,908.6771464190081,14.272297929243349,921.983970021859,4.83563030926082,11.383750859916674,80.53710941902558,73.82239162589602,86.62386440794506,12.801472782049046,19.462890580974417,30.401629397169426,9.129506506579641,3.429820881481764,2.2373924208331744,9.903003953574107,1.4721025132527363,69.59837060283057,20-369
21,370,00000,000000,0000,DISTRICT,Bargarh,Total,370308,1481255,4.000062110459401,977.218515112239,10.998916459353723,956.6214706906699,20.170733600899236,18.97951399320171,74.6232552776878,65.38021178991445,83.6795345805789,18.299322790664448,25.376744722312196,51.44907527738303,39.44671039511319,75.72091033628486,47.32368270497525,37.751610041832215,6.269453031917406,48.55092472261697,21-370
21,370,00000,000000,0000,DISTRICT,Bargarh,Rural,336130,1331145,3.960208847767233,979.0946516741674,10.9930172896266,958.7064476836792,20.23791547877955,20.35811275255513,73.3594865683332,63.754221202961915,82.78842068995507,19.03419948699316,26.640513431666804,53.103531170533635,42.05396163038956,80.88854622746274,50.59465118088515,39.625823153695436,6.6072982168245185,46.89646882946636,21-370
21,370,00000,000000,0000,DISTRICT,Bargarh,Urban,34178,150110,4.392006553923577,960.7356514015518,11.051229098660983,938.4201916335593,19.57497834921058,6.75438012124442,85.83743381190973,79.94536102928832,91.51470588235294,11.56934485306462,14.162566188090267,36.7776963560056,16.10289319121166,9.55313637763327,5.441338960639049,13.753690655170539,1.943594109442643,63.2223036439944,21-370
21,371,00000,000000,0000,DISTRICT,Jharsuguda,Total,136061,579505,4.259155819816112,953.2340153021672,11.180921648648416,943.373024204433,18.053338625205996,30.5015487355588,78.85570737753808,70.72946586994057,86.61206232034296,15.882596450402389,21.14429262246192,42.74458373957084,26.76272474939448,39.432070954797396,22.933950191153258,30.535269491778593,5.437472497749357,57.25541626042916,21-371
21,371,00000,000000,0000,DISTRICT,Jharsuguda,Rural,84287,348340,4.132784415152989,977.3844529467195,10.706493655623815,960.5214740051516,19.733593615433197,40.22420623528736,75.5395521548329,66.60818941431783,84.28715977573995,17.678970361422117,24.460447845167096,48.54567376700925,36.24388714005274,55.820087047024316,32.559844829217525,38.842369192922696,7.0063392941621725,51.45432623299075,21-371
21,371,00000,000000,0000,DISTRICT,Jharsuguda,Urban,51774,231165,4.464885850040561,917.9360812425329,11.895831981485086,920.5894678027657,15.521380831873339,15.850582916964074,83.92024196478548,77.23793301592514,90.051784201111,12.813851185185868,16.079758035214525,34.002984880929205,12.007737013838046,4.175413152169765,2.2251059119880923,12.663638792412504,2.062262254621325,65.9970151190708,21-371
21,372,00000,000000,0000,DISTRICT,Sambalpur,Total,249597,1041099,4.171119845190447,975.9811113409771,11.31957671652744,940.0763861451337,18.425433124035273,34.123652025407765,76.2188180678927,67.92534969088945,84.35189098390373,16.42654129301428,23.7811819321073,48.58711803584481,37.47000322817771,48.94788866044599,31.78831250988455,33.40700616795825,5.22062312193579,51.41288196415519,21-372
21,372,00000,000000,0000,DISTRICT,Sambalpur,Rural,179411,733006,4.08562462725251,988.1255899232964,11.515321839111822,955.2466990965949,18.380340679339596,43.43934428913269,72.6022898621334,63.35010957174163,81.78494848274464,18.434838911003006,27.397710137866596,53.27950930824578,45.555756847115404,61.502732100516724,40.127566305288546,38.85702434053188,6.186530514003615,46.72049069175423,21-372
21,372,00000,000000,0000,DISTRICT,Sambalpur,Urban,70186,308093,4.3896646054768755,947.6751904415715,10.853865553582846,902.8109707522476,18.53271577088736,11.960025057369041,84.75931448045351,78.95286551976245,90.29450043026506,11.341634910502606,15.240685519546489,37.42311574751779,17.819596018891588,6.421620496452671,3.541258304567295,14.946486495862896,1.9488629464518032,62.5768842524822,21-372
21,373,00000,000000,0000,DISTRICT,Debagarh,Total,75452,312520,4.14197105444521,975.0995386462744,12.772622552156662,926.6821121729897,16.67477281453987,35.32573915269423,72.56669955943258,63.04639095128469,81.91939612542906,18.873005174144367,27.43330044056742,52.93581210802508,47.346555188281805,75.64904645328981,49.862483754949075,49.582615528757515,9.766373500166228,47.06418789197491,21-373
21,373,00000,000000,0000,DISTRICT,Debagarh,Rural,70058,290130,4.1412829369950614,978.1680825821936,12.867335332437182,926.5146041903189,16.629097301209804,36.175507531106746,71.71733953591405,61.958409688471036,81.33995349129532,19.381543802824282,28.28266046408595,54.24809568124633,49.55250097585457,78.66573479890717,51.858440815807874,51.137937607217744,10.069890081962004,45.75190431875366,21-373
21,373,00000,000000,0000,DISTRICT,Debagarh,Urban,5394,22390,4.150908416759362,936.1812521618817,11.545332737829387,929.1044776119403,17.266636891469407,24.314426083072803,83.40823024488766,77.29882058240267,89.13341158059468,11.834590998192013,16.591769755112338,35.931219294327825,18.113800110844263,16.63144810441268,10.8141702921069,19.15475450590429,3.8284648850217526,64.06878070567218,21-373
21,374,00000,000000,0000,DISTRICT,Sundargarh,Total,479109,2093437,4.369437852346752,972.8058412265219,12.570715048984038,946.3921185763735,9.155279093662719,50.746642960834265,73.33982779655757,65.48189054044191,81.01438209479417,15.532491554352262,26.66017220344243,41.7125999015017,27.95144775208517,50.11297177022699,29.010440584178,38.72017241793944,8.17725516961798,58.28740009849831,21-374
21,374,00000,000000,0000,DISTRICT,Sundargarh,Rural,312497,1355340,4.3371296364445096,1004.7391682493476,13.390145646110941,966.3892861786504,8.547892041849279,67.02930629952631,66.63046126533192,57.72994261814459,75.62712410239544,17.89718148425085,33.36953873466808,46.150928918205025,36.08171689691317,68.86069109291417,40.00514786523464,49.54260737775419,10.676864342560055,53.849071081794975,21-374
21,374,00000,000000,0000,DISTRICT,Sundargarh,Urban,166612,738097,4.430035051496891,916.741759483119,11.066025197230173,903.3836689038031,10.270601289532404,20.847395396540023,85.33802342710982,80.03799498491657,90.20565980939132,10.167664824474755,14.661976572890183,33.56266181816211,12.307304443399486,2.775254818851549,1.248965586840246,11.393682510848723,1.865778585124634,66.43733818183789,21-374
21,375,00000,000000,0000,DISTRICT,Kendujhar,Total,405272,1801733,4.445737677411714,987.5993809067312,14.397416265340093,966.8878189331615,11.6197572004287,45.449464487801464,68.242075301654,58.2757174415939,78.11998936227896,19.84427192068506,31.757924698346002,42.54315151024042,29.984719283861644,66.28959157954061,40.45262056531257,42.27150449959166,8.03573059330945,57.45684848975958,21-375
21,375,00000,000000,0000,DISTRICT,Kendujhar,Rural,348448,1548674,4.444491000091836,999.148021020645,14.524748268518744,971.2472943011628,11.165229092759354,49.07017228932622,66.53071276458319,56.30065578269452,76.80136127746928,20.500705494774763,33.469287235416814,44.06647234989417,32.868048996972895,73.56391567977539,44.91446942322177,45.936821374878015,8.74691917016145,55.93352765010583,21-375
21,375,00000,000000,0000,DISTRICT,Kendujhar,Urban,56824,253059,4.4533823736449385,919.7314519799727,13.618168095187288,938.8995161471812,14.401384657332875,23.291406351878415,78.60537884783415,70.80372258514983,85.75750135910071,14.953778773950887,21.394621152165854,33.22071137560806,11.577132770808072,7.238188133415806,4.232288147689965,12.517247942142076,2.26245420373983,66.77928862439194,21-375
21,376,00000,000000,0000,DISTRICT,Mayurbhanj,Total,586253,2519738,4.298038560143829,1005.8206689470654,13.96311838770539,959.6849656893324,7.3294128199042925,58.71943829080642,63.16686532244971,52.71368835265257,73.76130445806866,21.047616105416097,36.83313467755029,48.55798499685285,41.60994044439168,65.99955538628268,46.48460933656114,55.1798315371702,11.187184009598425,51.442015003147155,21-376
21,376,00000,000000,0000,DISTRICT,Mayurbhanj,Rural,542726,2326842,4.28732362186444,1010.0986889845677,14.284467961296897,962.9876802778139,7.015388238651357,61.843563078197825,61.1907453878609,50.33884543102789,72.23982903180762,21.900983600779725,38.8092546121391,49.69495135466869,43.66559876024788,69.23740166026275,48.83938138392128,57.33380724935853,11.618552947576067,50.305048645331304,21-376
21,376,00000,000000,0000,DISTRICT,Mayurbhanj,Urban,43527,192896,4.431640131412687,955.6150328984052,10.086782514930324,904.9344037595457,11.117389681486396,21.034132382216324,85.89129319241924,80.82125717511998,90.76597717788358,9.944720002763603,14.10870680758076,34.843127903118784,16.10986749275931,10.294445849637707,5.972236687446995,18.12203359569118,3.765752629777864,65.15687209688123,21-376
21,377,00000,000000,0000,DISTRICT,Baleshwar,Total,533001,2320529,4.353704777289348,956.9526398923247,12.439922103968534,943.0686904721839,20.62400426799234,11.879963577270528,79.7906545588592,72.27505567368935,86.99767262938889,14.722616955699536,20.209345441140798,40.193723069179484,21.91573062423,69.37141031427876,38.40584449350117,33.73438818407067,8.261008012162447,59.80627693082051,21-377
21,377,00000,000000,0000,DISTRICT,Baleshwar,Rural,477434,2067236,4.329888529095121,956.746360034303,12.616798469066909,942.6411440488605,21.66835329880091,12.340052127575179,79.18110823802034,71.301872516854,86.73571848372272,15.433845966868716,20.818891761979657,40.98085559655502,23.237037110321836,74.52497783800438,41.09689779277147,35.73257347099936,8.910951862138813,59.01914440344499,21-377
21,377,00000,000000,0000,DISTRICT,Baleshwar,Urban,55567,253293,4.558334982993503,958.6378082446007,10.996355998784017,947.0814400559245,12.100610755133383,8.124977792516965,84.67485805535841,80.06773889734116,89.09803853376921,9.030299636428055,15.325141944641587,33.769587000035536,11.142838705514148,18.329124579124578,11.752946127946128,13.943836513280958,1.8237934904601572,66.23041299996447,21-377
21,378,00000,000000,0000,DISTRICT,Bhadrak,Total,306333,1506337,4.917318734840843,981.3445400257806,12.252238376936901,941.755744465954,22.232475203092005,2.0199995087420675,82.77795724997485,75.82965890658198,89.63593561150431,13.806276704922325,17.222042750025153,31.108510247042993,7.913392317414958,65.58550060926292,32.30416624875427,29.983418658597223,5.607566384051182,68.891489752957,21-378
21,378,00000,000000,0000,DISTRICT,Bhadrak,Rural,270791,1320499,4.876450842162406,984.9516350872973,12.235829031298016,942.2753281723325,23.948976864049122,1.8437726950190798,83.24205621588973,76.10087751231673,90.3193275000988,14.218449987782066,16.757943784110267,31.136259853282738,7.823955656213563,71.28350934199837,34.784046853490416,31.31186854560578,5.86811754233207,68.86374014671726,21-378
21,378,00000,000000,0000,DISTRICT,Bhadrak,Urban,35542,185838,5.22868718699004,956.0865217620125,12.368837374487457,938.1112984822935,10.03562242383151,3.2722048235560006,79.47522904232063,73.86678710778224,84.85176498887486,10.984977881092618,20.524770957679365,30.911331374638124,8.558563517664284,24.802854904691443,14.554791539733658,20.47523718339281,3.7427104186613285,69.08866862536188,21-378
21,379,00000,000000,0000,DISTRICT,Kendrapara ,Total,321934,1440361,4.4740878565171744,1006.5936301047346,11.188792254164062,926.4948478255673,21.507108287436274,0.6584460423463284,85.15191502202154,78.9553238393779,91.45483789579917,12.499514056421276,14.84808497797846,32.414790458780814,11.142250953917184,62.78309666088372,30.81325365717835,30.976247081753733,5.6775685921737455,67.58520954121919,21-379
21,379,00000,000000,0000,DISTRICT,Kendrapara ,Rural,305868,1356827,4.435988727163352,1009.956255286622,11.212778047606658,928.2627156237721,21.645427162047927,0.6531414837705912,84.95844155628548,78.6686057498747,91.37890545060505,12.710299700730346,15.041558443714521,32.40634214973611,11.197405591882353,65.43923329194129,32.06337076811812,31.955796933349706,5.841736828459534,67.5936578502639,21-379
21,379,00000,000000,0000,DISTRICT,Kendrapara ,Urban,16066,83534,5.199427362131209,953.5090386099483,10.79919553714655,897.160883280757,19.260420906457252,0.7446069863768047,88.279897467556,83.73462623606432,92.64589801610272,8.911271780038405,11.720102532444002,32.55201474848565,10.219998528437937,19.833039129155633,10.598705501618124,15.136804942630185,3.0229479258605476,67.44798525151435,21-379
21,380,00000,000000,0000,DISTRICT,Jagatsinghapur ,Total,261307,1136971,4.351092775930228,967.5374006039473,9.696729292127944,928.94759863529,21.82571059420161,0.6914864143412629,86.58887215818888,80.62615115847055,92.38328436173686,11.757133203266307,13.411127841811123,35.50213681791356,13.961574370512924,54.90983502993938,27.331419128995737,28.11328654350686,4.2200030224279015,64.49786318208643,21-380
21,380,00000,000000,0000,DISTRICT,Jagatsinghapur ,Rural,233626,1020991,4.37019424207922,975.5520855706029,9.627019239150982,932.6936311618853,22.692658407370878,0.4430989107641497,86.50720710956973,80.40455922792637,92.48920498931228,12.084645761385914,13.492792890430266,35.688561407495264,14.374883473693814,59.99308408598787,29.75654336031089,29.954964226611448,4.50659619020959,64.31143859250473,21-380
21,380,00000,000000,0000,DISTRICT,Jagatsinghapur ,Urban,27681,115980,4.189877533326108,899.6920657799908,10.310398344542163,898.6979993648777,14.193826521814106,2.8780824280048285,87.3132606563996,82.68044166599009,91.48190086569018,8.80145919970009,12.686739343600394,33.86101051905501,10.167856102534227,7.745976777347728,4.830413526176411,11.02566714198411,1.560908535343247,66.13898948094499,21-380
21,381,00000,000000,0000,DISTRICT,Cuttack,Total,579170,2624470,4.531432912616331,940.0854549217895,10.356986362960903,913.6985433372994,18.999378922220487,3.571959290828244,85.49786751473017,79.55261745236795,91.10531475820646,11.552697305838507,14.502132485269826,35.67825122786696,13.720816852898853,41.32960971416061,26.517223518606524,25.64074906687029,4.72988631569954,64.32174877213303,21-381
21,381,00000,000000,0000,DISTRICT,Cuttack,Rural,429454,1888423,4.397264899151015,945.0532246352554,10.675468366991929,918.9940411597845,21.54024813296597,4.324137123938863,83.46912098172602,76.4872824892752,90.08940543824372,13.602122948968514,16.53087901827398,36.215350056634556,14.177178492879857,55.22394388645107,35.537849887190944,30.01174149984135,6.05747339884983,63.784649943365444,21-381
21,381,00000,000000,0000,DISTRICT,Cuttack,Urban,149716,736047,4.916288172272837,927.4553191489362,9.539879926146021,898.6561393072493,12.480453014549342,1.6421505691891956,90.63753606406449,87.3940991534164,93.6556951161523,6.261595962735896,9.362463935935509,34.30025528261103,12.538540596094553,3.6915861937845094,2.0814683957443774,13.800274096313958,1.1336179921256724,65.69974471738898,21-381
21,382,00000,000000,0000,DISTRICT,Jajapur  ,Total,407851,1827192,4.480047860615764,973.1370554428887,11.865419726005806,926.1536274631745,23.71874439029943,8.287689525786014,80.13317287510836,73.2902754632883,86.83673519562961,13.546459732341319,19.866827124891643,30.223096423364375,7.339778374047615,55.57462959542513,33.68517693586415,26.197227986686805,4.078524683376974,69.77690357663563,21-382
21,382,00000,000000,0000,DISTRICT,Jajapur  ,Rural,378645,1692095,4.468816437560248,975.5025748973485,11.836451263079201,925.8076923076924,24.56434183659901,8.227020350512234,79.6671294151873,72.68366717527513,86.52747565242466,13.843808477149523,20.332870584812696,30.235004535797337,7.330089186122773,58.72772940061181,35.605594159556695,27.181516990647083,4.248590220971257,69.76499546420266,21-382
21,382,00000,000000,0000,DISTRICT,Jajapur  ,Urban,29206,135097,4.625659111141546,943.9815814087344,12.228250812379253,930.3575601776116,13.12760461002095,9.047573225164141,85.99644113107938,81.0704371963914,90.65592333065297,9.585486134261572,14.00355886892062,30.073946867806097,7.463187097954331,15.870437372320264,9.503064313667577,13.802948632750006,1.9370400452878485,69.92605313219391,21-382
21,383,00000,000000,0000,DISTRICT,Dhenkanal,Total,279364,1192811,4.26973768989562,947.1508815804294,11.661193600662637,877.3163456736803,19.62414833531884,13.586058478669294,78.76038587284037,71.0027852449948,86.18254410399257,15.179758858997772,21.239614127159626,36.51316092826106,16.36988166516723,53.92610892860012,37.57143545954038,36.32216158132679,6.481713211168843,63.48683907173894,21-383
21,383,00000,000000,0000,DISTRICT,Dhenkanal,Rural,253446,1075305,4.242738098056391,950.3977682895419,11.841663528022282,876.7815820891122,20.01088063386667,14.56991272243689,77.58918785490273,69.485803845922,85.37433890613656,15.88853506021455,22.410812145097267,37.04865131288332,17.090188728937612,57.70308193561019,40.22505810947172,38.30631598499947,6.877500715386585,62.951348687116685,21-383
21,383,00000,000000,0000,DISTRICT,Dhenkanal,Urban,25918,117506,4.533760321012424,917.9329818662575,10.009701632257077,883.1252001280819,16.08513607815771,4.582744710908379,89.25991072779543,84.89442659148709,93.28438232674797,8.389955735260884,10.740089272204571,31.612853811720253,9.658777716531233,13.419657038253426,9.112445150348615,15.042937518507552,2.237058174280561,68.38714618827974,21-383
21,384,00000,000000,0000,DISTRICT,Anugul  ,Total,297050,1273821,4.288237670425854,942.6354011938058,11.964239873577213,889.3090025537401,18.80578197407642,14.099547738654017,77.53183915364298,68.64098424865384,85.97918101319533,17.338196764541493,22.468160846357023,41.33390798236173,26.78728302564459,53.18335485831497,32.74595456962698,39.68947048545164,7.916698321051433,58.66609201763827,21-384
21,384,00000,000000,0000,DISTRICT,Anugul  ,Rural,249733,1067275,4.273664273444038,953.3387629601838,12.235178374833103,898.4226212110198,19.20817034035277,15.183340750977958,75.69926934360495,66.28235734885382,84.75125628140704,18.468898932553216,24.300730656395046,42.69068421915626,29.4945189963332,60.45778674222555,37.216846236065905,43.49413006691877,8.735215428409642,57.30931578084374,21-384
21,384,00000,000000,0000,DISTRICT,Anugul  ,Urban,47317,206546,4.365154172918824,889.146003493913,10.564232664878526,836.5457453076341,16.726540334840664,8.499317343352086,86.82426945854942,81.04819304718472,91.99708574477692,10.9488926975922,13.175730541450577,34.32310478053315,12.281279252774835,6.430818275429168,4.011679573441666,15.237047381264723,2.6561155544270942,65.67689521946684,21-384
21,385,00000,000000,0000,DISTRICT,Nayagarh  ,Total,228315,962789,4.216932746424895,915.4795915931211,11.100147592047687,855.431517908297,14.167070874303716,6.095935869645374,80.42382564684935,72.0473811152134,88.15738916090123,16.110008045687835,19.57617435315065,35.69141317568024,12.830949705858705,59.11859454708949,34.95851678971461,33.337019436433636,6.113790002706375,64.30858682431976,21-385
21,385,00000,000000,0000,DISTRICT,Nayagarh  ,Rural,210850,883051,4.188053118330567,915.4329864929645,11.203882901440574,857.0811825434068,14.261010972186206,6.5150257459648415,79.75169458561562,71.11546851378029,87.7234245016481,16.60795598786781,20.248305414384376,36.037442910998344,13.156822231489556,63.07627526089703,37.303011353459304,34.63794940121736,6.3887954900401915,63.962557089001656,21-385
21,385,00000,000000,0000,DISTRICT,Nayagarh  ,Urban,17465,79738,4.565588319496135,915.9958670735516,9.951340640597959,835.1063829787234,13.126740073741502,1.4547643532569166,87.76374246201412,82.21095334685599,92.90215321910279,10.691199872246798,12.236257537985878,31.85933933632647,9.223262768552766,9.541804440245631,5.589670917965674,17.04062352385451,2.66887104393009,68.14066066367353,21-385
21,386,00000,000000,0000,DISTRICT,Khordha ,Total,494212,2251673,4.5560872661934555,929.2276742147666,10.543005134404506,916.3377166428531,13.211154550416513,5.109578522280989,86.87654490763195,81.6069889322682,91.78122765413733,10.17423872186913,13.123455092368047,35.18241769564231,13.49083847839076,26.374380990490952,14.677483895969795,20.142566268573443,3.0200973752608267,64.81758230435769,21-386
21,386,00000,000000,0000,DISTRICT,Khordha ,Rural,247304,1167357,4.720332060945234,959.2805748150834,11.219960988797771,924.4625986276614,16.22708391691659,5.807820572455555,82.95026920627569,76.28157993040128,89.37735670298437,13.095776772583093,17.049730793724308,34.23477136814188,11.742845745239245,48.53418809834802,26.6506022890487,27.028440454206514,4.618883901091477,65.76522863185812,21-386
21,386,00000,000000,0000,DISTRICT,Khordha ,Urban,246908,1084316,4.391579049686523,897.8870281169485,9.81420545302292,906.431386599785,9.964253962866913,4.357862468136594,91.03762249475662,87.4649376826106,94.24218440838939,6.777246725778795,8.962377505243381,36.20263834527942,15.43837282743456,3.814281456422223,2.488084350823205,13.132306375477325,1.3924305376880965,63.797361654720575,21-386
21,387,00000,000000,0000,DISTRICT,Puri,Total,367269,1698730,4.625301890439977,962.987358154799,10.177485533310179,931.7958344507017,19.13976912163793,0.3607989498036769,84.67056222072796,78.2819837910923,90.84566765134994,12.56368386025764,15.329437779272041,36.596516220941524,14.785504289914202,54.160527348651065,26.370971374156316,27.528809218950062,5.002605859000509,63.403483779058476,21-387
21,387,00000,000000,0000,DISTRICT,Puri,Rural,313188,1433800,4.578080897096951,968.9294203756319,10.321035011856605,932.8265611326619,20.705886455572603,0.30541219137955083,84.16454285485415,77.32221954154032,90.82329471341978,13.501075171879464,15.835457145145853,36.820128330311064,15.063202695060992,62.626840453320256,30.329193240732145,30.561990578242828,5.704387159588352,63.179871669688936,21-387
21,387,00000,000000,0000,DISTRICT,Puri,Urban,54081,264930,4.89876296666112,931.4412358657694,9.400596383950477,925.6939611845665,10.663948967651834,0.6605518438832899,87.38131444641184,83.53844426596196,90.96302139510924,7.424577129147281,12.618685553588165,35.3863284641226,13.251880434867685,6.484335832915551,4.081110198508784,10.448111446522097,1.0506778738973215,64.6136715358774,21-387
21,388,00000,000000,0000,DISTRICT,Ganjam,Total,758267,3529031,4.6540743563942515,983.4730763740025,11.90576109985999,908.4298166325246,19.502095617748893,3.369990232446244,71.08846196033096,61.129787187365714,80.9880831963383,19.85829600897258,28.91153803966904,42.55479762008324,29.24569654014458,56.62583934179089,37.65205370722053,40.0212548908889,6.865755920339439,57.44520237991675,21-388
21,388,00000,000000,0000,DISTRICT,Ganjam,Rural,596062,2761030,4.632118806432888,995.488697894533,12.403450886082368,907.3405736563631,20.533025718662962,4.068699000010866,67.60821593943852,56.76811740982362,78.54189817006426,21.77378076024064,32.39178406056148,44.61820407601511,32.85508721542275,66.6343323684454,44.26700716441463,45.05431350361468,7.766076098973798,55.38179592398489,21-388
21,388,00000,000000,0000,DISTRICT,Ganjam,Urban,162205,768001,4.734755402114608,941.4457685132286,10.116523285776971,913.2458322046837,15.795812765868794,0.8580717993856778,83.28190686449199,76.92651781960022,89.28566398007736,12.359146160477138,16.718093135508013,35.1366729991237,15.896342560395682,10.93496386881601,7.453400037057624,17.044283861404484,2.755604965721697,64.8633270008763,21-388
21,389,00000,000000,0000,DISTRICT,Gajapati,Total,128523,577817,4.495825649883678,1042.6078718334852,15.053901148633564,967.4296571066678,6.779828215507679,54.292968188890256,53.48804990699484,43.17604089418353,64.38303934302594,21.206998448842413,46.51195009300516,50.86956596984859,46.79878617322461,74.25535751344694,52.12038117530186,42.037471124371876,7.0026162424770275,49.13043403015141,21-389
21,389,00000,000000,0000,DISTRICT,Gajapati,Rural,112365,507151,4.513424998887554,1047.8124810724596,15.712085749609091,973.0111174387798,5.823709309456158,60.90237424356848,49.86583759682034,39.15821597736593,61.24148445490862,22.083268477542696,50.13416240317966,52.69929468738107,50.24586120787989,80.15452827717809,56.21723757319514,44.20481544534451,7.344396011449311,47.30070531261892,21-389
21,389,00000,000000,0000,DISTRICT,Gajapati,Urban,16158,70666,4.373437306597351,1006.0181111079569,10.330286134774855,908.4967320261438,13.64163812866159,6.859026971952566,77.92349209355174,70.85471155049432,85.11878224316922,14.264070692674906,22.076507906448256,37.738091868791216,21.55817037726798,15.134243287835607,11.061946902654867,20.31648417579121,3.577321133943303,62.261908131208784,21-389
21,390,00000,000000,0000,DISTRICT,Kandhamal,Total,172022,733110,4.261722337840509,1036.7278334189946,14.964875666680308,962.0674237682197,15.760799879963445,53.58268199860867,64.1298297564489,51.94147245679789,76.93319738183732,24.991724925039428,35.8701702435511,48.471443575998144,43.36794715474388,68.1451193052464,45.85126171735393,52.97242992100723,11.045479233091974,51.528556424001856,21-390
21,390,00000,000000,0000,DISTRICT,Kandhamal,Rural,155256,660831,4.25639588808162,1042.6090262516113,15.407267516203083,967.1548359673867,15.218565714986132,57.594453044727025,61.51766947219664,48.771453437771974,74.9901569370596,26.21870349928762,38.48233052780336,49.88824676808443,46.002170123448,72.74241151187374,48.914846956263254,55.76427836943433,11.658380778762243,50.11175323191557,21-390
21,390,00000,000000,0000,DISTRICT,Kandhamal,Urban,16766,72279,4.31104616485745,984.4873977266487,10.920184285892168,898.7250420976666,20.7183275916933,16.90394167047137,86.80924424564346,80.29015285950003,93.2992406632574,13.009087803757367,13.190755754356545,35.517923601599364,18.587723457065568,9.107198504206918,6.5090370832034905,17.11981925833593,3.1746650046743534,64.48207639840065,21-390
21,391,00000,000000,0000,DISTRICT,Baudh,Total,106961,441162,4.124512672843373,990.5786802030458,14.01911316024499,978.4708893154191,23.785820174901737,12.549584959720011,71.60592120005799,59.78512834083091,83.33884905313477,23.553720712303857,28.394078799942008,49.74521830982723,42.73994816363529,76.70842123969615,47.70182769289656,43.62266867769085,6.491021020063156,50.25478169017277,21-391
21,391,00000,000000,0000,DISTRICT,Baudh,Rural,102402,420738,4.108689283412433,992.7628556407573,14.198147065394618,979.0948847071296,23.634185645223393,13.04065713104117,70.83526084415278,58.789682980472314,82.82112639473,24.031443414257687,29.164739155847215,50.46442203936892,43.955058323990364,78.95706070468107,49.17413563297429,44.586314247632146,6.663903580865004,49.53557796063108,21-391
21,391,00000,000000,0000,DISTRICT,Baudh,Urban,4559,20424,4.479929809168677,946.6260007624857,10.330983157070113,960.9665427509294,26.90951821386604,2.4334116725421073,86.79698591241673,79.92807372443245,93.28802039082413,13.359946666391679,13.20301408758327,34.92949471210341,17.096254530809503,9.784132324081861,3.8828146902158673,14.942528735632186,1.3456686291000841,65.0705052878966,21-391
21,392,00000,000000,0000,DISTRICT,Subarnapur,Total,151136,610183,4.037310766461995,960.0368761885182,12.262059087191874,951.7673144645885,25.601991533687436,9.372925827169881,74.42085915698163,64.0387217257084,84.4001509284665,20.361429202758103,25.579140843018365,46.97951270356598,35.15429733898572,74.44961121324492,48.63340321843571,40.62045412525597,6.373032955302604,53.02048729643401,21-392
21,392,00000,000000,0000,DISTRICT,Subarnapur,Rural,139346,560242,4.0205100971682,961.3981528809595,12.37857925682116,953.191009970146,25.592690301691057,9.862880683704542,73.6410452808357,63.06258410725856,83.82348237702296,20.760898269764397,26.358954719164302,47.87520392973036,36.67846530326866,78.07857070953743,51.02622130588293,42.14796228426982,6.622995559565576,52.12479607026963,21-392
21,392,00000,000000,0000,DISTRICT,Subarnapur,Urban,11790,49941,4.235877862595419,944.8944621855284,10.954926813640094,933.8989042064334,25.706333473498727,3.876574357742136,83.02900832021588,74.9086536237917,90.71294148540417,15.80428786161248,16.97099167978412,36.93157926353096,17.903804146230886,21.676425937974408,13.836477987421384,18.40707004988072,2.7380177835610495,63.06842073646904,21-392
21,393,00000,000000,0000,DISTRICT,Balangir,Total,414749,1648997,3.9758914427762333,986.5112149543969,13.118277352839334,954.8518859910716,17.876139253133875,21.05304012075219,64.72219488412252,53.50079496605621,75.84687513465353,22.346080168597318,35.277805115877484,43.699351787783726,30.607522285993404,68.41247791773812,45.29774452158684,44.181731637896696,8.368015031896986,56.300648212216274,21-393
21,393,00000,000000,0000,DISTRICT,Balangir,Rural,369273,1451616,3.9310103906865654,991.8712350947487,13.40809139607169,960.5935148529811,18.12641910808368,23.055133037938408,62.10566261092044,50.32391212538945,73.84975623394551,23.525844108556065,37.89433738907956,45.00425732425104,32.87366880359025,74.80655575097698,49.57514974230394,47.03339563347921,9.028469789021399,54.99574267574896,21-393
21,393,00000,000000,0000,DISTRICT,Balangir,Urban,45476,197381,4.340333362652828,947.9605633246815,10.98687310328755,904.7870004391743,16.03548467177692,6.328876639595503,83.441759867953,76.74716919524681,89.82455360120967,13.07738440596286,16.558240132047004,34.10257319600164,13.553834301538718,6.3554789636320415,3.7838721178987402,16.505229379605417,1.9580461136201568,65.89742680399836,21-393
21,394,00000,000000,0000,DISTRICT,Nuapada,Total,152210,610382,4.0101307404244135,1021.3867970141939,14.473559180971915,980.8071748878924,13.46025931302037,33.80292996844599,57.348890310667045,44.76416448790219,70.2912628904034,25.52709840250121,42.651109689332955,50.0404664619861,44.51170481810518,80.05749120934527,49.05545478951539,50.33558365363838,8.826013790032675,49.9595335380139,21-394
21,394,00000,000000,0000,DISTRICT,Nuapada,Rural,144299,576328,3.9939847122987686,1023.6804404618107,14.586485473549784,982.9692881068077,13.073458169653392,35.417505309476546,56.04007621957413,43.19429769794768,69.28151222369821,26.087214525750532,43.95992378042587,50.81863105731459,46.03342297349212,82.96105598841854,50.84095301179315,51.64571397354566,9.034355132783851,49.18136894268542,21-394
21,394,00000,000000,0000,DISTRICT,Nuapada,Urban,7911,34054,4.304639110099861,983.3430401863716,12.562400892699829,939.2565729827742,20.006460327714805,6.477946790391731,78.98643202579258,71.24628679449096,86.64795509222132,15.401668297730367,21.01356797420742,36.87085217595584,18.236199952617863,12.32876712328767,7.4068174577891055,19.775406180312203,3.9662312838483595,63.12914782404416,21-394
21,395,00000,000000,0000,DISTRICT,Kalahandi,Total,401251,1576869,3.929881794687116,1003.3883834476134,14.114679152168,957.0722614002075,18.173989088503863,28.50306525145716,59.221486540269176,46.68053997215548,71.90302580285874,25.222485830703256,40.778513459730824,47.68500110028163,38.57335318726512,77.36411634061682,58.08160334073651,49.894671046506986,8.70027795140505,52.31499889971837,21-395
21,395,00000,000000,0000,DISTRICT,Kalahandi,Rural,373304,1454882,3.897311574480852,1007.7141114420008,14.34913621860742,959.4248331659518,18.21274852530996,30.296271450193213,57.27879921580523,44.335176173855444,70.43000923794254,26.094833064087098,42.72120078419477,48.75144513438203,40.45130615307928,81.31136539231555,61.071148607876204,51.883046938004384,9.064454457785121,51.24855486561797,21-395
21,395,00000,000000,0000,DISTRICT,Kalahandi,Urban,27947,121987,4.364940780763588,953.1983027780001,11.318419175813817,922.1773632187108,17.711723380360205,7.116332068171198,81.59918654095026,74.51992137294927,88.37566941670285,13.855748043753579,18.400813459049743,34.96602096944756,15.53786199019015,11.726918929057064,8.369672246448165,16.83077788718526,2.644535096356731,65.03397903055243,21-395
21,396,00000,000000,0000,DISTRICT,Rayagada  ,Total,226144,967911,4.280064914390831,1050.8326976862445,15.344592633000348,964.6286938807905,14.413928553348395,55.98706905903539,49.76085839570705,39.18804237081794,61.04495385531408,21.856911484496138,50.23914160429295,48.26084216420725,42.15940687688905,74.37885605901671,53.12851888799928,51.23008550228848,6.987682018830199,51.739157835792746,21-396
21,396,00000,000000,0000,DISTRICT,Rayagada  ,Rural,191568,820945,4.2853973523761795,1063.8478130797891,16.107047366145114,966.3915532753365,14.210087155655982,63.61059510685856,44.395432072773204,33.53788255264025,56.16148658665352,22.62360403401327,55.604567927226796,50.39302267508785,46.29405134094728,82.79014452536748,59.08208625111494,55.55536754983695,7.458804589810467,49.606977324912144,21-396
21,396,00000,000000,0000,DISTRICT,Rayagada  ,Urban,34576,146966,4.250520592318371,981.047637020462,11.08555720370698,950.4369687537412,15.552576786467617,13.4024196072561,78.039242695563,70.39990129701886,85.56347120744915,15.163569910430297,21.960757304436996,36.350584488929414,18.118988733168454,9.243209853433914,7.025064110963443,17.73580667502761,3.339385657862718,63.649415511070586,21-396
21,397,00000,000000,0000,DISTRICT,Nabarangapur ,Total,273423,1220946,4.465410737209379,1018.7198666693121,17.028681039128678,997.6651901957206,14.528406661719684,55.79059188530861,46.4326504020098,35.798360335740774,57.31255055069049,21.514190214949714,53.5673495979902,50.035464303908604,43.54004161432415,82.15159124316999,53.818918131431026,54.31130157503773,9.12431699803243,49.96453569609139,21-397
21,397,00000,000000,0000,DISTRICT,Nabarangapur ,Rural,253208,1133321,4.475849894158163,1021.0050091748682,17.394895179741663,999.1481766924918,13.912739638637245,58.946759126496374,43.85209697697347,32.97610659420871,55.00725940639477,22.031152812186065,56.14790302302653,50.92749538744981,45.19081302942974,85.89311331804038,56.18463820143735,55.90569189080551,9.320098688086047,49.07250461255019,21-397
21,397,00000,000000,0000,DISTRICT,Nabarangapur ,Urban,20215,87625,4.334652485777887,989.6233055561863,12.292154065620542,970.9057639524245,22.49129814550642,14.969472182596292,77.8671246779608,70.74821046031663,84.93104520945666,14.182834749140028,22.132875322039197,38.4981455064194,21.85435022026432,18.136005217288194,13.342621687318431,27.032074464931522,5.7745894349914035,61.5018544935806,21-397
21,398,00000,000000,0000,DISTRICT,Koraput,Total,337677,1379647,4.085700240170341,1032.4524277079415,16.31765226902244,979.2688716569078,14.245672987365609,50.562426475757924,49.205687900003554,38.55211772250252,60.31904181274079,21.76692409023827,50.794312099996446,50.259667871564254,44.14044329788054,71.79343703400318,41.91281875264996,42.8242616879577,6.667810777524279,49.74033212843575,21-398
21,398,00000,000000,0000,DISTRICT,Koraput,Rural,282783,1153478,4.079021723370924,1046.0044947327904,17.255378949576844,983.9222526787939,13.931518416476083,57.4539783160147,42.37297014692369,31.262843817146813,54.143524811952204,22.88068099480539,57.62702985307631,52.93668366453457,49.045203804601265,80.64043837913704,47.15900251059181,47.096933737080604,7.342785037331337,47.06331633546544,21-398
21,398,00000,000000,0000,DISTRICT,Koraput,Urban,54894,226169,4.1201042008234054,966.0373094108033,11.535179445458926,944.4734292315718,15.84788366221719,15.415021510463415,81.79978008796482,74.90224357346713,88.48269550585017,13.580451932383042,18.20021991203518,36.606696762155735,18.113757637382907,6.5452393318275695,3.2212868237652943,11.31255057794741,1.6897563803703213,63.393303237844265,21-398
21,399,00000,000000,0000,DISTRICT,Malkangiri  ,Total,137599,613192,4.456369595709271,1019.5768450451874,17.790838758496523,991.8203396019719,22.553294889691973,57.83082623387128,48.54314620115056,38.2787585309858,59.07118229966165,20.792423768675853,51.45685379884944,50.663739905282526,45.27955085796982,82.9228174309387,34.2338717465059,42.37219393174663,6.705271899725107,49.336260094717474,21-399
21,399,00000,000000,0000,DISTRICT,Malkangiri  ,Rural,126225,563664,4.465549613784908,1028.2906502675412,18.14290073518976,994.9086085480756,21.785496324051206,61.466582928837035,46.13815808009987,35.95486473477281,56.686433872519174,20.731569137746362,53.86184191990013,51.7102387237787,47.327680630452505,87.53225009606412,35.940673546687165,44.00251139045946,6.950924960202009,48.28976127622129,21-399
21,399,00000,000000,0000,DISTRICT,Malkangiri  ,Urban,11374,49528,4.354492702655178,925.4363798934805,13.784122112744306,946.6780724265755,31.29139072847682,16.45331933451785,74.52987049483617,64.91091042226019,83.39935181850919,18.488441396249,25.470129505163825,38.753836213858825,20.693131695022053,12.925914348233821,8.315098468271334,17.61487964989059,2.974887985828905,61.246163786141175,21-399
22,400,00000,000000,0000,DISTRICT,Koriya,Total,153274,658917,4.298948288685621,968.4618073293361,14.536580479787286,968.191345086919,8.313034873891551,46.17880552482331,70.64459017674332,60.60015447805907,80.37270467820925,19.772550200150178,29.35540982325668,46.602379358857036,37.5063236473564,69.41261141560095,30.822839017686466,43.64267547244774,9.845280081805186,53.397620641142964,22-400
22,400,00000,000000,0000,DISTRICT,Koriya,Rural,108193,453618,4.192674202582422,986.6075729839098,16.07387713891424,986.8116297446797,6.886411033071879,60.41625332328082,65.44612087080776,54.6399386454394,76.10715981611258,21.467221170673184,34.55387912919224,54.22492052784501,49.40873579545455,84.06701521298999,37.22629220974574,50.82122500752112,11.696764698707995,45.775079472154985,22-400
22,400,00000,000000,0000,DISTRICT,Koriya,Urban,45081,205299,4.554002794969056,929.5200142858486,11.139849682657976,911.0888276092588,11.465228763900457,14.720480859624255,81.49307401783707,73.40591156516699,89.0291426635039,15.623231098336916,18.506925982162926,29.760008572862024,10.394337714863498,10.414586640915266,5.042800792182922,14.7421313648788,2.391279440889078,70.23999142713798,22-400
22,401,00000,000000,0000,DISTRICT,Surguja,Total,526049,2359886,4.486057382487183,977.8967739448124,16.12132958964967,961.5420310179838,4.90074520548874,55.11401821952416,60.01396353819083,50.31858764577706,69.52581974965396,19.207232103876905,39.98603646180917,48.97723873102345,43.361128324064055,85.53703170165954,45.28057019900381,46.13382684133251,8.937651355286826,51.02276126897656,22-401
22,401,00000,000000,0000,DISTRICT,Surguja,Rural,476467,2116965,4.4430464229421975,982.3477303288298,16.534142038248152,966.7914095950913,4.876320581587319,58.95869794729719,57.070205433904775,46.99093843678627,67.00290580734475,20.011967370558473,42.929794566095225,50.99999291438451,46.73416220472291,90.38477213027902,47.928777050382905,48.556016197811886,9.435725585651673,49.00000708561549,22-401
22,401,00000,000000,0000,DISTRICT,Surguja,Urban,49582,242921,4.899378806825058,939.9381892813506,12.523824617879885,903.1027148755161,5.11359660136423,21.609082788231564,84.49161874464701,78.57993666656982,90.08010253123999,11.500165864670166,15.508381255352987,31.349698049983328,13.297366185216653,16.81045236688333,7.736852471932243,11.79436675201891,1.8764362156128946,68.65030195001667,22-401
22,402,00000,000000,0000,DISTRICT,Jashpur ,Total,192570,851669,4.42264631043257,1005.1206953786607,14.356046774040149,980.2086032650947,5.735091919513332,62.27513271000823,67.92061452996492,58.61326419213974,77.31506351187181,18.701799319732075,32.07938547003508,57.224109366432266,52.40184389654316,87.08634274458305,40.53635915955351,40.218934668417596,10.899745567957977,42.775890633567734,22-402
22,402,00000,000000,0000,DISTRICT,Jashpur ,Rural,176032,775677,4.406454508271223,1007.9289269932981,14.516222602964893,982.0975918884665,5.432415812251749,64.60549945402532,66.32975306072588,56.718498466630095,76.06001839155809,19.341519924927994,33.67024693927412,59.32147014801264,55.56283226750905,90.3875534344758,41.96217262894361,41.26173819877734,11.08959606035515,40.67852985198736,22-402
22,402,00000,000000,0000,DISTRICT,Jashpur ,Urban,16538,75992,4.59499334865159,976.8990634755463,12.721075902726604,958.4683954619125,8.824613117170228,38.48826192230761,83.82510365623823,77.87087535419396,89.65795128939828,11.787075935204328,16.174896343761773,35.81561216970207,19.626118449083936,31.274571040158722,16.430907153617223,22.58882316199434,7.690046662012713,64.18438783029792,22-402
22,403,00000,000000,0000,DISTRICT,Raigarh,Total,367962,1493984,4.060158385920285,991.240580158288,13.056967142887741,946.7186938645164,15.056520016278622,33.842999657292175,73.26414738454787,63.01744186942564,83.49141790011598,20.473976030690338,26.73585261545213,46.19641174202669,35.08859683799781,77.09742714444475,46.9144424465383,29.745264551912797,5.509101420380865,53.80358825797331,22-403
22,403,00000,000000,0000,DISTRICT,Raigarh,Rural,312800,1247682,3.988753196930946,1000.0769456427125,13.151027264960142,954.0436579295233,15.072670760658566,38.11820640195178,70.8888620236822,60.10449597519462,81.75127721609496,21.646781240900346,29.111137976317806,48.48527108670318,39.123207745265404,86.1123876338558,52.25839832578991,32.45732648749797,6.049009657124154,51.514728913296814,22-403
22,403,00000,000000,0000,DISTRICT,Raigarh,Urban,55162,246302,4.465066531307785,947.6518452329177,12.580490617209767,908.8276966672827,14.974705848917184,12.186259145276937,85.21800516450242,78.08979141291108,92.01382588815909,13.924034475248007,14.781994835497585,34.6018302734042,14.085329728557006,13.107656204165444,8.982106189498387,10.494573188618363,1.6767380463479025,65.3981697265958,22-403
22,404,00000,000000,0000,DISTRICT,Korba ,Total,280073,1206640,4.308305334680601,968.6906014700244,14.25578465822449,966.1892624047001,10.332742160047736,40.90358350460784,72.37015572807127,61.934500663791546,82.48342303798046,20.548922374188912,27.629844271928732,43.193164489822976,31.64040591182787,64.25287709186355,42.55793517093706,32.785224468807684,5.133100275141697,56.806835510177024,22-404
22,404,00000,000000,0000,DISTRICT,Korba ,Rural,180218,760350,4.219056919952502,993.4508578379966,15.182744788584204,980.986700986701,8.922601433550339,57.095942657986456,65.55198570958959,53.73151955345461,77.32160706052007,23.590087507065455,34.44801429041041,49.27322943381338,42.43625404432528,85.65270426452493,57.09904470584467,41.126761315257745,6.274940010516509,50.72677056618663,22-404
22,404,00000,000000,0000,DISTRICT,Korba ,Urban,99855,446290,4.469380601872715,927.8935250182512,12.676510788948889,936.6698617006709,12.735217011360325,13.316453427143784,83.65296780219442,76.01594135629571,90.72963580005833,14.71369444376262,16.347032197805575,32.83447982253691,12.595496254638059,9.540252632440954,5.380893562717948,11.45853948149614,2.21377536048916,67.1655201774631,22-404
22,405,00000,000000,0000,DISTRICT,Janjgir - Champa,Total,364532,1619707,4.443250523959488,985.6236905691558,13.843121008923218,950.4510382142888,24.56666545245529,11.557398961664054,73.06643047705857,61.31239663235593,84.71930475483761,23.40690812248168,26.933569522941426,52.26043969680936,45.79509695394221,80.76225152575532,47.53398246356026,45.433484629034126,12.321109176269337,47.739560303190636,22-405
22,405,00000,000000,0000,DISTRICT,Janjgir - Champa,Rural,316344,1394646,4.408637432668234,988.3718443515194,13.98577129967031,954.6638874413758,25.643209818118716,12.539884673243245,71.64090517291683,59.47613720168366,83.73223317980163,24.256095978117962,28.35909482708317,54.00244936707953,48.84131872570304,86.22572340179754,50.412737023380686,47.839254962205054,13.09897323615834,45.99755063292047,22-405
22,405,00000,000000,0000,DISTRICT,Janjgir - Champa,Urban,48188,225061,4.670478127334606,968.7620280625634,12.95915329621747,922.7371613158415,17.89559275040989,5.469183910139917,81.79586002705531,72.661967172448,90.70874559996773,18.046778427519726,18.204139972944688,41.465647091233045,26.726263036705944,36.67048851837168,24.301619107829794,26.018237733463344,6.0435262475488365,58.53435290876695,22-405
22,406,00000,000000,0000,DISTRICT,Bilaspur,Total,600822,2663629,4.433308034659183,970.7607574576012,15.311253932135443,960.7923267386235,20.760849202347625,18.713904977006933,70.77596624514473,59.70841968504291,81.53997231498654,21.83155262994363,29.22403375485527,45.17134330644395,37.172984364222536,70.56059813978925,47.564280828492755,31.302355308399203,6.309025039124931,54.82865669355604,22-406
22,406,00000,000000,0000,DISTRICT,Bilaspur,Rural,456635,1983759,4.344299057233896,978.7724933168415,16.254998717082064,972.184166748214,22.999114307735972,22.841484273039214,65.94159148955124,53.414943517013,78.21841299808347,24.803469481070465,34.05840851044876,48.57994343062842,43.89093788567312,84.84978349273484,57.26282518893151,36.578054163653135,7.441873013534169,51.42005656937159,22-406
22,406,00000,000000,0000,DISTRICT,Bilaspur,Urban,144187,679870,4.715196238218424,947.7502048393658,12.55754776648477,918.9274235238588,14.22992630944151,6.670245782281907,84.2854860007233,77.55749624049777,90.69026769502533,13.132771454527557,15.714513999276704,35.22555782723168,17.246747436641517,13.060362105825762,8.536962185996794,10.072738508818814,1.7504008551576695,64.77444217276832,22-406
22,407,00000,000000,0000,DISTRICT,Kabeerdham,Total,178446,822526,4.609383230781301,996.1413199112746,17.252220598497797,982.7024912324824,14.564645980795742,20.308537359305358,60.851250767680156,48.705366986637664,72.9845779721399,24.27921098550224,39.148749232319844,49.135954364968406,45.5779744096982,87.46919506329239,45.98471877195934,21.57087857164065,3.0164095052405506,50.864045635031594,22-407
22,407,00000,000000,0000,DISTRICT,Kabeerdham,Rural,159300,735131,4.614758317639674,997.9589118907651,17.542043526936016,986.582247281018,14.211616705049849,21.762515796504296,58.94363664558361,46.286125213180405,71.60616050714953,25.32003529396912,41.05636335441639,50.63043185500271,48.41607886925025,92.37963460505105,48.248253627082214,22.4263836646964,3.1491133799032776,49.36956814499729,22-407
22,407,00000,000000,0000,DISTRICT,Kabeerdham,Urban,19146,87395,4.564661025801734,980.9823877416869,14.814348646947767,944.8700615893046,17.534183877796213,8.078265346987815,76.38351601117559,68.53303774197038,84.1350774159103,15.602039673939927,23.616483988824413,36.5650208822015,21.49822080502796,30.27600450619602,19.620728501689825,11.606584053072975,1.4707723119289022,63.4349791177985,22-407
22,408,00000,000000,0000,DISTRICT,Rajnandgaon,Total,318488,1537133,4.826345105624074,1014.974012099285,13.634148769169615,986.3422678848998,10.189293964803307,26.360373500536387,75.95743462809158,66.69899479417676,85.39705817475397,18.69806338057721,24.042565371908424,52.05092857937472,46.94450830321926,79.01891282502513,36.25933017702964,25.513690925543564,4.797198322192948,47.94907142062528,22-408
22,408,00000,000000,0000,DISTRICT,Rajnandgaon,Rural,258688,1264621,4.88859552820386,1019.4774293689677,14.040886558107132,992.7948553920744,9.337105741562096,30.505977680269424,73.86236416305677,63.95186453992013,84.00976338136206,20.057898841441933,26.137635836943232,55.036093817831585,52.209790275513036,88.38473673774925,40.03330469340429,27.876085850821408,5.2902450869111695,44.963906182168415,22-408
22,408,00000,000000,0000,DISTRICT,Rajnandgaon,Urban,59800,272512,4.557056856187291,994.335604458333,11.746638680131518,951.2953367875647,14.143964302489431,7.122255166744951,85.42708762125729,79.26128568221314,91.59417155973985,12.332885877526707,14.572912378742714,38.197950915922966,22.204476370621702,16.39671835072146,11.02561146655907,9.71813937402732,1.5005667953964685,61.80204908407703,22-408
22,409,00000,000000,0000,DISTRICT,Durg,Total,701707,3343872,4.7653393795416035,987.9139243125115,12.87537322002756,962.8614805257567,13.697892742305925,11.884904685346807,79.06324570869958,70.23182515083664,87.82110530777435,17.589280156937704,20.936754291300417,44.76262847381718,34.6062122879747,63.65264680435996,37.44074879493321,19.375402941598942,3.2034232916111316,55.23737152618282,22-409
22,409,00000,000000,0000,DISTRICT,Durg,Rural,424294,2059107,4.8530193686453265,1006.6296221222586,13.735517386906071,972.5145587055829,13.817300412266095,15.441402510894287,74.88428050113777,64.68112871581883,85.21161303039194,20.530484314573116,25.115719498862234,51.01764988414881,46.1328905905872,86.20362719750825,50.112612183819635,24.165832149778964,3.896590982648395,48.98235011585119,22-409
22,409,00000,000000,0000,DISTRICT,Durg,Urban,277413,1284765,4.631235738772156,958.6355036748284,11.49681070078964,944.6390015272,13.506516755982611,6.184866493094067,85.59150016973629,79.13493039411918,91.79283198245496,12.657901588335776,14.408499830263708,34.737636844092115,15.671356962927153,10.571435613504011,7.613315796431524,8.09953909616242,1.5718232477475762,65.26236315590789,22-409
22,410,00000,000000,0000,DISTRICT,Raipur,Total,871225,4063872,4.664549341444518,984.1323004844287,14.355324183438848,967.953150879939,17.821673517276135,11.723942092664336,75.55686124654862,65.7465965194404,85.23831950426575,19.491722984825344,24.44313875345138,43.25096853444203,32.62909004676324,62.14339031805851,40.337231689333116,28.362986327307155,4.3974274946747505,56.74903146555798,22-410
22,410,00000,000000,0000,DISTRICT,Raipur,Rural,555578,2580583,4.644861747585398,1002.676616737818,14.996804985540088,980.4161378802145,20.33827239813639,15.80697075040795,70.46542224621145,58.83316203619141,82.17510664125999,23.341944605068576,29.534577753788554,47.10923849378222,40.92921449889165,85.52002849403591,55.20818167086592,36.48889974689334,5.6162205425218374,52.89076150621778,22-410
22,410,00000,000000,0000,DISTRICT,Raipur,Urban,315647,1483289,4.699201956616093,952.6749594204464,13.239294567680338,943.8455827765405,13.443368082686517,4.62040775600709,84.23536341257211,77.85468504801709,90.32271778971567,12.468032741698579,15.764636587427887,36.53846283495664,17.81032791189354,9.707345965005509,6.980262781587945,10.135782172846888,1.6635576442281967,63.46153716504336,22-410
22,411,00000,000000,0000,DISTRICT,Mahasamund,Total,248561,1032754,4.154931787368091,1017.2276728773535,13.018395474624162,971.1759790050875,13.515416062295571,27.101904228887037,71.01845028308838,60.25220769735077,82.04637641968631,21.79416872233554,28.981549716911616,48.3425869084022,39.82472680769681,83.57809558146056,55.69703160677803,31.73857308817049,4.770860874093659,51.6574130915978,22-411
22,411,00000,000000,0000,DISTRICT,Mahasamund,Rural,221535,912602,4.119448394158937,1020.41218443582,13.069114466108994,973.7373403058185,13.221754938078153,29.599321500500764,69.58830654970863,58.42166786877907,81.06337680792714,22.641708939148074,30.411693450291367,49.89995638843658,42.58501098910636,90.16091772290882,60.01892891336619,33.756708565003905,5.001888499477369,50.100043611563414,22-411
22,411,00000,000000,0000,DISTRICT,Mahasamund,Urban,27026,120152,4.445792940131725,993.3638595792686,12.63316465809974,951.279084715259,15.745888541181172,8.13303149344164,81.8267554514018,74.27776507355743,89.37272606053679,15.094960986979359,18.173244548598205,36.5137492509488,18.576725232146433,15.24890590809628,10.836068563092633,10.790481400437637,2.37281181619256,63.4862507490512,22-411
22,412,00000,000000,0000,DISTRICT,Dhamtari ,Total,170951,799781,4.678422471936403,1010.0201811021445,12.742113153475765,972.9923333075195,7.324630117494664,25.96123188722913,78.3572059059541,69.08144141377083,87.77715201663561,18.69571060286478,21.642794094045897,50.37566533838639,43.921380298792684,78.93793668325493,45.322478561411785,16.760446270120006,3.469142084165849,49.62433466161362,22-412
22,412,00000,000000,0000,DISTRICT,Dhamtari ,Rural,138455,650586,4.698898559098624,1011.58246243275,12.981988545711099,973.9868181180759,6.98677807392105,29.275606914381804,76.98360968475272,67.17327570203122,86.96380338804279,19.790527686011572,23.01639031524728,52.6529928403009,48.022104986459475,87.70321672850625,49.61772338878947,17.397307861849114,3.5600330459812057,47.3470071596991,22-412
22,412,00000,000000,0000,DISTRICT,Dhamtari ,Urban,32496,149195,4.591180452978828,1003.2358983310284,11.696102416300814,968.1930972253552,8.797881966553838,11.508428566640973,84.25974420281605,77.31877702845738,91.25603938363994,13.937262355182568,15.740255797183949,40.445055129193335,25.965630771701598,29.178681515362438,20.9389811408306,13.14507308342448,2.9531669483941534,59.55494487080666,22-412
22,413,00000,000000,0000,DISTRICT,Uttar Bastar Kanker,Total,160937,748941,4.653628438457284,1006.0668884496087,13.365405285596596,978.3193011581486,4.21168022581218,55.38086444726621,70.28552405670409,60.63869586816395,80.03284377517507,19.394147907011117,29.71447594329591,51.987940305044056,45.752030734578796,82.99795304590364,33.16784766757671,26.665108550206877,4.514856469222491,48.012059694955944,22-413
22,413,00000,000000,0000,DISTRICT,Uttar Bastar Kanker,Rural,143139,672180,4.695994802255151,1005.6154128462267,13.603647832425839,979.6280660734775,3.874408640542712,58.90951828379303,68.33689488737626,58.1929597883344,78.57993203164474,20.386972243310346,31.66310511262374,53.5192954268202,48.410977031786395,87.89256864565554,34.56105140849377,27.622544795494598,4.745570485842789,46.48070457317981,22-413
22,413,00000,000000,0000,DISTRICT,Uttar Bastar Kanker,Urban,17798,76761,4.312900325879312,1010.0290659614024,11.279165201078673,964.6017699115043,7.165096859082086,24.481181850158286,86.90219226759467,81.43119372978643,92.46048191344502,11.029288183658593,13.097807732405329,38.57818423418142,22.51892564554599,23.536960118866716,16.24286630871577,15.033937797588898,1.712085908215986,61.42181576581858,22-413
22,414,00000,000000,0000,DISTRICT,Bastar,Total,311538,1413199,4.536201041285493,1023.2287787746945,15.334924522307192,994.3770591375089,2.6863166475492837,65.93409703799678,54.39787845407301,44.26327059098904,64.82176916882126,20.558498577832225,45.60212154592699,51.41038169429783,45.07647835771611,78.77158717246752,39.6167541371256,45.656276194684054,9.479017412883966,48.58961830570217,22-414
22,414,00000,000000,0000,DISTRICT,Bastar,Rural,268258,1219705,4.546760954006963,1030.6350432529985,15.93180318191694,1001.6790449015751,2.121906526578148,72.1667124427628,49.84054754121382,39.31672578768941,60.74551256719482,21.428786779505415,50.15945245878618,53.43833139980569,48.64704637567382,85.86216419398886,43.237392411666335,49.12671259147885,10.143144264256893,46.56166860019431,22-414
22,414,00000,000000,0000,DISTRICT,Bastar,Urban,43280,193494,4.470748613678373,977.758470894874,11.572451858972371,933.1779331779331,6.244121264742059,26.64630427816883,81.70915594206964,74.68355922215675,88.62055372629041,13.936994504133665,18.290844057930357,38.62703753087951,21.969704889241996,16.93715631313469,8.04243989242852,15.391819750873015,3.6874004896910666,61.37296246912049,22-414
22,415,00000,000000,0000,DISTRICT,Narayanpur,Total,27982,139820,4.996783646629976,994.4653657423257,16.705764554427123,988.9305177111717,3.561007009011586,77.35731654984981,48.61757483127544,39.88158755292417,57.314941740918435,17.43335418799427,51.38242516872456,50.84322700615077,47.195765677893164,81.88186639283153,19.44041975551773,40.84035504789771,7.639719225196584,49.15677299384924,22-415
22,415,00000,000000,0000,DISTRICT,Narayanpur,Rural,23068,117714,5.102913126408878,1006.9561659250165,17.68948468321525,996.0697852760736,3.230711725028459,82.71913281342917,41.76548905471096,33.328539141154714,50.280997905476866,16.952458764322152,58.23451094528904,53.20522622627725,51.40278694908654,89.51141625419127,19.71579115439885,43.64362126776305,8.170205971579115,46.79477377372275,22-415
22,415,00000,000000,0000,DISTRICT,Narayanpur,Urban,4914,22106,4.498575498575499,930.4864203999651,11.46747489369402,932.1646341463414,5.319822672577581,48.805754093911155,82.54049358745083,73.69592875318067,90.76832034717428,17.072391593993615,17.459506412549175,38.26562924093007,23.876114500234632,25.393072467194706,17.401584111597117,20.085116444024116,3.7120226977184063,61.73437075906993,22-415
22,416,00000,000000,0000,DISTRICT,Dakshin Bastar Dantewada,Total,120850,533638,4.415705419942077,1020.2694005497044,14.923412500609027,1005.0606777783373,2.435358801284766,76.87889543098505,42.12259444362457,32.5415873541339,51.9235910597797,19.3820037056458,57.87740555637543,53.70588301432806,49.463071808115885,81.91838657338754,24.210122298016366,35.69845949859558,4.915647516530296,46.294116985671934,22-416
22,416,00000,000000,0000,DISTRICT,Dakshin Bastar Dantewada,Rural,98275,437405,4.45082676163826,1044.6173982143691,15.402658863067408,1009.6647178141034,0.969124724225832,85.89476572055646,33.8837346939327,24.58299714703075,43.65985610234693,19.07685895531618,66.1162653060673,57.413152570272395,55.76686430249469,91.02250645089357,26.36623554521997,38.89132235354082,5.12646937020165,42.5868474297276,22-416
22,416,00000,000000,0000,DISTRICT,Dakshin Bastar Dantewada,Urban,22575,96233,4.26281284606866,916.5338962797738,12.74510822690761,980.1420729738458,9.099789053651035,35.89932767345921,78.4298780487805,70.31789737171465,85.79217592802945,15.4742785563148,21.570121951219505,36.8553406835493,18.85226309728168,17.45566301068599,8.943524966870612,13.091042377421264,3.4229001607127754,63.1446593164507,22-416
22,417,00000,000000,0000,DISTRICT,Bijapur,Total,54757,255230,4.661139215077524,983.7093803191283,16.649688516240253,977.6154132539091,3.9658347372957725,80.0019590173569,40.85787482078642,31.11311102690413,50.45579659435503,19.3426855674509,59.14212517921358,52.70736198722721,49.72386167010358,86.49916372421484,37.062999442482806,48.457164095892956,6.943690763798551,47.29263801277279,22-417
22,417,00000,000000,0000,DISTRICT,Bijapur,Rural,48289,225630,4.672492700200874,990.6655844155844,16.9875459823605,984.2107987782782,3.3537206931702346,83.55582147764038,36.32975798313944,26.71055170787143,45.871930402969355,19.161378695097923,63.67024201686056,54.632805921198425,53.141976737972676,91.42437615601779,38.384657818736414,50.83638900606808,6.973423759613201,45.367194078801575,22-417
22,417,00000,000000,0000,DISTRICT,Bijapur,Urban,6468,29600,4.576376004947433,932.2410078986879,14.074324324324325,918.9313680331644,8.631756756756758,52.912162162162154,74.20382165605095,64.53687123555267,83.23699421965318,18.700122984100517,25.79617834394905,38.0304054054054,22.848540018206005,32.566403126943236,22.590388202895976,22.40383761215244,6.618104290663587,61.96959459459459,22-417
23,418,00000,000000,0000,DISTRICT,Sheopur ,Total,146043,687861,4.709989523633451,901.3029874179068,16.95676888208519,896.8775410635875,15.757689416902544,23.471021034773013,57.42513418600824,44.2272485678852,69.3323875934917,25.105139025606505,42.57486581399176,40.33591088897321,28.725423749605156,80.01513758987943,41.5422320736696,29.28979474148961,4.40251572327044,59.6640891110268,23-418
23,418,00000,000000,0000,DISTRICT,Sheopur ,Rural,125522,580509,4.6247590063893185,901.0643175268535,17.435216336008573,896.7242607098684,15.813708314599772,27.08433460979933,54.4659250233676,40.76586683560788,66.82314939007452,26.05728255446664,45.5340749766324,42.00968460437306,31.83184383733904,88.46393570344856,46.02903186123755,30.88284741870669,4.370771312584574,57.99031539562694,23-418
23,418,00000,000000,0000,DISTRICT,Sheopur ,Urban,20521,107352,5.231324009551192,902.5946405784773,14.36955063715627,897.8838582677165,15.454765630821967,3.931924882629108,72.8542523333986,62.259912903965166,82.4250455524267,20.16513264846153,27.145747666601395,31.284931813100826,11.94234998429155,18.666071162721455,8.962334375465238,17.72219740955784,4.633020693762096,68.71506818689917,23-418
23,419,00000,000000,0000,DISTRICT,Morena,Total,362646,1965970,5.421182089420537,840.0774229537717,15.52190521727188,828.836495702933,21.440764609836364,0.8662390575644594,71.03053081199941,56.90222652468538,82.92879334574886,26.026566821063476,28.969469188000588,34.38470576865364,16.78608394156111,66.99714346154472,21.92655841110781,22.93263391780684,3.748559526503973,65.61529423134635,23-419
23,419,00000,000000,0000,DISTRICT,Morena,Rural,284541,1495508,5.255861193993133,834.4884435819622,16.001853550766697,828.8803974016049,21.499717821636526,0.9603425725572848,68.91312602541475,53.676348431617036,81.64437846304912,27.968030031432086,31.086873974585245,36.56770809651302,20.27605873965515,78.41180676317902,25.522561911083557,25.065600239909447,4.197135349523564,63.43229190348697,23-419
23,419,00000,000000,0000,DISTRICT,Morena,Urban,78105,470462,6.023455604634787,858.0721092895311,13.996241991914331,828.6769606754054,21.2533637148165,0.5671021251450702,77.60438935778457,66.74438705822094,86.9759796676658,20.23159260944486,22.39561064221543,27.44536221841509,5.8583375908461175,18.651641883519208,6.696096654275093,13.898698884758364,1.8486679058240398,72.5546377815849,23-419
23,420,00000,000000,0000,DISTRICT,Bhind,Total,299233,1703005,5.69123392139236,837.4255402479168,14.575999483266344,842.7675290449502,22.00809745126996,0.3600106869915238,75.2636662026774,63.142263411188935,85.40342718061751,22.261163769428578,24.7363337973226,30.579358252030968,8.37363849299502,74.78397290156077,30.39088423251813,18.944520400639057,2.975221211748802,69.42064174796904,23-420
23,420,00000,000000,0000,DISTRICT,Bhind,Rural,226671,1270083,5.603200232936723,828.0993615024555,14.906742315266012,840.9957215091404,22.400032123884817,0.1121973918239989,74.02556546118223,60.99001920877834,84.79108522155171,23.80106601277337,25.974434538817775,31.933188618381635,9.398307397358371,86.58630399084764,34.39708268199952,20.07505338060743,3.321679183782158,68.06681138161836,23-420
23,420,00000,000000,0000,DISTRICT,Bhind,Urban,72562,432922,5.966235770789118,865.3435995984264,13.60568416481491,848.4857994664993,20.858260841444878,1.0870318440735283,78.84123843644724,69.19584805348738,87.2136928009909,18.017844747503517,21.15876156355276,26.607564411141038,5.438295117882839,33.22857886969355,16.285267818387013,14.963972567063113,1.755360708394826,73.39243558885896,23-420
23,421,00000,000000,0000,DISTRICT,Gwalior,Total,383845,2032036,5.2938972762443175,863.6941027783408,12.864831134881468,839.7021773705471,19.343554937018833,3.5497894722337593,76.65176791380185,67.37638757327737,84.696207350756,17.319819777478628,23.348232086198152,33.725337543232506,14.49396788179788,36.61607649665626,17.56107810906289,18.307892329176095,3.200590680727436,66.2746624567675,23-421
23,421,00000,000000,0000,DISTRICT,Gwalior,Rural,144494,758244,5.247581214444891,852.3167272913822,15.160423293820987,843.5545434134137,21.245271970500262,7.224191684998496,65.18993736893567,51.416151416151415,76.9512528998977,25.53510148374628,34.810062631064326,37.870527165397945,21.97652588887774,77.86913505437906,37.17904517135583,28.855898116322077,5.32472462223708,62.12947283460205,23-421
23,421,00000,000000,0000,DISTRICT,Gwalior,Urban,239351,1273792,5.321857857289086,870.5332624548811,11.498345098728835,836.689907704655,18.211529040848113,1.3625458473596945,83.19227695247253,76.36520539144219,89.16611502343514,12.800909631992951,16.807723047527475,31.257850575290156,10.090180056476399,6.864577054450473,3.4126984126984126,10.700723327305607,1.6686759091822383,68.74214942470984,23-421
23,422,00000,000000,0000,DISTRICT,Datia,Total,160215,786754,4.910613862622101,872.5238422780056,13.995988580928728,855.8018033201314,25.455224886050786,1.914321376186203,72.6302021754552,59.41079989107651,84.20079706891487,24.78999717783836,27.369797824544804,40.82089191793115,26.04985856403626,76.79879187943705,29.18918918918919,23.01999003611907,3.3033379001120937,59.17910808206885,23-422
23,422,00000,000000,0000,DISTRICT,Datia,Rural,126017,604772,4.799130276073863,866.7761431755184,14.338792139847744,854.1951761888471,27.2461357337972,1.8005132512748607,70.56528746947718,55.911183814462525,83.29822004487767,27.38703623041514,29.434712530522816,43.18486966989212,29.803494227331324,89.48118084006586,33.795229161082815,25.437837423900138,3.6524103074625724,56.81513033010788,23-422
23,422,00000,000000,0000,DISTRICT,Datia,Urban,34198,181982,5.321422305397976,891.881776881413,12.85676605378554,861.7808546192409,19.50357727687354,2.29253442648174,79.37572910426584,70.65540747855552,87.19267196020282,16.5372644816473,20.624270895734156,32.96479871635656,13.763681505052977,21.585264210701784,9.136522753792299,12.493748958159694,1.7836306051008504,67.03520128364345,23-422
23,423,00000,000000,0000,DISTRICT,Shivpuri,Total,359969,1726050,4.794996235786971,876.5594507471774,16.556299064337647,893.1434249751574,18.62721242142464,13.197879551577302,62.54658816341268,48.791617952594066,74.55885126390885,25.767233311314783,37.45341183658732,43.989513629385016,34.51513478986177,79.51996691606928,29.032729648180318,23.91183237826312,3.416653386559126,56.010486370614984,23-423
23,423,00000,000000,0000,DISTRICT,Shivpuri,Rural,304287,1430627,4.701571214018345,873.6422047425592,17.179460474323495,894.7668681386456,19.143284727605447,15.317759276177508,59.386269857948626,44.451925642137816,72.36898154429653,27.917055902158715,40.613730142051374,46.54798210854402,39.221644407733486,88.84864429788205,32.30604509796855,25.258736680241707,3.6235148544587403,53.45201789145598,23-423
23,423,00000,000000,0000,DISTRICT,Shivpuri,Urban,55682,295423,5.305538594159692,890.8161110079941,13.538553193217862,883.2281759111027,16.12806044214567,2.932066900681396,77.20640339509919,68.64827609114462,84.84033688140264,16.19206079025801,22.793596604900813,31.599773883550032,11.957724418387434,12.974408963825478,5.682731138795754,14.303771705247822,1.9410195708761366,68.40022611644997,23-423
23,424,00000,000000,0000,DISTRICT,Tikamgarh,Total,296116,1445166,4.8804049764281565,900.6464085854634,15.74656475449879,891.5904009043832,25.02162381345811,4.695446751445854,61.42729726133827,49.96744870573976,71.76807509389862,21.800626388158854,38.57270273866173,45.34551740076919,36.877620248506524,80.83266444687922,34.15929365590446,28.21317284127706,3.8787275795873146,54.65448259923081,23-424
23,424,00000,000000,0000,DISTRICT,Tikamgarh,Rural,249777,1195293,4.78544061302682,898.866837072681,16.16499050860333,892.0779475127301,25.772927642009115,5.14852843612403,58.577809622842224,46.39437812422981,69.54510891104128,23.150730786811472,41.422190377157776,47.38804627819288,40.364358731460406,87.70783827013591,37.15136663924326,29.5362501015137,4.097975728515287,52.611953721807126,23-424
23,424,00000,000000,0000,DISTRICT,Tikamgarh,Urban,46339,249873,5.392282958199357,909.2055196442489,13.744982451085153,888.8522246054007,21.42768526411417,2.528084266807538,74.67568019004491,66.46212791613587,82.17046009139713,15.708332175261262,25.324319809955085,35.574872034993774,20.298331862683305,37.02357917472888,15.093596724114654,19.78243261485848,2.481663141790037,64.42512796500623,23-424
23,425,00000,000000,0000,DISTRICT,Chhatarpur,Total,356297,1762375,4.946364970796835,882.6358985643949,16.046187672884603,899.7185293663216,22.998113341371727,4.1760124831548335,63.736490263121794,53.59118096952137,72.65833396844754,19.06715299892617,36.263509736878206,42.658174338605576,32.711369627257476,71.90664501188486,31.70589933186751,26.328250844310364,4.466099226253896,57.34182566139443,23-425
23,425,00000,000000,0000,DISTRICT,Chhatarpur,Rural,281870,1363359,4.836836130130911,879.7873352516914,16.784573982348007,902.9537970262448,24.51122558328364,5.055748339212196,59.19287807672815,48.086700006043394,68.91281459651813,20.826114590474738,40.80712192327185,45.497994292039,37.89097394395113,82.1506010791535,36.04637103599704,28.734114566960233,4.959366501101884,54.502005707961,23-425
23,425,00000,000000,0000,DISTRICT,Chhatarpur,Urban,74427,399016,5.361172692705604,892.4343602974654,13.523267237404013,886.119752525429,17.82810714357319,1.1701285161497283,78.6756352592043,71.49253456334412,85.09320178446984,13.600667221125718,21.3243647407957,32.955069470898415,15.14710258917563,23.583226866216464,11.230759871022693,14.979162864269636,2.139228569690333,67.04493052910159,23-425
23,426,00000,000000,0000,DISTRICT,Panna,Total,228709,1016520,4.444599906431317,905.451000974732,16.096092551056547,913.8185135799002,20.46098453547397,16.810195569196868,64.78590690585064,54.43600369461169,74.14070975432267,19.70470605971098,35.21409309414936,42.49773737850706,32.42443689963564,77.38276566095213,46.029611248200226,35.964286871698484,7.6914707938462685,57.50226262149294,23-426
23,426,00000,000000,0000,DISTRICT,Panna,Rural,203539,891185,4.378448356334658,906.3881764294408,16.577814931804284,913.6928278131112,20.74574863804934,18.417724714845964,62.609254740761266,51.785522150554684,72.40411815349294,20.61859600293826,37.390745259238734,43.81772583694744,34.72783400045314,82.9102400274522,49.23802231515223,37.37800802566985,8.049229571546004,56.18227416305257,23-426
23,426,00000,000000,0000,DISTRICT,Panna,Urban,25170,125335,4.979539133889551,898.8137621767388,12.670842143056607,914.9885445556494,18.436191008098294,5.379981649180197,79.57041314159373,72.52802473908001,85.88384100911391,13.355816270033898,20.429586858406267,33.11205968005745,15.973907766990292,25.372882581142626,15.840582154646876,22.662104527601745,4.325196983205224,66.88794031994256,23-426
23,427,00000,000000,0000,DISTRICT,Sagar,Total,517850,2378458,4.592947764796756,893.2893508255079,15.005646515515513,925.0431499460625,21.090555309364305,9.331087620634882,76.46188206603333,67.01518252904708,84.84858389121983,17.83340136217275,23.538117933966674,42.29778284922416,28.868090475770387,57.86677401879656,37.62890953098053,22.558062095255135,3.556337503168379,57.70221715077584,23-427
23,427,00000,000000,0000,DISTRICT,Sagar,Rural,379437,1669662,4.40036685932052,888.4737929700623,15.911064634638628,923.1565535913362,20.952923406054637,12.476477275041296,72.07843869057074,61.036981425701285,81.81757250383716,20.78059107813587,27.921561309429265,44.52404139280885,32.628203414514296,74.86215380393624,49.06504026763483,26.989336845121276,4.407984385277932,55.47595860719115,23-427
23,427,00000,000000,0000,DISTRICT,Sagar,Urban,138413,708796,5.1208773742350795,904.7306811707925,12.872815309341476,930.5573187761838,21.414765320346053,1.9217094904598786,86.42758366070011,80.45488089869214,91.80882959533587,11.353948696643727,13.572416339299892,37.053538676854835,20.094929189240567,9.76035090658483,5.258268160253433,10.015078017316874,1.1457008612746256,62.946461323145165,23-427
23,428,00000,000000,0000,DISTRICT,Damoh,Total,297608,1264219,4.247933523292384,910.0628066109359,15.18471087683384,928.4738407136542,19.48531069379593,13.153970949653502,69.7332061243123,59.22042979122297,79.2662302673346,20.045800476111637,30.266793875687696,45.45059044358612,34.346372350775134,63.48401917872588,43.53762215125436,32.12732446331764,5.708890609907848,54.549409556413885,23-428
23,428,00000,000000,0000,DISTRICT,Damoh,Rural,245928,1013668,4.121808008848118,910.8829700398326,15.784162072789117,932.378410367275,19.30346030455731,15.828949912594656,66.08416142556423,54.53414680404043,76.55895387694562,22.02480707290519,33.91583857443577,47.601976189442695,37.877304701808995,73.50090979553433,50.699236932310384,35.14691436316385,6.273858817970431,52.398023810557305,23-428
23,428,00000,000000,0000,DISTRICT,Damoh,Urban,51680,250551,4.84812306501548,906.7517998203984,12.75947811024502,909.1669154971634,20.221032843612676,2.331661019113873,83.98450009607379,77.52802501804186,89.83664320538651,12.30861818734465,16.015499903926212,36.74661047052297,20.027024985522328,10.98632547328634,6.004192507793069,16.301904006777526,2.747939045715713,63.25338952947703,23-428
23,429,00000,000000,0000,DISTRICT,Satna,Total,478741,2228935,4.655826428068622,925.6541064972203,14.8349323780191,910.3083313594426,17.88158918945595,14.355510591381085,72.2646467264473,62.45185321357914,81.37437754088269,18.92252432730355,27.735353273552704,40.88719500568657,29.946800567460613,65.78720117101132,40.77296403463437,32.790840830461214,6.024585531997072,59.11280499431343,23-429
23,429,00000,000000,0000,DISTRICT,Satna,Rural,385786,1754517,4.54790220484932,932.4917612434795,15.469841557534068,912.5064297239975,18.281783533587877,17.040587238539153,69.39833968940648,58.8422155008081,79.28092586669452,20.438710365886415,30.601660310593516,42.829565059785686,33.66166123128277,76.85653907368668,47.83499145654014,36.641462129317645,6.7841991238296,57.17043494021432,23-429
23,429,00000,000000,0000,DISTRICT,Satna,Urban,92955,474418,5.10373836802754,900.7816788265602,12.48687865974731,900.3015333290563,16.40156992356951,4.425422306910783,82.5036490372804,75.60746286103446,88.71607979232385,13.10861693128939,17.496350962719603,33.703822367616745,15.958047743376019,13.765736692996116,7.584257365679156,14.69445955834068,2.454705216483111,66.29617763238326,23-429
23,430,00000,000000,0000,DISTRICT,Rewa,Total,526065,2365106,4.49584366950852,930.5411803118113,14.882335083501545,885.3168502975409,16.21525631409332,13.191163525017483,71.61792895913463,61.164744747209454,81.43004209348393,20.26529734627448,28.38207104086537,41.940868612231334,32.873686629719494,72.7687797521236,46.72693876481179,36.46317440667133,6.828698336401377,58.05913138776867,23-430
23,430,00000,000000,0000,DISTRICT,Rewa,Rural,450297,1969321,4.3733824564676205,934.8059958402065,15.424656518668108,887.3824894527876,17.004744274803347,14.536888602721445,69.46114219841975,58.44182503487233,79.86021640899246,21.418391374120127,30.53885780158025,43.44436483437693,35.65700664857559,80.9449728189406,52.04199827247449,38.97755736308074,7.256425331274641,56.55563516562307,23-430
23,430,00000,000000,0000,DISTRICT,Rewa,Urban,75768,395785,5.223643226692007,909.5970780802949,12.18388771681595,872.4081696047216,12.286973988402794,6.495193097262403,81.95348756916012,74.42489280724574,88.8412017167382,14.416308909492457,18.046512430839883,34.459870889498085,18.8262502386964,21.47931987652782,13.385439961286632,20.690388380124205,4.145556394671046,65.54012911050191,23-430
23,431,00000,000000,0000,DISTRICT,Umaria,Total,145024,644758,4.445871028243601,949.829741679116,16.039196101483036,942.5211788793508,9.01842241585215,46.6356369366491,65.88638647514334,55.23347239747335,76.0197810674135,20.786308669940155,34.11361352485666,44.93019086230803,36.293794016887205,72.85659547586911,50.291517513488515,52.15591785730312,13.520268147785053,55.06980913769197,23-431
23,431,00000,000000,0000,DISTRICT,Umaria,Rural,121241,534214,4.406215719104924,956.3692028242463,16.833890538248717,944.78925628771,8.445491881530623,51.435192638156245,62.94203045342517,51.86791255483717,73.55911878425027,21.691206229413105,37.05796954657483,47.51709988880861,40.81830365690217,80.5419097631213,55.53590211272322,55.89990663520364,14.470755545750718,52.4829001111914,23-431
23,431,00000,000000,0000,DISTRICT,Umaria,Urban,23783,110544,4.6480259008535505,918.8335358444715,12.19876248371689,927.5300171526587,11.787161673179911,23.441344622955565,79.3640981258822,70.99149531704167,87.04706207768601,16.05556676064434,20.635901874117806,32.42871616731799,13.972116220198739,18.436174960946218,13.15554563713457,25.644387413523766,6.789779067172506,67.571283832682,23-431
23,432,00000,000000,0000,DISTRICT,Neemuch ,Total,179746,826067,4.595746219665528,954.4803893501288,12.999429828331117,927.0691264087287,13.45677771899858,8.64832997807684,70.80089552695695,57.1265714107018,83.90969370096121,26.783122290259413,29.19910447304305,50.68378230821471,42.87754019444045,74.5033223305516,32.5617055426314,14.374155086676762,2.0980123339431835,49.31621769178529,23-432
23,432,00000,000000,0000,DISTRICT,Neemuch ,Rural,131201,580837,4.427077537518769,968.8522200716578,13.460574997804892,931.9956508846496,13.634289826577852,10.82937209578591,65.78017041577391,50.13018524191079,81.03439470427625,30.904209462365465,34.21982958422609,55.62679374764349,51.93195812807881,88.93875289770072,38.45361048093321,15.964357894280736,2.310113555823102,44.37320625235651,23-432
23,432,00000,000000,0000,DISTRICT,Neemuch ,Urban,48545,245230,5.051601606756617,921.2629269821373,11.907189169351222,914.001048767698,13.036333238184561,3.4824450515842273,82.48298847382308,73.8745344731104,90.42212414578587,16.54758967267547,17.517011526176915,38.976063287525996,20.86912152393911,25.70594574235465,12.644772496625897,8.998650359381049,1.3810276100898715,61.023936712474004,23-432
23,433,00000,000000,0000,DISTRICT,Mandsaur,Total,286808,1340411,4.673548157652506,962.9626375300029,13.254069087764872,927.1380223022519,18.578182363469114,2.4687950188412358,71.77721474570674,57.97926546394005,85.14127345034309,27.16200798640304,28.222785254293257,50.71004341205795,42.8871890017641,80.59385955749622,39.185079804567444,21.281757421773282,2.72302099531721,49.28995658794206,23-433
23,433,00000,000000,0000,DISTRICT,Mandsaur,Rural,230413,1062807,4.612617343639465,964.5703131498539,13.625615939676724,927.7175794041692,20.52818620878485,2.695033058683279,68.5989980315754,53.232049331162855,83.51282023762249,30.280770906459637,31.401001968424595,54.397082443002354,49.57437430531601,90.72744129408997,43.74247581883847,23.08297701578867,2.9960078597423445,45.602917556997646,23-433
23,433,00000,000000,0000,DISTRICT,Mandsaur,Urban,56395,277604,4.9224931288234774,956.8318953363785,11.831601850117433,924.5868979257002,11.11259203757871,1.6026426132188298,83.69743298509962,75.87132484724202,91.2202118623696,15.348887015127573,16.302567014900376,36.59421333986542,17.179902755267424,22.923208678275763,13.248742457204171,11.03093899810015,1.1694409717778849,63.40578666013458,23-433
23,434,00000,000000,0000,DISTRICT,Ratlam,Total,296683,1455069,4.904456945628836,970.9945668149019,15.006436120898734,938.5637046441223,13.649661974792949,28.16808000170439,66.7801393207004,55.765646502844824,77.5394658601927,21.773819357347882,33.2198606792996,47.48778236633452,38.99596555938105,75.92665489594489,44.27711366465021,31.815826796723496,4.3111233320790765,52.51221763366548,23-434
23,434,00000,000000,0000,DISTRICT,Ratlam,Rural,211854,1020038,4.814815863755228,975.0265263288336,16.308314003988087,939.0714427257574,14.884543517006229,38.01260345202826,59.40163080848133,46.346641198275215,72.22409265369335,25.877451455418132,40.59836919151867,52.99096700319008,49.064281033421366,92.85180416185655,54.16833170529556,37.27114969067282,4.980130539028505,47.00903299680992,23-434
23,434,00000,000000,0000,DISTRICT,Ratlam,Urban,84829,435031,5.1283287554963515,961.6048842735589,11.953860759348183,936.9412991656734,10.75417613917169,5.085154851033605,83.22524724041062,76.94720445713253,89.28357060407849,12.336366146945963,16.774752759589376,34.584202045371484,15.221468831181012,15.119772419110413,8.740993805333263,12.216520883737006,1.907585143434451,65.41579795462852,23-434
23,435,00000,000000,0000,DISTRICT,Ujjain,Total,391438,1986864,5.075807663027095,955.0187003893577,13.654985947704523,929.6713301137293,26.366625999565148,2.4526087341660023,72.3373969285795,60.74457115777994,83.45594112998634,22.711369972206406,27.662603071420506,45.16876847131962,33.79615176570589,65.85562075320745,33.651534026711474,23.993416844765456,4.027558326889091,54.83123152868037,23-435
23,435,00000,000000,0000,DISTRICT,Ujjain,Rural,238950,1207651,5.0539903745553465,959.349593495935,14.835494691761115,933.8859924657017,31.110395304603735,2.786897870328431,65.27851510466802,50.39660842347161,79.6225010024632,29.225892578991584,34.72148489533198,51.575993395442886,45.220683986754565,90.25540331825232,45.85073965494543,29.72154166760321,5.104855360290789,48.424006604557114,23-435
23,435,00000,000000,0000,DISTRICT,Ujjain,Urban,152488,779213,5.109995540632705,948.3442350776124,11.825393056840685,921.5289652583725,19.01456982878879,1.9345159795845297,82.90402114492306,76.33294139414957,89.15967293782069,12.826731543671116,17.095978855076936,35.23863179900746,15.985150694611065,10.507895580223174,5.979226757567812,10.99991259505288,1.58385047927046,64.76136820099254,23-435
23,436,00000,000000,0000,DISTRICT,Shajapur,Total,300025,1512681,5.04184984584618,938.0425869932866,14.395566547077673,920.2056364854855,23.39647288489774,2.5012543953417805,69.08616889665942,55.92539733611975,81.47143825061909,25.546040914499336,30.913831103340584,47.456866318807464,39.06435879540156,82.3380523798844,42.23001068437087,29.119159291850487,4.325986145143069,52.543133681192536,23-436
23,436,00000,000000,0000,DISTRICT,Shajapur,Rural,244243,1219133,4.991475702476632,937.3674065151373,14.656399260786149,920.1448590096286,25.634856902405232,2.8074049344903305,66.35327722951179,52.159013158547104,79.70094196938926,27.54192881084216,33.64672277048821,50.43535036784338,44.52497202726071,91.43857115441537,46.67232636279953,31.23794468460205,4.62712685851085,49.56464963215662,23-436
23,436,00000,000000,0000,DISTRICT,Shajapur,Urban,55782,293548,5.2624143989100425,940.8517193729461,13.312303268971343,920.4835856103794,14.100249362966194,1.2297818414705601,80.26014854403269,71.29423570255156,88.72413081841725,17.42989511586569,19.73985145596731,35.086936378377644,16.429259105698485,28.00955367632067,15.710166315523752,16.47038263250386,2.5282289775430353,64.91306362162236,23-436
23,437,00000,000000,0000,DISTRICT,Dewas,Total,308871,1563715,5.062679889015155,941.6372077545542,14.666291491736025,918.0954451934497,18.67392715424486,17.439303197833365,69.34844451638818,57.764850450906046,80.30353182374273,22.538681372836685,30.651555483611816,47.49433240712022,38.395555649325644,76.86097302188303,41.82254442044714,28.834915898722997,6.059304461164761,52.50566759287978,23-437
23,437,00000,000000,0000,DISTRICT,Dewas,Rural,221276,1111956,5.025199298613496,944.9310851465752,15.391796078262091,922.7960589140667,19.282057923155232,22.21859498037692,64.23152063230889,51.15401323300524,76.64224201330408,25.488228780298847,35.768479367691114,52.79066797607099,47.64177137399211,91.22415499591999,48.79209688437486,33.10238854940895,7.172292077293534,47.20933202392901,23-437
23,437,00000,000000,0000,DISTRICT,Dewas,Urban,87595,451759,5.157360579941778,933.5770141115139,12.880540288073952,904.4018982163312,17.1770789292521,5.675592517249242,81.58015092613766,73.66315634744811,89.00602706269328,15.34287071524517,18.419849073862338,34.457974273893825,15.494681826517514,22.698452465840543,15.540866079515888,12.742585133650678,1.8623086460200298,65.54202572610617,23-437
23,438,00000,000000,0000,DISTRICT,Dhar,Total,425914,2185793,5.132005522241579,964.3604664225213,16.4676618508706,928.1191746480683,6.653695020525731,55.94372385674215,59.00493141801819,48.772786932250725,68.94716324655172,20.174376314301,40.99506858198181,47.02979650863554,40.15542351463281,80.05640220472502,42.55331360520792,23.828910069709934,3.257086268718859,52.970203491364465,23-438
23,438,00000,000000,0000,DISTRICT,Dhar,Rural,339173,1772572,5.226158921848143,980.2773504574283,16.926928779197688,933.9082682342022,6.17639227066658,64.44099308800998,54.08874522081044,43.496754554203385,64.57481097078916,21.078056416585774,45.91125477918956,49.54805785040043,45.4368808115251,90.59941362329566,47.66798553983661,26.102758247701463,3.4533602800945036,50.45194214959956,23-438
23,438,00000,000000,0000,DISTRICT,Dhar,Urban,86741,413221,4.763848699000473,898.8888480414682,14.497569097407926,899.638508371385,8.701155071983273,19.49344297603462,79.49444403561704,71.88378239395354,86.33461596336981,14.450833569416275,20.505555964382964,36.2273456576505,16.463966381914943,18.20119038871335,12.545841989592448,10.48838001589857,2.105558487364645,63.77265434234949,23-438
23,439,00000,000000,0000,DISTRICT,Indore,Total,649540,3276697,5.044642362287157,927.8918256770456,12.859901296946285,901.43133043337,16.639896822928698,6.643244706483388,80.87123076001718,74.02145644165186,87.25425655355325,13.232800111901383,19.128769239982816,38.703456560066435,20.87034817731616,26.528648985368967,14.629295967891373,10.325226010195593,1.3723441584298943,61.29654343993357,23-439
23,439,00000,000000,0000,DISTRICT,Indore,Rural,159400,848988,5.326148055207026,943.8541058488167,14.712104293582476,911.8934639522424,19.371887470729856,15.866184209906384,68.93357676733639,56.495935166832545,80.74281483475802,24.246879667925477,31.06642323266361,45.55800553129137,34.548908020464154,77.50308959568956,42.46991845535728,17.247441711351613,2.307501383208112,54.44199446870863,23-439
23,439,00000,000000,0000,DISTRICT,Indore,Urban,490140,2427709,4.953092993838495,922.3713883909058,12.212172051922202,897.0578825456547,15.684499254235165,3.4179137614928314,84.92703519511944,80.05334540908395,89.43981058928782,9.38646518020387,15.072964804880556,36.306369503099425,16.02953889685853,4.160024869158953,2.412263036737602,7.287616588364365,0.961978096533634,63.693630496900575,23-439
23,440,00000,000000,0000,DISTRICT,Khargone (West Nimar),Total,367988,1873046,5.089964890159462,965.1712636695655,16.016157638413578,938.4458315563654,11.163153494361591,38.98297212134673,62.69541580210749,53.02823182860824,72.0759854852993,19.047753656691057,37.30458419789251,47.736094041470416,40.85822213767427,81.95743519598622,47.612454270628405,15.365292539359974,2.1651480395786247,52.26390595852958,23-440
23,440,00000,000000,0000,DISTRICT,Khargone (West Nimar),Rural,309315,1574190,5.0892779205664125,969.2242643195614,16.61343294011523,943.976154372194,11.28885331503821,44.52785241933947,58.87185058160396,48.62897287584575,68.85182533570774,20.222852459861997,41.12814941839604,50.34525692578406,45.7849441270841,90.50509128991962,52.22363822189696,16.15585529885304,2.236129862591952,49.65474307421594,23-440
23,440,00000,000000,0000,DISTRICT,Khargone (West Nimar),Urban,58673,298856,5.093586487822337,944.0949747926493,12.870077897047407,901.661228122219,10.50104398104773,9.775945605910538,81.97032946354165,75.48662663325295,88.13324444377861,12.646617810525655,18.029670536458354,33.992625210803865,14.556504123860512,15.27429150793885,11.639055409542372,9.197846223508451,1.6113949344909388,66.00737478919613,23-440
23,441,00000,000000,0000,DISTRICT,Barwani ,Total,243277,1385881,5.696720199607855,981.6984585466296,19.14298558101309,947.6918333186504,6.349102123486793,69.42479188328579,49.07503422328754,42.38627761214378,55.696395846059865,13.310118233916086,50.92496577671246,47.18276677434787,41.94490933534924,84.86045967484176,40.862092959594555,19.59115885223514,2.5207333876742055,52.817233225652124,23-441
23,441,00000,000000,0000,DISTRICT,Barwani ,Rural,204644,1181812,5.774965305603878,986.5491581037036,20.080689652838185,954.3279722640842,5.444520786724115,78.32464046735014,43.74311802273382,37.13005817162753,50.321874815196544,13.191816643569013,56.25688197726618,49.2283036557422,46.04816793177772,92.22446054047364,43.48953051465659,20.79836915979415,2.571735999147453,50.7716963442578,23-441
23,441,00000,000000,0000,DISTRICT,Barwani ,Urban,38633,204069,5.282245748453395,954.0662434288012,13.712518804914023,893.1736688992626,11.587747281556728,17.8836569983682,77.67454539259225,71.0299187819608,84.08066746977201,13.050748687811208,22.32545460740775,35.33657733413698,17.774699907663898,25.448267254649082,19.664128912371208,9.85147896992137,2.1092482422931313,64.66342266586301,23-441
23,442,00000,000000,0000,DISTRICT,Rajgarh,Total,345297,1545814,4.476766377929724,956.201626905185,15.007432977059334,920.1837520175476,19.130244647803682,3.477197127209354,61.21391933641187,48.94992473969244,73.02049456451104,24.070569824818598,38.78608066358813,48.23368141315837,41.79912175986829,82.60629316137408,44.36945666795869,36.725978838604455,5.682246450188639,51.76631858684162,23-442
23,442,00000,000000,0000,DISTRICT,Rajgarh,Rural,292018,1269357,4.346845057496456,957.6546829383396,15.219752993050811,923.0455296530031,19.64214952924985,3.834067169440906,57.641121613434386,44.62524066722325,70.18843132066175,25.563190653438497,42.358878386565614,51.38065965681837,47.29768902488123,91.11106340960804,48.65088223929936,39.425701160986435,6.033694978871641,48.61934034318163,23-442
23,442,00000,000000,0000,DISTRICT,Rajgarh,Urban,53279,276457,5.188854895925224,949.5574909206305,14.032562025920846,906.0580749766619,16.779824710533646,1.8386222812227582,77.39193732301621,68.60710259786079,85.7976813885321,17.19057879067131,22.608062676983792,33.78427748257414,16.442384814187683,23.21759333611709,14.472317690767566,17.87385303911177,3.2280859538110684,66.21572251742586,23-442
23,443,00000,000000,0000,DISTRICT,Vidisha,Total,299676,1458875,4.868174294905164,895.7064223044617,16.135104104189875,926.2765957446808,20.02529346242824,4.633913117984748,70.52956965518143,60.8512868936117,79.14262058056623,18.29133368695453,29.470430344818567,37.72783823151401,21.58965453709305,72.1151085933554,41.48022717940705,27.81948466757025,5.981082917576607,62.27216176848599,23-443
23,443,00000,000000,0000,DISTRICT,Vidisha,Rural,232163,1119257,4.820996455076821,890.7581905595292,16.87315781808825,927.7898003348168,21.245433354448533,5.640706289976297,67.08845521779271,56.14303227506559,76.75780063886897,20.61476836380338,32.91154478220729,39.50576141136486,24.49463772650983,86.74879175703516,50.33030207770297,31.860750705043976,6.80686883581239,60.49423858863514,23-443
23,443,00000,000000,0000,DISTRICT,Vidisha,Urban,67513,339618,5.030408958274703,912.1989121989122,13.702748382005664,920.1600924244925,16.004157612376257,1.3158902060550381,81.45359132799464,75.55811639742039,86.82402034296146,11.26590394554107,18.546408672005356,31.868452202180098,12.134903587388589,12.330108748879711,5.323798172427493,11.309144330182665,2.6073860539032254,68.1315477978199,23-443
23,444,00000,000000,0000,DISTRICT,Bhopal,Total,501805,2371061,4.725064517093293,918.1323970779772,12.851335330470198,919.8026726142099,15.078313042135989,2.9281827839941696,80.36836002454571,74.86568939034662,85.41918621433457,10.553496823987956,19.63163997545429,36.585182751519255,19.60445172437796,20.582115309462026,12.126825883012069,18.60853045165351,2.8723037568432788,63.414817248480745,23-444
23,444,00000,000000,0000,DISTRICT,Bhopal,Rural,93058,454010,4.878785273700273,907.4046843818927,16.11484328539019,925.848907607265,21.13279443184071,4.212242021100857,66.90613290901595,56.22746277901909,76.5586022446072,20.33113946558811,33.09386709098405,42.86227175612872,33.13054147278746,78.98396189086276,46.27310520609048,33.13069440233506,6.117708724094163,57.13772824387128,23-444
23,444,00000,000000,0000,DISTRICT,Bhopal,Urban,408747,1917051,4.690067450036331,920.690708893353,12.078447573903876,917.9001250714398,13.644446600533842,2.624082510063634,83.41021452968583,79.03584461353228,87.4393360186192,8.403491405086925,16.58978547031417,35.09859675094716,16.425339464995766,3.691566422633007,2.2512922488846088,14.408537908444277,1.9336918042142621,64.90140324905285,23-444
23,445,00000,000000,0000,DISTRICT,Sehore,Total,257311,1311332,5.096292035707762,917.872650981436,15.055607580688948,912.3304920573421,20.68743842139138,11.096503402647079,70.05654890955496,58.334083239595046,80.82783379241796,22.493750552822917,29.943451090445038,44.694021041200855,35.29826048576377,73.08351831724642,38.73588733413298,36.50260114965867,7.8957560908192805,55.30597895879914,23-445
23,445,00000,000000,0000,DISTRICT,Sehore,Rural,210468,1062870,5.050031358686356,916.3379225293706,15.544704432338857,912.9548796443169,21.77105384477876,12.976939795083123,67.26964852670862,54.30769266598817,79.15526825507669,24.84757558908852,32.73035147329138,47.41991024302125,40.368806494646165,82.10935453917763,43.61820750299596,39.594096965945255,8.611302905486378,52.580089756978744,23-445
23,445,00000,000000,0000,DISTRICT,Sehore,Urban,46843,248462,5.304143628717204,924.4657532124518,12.96335053247579,909.1340169521665,16.051951606281843,3.0523782308763514,81.62476358709475,74.95505542363267,87.80605153426708,12.850996110634412,18.375236412905252,33.03322037172686,13.707008504042562,17.65702101736217,8.754188242461163,17.5181236673774,3.5016752969844656,66.96677962827313,23-445
23,446,00000,000000,0000,DISTRICT,Raisen,Total,278895,1331597,4.774545976084189,901.3090448028008,15.597737153207763,932.1016939692463,16.963916259949517,15.39549878829706,72.97993234261472,64.23765486150734,80.81061432819608,16.572959466688744,27.020067657385283,38.88849253940945,23.362308095665828,70.84763960929867,44.05837346815027,28.50254326642695,5.751605714528482,61.11150746059055,23-446
23,446,00000,000000,0000,DISTRICT,Raisen,Rural,215979,1028172,4.7605183837317515,904.1632713534335,16.004131604439724,935.4952538903983,17.858393342748098,18.48737370790101,70.39526552125814,60.956643233442385,78.87405674996648,17.9174135165241,29.60473447874186,40.73228992814432,26.61999295388069,83.78048605771757,52.40163515585079,32.00827129069384,6.513880200000956,59.26771007185568,23-446
23,446,00000,000000,0000,DISTRICT,Raisen,Urban,62916,303425,4.822700108080616,891.7006446464419,14.220647606492543,919.268748331999,13.932932355606823,4.9185136359891235,81.55611735234905,75.19614253023865,87.19872966153311,12.002587131294462,18.443882647650952,32.64068550712697,12.242443734399798,16.16013731825525,8.77827140549273,13.678311793214862,2.52827140549273,67.35931449287304,23-446
23,447,00000,000000,0000,DISTRICT,Betul,Total,329832,1575362,4.776255790826845,971.0848860661932,13.421232707149214,957.0968398837402,10.111707658303299,42.3406175850376,68.90160704846073,60.94388957184712,76.64662428638806,15.702734714540938,31.098392951539267,49.955502290902025,42.91738712528636,77.73501232559913,45.5103052174134,35.031767008056114,7.778850796716561,50.04449770909797,23-447
23,447,00000,000000,0000,DISTRICT,Betul,Rural,261879,1266211,4.83509941614257,977.3486081223316,14.094807263560337,960.1317957166392,8.512878185389324,50.41403052097952,64.3625642501294,55.702937969998125,72.85075039868345,17.14781242868532,35.637435749870605,53.939351340337424,49.822242603295024,87.71307171742906,51.2688400640716,38.156565434723404,8.522722281276629,46.06064865966257,23-447
23,447,00000,000000,0000,DISTRICT,Betul,Urban,67953,309151,4.549482730710933,945.8389456060626,10.662427098731687,940.8266603862459,16.660143425057658,9.273785302327989,86.77820904601214,81.95675160468822,91.3414238797976,9.38467227510938,13.221790953987863,33.6385779117648,14.1602283843405,12.203588668577034,7.690828317018289,14.509490932169165,2.8934361597784486,66.3614220882352,23-447
23,448,00000,000000,0000,DISTRICT,Harda ,Total,113379,570465,5.031487312465272,934.8421845216695,14.758311202264817,928.0234502026702,16.27882516894113,27.990849570087562,72.5002776212588,63.26716375375899,81.14272746455602,17.875563710797024,27.499722378741197,40.48960058899319,26.893954510987676,73.2858831322328,43.83775148390113,29.092688079868733,6.387160737556228,59.51039941100681,23-448
23,448,00000,000000,0000,DISTRICT,Harda ,Rural,89743,451101,5.0265870318576376,933.4667741050611,15.407635983959247,930.0233255581472,16.297680563776183,34.04625571656902,68.45677507946866,58.161011845011046,78.07399898631525,19.9129871413042,31.543224920531344,42.97418981558454,31.2619094628287,84.99822033767158,51.0969425917042,32.100981651423474,7.095436326776953,57.02581018441546,23-448
23,448,00000,000000,0000,DISTRICT,Harda ,Urban,23636,119364,5.050093078355052,940.0578617169976,12.30437988003083,918.6152841280209,16.207566770550585,5.106229683991823,87.24075011702666,81.7895524150691,92.38180096898145,10.592248553912356,12.759249882973336,31.099829094199254,10.44641930910474,12.12219169225796,5.929098647702171,13.382899628252787,2.6884327353052098,68.90017090580073,23-448
23,449,00000,000000,0000,DISTRICT,Hoshangabad,Total,257199,1241350,4.826418454193057,913.5226791013141,13.259918636967818,918.8631515137384,16.51484271156402,15.893986385789665,75.28632511971232,66.45432888805848,83.34736670077308,16.893037812714596,24.713674880287684,38.51307044749668,22.38295718202911,62.417535067206046,38.061880597889065,24.354399454486884,4.8090076597738465,61.48692955250332,23-449
23,449,00000,000000,0000,DISTRICT,Hoshangabad,Rural,175529,851364,4.850275453059039,912.9110101513946,14.181713109786179,922.3041283892436,16.28563105792587,20.658143872656115,69.8320344471727,59.45409087386221,79.29015599615961,19.836065122297406,30.167965552827297,41.397451618814046,27.199226191355198,81.92984397477039,50.31707254790136,29.102862023078906,5.995579427027916,58.60254838118596,23-449
23,449,00000,000000,0000,DISTRICT,Hoshangabad,Urban,81670,389986,4.775143871678707,914.8593509866789,11.247583246578083,909.4549886818736,17.015226187606736,5.493530536993636,86.79974113173967,81.1957855540981,91.93042265525123,10.73463710115314,13.200258868260335,32.21628468714262,11.880444174900576,7.681532008373196,3.6835695922444462,11.03399422153949,1.480432031455201,67.78371531285738,23-449
23,450,00000,000000,0000,DISTRICT,Katni ,Total,289551,1292042,4.462225998183395,951.6867493538647,14.968166669504551,938.583213881176,12.05200759727625,24.58890655257337,71.97698623852794,61.55724792363836,81.91753875486437,20.36029083122601,28.023013761472058,42.09414245047762,31.024603629356744,61.91029539930204,41.167991115589274,41.871830607824606,9.18631889003703,57.90585754952239,23-450
23,450,00000,000000,0000,DISTRICT,Katni ,Rural,233122,1028499,4.411848731565446,958.3444404670327,15.75266480570229,946.8397019947128,11.854556980609606,28.78340183121228,68.43204079018285,56.79705075203467,79.60757339897911,22.81052264694444,31.567959209817147,44.27004790476218,35.31414970068209,72.97223692504343,48.58900502287417,47.57893950807899,10.568021839729244,55.72995209523782,23-450
23,450,00000,000000,0000,DISTRICT,Katni ,Urban,56429,263543,4.670346807492601,926.1319203361959,11.906595887578119,897.043709570159,12.822575443096573,8.219531537547953,85.20743956858084,79.61923489452985,90.40520767516877,10.785972780638915,14.792560431419162,33.60248612180934,13.986963178080462,5.03517508497352,3.0127488510225056,12.528653861354833,2.0822746931354947,66.39751387819065,23-450
23,451,00000,000000,0000,DISTRICT,Jabalpur,Total,539060,2463289,4.569600786554372,928.5457042241392,12.039391236675842,923.1243110044744,14.128630461143619,15.232926384196087,81.06560872543065,74.369428240723,87.28830311254528,12.918874871822283,18.93439127456935,40.82444244260417,25.26570158286896,38.833400953040105,28.204975219366286,25.987546041065052,4.832323015361607,59.17555755739582,23-451
23,451,00000,000000,0000,DISTRICT,Jabalpur,Rural,237398,1023255,4.310293262790757,941.5461329599208,13.853438292507732,937.0072284546958,13.572178977869642,28.80875246150764,72.35674685961074,62.312259295547065,81.8214468280129,19.50918753246583,27.643253140389263,46.725889441048416,35.704439930354035,75.84690196078432,55.284287581699346,37.89762091503268,7.279477124183006,53.274110558951584,23-451
23,451,00000,000000,0000,DISTRICT,Jabalpur,Urban,301662,1440034,4.773667216951423,919.413206583965,10.750371171791777,910.5853604354104,14.52403207146498,5.586256991154376,87.03876753097707,82.73991282538292,90.9957861390873,8.255873313704384,12.961232469022931,36.63101010115039,17.756205901241977,5.284370207336886,3.660291299130425,15.192256288637514,2.614222965351593,63.36898989884961,23-451
23,452,00000,000000,0000,DISTRICT,Narsimhapur,Total,250286,1091854,4.362425385359149,919.5407956962782,13.028298655314721,910.8066357713749,16.866266002597417,13.360669100447495,75.69313103146153,67.06235625682334,83.64083217865343,16.57847592183009,24.306868968538467,43.762078080036346,29.510710380006273,77.79761331720447,53.967200900761384,25.03359019543006,3.792866740055837,56.23792191996366,23-452
23,452,00000,000000,0000,DISTRICT,Narsimhapur,Rural,206225,888314,4.307499090798885,919.852863308544,13.436802752179972,915.9069020866774,17.312459333073665,15.20363294961016,73.09770558148547,63.5871541212414,81.85185277685508,18.264698655613685,26.90229441851453,45.85191722746686,32.876425877847346,88.47017866042735,61.409642310874546,27.101782676051844,4.141573105431012,54.14808277253314,23-452
23,452,00000,000000,0000,DISTRICT,Narsimhapur,Urban,44061,203540,4.6195047774676015,918.1800190366691,11.245455438734401,884.6438863729929,14.918934853100128,5.3173823327110155,86.74073212990795,81.83768818134625,91.2638613966754,9.426173215329143,13.259267870092046,34.64134813795814,14.807706124459862,16.145456608376236,10.974485526670353,13.08627267441036,1.7784963621665322,65.35865186204187,23-452
23,453,00000,000000,0000,DISTRICT,Dindori ,Total,169630,704524,4.1532983552437654,1001.9834447718612,15.87170912559402,969.8064016065672,5.646649368935622,64.69460231305109,63.895975056689345,52.41163067368378,75.47417210465329,23.06254143096951,36.104024943310655,55.34587891966775,52.90305747693635,87.46451240623196,48.97403346797461,35.84997114829775,7.809450535359364,44.65412108033225,23-453
23,453,00000,000000,0000,DISTRICT,Dindori ,Rural,162220,672206,4.143792380717544,1004.2338391081506,16.02217177472382,968.7420027053705,5.625210129037825,66.70871726821838,62.85907628643906,51.198483529880164,74.64969877479184,23.45121524491168,37.14092371356094,56.22874535484657,54.43317211627817,89.67571757771057,50.22475150341427,36.29783079743791,7.909824246705452,43.77125464515342,23-453
23,453,00000,000000,0000,DISTRICT,Dindori ,Urban,7410,32318,4.36140350877193,956.2953995157385,12.742125131505663,998.0591945657447,6.092579986385297,22.8015347484374,84.65248226950355,77.46888872716687,91.47935541877031,14.01046669160344,15.347517730496449,36.982486540008665,20.281048233953666,17.53681392235609,9.421017402945115,21.686746987951807,4.63520749665328,63.017513459991335,23-453
23,454,00000,000000,0000,DISTRICT,Mandla,Total,250146,1054905,4.217157180206759,1008.3023652507652,14.244221043601083,969.6806837248322,4.590460752390026,57.875164114304134,66.87308349601278,56.38636872391135,77.51567984605242,21.12931112214107,33.12691650398722,53.05207577933558,48.979954043649094,83.59525345350389,56.98375231618389,41.89947627888194,7.58957846793258,46.94792422066442,23-454
23,454,00000,000000,0000,DISTRICT,Mandla,Rural,220815,924716,4.18774086905328,1013.9692606571696,14.731333728409588,975.9072843839749,3.915256143507845,63.850414613784125,63.8845240224073,52.719165218788596,75.28093918899872,22.56177397021012,36.1154759775927,55.42350299983995,52.9934595598896,89.22928333105695,60.77188737780727,44.24050262433904,8.019355719888392,44.576497000160046,23-454
23,454,00000,000000,0000,DISTRICT,Mandla,Urban,29331,130189,4.438614435239167,968.9508628121172,10.784321256020094,911.2442145385244,9.386353685795266,15.433715598092004,87.16131865104305,81.84369226478893,92.3521905572097,10.508498292420768,12.838681348956953,36.20812818287259,19.81488418555285,22.340312692250578,15.797959226967054,16.44710324784149,2.916905322556694,63.79187181712741,23-454
23,455,00000,000000,0000,DISTRICT,Chhindwara,Total,443361,2090922,4.716071102329704,964.2882641845504,13.022436991910746,955.8181295790836,11.107253163915248,36.815242271112936,71.163230844266,63.00799767177645,79.03762018399392,16.029622512217472,28.836769155734004,45.81634322083751,36.603783511,73.67335988910044,44.120569863379764,29.6600987072853,5.443201556602198,54.18365677916249,23-455
23,455,00000,000000,0000,DISTRICT,Chhindwara,Rural,333149,1585739,4.759849196605723,966.9324819306399,13.728362612006137,957.2050203186247,9.97087162515395,44.99933469505385,66.36034101267285,57.260590248888676,75.17335255715706,17.912762308268384,33.63965898732715,49.41595054419422,42.8505272340098,85.6558381231432,50.75241702483895,33.005660993762184,6.157670672070729,50.58404945580578,23-455
23,455,00000,000000,0000,DISTRICT,Chhindwara,Urban,110212,505183,4.583738612855225,956.0342123909568,10.806579002064598,950.3072306373249,14.674286347719539,11.12586923946372,85.74535608868372,80.56673913931543,90.69989621195343,10.133157072638,14.254643911316279,34.51739270719719,16.88199130061479,19.82669633435794,14.318484195072717,14.625865944854796,2.2325319998164885,65.48260729280281,23-455
23,456,00000,000000,0000,DISTRICT,Seoni,Total,314767,1379131,4.381434521407899,981.8546040331724,13.108544438490616,953.0070111378785,9.484015659136078,37.69446122232043,72.11550577587293,63.66902787231004,80.44610417163922,16.77707629932918,27.884494224127067,49.62791787002105,42.41099916282718,80.36845042765263,54.9949301174401,41.91185709652063,7.571365537071507,50.37208212997895,23-456
23,456,00000,000000,0000,DISTRICT,Seoni,Rural,278250,1215241,4.367442946990117,984.6696302877282,13.411167003088275,958.4464899420798,9.252156568121055,41.61561369308639,69.78939675727456,60.83392109976356,78.64451819707577,17.81059709731221,30.21060324272544,51.690981459644625,45.93955818863644,86.60935733957368,59.303054905519204,44.45197955967334,8.073610646799434,48.30901854035537,23-456
23,456,00000,000000,0000,DISTRICT,Seoni,Urban,36517,163890,4.488046663197963,961.2277867528271,10.864604307767404,904.5887260669591,11.203246079687595,8.61919580206236,88.87078667068262,84.30734123671175,93.28985663468794,8.982515397976186,11.12921332931738,34.33034352309476,15.92530345471522,10.690672543722451,6.896061424712071,13.552182567894214,1.9639556377079481,65.66965647690523,23-456
23,457,00000,000000,0000,DISTRICT,Balaghat,Total,391836,1701698,4.342883247072755,1020.5918463792689,12.512854807374751,966.5213616801198,7.370638033305557,22.508459197813007,77.08546736997798,69.03931421031785,85.36149339147022,16.322179181152364,22.914532630022023,52.47781921351498,47.04998138495905,80.35495524146317,51.48810656943789,40.59376448745484,7.067526376966095,47.52218078648503,23-457
23,457,00000,000000,0000,DISTRICT,Balaghat,Rural,337369,1456882,4.318363572230999,1024.0263186411669,12.813872365778423,971.5175836941598,6.8370671063270745,23.780992558079515,75.5958711981351,67.141893829591,84.3202091172029,17.178315287611895,24.4041288018649,55.068838794082154,51.337018103672825,86.75263745687334,55.46786191492332,42.90541551163672,7.464401810821052,44.93116120591784,23-457
23,457,00000,000000,0000,DISTRICT,Balaghat,Urban,54467,244816,4.494758294012889,1000.392208131782,10.72152146918502,931.7044450986164,10.54587935429057,14.935706816547938,85.74219464880495,80.18984804868272,91.3443508952535,11.154502846570779,14.257805351195046,37.058852362590684,21.240361996863566,23.780393712937855,16.295218570200383,20.151885898198973,3.5579657430064153,62.94114763740932,23-457
23,458,00000,000000,0000,DISTRICT,Guna,Total,244401,1241519,5.079844190490219,911.9058398859188,16.68738053948429,909.9407225761249,15.55473577126085,15.369801026001213,63.22666970885839,51.361122538519375,74.05160763114058,22.69048509262121,36.77333029114161,41.47314700781865,30.303281055530878,75.65862687100527,34.106821364272854,31.3122818738505,5.138309215241107,58.526852992181354,23-458
23,458,00000,000000,0000,DISTRICT,Guna,Rural,185041,928844,5.019665911878989,910.7023473289902,17.501862530198828,913.745202834742,15.375886585906784,19.559581587435567,58.356029592354744,45.3787750138319,70.16608463511483,24.78730962128293,41.643970407645256,44.767043766229854,36.28006152914842,90.25025492044558,40.61171287300152,35.210044827519866,5.836956730861727,55.232956233770146,23-458
23,458,00000,000000,0000,DISTRICT,Guna,Urban,59360,312675,5.267435983827493,915.4899378197077,14.267850003997761,896.2043609469971,16.08603182217958,2.9234828496042216,77.14977449330941,68.37754664796853,85.20915051392906,16.83160386596053,22.85022550669059,31.688174622211562,12.59702890792291,14.421533896508917,6.807561490093963,14.954431222938808,2.2062756734389035,68.31182537778844,23-458
23,459,00000,000000,0000,DISTRICT,Ashoknagar,Total,172680,845071,4.893855686819551,904.0120584809288,16.423117110869974,921.2198396987776,20.79872578753738,9.711846696904756,66.41931574267575,53.42470255702359,78.12313306314888,24.69843050612529,33.58068425732425,37.30692450693492,20.796094049856194,75.90319408760745,38.81974180860849,23.466235290386017,4.3109081105084535,62.69307549306507,23-459
23,459,00000,000000,0000,DISTRICT,Ashoknagar,Rural,142794,691387,4.841849097301007,902.4933202352158,16.906595003955815,922.1851309795925,21.693783655174308,11.228299056823458,63.76256098813396,49.867413027727416,76.24785194976867,26.380438922041257,36.23743901186604,38.38964284836134,22.507439568748932,88.26016027367842,45.24962229816028,25.949340858485197,4.750566081809653,61.61035715163866,23-459
23,459,00000,000000,0000,DISTRICT,Ashoknagar,Urban,29886,153684,5.14234089540253,910.8745927933752,14.248067463106114,916.0833041652082,16.77207776996955,2.889695739309232,78.00086503221107,68.82893500453902,86.34743036030031,17.51849535576129,21.999134967788933,32.43603758361313,13.13440170356821,10.108527753816526,4.58384320648358,10.244939717948204,1.9699492467251098,67.56396241638687,23-459
23,460,00000,000000,0000,DISTRICT,Shahdol,Total,251452,1066063,4.239628239186803,974.1139696419214,14.990296070682502,950.2092918248051,8.417232377448611,44.6510196864538,66.66916779677288,56.99352267732313,76.13572361038949,19.142200933066363,33.33083220322712,46.25026851133563,38.14429266104227,71.9563863812906,52.52759822900801,51.159602236658245,9.434811796607695,53.74973148866437,23-460
23,460,00000,000000,0000,DISTRICT,Shahdol,Rural,205268,846463,4.123696825613345,984.2867624823305,15.865903175921453,955.2601694668491,8.241825100447391,52.85547035133254,62.16278834650446,51.84507730045418,72.37585115270595,20.53077385225177,37.83721165349554,50.08051149311902,44.53391445174812,81.79060326057468,59.79505228667203,56.16246729871459,10.387272860233114,49.91948850688099,23-460
23,460,00000,000000,0000,DISTRICT,Shahdol,Urban,46184,219600,4.754893469599861,935.8592358821559,11.61520947176685,924.0401297427774,9.093351548269581,13.026411657559198,83.20392801389025,76.41515461282903,89.56788213333866,13.152727520509629,16.79607198610975,31.486338797814206,12.872779337239312,11.66406340391068,7.971769061668402,20.487677889621658,3.5953951174360754,68.51366120218579,23-460
23,461,00000,000000,0000,DISTRICT,Anuppur,Total,170715,749237,4.3888176200099585,976.2841783737873,14.157202594105737,950.2647642862396,9.92810018725717,47.85441722712573,67.88216416912586,57.30278859439769,78.25674568713316,20.95395709273547,32.11783583087414,46.24317805981285,37.573995671709135,70.95081550836866,37.629700609863455,34.470706061979214,7.003472152070447,53.75682194018715,23-461
23,461,00000,000000,0000,DISTRICT,Anuppur,Rural,126851,543996,4.288464418885149,999.764731831048,15.13080978536607,958.9461659288876,9.187016081000596,58.387745498128666,63.00681200385544,51.9007394042465,74.19308557814375,22.29234617389725,36.99318799614456,52.35406142692226,47.197443798121824,84.09467563657815,44.64333366104409,39.20591002935352,8.00936784595722,47.64593857307774,23-461
23,461,00000,000000,0000,DISTRICT,Anuppur,Urban,43864,205241,4.679030640160496,916.6355384557917,11.576634298215268,920.7760711398545,11.892360688166596,19.935587918593264,80.28498851119402,71.72657807691864,88.12530354541039,16.398725468491747,19.715011488805985,30.046140878284554,10.910072638731826,10.246971637991146,5.237809525353917,12.60155350511619,2.357825092837336,69.95385912171544,23-461
23,462,00000,000000,0000,DISTRICT,Sidhi,Total,238448,1127033,4.726535764611152,956.9534928947478,17.260186702607644,914.0239882715259,11.552634217454147,27.79900854722089,64.42700039141882,54.06829817600922,74.43508989434488,20.366791718335662,35.572999608581185,40.97129365333579,32.20182137860832,78.9747920997921,56.74592862092862,40.340869715869715,8.218338530838531,59.02870634666421,23-462
23,462,00000,000000,0000,DISTRICT,Sidhi,Rural,220074,1033912,4.69801975699083,960.4761669997612,17.552751104542747,915.9021568151346,11.642383491051463,29.27879742183087,63.084797379732336,52.553141310743555,73.30297812344709,20.749836812703535,36.915202620267664,41.60663576784098,33.34465208653318,82.32351409655583,59.27341367254333,42.2336439038905,8.633210592873615,58.39336423215903,23-462
23,462,00000,000000,0000,DISTRICT,Sidhi,Urban,18374,93121,5.068085337977577,918.6755676433016,14.011877020221004,888.2778581765557,10.556158116858711,11.369078940303476,78.71567194934622,70.6104189965929,86.20267153565251,15.592252539059615,21.284328050653784,33.91716154250921,19.218606320227867,33.36499493414387,22.321428571428573,14.561170212765958,2.567755825734549,66.0828384574908,23-462
23,463,00000,000000,0000,DISTRICT,Singrauli,Total,243925,1178273,4.83047248129548,920.1466013294505,17.805041785732172,923.0388472326617,12.786849906600592,32.5895611628205,60.40944530661933,48.52609615940061,71.33643713221667,22.810340972816064,39.59055469338067,42.387375421485515,34.57183034733882,75.32531500343386,45.74572670536342,30.243132794995987,4.04433774695208,57.612624578514485,23-463
23,463,00000,000000,0000,DISTRICT,Singrauli,Rural,197902,951487,4.807869551596244,928.7263542823782,18.811397318092627,927.192462987887,12.660183481224651,37.97235274890776,56.57793731771821,44.22765757290687,68.05236122452547,23.8247036516186,43.42206268228179,45.26598892050023,40.03837062355537,84.59530996052938,51.72440213605758,32.55769677269561,4.294404457859299,54.734011079499766,23-463
23,463,00000,000000,0000,DISTRICT,Singrauli,Urban,46023,226786,4.927666601481868,884.966711826652,13.582849029481537,899.2539614032924,13.318282433659926,10.00590865397335,75.51203681970793,65.93026292878287,83.97025765173785,18.039994722954987,24.48796318029207,30.310072050302928,11.048810496557811,17.242031452305095,8.284961957549571,15.740700330234656,2.4774873070600387,69.68992794969708,23-463
23,464,00000,000000,0000,DISTRICT,Jhabua,Total,194157,1025048,5.279480008446773,990.2955790323928,20.669178418961845,943.0392516507704,1.7001155067860236,87.00255988012269,43.29686329824061,33.76727669230542,52.85492249675479,19.087645804449366,56.70313670175939,50.2533539892766,48.945051713151315,86.35330339861896,22.45084164691403,28.047779065501118,5.577524503951499,49.7466460107234,23-464
23,464,00000,000000,0000,DISTRICT,Jhabua,Rural,175934,933065,5.303494492252777,995.9975870006075,21.301195522284086,944.4890132467176,1.2214583121218778,92.32990198967917,38.97953319506313,29.331512476392536,48.72800845439064,19.396495977998104,61.02046680493687,51.696934297181876,51.6745168031581,91.16770253293143,23.653201096263004,29.159600801051482,5.817159584216134,48.30306570281813,23-464
23,464,00000,000000,0000,DISTRICT,Jhabua,Urban,18223,91983,5.047632113263458,934.2445589317632,14.258069425872172,921.3302080281277,6.555559179413588,32.96261265668656,83.49393924024953,76.69052675738746,89.86471555893834,13.174188801550883,16.50606075975047,35.60984094887098,20.340776087152246,15.454129140589224,4.744313845214472,11.674553503281942,2.0485422072965958,64.39015905112902,23-464
23,465,00000,000000,0000,DISTRICT,Alirajpur,Total,123800,728999,5.888521809369951,1010.7987488346178,20.29646131201826,977.6123392766447,3.686836333108825,88.97652808851589,36.099876428047736,30.29142829868332,42.02117306863522,11.7297447699519,63.900123571952264,50.31515818265868,48.60024504921451,89.99146666957472,20.09094948977227,27.745046987843413,5.074196353841498,49.684841817341315,23-465
23,465,00000,000000,0000,DISTRICT,Alirajpur,Rural,113129,671925,5.939458494285285,1014.2059335777429,20.76660341555977,978.2238856753997,3.4978606243256314,93.43825575771105,32.08405883667769,26.44988341526443,37.85263269937694,11.40274928411251,67.91594116332232,51.63284592774491,51.09892058687916,94.13144863288119,20.99534781831703,28.67144759521984,5.268148985109559,48.36715407225508,23-465
23,465,00000,000000,0000,DISTRICT,Alirajpur,Urban,10671,57074,5.348514665916971,971.5361497806488,14.76153765287171,967.5385333956095,5.911623506325122,36.44917125135789,80.04686632818763,73.43424234842799,86.47585843434548,13.041616085917497,19.953133671812367,34.80218663489505,18.54222222222222,17.68111564214872,4.294416754770176,11.564214871872325,1.6865528872778535,65.19781336510495,23-465
23,466,00000,000000,0000,DISTRICT,Khandwa (East Nimar),Total,266655,1310061,4.912943691286494,942.7623608060753,15.88780980427629,932.0523531049847,11.953718185641737,35.04584901008426,66.3945055952287,55.920735557290755,76.29010993665715,20.36937437936639,33.60549440477131,46.78988230319046,38.27084368885002,79.2787972122889,50.0220237007648,19.67173266163765,2.9598222442640494,53.21011769680953,23-466
23,466,00000,000000,0000,DISTRICT,Khandwa (East Nimar),Rural,216182,1050625,4.859909705710929,941.3488598126697,16.64609161213563,935.3724934708513,11.656204640095181,41.95493158834027,61.775281848317476,49.91221835742425,72.9567742264634,23.044555869039144,38.224718151682524,50.228007138607964,44.55247113508506,90.54912944279792,57.06564994277138,20.96443487686372,3.146816042205159,49.77199286139203,23-466
23,466,00000,000000,0000,DISTRICT,Khandwa (East Nimar),Urban,50473,259436,5.140094704099221,948.5076532528202,12.817033873479394,914.7759990786594,13.15854391834595,7.066482677808786,84.27917094047325,79.04604905619361,89.26930385213335,10.223254795939738,15.72082905952675,32.866680028985954,12.931348483648744,9.528779847070414,6.430313834029179,11.671435943143969,1.8025519538396584,67.13331997101405,23-466
23,467,00000,000000,0000,DISTRICT,Burhanpur,Total,146341,757847,5.178637565685625,950.6800444783065,16.21290313216256,923.615242508689,8.478492360595212,30.36166930792099,64.36112747213289,56.58357714565584,71.79650679234821,15.212929646692373,35.63887252786711,43.325235832562505,31.51921113978064,68.25080176281222,47.60171651859816,16.275556665519478,1.813674281763665,56.67476416743749,23-467
23,467,00000,000000,0000,DISTRICT,Burhanpur,Rural,97842,497560,5.0853416733100305,951.3840409760842,17.67143661066002,926.8918060090728,8.375271324061421,44.6442640083608,55.94848083899285,46.7768751841108,64.72316297821321,17.94628779410241,44.05151916100715,48.34311439826352,41.052510079066046,87.919895566568,60.784664249842024,18.888648684604384,1.9714304719459872,51.65688560173647,23-467
23,467,00000,000000,0000,DISTRICT,Burhanpur,Urban,48499,260287,5.366852924802573,949.3357098991956,13.424796474660663,915.4196130022474,8.67580785824878,3.0593152942713235,79.65377378585629,74.42963447542726,84.64127408204159,10.211639606614327,20.346226214143712,33.73314840925594,13.275376495925403,14.367390635855267,11.487079029190346,9.117000558067492,1.3815017710101023,66.26685159074405,23-467
24,468,00000,000000,0000,DISTRICT,Kachchh,Total,445672,2092371,4.694867525893482,907.8147267758816,15.21776013909579,921.1652055340023,12.371563169246754,1.1579208467332036,70.59458533145354,60.86639832685024,79.40285586005555,18.536457533205315,29.405414668546456,37.09800986536326,15.2188454793629,37.34044636369727,23.70063950282649,11.503192361007333,1.7926433985890742,62.90199013463673,24-468
24,468,00000,000000,0000,DISTRICT,Kachchh,Rural,286001,1363836,4.76864066908857,911.4087262656897,16.31743112808285,926.2288696735998,12.487131883892198,1.0475599705536442,64.91952548556769,53.69702301850536,75.11567899851336,21.418655980007998,35.08047451443231,37.898105050753905,17.205279927173418,53.50611761610315,34.09342423984461,13.290627394228313,2.13613533822949,62.101894949246095,24-468
24,468,00000,000000,0000,DISTRICT,Kachchh,Urban,159671,728535,4.5627258550394245,901.1228742239955,13.159148153486106,909.5128072341952,12.155215603917451,1.3645192063524745,80.83206620871044,73.86495983768216,87.10147234142225,13.236512503740087,19.167933791289556,35.60021138311817,11.477982868163627,5.124537322640346,2.98928130783467,7.941085749537323,1.1081122763726095,64.39978861688182,24-468
24,469,00000,000000,0000,DISTRICT,Banas Kantha,Total,560411,3120506,5.568245448429813,937.7463317641375,16.353437551474023,898.0651496328917,10.493810939636072,9.106055235913663,65.31781521387666,51.74855656492009,78.15024885931714,26.40169229439706,34.682184786123344,40.01274152332987,27.30445849918583,66.16418388595227,28.0747236905334,18.942815953868333,1.6039564312029475,59.98725847667012,24-469
24,469,00000,000000,0000,DISTRICT,Banas Kantha,Rural,478438,2705591,5.65505039315439,941.2437461479572,16.832034110107553,903.1949349102534,10.642295897643066,10.018328712654649,62.90878305561542,48.72783325073991,76.36835011468605,27.64051686394614,37.09121694438458,41.378611918800736,30.10725311582879,72.73298938131512,30.753990939103343,20.222485029512228,1.6918616283889039,58.621388081199264,24-469
24,469,00000,000000,0000,DISTRICT,Banas Kantha,Urban,81973,414915,5.061605650641065,915.2457094323248,13.232589807550942,856.5583471409732,9.525565477266428,3.157273176433727,80.37504409587484,70.88686642073249,89.1470879106193,18.260221489886817,19.62495590412516,31.106130171239894,8.760471461642046,9.184590590714684,4.834035827186512,7.842620715304036,0.841443005020765,68.89386982876012,24-469
24,470,00000,000000,0000,DISTRICT,Patan  ,Total,267633,1343734,5.020808345757063,935.1091666582661,13.751159083568623,890.0902191035372,9.18396051599498,0.9900024856109915,72.2990107467503,61.04744629392517,82.90345018311027,21.856003889185097,27.700989253249702,41.29016605965169,26.450979999599593,65.54620334156408,40.92785177441739,19.571760719499668,1.9627633689598616,58.70983394034831,24-470
24,470,00000,000000,0000,DISTRICT,Patan  ,Rural,209082,1062653,5.082470035679781,938.001984228303,14.398961843612168,895.9296202217954,9.120851303294678,0.5817515218984937,69.32584467295925,57.0212409761483,80.95693288767137,23.935691911523072,30.67415532704075,43.48634973034471,30.603368660915486,76.22422415490718,47.453090071822885,21.46614759721191,2.0341521156263997,56.513650269655294,24-470
24,470,00000,000000,0000,DISTRICT,Patan  ,Urban,58551,281081,4.800618264419054,924.2502036652907,11.302080183292361,862.461159641203,9.422550794966575,2.533433423105795,83.14688764725466,75.84145905550429,89.95860978483289,14.1171507293286,16.85311235274534,32.987288361717795,10.631962550367385,12.328382998457739,8.406941253869133,10.130391173520561,1.6069714519903795,67.01271163828221,24-470
24,471,00000,000000,0000,DISTRICT,Mahesana,Total,424479,2035064,4.794263084864033,926.1954340665582,11.691622474772293,842.0209183317979,7.974589496939653,0.461508827240814,83.6135019575635,75.32309857308908,91.3892366536511,16.066138080562013,16.3864980424365,39.90360991103965,22.82626023970307,53.28754876462939,29.919932419119675,13.951609725341847,1.2175148756748237,60.09639008896035,24-471
24,471,00000,000000,0000,DISTRICT,Mahesana,Rural,316536,1520734,4.80430030075568,931.8880807952489,12.097710710748888,856.9539632392277,7.806098896980012,0.2067422705088464,81.97499925192257,72.7724008645542,90.65007804075559,17.877677176201388,18.02500074807743,42.05456049512933,26.684970125102414,65.19768958216713,36.498691242740854,14.64635408685645,1.2510593584743985,57.94543950487068,24-471
24,471,00000,000000,0000,DISTRICT,Mahesana,Urban,107943,514330,4.764829585985196,909.5583730902746,10.490929947698948,792.8628389154705,8.472770400326638,1.2147842824645656,88.37114333625851,82.80549739285375,93.51512441013338,10.70962701727963,11.628856663741487,33.5438337254292,11.272118701144967,9.137753150249818,5.533079072139851,11.376256332378889,1.093168565897314,66.4561662745708,24-471
24,472,00000,000000,0000,DISTRICT,Sabar Kantha,Total,481414,2428589,5.044699572509316,951.8795143345569,14.22595589455441,903.222074709826,7.728149966914945,22.32390906818733,75.78775660686314,64.69138972380358,86.44238930575081,21.750999581947227,24.21224339313686,44.6711238501039,34.06427786193026,64.57666207628876,30.77461244490164,26.711021884488396,3.355215978202157,55.32887614989609,24-472
24,472,00000,000000,0000,DISTRICT,Sabar Kantha,Rural,406039,2064869,5.0853957378478425,955.1073199506505,14.619184074147077,909.6562369523134,7.710610213044992,25.193026773127013,74.19101056039642,62.372779457415874,85.57323674068861,23.20045728327274,25.80898943960358,46.63298252818944,37.507534241143304,71.05669273348497,33.698476493130194,28.3652677820357,3.492122835986748,53.36701747181056,24-472
24,472,00000,000000,0000,DISTRICT,Sabar Kantha,Urban,75375,363720,4.82547263681592,933.7551172311128,11.993566479709667,859.8593050522277,7.827724623336632,6.035686792037831,84.58217352864914,77.59130848696144,91.18352719652565,13.592218709564207,15.417826471350864,33.533487297921475,14.287991800945168,13.418273645546371,7.6913616686343955,13.651121605667061,2.27436704709432,66.46651270207852,24-472
24,473,00000,000000,0000,DISTRICT,Gandhinagar,Total,289990,1391753,4.799313769440325,922.6719383751644,12.026343754962268,847.346695510132,7.803683555918327,1.307990713869487,84.16483171836103,75.7563659247931,92.01370685026687,16.25734092547377,15.835168281638971,38.439004622228225,19.00031292624972,43.6473785739921,24.17977628902979,15.519387785620289,1.6514759540614907,61.560995377771775,24-473
24,473,00000,000000,0000,DISTRICT,Gandhinagar,Rural,161994,791126,4.883674704001383,936.964420374306,12.610254245215046,858.4415342486168,5.1134711790536524,0.32649666424817286,81.57407902939555,71.4980036125107,91.13472678327297,19.636723170762266,18.42592097060445,41.32755085789116,23.66327837152787,62.819732499778254,34.02018027055876,17.426052062528864,1.652836952100149,58.67244914210884,24-473
24,473,00000,000000,0000,DISTRICT,Gandhinagar,Urban,127996,600627,4.692545079533735,904.1651343571274,11.257236188183349,831.2163150339896,11.347142236363,2.600782182619163,87.52525735770047,81.38840429377466,93.13333692393314,11.744932630158488,12.474742642299532,34.63430714902926,12.743382690682648,13.51389029097744,8.71345956937454,12.52265374501858,1.6493368521749998,65.36569285097073,24-473
24,474,00000,000000,0000,DISTRICT,Ahmadabad,Total,1510134,7214225,4.7772085126220585,904.4688152297844,11.678565611690791,856.6253112673263,10.527575727122455,1.2355866361251555,85.31089078640936,79.35275227938209,90.73863743720123,11.385885157819146,14.68910921359064,35.96993440043803,13.642185131286386,15.862489942010487,10.364507705730203,10.117451112775882,1.1276123797280257,64.03006559956198,24-474
24,474,00000,000000,0000,DISTRICT,Ahmadabad,Rural,228482,1151178,5.038375014224315,932.8590641438724,14.038402401713723,894.3722233293088,10.293977126039588,1.454944413461689,71.04876759727195,58.439756560128686,82.89232843531123,24.452571875182542,28.951232402728053,41.107804353453595,23.702517121284387,74.84742954710666,49.734797896979025,20.806425709600525,2.2427011309654623,58.892195646546405,24-474
24,474,00000,000000,0000,DISTRICT,Ahmadabad,Urban,1281652,6063047,4.730649973627787,899.1723644528308,11.230508356606835,847.8863224969538,10.57192860289554,1.1939376356475548,87.9331551636748,83.27102916991934,92.15640865202283,8.885379482103488,12.066844836325203,34.9944178232496,11.695027379493823,2.706661739864865,1.583473470680502,7.733413519546333,0.87890625,65.0055821767504,24-474
24,475,00000,000000,0000,DISTRICT,Surendranagar,Total,343213,1756268,5.117137171377541,930.1408809814523,13.665966697565521,896.2408747590305,10.218315200185849,1.2215106122755754,72.1266909237682,61.45417185146375,82.11209620282251,20.657924351358766,27.873309076231806,41.195307322117124,25.930376404116025,63.0402211472011,37.43759502418798,18.954526606772635,2.2630269523151347,58.804692677882876,24-475
24,475,00000,000000,0000,DISTRICT,Surendranagar,Rural,240804,1259352,5.2297802362087005,939.0307556103006,14.615691244386001,906.1441753052411,10.165466049206257,1.533566469104746,67.95410350147728,56.09856482961539,79.15491072720432,23.056345897588933,32.04589649852272,44.12555028300268,31.811824351467592,79.5044412772451,47.10381215628689,22.276748437994875,2.683121706832513,55.87444971699731,24-475
24,475,00000,000000,0000,DISTRICT,Surendranagar,Urban,102409,496916,4.852268843558671,907.9718325001344,11.25904579446023,864.3740211269952,10.352252694620418,0.4306562879842871,82.3014368389543,74.74244187427269,89.20770896529578,14.465267091023094,17.698563161045698,33.769087733137994,10.7618596547612,8.517675383185145,5.427165025863507,7.952730566613429,0.8718504922409477,66.230912266862,24-475
24,476,00000,000000,0000,DISTRICT,Rajkot,Total,786586,3804558,4.836798519170186,926.8999642937636,11.527751712551103,862.0666230777723,7.626878076244337,0.6312691250862781,80.95881791265421,74.4272362478005,87.0702985949252,12.643062347124712,19.04118208734579,38.875737996371726,17.46176329002635,38.10838037929752,14.488015956188093,10.43014096886515,1.280281261620635,61.12426200362828,24-476
24,476,00000,000000,0000,DISTRICT,Rajkot,Rural,314961,1590508,5.049856966418065,948.5215567512472,12.076959059621203,879.4825882329918,9.303882784619756,0.5285732608701119,74.65087459230863,65.92728973055118,83.01158301158301,17.084293281031833,25.349125407691375,44.54752821111242,28.314071533005098,73.80753445151383,27.170261893605367,14.576476432962801,1.8569380070342625,55.45247178888758,24-476
24,476,00000,000000,0000,DISTRICT,Rajkot,Urban,471625,2214050,4.694513649615691,911.6614760559878,11.133217407014296,848.7171217928045,6.422167521058693,0.7050427948781645,85.44213503561528,80.59778913278463,89.89820929542722,9.300420162642595,14.55786496438472,34.80129175041214,9.504019911560999,5.2811225694922115,2.8260209365647526,6.61736649890074,0.750014925024464,65.19870824958785,24-476
24,477,00000,000000,0000,DISTRICT,Jamnagar,Total,430941,2160119,5.0125632047078374,938.7313856139697,12.220252680523618,904.4499595982916,8.0502509352494,1.119706830966257,73.65114624551788,65.32893457590626,81.50400170564502,16.175067129738764,26.34885375448212,39.23117198635816,19.180879736348714,48.5593080336071,17.369135278013783,14.89037571981497,1.7564665345039179,60.76882801364184,24-477
24,477,00000,000000,0000,DISTRICT,Jamnagar,Rural,230303,1189054,5.16299831092083,948.9876870222,12.798493592385206,917.7241509671728,8.357736486316012,1.386984947697918,69.02822235702925,59.417750029636075,78.193366532701,18.77561650306493,30.97177764297075,43.10712549640302,25.896339335988642,75.45959845249499,25.74531719755661,17.54853511833575,2.2847744782633295,56.89287450359698,24-477
24,477,00000,000000,0000,DISTRICT,Jamnagar,Urban,200638,971065,4.839885764411528,926.3187754907718,11.512205671093078,886.6724047727541,7.673739656974559,0.7924289311220155,79.22955890670497,72.54833829203496,85.45378115368966,12.905442861654706,20.770441093295034,34.48512715420698,10.85465381477254,7.38488919679998,4.5482914418301865,10.82171450072117,0.9478220101351856,65.51487284579302,24-477
24,478,00000,000000,0000,DISTRICT,Porbandar ,Total,124556,585449,4.700287420919104,950.1380704775672,11.260758836380283,902.7360886631262,8.853034166938539,2.2271794810478798,75.77681835067938,67.74911207188477,83.45389571510877,15.704783643224005,24.223181649320622,39.485762209859445,20.00105174589819,49.602671638498244,21.181040710475884,15.457089834709672,1.9699873252901556,60.514237790140555,24-478
24,478,00000,000000,0000,DISTRICT,Porbandar ,Rural,63404,299775,4.728014005425525,955.9898212188438,11.93761988157785,908.5866666666667,9.696605787674088,3.3174881160870653,69.3941793029255,59.82051143428664,78.60976879042451,18.789257356137874,30.605820697074506,44.20315236427321,28.261952701088628,78.41521394611728,31.817221341785523,19.334389857369256,2.8594068372198325,55.7968476357268,24-478
24,478,00000,000000,0000,DISTRICT,Porbandar ,Urban,61152,285674,4.671539769754055,944.0350053419894,10.550487618754243,895.8359542080765,7.967823463108298,1.0830527104321708,82.3706434368812,75.99591912148647,88.42588000091567,12.429960879429203,17.629356563118805,34.53551950825066,11.27626599387277,10.904225666183521,6.895468228950223,10.249445058230876,0.7753980883649744,65.46448049174933,24-478
24,479,00000,000000,0000,DISTRICT,Junagadh,Total,527326,2743082,5.201871328172706,953.2668354747657,11.371515689286722,907.4204298773963,9.689575448346059,2.0258599633550873,75.8001967791401,66.8584620580326,84.37808515490953,17.519623096876927,24.199803220859906,40.96519899879041,24.04151409623777,62.41001896398445,29.72264171596027,16.10737299425385,2.0974291386827018,59.034801001209594,24-479
24,479,00000,000000,0000,DISTRICT,Junagadh,Rural,347702,1836670,5.282310714347344,953.3411112328254,11.649997005450082,913.4369466850285,11.115388175339065,2.0489799474048143,72.60500721637668,62.56835038709328,82.22742608139345,19.659075694300164,27.394992783623323,44.81616185814545,30.694701801318384,79.85251328777525,37.06302201974184,18.916810933940774,2.5324221716021262,55.183838141854544,24-479
24,479,00000,000000,0000,DISTRICT,Junagadh,Urban,179624,906412,5.046163096245491,953.1163472208755,10.807226735744893,894.4090970624069,6.800439535222394,1.9790117518302934,82.21345926917301,75.46139901736527,88.6986633557724,13.23726433840713,17.786540730826985,33.16196166864516,10.558478229906834,14.645157426875683,9.62160327895031,8.413954169217257,0.9062358608575306,66.83803833135484,24-479
24,480,00000,000000,0000,DISTRICT,Amreli,Total,294837,1514190,5.135685141281454,963.805153758062,11.461903724103315,885.5041446217693,8.77796049372932,0.48355886645665336,74.25279811432642,66.09086910719387,82.20594342873807,16.1150743215442,25.747201885673576,43.39871482442758,27.383363318670344,67.270547022776,31.946817948714045,19.47624475187137,2.876712537225762,56.601285175572414,24-480
24,480,00000,000000,0000,DISTRICT,Amreli,Rural,219041,1127555,5.1476892453924155,969.342629690824,11.646527220401666,890.5989058450907,9.698063509097118,0.3671661249340387,71.77460315548355,62.88376525935839,80.48953078351163,17.605765524153234,28.225396844516453,46.535468336356104,32.66354475036982,79.50022202613619,36.95887084939767,21.976394714825055,3.2941817717495088,53.464531663643896,24-480
24,480,00000,000000,0000,DISTRICT,Amreli,Urban,75796,386635,5.100994775449892,947.8324391042595,10.923480802307086,869.8366316907956,6.094637060793772,0.8229984352166773,81.42136637233922,75.47731953256218,87.11485549264388,11.637535960081706,18.57863362766078,34.25090847957376,11.807164877219092,18.812770906015437,12.087505474755712,9.569872985667468,1.2225695860329542,65.74909152042623,24-480
24,481,00000,000000,0000,DISTRICT,Bhavnagar,Total,538605,2880365,5.347824472479832,932.8701295999667,13.243807642434206,891.0866547689867,5.4518784945657925,0.31627936042827903,75.52358142298897,66.08350531305818,84.39169844180861,18.308193128750432,24.47641857701103,39.947437217158246,22.432677007892593,49.174801326575306,29.02969846136732,13.774343143594129,1.4811859916984753,60.052562782841754,24-481
24,481,00000,000000,0000,DISTRICT,Bhavnagar,Rural,302370,1697964,5.615517412441711,954.3042218700256,14.206897201589669,906.458445294471,5.222195523580005,0.20071096913715486,70.70162335522703,59.474969731326155,81.50682809264705,22.0318583613209,29.298376644772972,43.23018627014471,29.837142743426554,72.59877961889997,42.43746534556349,17.038062321448763,1.8793432992794603,56.76981372985529,24-481
24,481,00000,000000,0000,DISTRICT,Bhavnagar,Urban,236235,1182401,5.005189747497195,902.8997309163008,11.860781579176608,865.2178539128585,5.781710265806609,0.4822391050075228,82.26374286457249,75.60279769909613,88.31246109341244,12.709663394316308,17.736257135427508,35.233309173452994,11.489876709569668,7.90256337629231,5.405677882088051,8.02378306236933,0.7796466146102127,64.766690826547,24-481
24,482,00000,000000,0000,DISTRICT,Anand  ,Total,427605,2092745,4.894107879935922,924.8517324856699,12.137551397805275,883.9549941777241,4.991769183536456,1.186193253358627,84.36513759172738,76.35580025723763,91.81895785056022,15.463157593322592,15.634862408272625,40.3677466676542,21.604024182488484,59.03699600139205,40.99567468518953,18.319614012410128,1.7529717303863428,59.6322533323458,24-482
24,482,00000,000000,0000,DISTRICT,Anand  ,Rural,297658,1457758,4.897425904897567,921.8983808811877,12.624592010470872,881.2393306551362,5.1280802437716,0.6780274915315162,82.67973702267842,73.42614794878068,91.26631671994575,17.840168771165068,17.320262977321576,42.600486500502825,25.136179870405673,73.70823752198025,50.929450638635,20.25806264613244,1.9279820679793627,57.39951349949717,24-482
24,482,00000,000000,0000,DISTRICT,Anand  ,Urban,129947,634987,4.886507576165667,931.6662864096129,11.019438193222854,891.1351351351351,4.678835944672883,2.3528040731542537,88.1645620027787,82.9276592630539,93.07052875139257,10.142869488338675,11.835437997221305,35.241981331901286,13.539387844394668,18.323189532670188,13.428693996836207,12.940272229223082,1.2673047876951675,64.75801866809871,24-482
24,483,00000,000000,0000,DISTRICT,Kheda,Total,466856,2299885,4.926326319036277,939.6412496299739,12.658589451211691,895.5082003502808,5.027686166917041,1.7538268217758712,82.65047153655604,73.49490485513242,91.31354782703055,17.81864297189813,17.34952846344396,40.609987021090184,23.281886411083526,64.14281630393701,38.527681981363685,22.682318628925792,1.8308684419309558,59.39001297890981,24-483
24,483,00000,000000,0000,DISTRICT,Kheda,Rural,359691,1776276,4.938338740752479,940.8673760949829,13.073700258293194,903.0000573624735,4.886290193641078,1.535515877037127,81.42483635579396,71.22209126563988,91.08370757193323,19.861616306293357,18.575163644206043,42.67805228466747,26.65783278886142,75.00105529759392,44.486465808357956,24.97810257492613,1.9020420008442382,57.32194771533252,24-483
24,483,00000,000000,0000,DISTRICT,Kheda,Urban,107165,523609,4.886007558437923,935.4932909473995,11.250379577127207,866.5399239543726,5.507353769702202,2.4944185451357788,86.72286050600279,81.0553269156651,92.07641126501235,11.021084349347248,13.277139493997211,33.59434234323703,11.795526298112446,17.347629091033127,12.847421590308294,12.788298096109788,1.5241354610211308,66.40565765676297,24-483
24,484,00000,000000,0000,DISTRICT,Panch Mahals,Total,446611,2390776,5.353150728486312,948.5346315001048,15.112708175086247,932.1650498935817,4.201397370560855,30.182836033154086,70.99432609086631,58.89336251973215,82.50812769300447,23.614765173272318,29.00567390913369,45.9058899704531,36.426923523068524,75.88161168903707,34.26292497451041,37.57297219972173,2.966541443471431,54.0941100295469,24-484
24,484,00000,000000,0000,DISTRICT,Panch Mahals,Rural,378648,2055949,5.429710443472565,951.7712573667902,15.488176019930455,937.6350105574453,4.041053547534497,33.929635414108034,68.36375984161333,55.2404703453104,80.8884219666898,25.647951621379406,31.63624015838667,48.307521246879176,40.75493754569492,82.76733878519258,37.25747046350201,40.46736838713705,3.1402225985674272,51.69247875312082,24-484
24,484,00000,000000,0000,DISTRICT,Panch Mahals,Urban,67963,334827,4.926607124464782,928.8936256012904,12.807210888010822,892.4930491195552,5.185961705597219,7.17624325397892,86.65022521365326,80.87208106709025,92.04908365689147,11.17700258980122,13.349774786346742,31.15907617963904,9.516131032857444,10.331739017914481,5.755830114349797,10.019265975903153,1.3131535814586548,68.84092382036097,24-484
24,485,00000,000000,0000,DISTRICT,Dohad  ,Total,334272,2127086,6.363338837832663,990.4402840590614,19.50076301569377,947.7010630705083,1.9483932478517558,74.31998518160525,58.820186791007124,47.645764383817514,70.00664965881056,22.360885274993045,41.179813208992876,46.971490574429055,43.2943921922461,82.79342704208888,43.89815478359043,44.61198009456284,4.7611707856081935,53.028509425570945,24-485
24,485,00000,000000,0000,DISTRICT,Dohad  ,Rural,298702,1935461,6.479571613179691,993.3416618346939,20.003709710503077,950.4385368335676,1.6351143216009,78.63800923914252,56.35559585790065,44.77910896002372,67.98263215536817,23.203523195344445,43.64440414209935,48.27511378426122,45.904086892870694,87.18344168006284,46.12959224955209,46.489844233292594,4.895081693505404,51.724886215738785,24-485
24,485,00000,000000,0000,DISTRICT,Dohad  ,Urban,35570,191625,5.387264548777059,961.6022438784703,14.420874103065884,910.1403193474805,5.1125896934116115,30.706849315068492,82.08926099603026,75.18137922495977,88.79369389937636,13.612314674416595,17.910739003969738,33.804566210045664,16.499355951329083,19.472660471147613,11.712309734786501,17.526011917626356,2.8296643922319307,66.19543378995434,24-485
24,486,00000,000000,0000,DISTRICT,Vadodara,Total,877106,4165626,4.74928457905886,934.1395602803686,11.998460735553312,896.7727490076127,5.3204248293053675,27.60451850454169,78.9205129009511,72.03220347096872,85.39103706956296,13.35883359859423,21.079487099048904,40.65350561956354,22.87207551108659,52.1110758777967,33.67995828690508,19.65269006355578,1.9202550025893532,59.346494380436454,24-486
24,486,00000,000000,0000,DISTRICT,Vadodara,Rural,417600,2099855,5.028388409961686,948.0204426393603,13.751330449007193,926.3504092755788,3.957511351974303,49.555755040228966,67.83778008577121,58.06537093470041,77.13642887621708,19.07105794151667,32.162219914228785,47.26231096909072,34.00723349955769,85.4083874088106,55.14509693281205,28.170972552496877,2.6016686147273385,52.73768903090927,24-486
24,486,00000,000000,0000,DISTRICT,Vadodara,Urban,459506,2065771,4.495634442205325,920.2309366207068,10.216669708307455,857.7464416805303,6.705825573115316,5.291099545883837,89.74259159613483,85.85070339214728,93.3527405304172,7.5020371382699125,10.25740840386517,33.9356588895865,11.377727585865545,4.972661771985056,3.2921417394045647,7.593508436835355,0.9555898224477307,66.0643411104135,24-486
24,487,00000,000000,0000,DISTRICT,Narmada,Total,122174,590297,4.831609016648387,960.5594414884783,13.234524315725812,940.944099378882,1.4794247641441511,81.55081255706872,72.30667702772887,63.08994262705997,81.18779616310631,18.097853536046344,27.693322972271133,49.94011489131742,41.66957688331357,85.09404840651979,63.78330704387795,34.22005122203565,3.154395427330857,50.05988510868258,24-487
24,487,00000,000000,0000,DISTRICT,Narmada,Rural,108962,528425,4.849626475284961,961.430247060221,13.602119506079388,945.4609429978889,1.1267445711311919,87.3143776316412,70.45852790944215,60.74051926492508,79.82638022558525,19.085860960660177,29.541472090557846,51.79788995600132,44.70749024195323,90.00887791226577,67.34828086353224,35.50215006229153,3.267290921512679,48.20211004399867,24-487
24,487,00000,000000,0000,DISTRICT,Narmada,Urban,13212,61872,4.683015440508629,953.1536081823348,10.095034910783554,890.4358353510896,4.491530902508405,32.326415826221876,87.47528134325675,82.40863055922502,92.34158032001127,9.932949760786258,12.524718656743246,34.07357124385829,15.609061402927734,21.283559434588746,17.49833981595674,17.574233943648608,1.6886443411441039,65.9264287561417,24-487
24,488,00000,000000,0000,DISTRICT,Bharuch,Total,333483,1551019,4.650968715046944,925.0409888458211,11.547440747018573,920.3666970460515,4.012523379790963,31.475694366090938,81.51198761440205,75.09454504650677,87.45231190749563,12.35776686098886,18.488012385597955,40.43303144577855,21.22668090678803,52.89177259999618,40.434906015397274,16.038773831012687,2.0059828678219938,59.566968554221454,24-488
24,488,00000,000000,0000,DISTRICT,Bharuch,Rural,217298,1026060,4.721902640613351,938.1820311186585,11.842387384753328,936.7538532651142,3.4465820712239053,42.10085180203887,77.98993974904648,70.46741692091273,85.04887989816866,14.581462977255939,22.010060250953515,43.582733953180124,26.575955318150797,71.49926764090925,54.63778972908304,18.680411910059593,2.2366582063351856,56.41726604681987,24-488
24,488,00000,000000,0000,DISTRICT,Bharuch,Urban,116185,524959,4.518302706889874,899.8639229282628,10.970952017205153,886.6867588285396,5.1186854592453885,10.70826483592052,88.32863323391089,84.23895874139129,92.01547675232314,7.776518010931852,11.671366766089108,34.27677209077281,10.541535120352309,6.648364167856885,5.137852272158899,9.473766109626041,1.4327077509600474,65.7232279092272,24-488
24,489,00000,000000,0000,DISTRICT,The Dangs,Total,44699,228291,5.107295465222935,1005.7019354952075,17.846958487193977,964.1806874608302,0.4345331178189241,94.64805883718587,75.16369142832768,67.3801206732296,83.0636670319517,15.683546358722097,24.83630857167232,51.80099084063761,49.73180746046999,88.8294139036167,34.23560550326831,25.553667013369186,2.340664823223995,48.19900915936239,24-489
24,489,00000,000000,0000,DISTRICT,The Dangs,Rural,39889,203604,5.104264333525533,1001.8090649886933,18.65778668395513,966.6597639262787,0.07416357242490325,98.29767588063103,73.42104627572216,65.12340486890486,81.80207296647815,16.678668097573293,26.578953724277838,54.46160193316438,54.103283804738254,93.75574914777339,35.62938513428205,26.471330916436703,2.3754125858990314,45.538398066835626,24-489
24,489,00000,000000,0000,DISTRICT,The Dangs,Urban,4810,24687,5.132432432432433,1038.394847659153,11.159719690525376,930.6236860546602,3.406651273949852,64.54814274719489,88.32299835856283,84.0771692745377,92.7929614376638,8.71579216312611,11.677001641437172,29.85781990521327,14.31297709923664,14.719848053181387,13.26821326821327,11.748745082078415,1.8179351512684845,70.14218009478674,24-489
24,490,00000,000000,0000,DISTRICT,Navsari  ,Total,295131,1329672,4.5053620256767335,960.6909822830727,10.16566491585895,922.8143048166378,2.66712392229061,48.10652551907538,83.876711801236,78.82891406070213,88.74819656273493,9.9192825020328,16.123288198764,44.50977383896179,28.234999777439075,53.9707080025818,34.9097888935073,13.826512163883791,1.494000006758652,55.490226161038215,24-490
24,490,00000,000000,0000,DISTRICT,Navsari  ,Rural,203297,920535,4.5280304185502,980.7143210636278,10.044810898010397,946.4477423429113,1.8845562634772173,62.11735566817123,81.64573242084899,76.2271039980527,86.98099912760878,10.753895129556085,18.354267579151013,47.46196505293118,33.62959810086312,71.20603153095418,45.85652683427023,16.434273890831854,1.6774852141431527,52.53803494706882,24-490
24,490,00000,000000,0000,DISTRICT,Navsari  ,Urban,91834,409137,4.4551799986932945,917.086816358661,10.437579588255279,873.5576712148467,4.427856683702525,16.582953876085515,88.91830157218374,84.90870826460383,92.61631597446268,7.7076077098588485,11.081698427816264,37.86751137149659,15.672309052171201,5.366939908345705,4.039888982120958,6.4726005292712845,0.9765700638998257,62.13248862850341,24-490
24,491,00000,000000,0000,DISTRICT,Valsad,Total,364403,1705678,4.680746316578074,922.4929048197633,12.630695828872742,925.4707790756911,2.2417478562776796,52.92874739546386,78.55498346238421,72.0554870150761,84.5479297282587,12.492442713182598,21.445016537615786,43.57475443782472,27.742114420323144,44.47981486589214,24.625123613344186,22.323459962730997,3.212399679782575,56.42524556217528,24-491
24,491,00000,000000,0000,DISTRICT,Valsad,Rural,216948,1070177,4.932873315264487,972.1530137622456,13.2790183306126,946.831974792794,1.9414545444351727,73.35253887908262,72.3228254826155,65.20148597680289,79.27388326175505,14.07239728495216,27.6771745173845,46.10769994122468,34.421543296817454,64.04301284467628,35.18667136840996,28.891401889614414,4.238054126793046,53.89230005877532,24-491
24,491,00000,000000,0000,DISTRICT,Valsad,Urban,147455,635501,4.309796209012919,844.2877955063875,11.53892755479535,885.3807785262509,2.7474386350296855,18.535297348076558,88.8434302018425,84.3056373227493,92.65090747307677,8.345270150327465,11.156569798157506,39.30930085082478,15.630252678543807,5.838013538234906,3.7636453158587893,9.350268803215231,1.1864969917257446,60.69069914917522,24-491
24,492,00000,000000,0000,DISTRICT,Surat,Total,1333200,6081322,4.561447644764477,787.4549118458984,12.10733455653228,834.6834780658585,2.60001032670199,14.091541280004577,85.52627147880763,80.36859777648566,89.55513146183372,9.186533685348067,14.47372852119237,41.98991600839423,15.330644866294552,17.0464398079217,12.756359597766554,5.805817957958006,0.6460438089524276,58.010083991605775,24-492
24,492,00000,000000,0000,DISTRICT,Surat,Rural,269680,1232109,4.56878151883714,924.9898447020591,11.320913977578282,934.0016360938952,3.1360861741940043,55.466927033241376,76.91985250173207,70.60013036368419,82.75829889582823,12.158168532144046,23.080147498267934,48.32356552869916,32.92784887737333,67.2508687451608,50.620172355009,12.295620247934579,1.1283189928098636,51.67643447130084,24-492
24,492,00000,000000,0000,DISTRICT,Surat,Urban,1063520,4849213,4.559587972017452,755.5847516657229,12.307151696574268,812.9237648545529,2.4638018581571894,3.578704420696719,87.73762096955305,83.18560480938926,91.14173940349498,7.95613459410572,12.26237903044695,40.380634960765796,10.338712699126853,1.7811263018073755,1.2433719089974533,3.832508657437174,0.4994017290872015,59.619365039234204,24-492
24,493,00000,000000,0000,DISTRICT,Tapi,Total,177091,807022,4.557103410111186,1006.5790127999841,11.037493401666868,952.585545496394,1.012116150489082,84.17614389694457,68.25517761060357,61.162826735440454,75.44318210500633,14.280355369565875,31.744822389396433,55.8723306180005,49.366653986572274,79.9535153980244,56.505848277452756,25.132512164505812,2.205800817028978,44.1276693819995,24-493
24,493,00000,000000,0000,DISTRICT,Tapi,Rural,160028,727535,4.546298147824131,1012.277761182471,11.002632175771613,957.7860933793138,0.7279374875435546,90.33640993216821,66.46867041346005,59.24926413443239,73.82687635852193,14.577612224089542,33.531329586539954,57.89425938271011,52.62645940976045,84.99694920002564,59.99700855411074,25.654972329125524,2.210583545623111,42.10574061728989,24-493
24,493,00000,000000,0000,DISTRICT,Tapi,Urban,17063,79487,4.658442243450741,955.8809055118111,11.356574030973619,907.6500422654269,3.6131694490923043,27.791965981858667,84.67215441385183,79.26313961565177,89.87690765289072,10.613768037238955,15.327845586148172,37.365858568067736,18.655237212654775,8.430692569273763,6.996397427696037,17.723308979495638,2.137975152351773,62.634141431932264,24-493
25,494,00000,000000,0000,DISTRICT,Diu,Total,10580,52074,4.921928166351607,1030.808829264488,12.436148557821562,929.1033661006851,3.575680761992549,0.2362023274570803,83.46418702574674,76.05627761334878,91.21382095579986,15.157543342451078,16.53581297425326,30.245419979260284,10.661319612590798,4.838095238095238,1.8476190476190475,6.552380952380952,1.1174603174603175,69.75458002073972,25-494
25,494,00000,000000,0000,DISTRICT,Diu,Rural,5331,28083,5.267867191896455,1001.9247219846021,14.311149093757788,948.1337857489094,1.755510451162625,0.007121746252181036,75.61502659574468,65.56740226464997,85.77517760133723,20.207775336687263,24.38497340425532,30.35288252679557,11.44076840981857,8.57578601595495,3.33176912247771,6.8160488033786955,1.6189582355701548,69.64711747320443,25-494
25,494,00000,000000,0000,DISTRICT,Diu,Urban,5249,23991,4.570584873309202,1065.6965731014293,10.241340502688507,898.7635239567234,5.706306531616023,0.504355800091701,92.23553450357575,87.37292669876939,97.51937984496124,10.146453146191845,7.7644654964242505,30.11962819390605,9.776197786216368,0.4290063659009134,0.09687240520343206,6.241350678106836,0.5258787711043454,69.88037180609396,25-494
25,495,00000,000000,0000,DISTRICT,Daman,Total,50376,191173,3.79492218516754,533.5675723373362,10.701301962097158,896.5421340502456,2.2293943182353155,7.971837027195263,88.06958966698885,80.98094752212234,91.60812139946607,10.627173877343736,11.930410333011153,55.19660203062148,16.56643714105301,2.2043005657641603,0.4558334359985216,3.6049696268989107,1.0282313473147526,44.80339796937852,25-495
25,495,00000,000000,0000,DISTRICT,Daman,Rural,7413,32313,4.358963982193444,759.2965644906626,10.58088076006561,914.3337066069429,5.180577476557422,23.566366477888156,86.1528344985118,78.18565743523106,92.06923587238406,13.883578437152991,13.847165501488206,45.73700987218766,20.3140685501219,9.9736112050883,1.8066174978009337,8.70830232086068,1.5630286216929425,54.26299012781234,25-495
25,495,00000,000000,0000,DISTRICT,Daman,Urban,42963,158860,3.6976002606894305,494.56214955029543,10.725796298627722,893.011887568048,1.6291073901548534,4.799823744177263,88.46010111337532,81.75387379294857,91.52953510602214,9.77566131307357,11.539898886624684,57.12073523857485,15.572211231167248,0.9389257455202662,0.2358334619029777,2.7737982411672655,0.9411297965660885,42.879264761425155,25-495
26,496,00000,000000,0000,DISTRICT,Dadra & Nagar Haveli,Total,76458,343709,4.495396165214889,773.8903798513626,14.807584322784681,925.5798115848813,1.7997783008300627,51.95208737623979,76.23610892921786,64.31764752759294,85.17411805485003,20.856470527257088,23.763891070782137,45.72501738389161,25.25391966601978,29.245805257029417,11.325328802947295,17.09202664783248,2.511437315873531,54.27498261610839,26-496
26,496,00000,000000,0000,DISTRICT,Dadra & Nagar Haveli,Rural,36094,183114,5.0732531722724,862.7129850974009,15.566259270181417,970.2771825533973,0.707755824240637,82.43170920847123,64.123924713796,49.58458147289889,76.39733772275102,26.81275624985213,35.876075286204,45.94023395261968,33.39268238040774,50.76970626344757,19.696159195463785,26.047573196391,4.048833256065524,54.05976604738032,26-496
26,496,00000,000000,0000,DISTRICT,Dadra & Nagar Haveli,Urban,40364,160595,3.9786691110890895,682.4157980200094,13.942526230580029,871.5312604480107,3.044926678912793,17.19854291852175,89.78611328181529,83.37506625482061,93.98737588482591,10.6123096300053,10.21388671818471,45.4796226532582,14.657660423702795,4.455215093512966,1.6840548755442373,6.777294011336564,0.7407103151784002,54.520377346741796,26-496
27,497,00000,000000,0000,DISTRICT,Nandurbar,Total,323521,1648295,5.094862466424127,978.3417549839769,14.573968858729778,943.8267708889643,2.9111900478979793,69.27964957729047,64.37940362467003,56.46649534349342,72.16849777617435,15.702002432680928,35.62059637532997,48.05359477520711,42.83600674743138,82.04478167827135,55.320712315277156,16.14412958532444,1.6326942864537632,51.94640522479289,27-497
27,497,00000,000000,0000,DISTRICT,Nandurbar,Rural,272783,1372821,5.032648662123373,996.3340027425905,15.116027508320458,953.4043093953856,2.2253447463289096,79.7119216562101,59.74916438185711,51.543587837641105,67.98902032546891,16.44543248782781,40.25083561814289,51.103821984075125,47.86324162592133,90.50578421925869,60.82552696546573,16.61687315768768,1.58417478661961,48.896178015924875,27-497
27,497,00000,000000,0000,DISTRICT,Nandurbar,Urban,50738,275474,5.429342898813513,893.3051086261761,11.872626817775906,885.1807020577554,6.329090948692073,17.290560996682082,86.6049067422395,81.54391107853914,91.13148653921186,9.587575460672724,13.395093257760493,32.85282821609299,16.3354491248317,16.455066794842047,12.64737406216506,12.479420116904786,2.0088175821261642,67.14717178390701,27-497
27,498,00000,000000,0000,DISTRICT,Dhule,Total,408874,2050862,5.01587775207032,945.7321463979712,13.33619716977544,897.7595215131729,6.22036002422396,31.56306957757275,72.800087770873,65.77108635129605,79.50104955435154,13.72996320305549,27.199912229126994,45.65738699142117,36.708529329445014,71.41140788363575,45.872464944413,11.800356696604975,1.4704657346988903,54.34261300857883,27-498
27,498,00000,000000,0000,DISTRICT,Dhule,Rural,296717,1479826,4.987331362881129,949.9206763330857,13.922988243212378,906.2404588980895,5.561397083170589,41.07401816159467,67.31407845877264,59.06680857006641,75.20815695626052,16.141348386194117,32.68592154122736,51.22804978423139,46.13849162863603,85.92283725065494,54.858419757125176,12.53274694427809,1.5565516313452563,48.77195021576861,27-498
27,498,00000,000000,0000,DISTRICT,Dhule,Urban,112157,571036,5.091398664372264,934.960947427274,11.815542277544672,872.3221223221224,7.928046567992212,6.915676069459718,86.67719162372286,82.85382394083915,90.28520258299592,7.431378642156773,13.322808376277138,31.22114892931444,12.070483942867705,9.706984362029122,7.663054452446658,8.686141212896278,1.104417670682731,68.77885107068556,27-498
27,499,00000,000000,0000,DISTRICT,Jalgaon,Total,903643,4229917,4.6809602907342835,924.9951646631306,12.5771971412205,841.9503716757782,9.202851970854274,14.28791628771912,78.20310488729857,70.56428672820773,85.36497570391577,14.800688975708042,21.796895112701435,44.05691648323123,33.31275165407822,70.9140140085889,50.2891491657683,11.784686497053238,1.5531471567222284,55.943083516768766,27-499
27,499,00000,000000,0000,DISTRICT,Jalgaon,Rural,624570,2887206,4.622710024496854,924.1446597632545,13.011749075057338,842.1540407879058,9.272563163141113,18.60175546878193,74.757697499134,65.62514146684346,83.31527301418114,17.690131547337685,25.242302500866003,49.44887895079187,42.585664300363746,87.08095799441196,61.16232434049105,11.758917020559771,1.618697603332934,50.55112104920813,27-499
27,499,00000,000000,0000,DISTRICT,Jalgaon,Urban,279073,1342711,4.811325352148004,926.826538241317,11.642788358775642,841.4611162155157,9.052953316089612,5.011949704739144,85.49691414738254,81.0109239674457,89.70777358539898,8.696849617953276,14.50308585261746,32.46268184292823,13.40336915120924,17.960447829677893,14.674910525832798,11.869092410755254,1.3384417729650362,67.53731815707178,27-499
27,500,00000,000000,0000,DISTRICT,Buldana,Total,561504,2586258,4.60594759787998,933.5641017973026,12.841912910467556,854.7009024303073,18.20758021821489,4.826935286425407,83.39676496462276,75.8440918363156,90.53973800332848,14.695646167012882,16.60323503537724,47.15852014764188,38.88986768618193,81.06270615697571,49.45939009921772,9.19114723102946,1.1599314880362337,52.84147985235812,27-500
27,500,00000,000000,0000,DISTRICT,Buldana,Rural,451284,2037398,4.514669254837309,930.7400577308333,13.00531364024113,852.2764608426365,19.3941978935878,5.702175029130293,81.85144897282146,73.4898638398488,89.73679854328753,16.24693470343874,18.14855102717854,50.976637848864094,45.59112808963138,90.13948624923816,54.27957138331807,8.998678024296238,1.1881413098632099,49.023362151135906,27-500
27,500,00000,000000,0000,DISTRICT,Buldana,Urban,110220,548860,4.979677009617129,944.1197514859131,12.235360565535839,864.3291413342216,13.802791240024778,1.5779980322851002,89.0827373600025,84.44700265071705,93.51352229219194,9.066519641474883,10.917262639997503,32.985460773239076,14.197012103158228,28.991847285742693,21.807405934468967,10.295287333465899,0.9980999094142861,67.01453922676093,27-500
27,501,00000,000000,0000,DISTRICT,Akola,Total,395690,1813906,4.584159316636761,945.553846582877,11.636766183032638,912.4415612655383,20.070444664718018,5.5284011409632035,88.04954499115937,83.53618555856077,92.3372370012239,8.801051442663123,11.950455008840635,42.348059932543364,28.10797076132182,67.46056129369892,50.5785298260505,10.040825147040827,1.379541081606032,57.65194006745664,27-501
27,501,00000,000000,0000,DISTRICT,Akola,Rural,250160,1094165,4.373860729133354,940.239354675112,11.806902980811852,918.2294682762409,23.175206664442747,7.828892351701983,85.94548269494227,80.31968949085382,91.2518677530176,10.932178262163788,14.054517305057729,48.37972335068294,38.22477707871271,89.22913589016046,66.52391405373342,11.303777812201286,1.5925070935517631,51.620276649317056,27-501
27,501,00000,000000,0000,DISTRICT,Akola,Urban,145530,719741,4.9456538170823885,953.6890507897645,11.37812074065532,903.3817547937247,15.35052192385872,2.0311473154926563,91.2327074788978,88.35767684784557,93.99371803697876,5.636041189133195,8.767292521102206,33.178601747017325,12.83998406102351,19.20561139028476,15.231993299832498,7.241206030150754,0.9074539363484088,66.82139825298266,27-501
27,502,00000,000000,0000,DISTRICT,Washim,Total,259464,1197160,4.613973422131779,929.9631469832436,12.712586454609243,863.1099576426805,19.167195696481674,6.721824985799726,83.24803582877978,75.48355498327257,90.54744010575251,15.063885122479945,16.751964171220223,47.595308897724614,39.77391316407157,83.50292738402786,54.44004127822083,11.765170448163541,1.2892423902055488,52.40469110227538,27-502
27,502,00000,000000,0000,DISTRICT,Washim,Rural,218403,985747,4.513431592056886,926.3142261401098,12.739881531468015,860.0755387691624,20.308152091763912,7.852319104192048,82.16526150827052,73.63157287379313,90.15605161499464,16.524478741201506,17.834738491729482,50.78098132685162,45.43753428125395,90.67926292321584,58.469111336630895,11.982891572041584,1.2573615783543626,49.21901867314838,27-502
27,502,00000,000000,0000,DISTRICT,Washim,Urban,41061,211413,5.148754292394242,947.1609486530048,12.585318783613117,877.5668619010656,13.847303618982748,1.4507149513038462,88.287717931236,84.00477865533948,92.38909368247108,8.384315027131606,11.712282068763997,32.74160056382531,13.668099340710633,31.606472117885005,25.303380525859577,10.190696330540307,1.5197919676394107,67.25839943617468,27-502
27,503,00000,000000,0000,DISTRICT,Amravati,Total,647451,2888445,4.461256527521002,950.639803129187,10.78057570769047,934.8987783811997,17.53102447856892,13.991195954916918,87.38175451503926,83.10168466934984,91.45877436101813,8.357089691668293,12.618245484960738,42.802338282363,28.326455571839276,70.10600798173938,54.02662089649783,14.136931964326447,2.153079861071792,57.197661717637,27-503
27,503,00000,000000,0000,DISTRICT,Amravati,Rural,430282,1851158,4.302197163720537,947.289858441691,11.049948194589549,943.1546148877151,18.694028278515397,19.913481183129694,85.06558338789,79.75503000969746,90.09895134054521,10.34392133084775,14.934416612109999,48.19151039511484,37.07659420893368,88.53593931628818,67.80308507668975,15.426280208182705,2.3309019942809166,51.80848960488515,27-503
27,503,00000,000000,0000,DISTRICT,Amravati,Urban,217169,1037287,4.776404551294154,956.6468918294396,10.299849511273159,919.2864585204613,15.455510384300583,3.422196556979891,91.48066307843104,88.98238734678571,93.88158130457417,4.899193957788455,8.519336921568964,33.184740578065664,12.789262390762532,22.342041885881454,18.322821675609564,10.795390170849542,1.6922267961571198,66.81525942193434,27-503
27,504,00000,000000,0000,DISTRICT,Wardha,Total,309846,1300774,4.198130684275414,946.1448117477203,9.90956153797662,918.5407891407565,14.516741570787852,11.493695292187574,86.99389780291892,81.80505541683094,91.91930112874627,10.11424571191533,13.006102197081077,46.75946782454139,34.14338326567983,68.25634828643534,46.39160850658052,12.92460973143604,2.056113179938675,53.24053217545861,27-504
27,504,00000,000000,0000,DISTRICT,Wardha,Rural,212493,877474,4.129425439896844,941.8554729858324,10.054314999646714,926.3723306694616,13.09315147799251,14.255693046175727,84.26759581881534,78.26313893948964,89.93341147962451,11.670272540134874,15.732404181184663,52.51186929755184,43.161419172932334,84.50924306281983,56.71299410996185,13.232836637165837,1.9816484293955006,47.48813070244816,27-504
27,504,00000,000000,0000,DISTRICT,Wardha,Urban,97353,423300,4.34809404949,955.0969696689775,9.609496810772502,901.7719388470709,17.467753366406804,5.768249468462083,92.61753736706889,89.04325843595501,96.05221348694663,7.0089550509916165,7.382462632931109,34.83510512638791,15.583033913796188,17.468821419125575,14.139037143031526,11.961453169398537,2.2888028374373546,65.1648948736121,27-504
27,505,00000,000000,0000,DISTRICT,Nagpur,Total,1041544,4653570,4.467953346186047,951.2028427970944,10.681842112614616,930.8998671524794,18.64617916997058,9.402910023917121,88.38741792039086,84.50633974487246,92.08864522685151,7.5823054819790485,11.61258207960914,40.153258680969664,23.55418221410168,33.72613135248534,22.669167701331506,11.441002697264203,1.7173117266772273,59.846741319030336,27-505
27,505,00000,000000,0000,DISTRICT,Nagpur,Rural,339997,1474811,4.337717685744286,944.7450211443951,11.185365446826747,941.3578430795665,15.870643763844994,13.571501704286176,81.91629868503827,75.91191332109906,87.59147826500184,11.679564943902776,18.08370131496173,50.71829542904142,40.75293040446421,76.76146625864473,51.105816986386344,15.46379072699295,2.3274095286223644,49.28170457095858,27-505
27,505,00000,000000,0000,DISTRICT,Nagpur,Urban,701547,3178759,4.53107061964487,954.2135891770532,10.448228380949924,925.7472530658395,19.93391131570528,7.468858129855079,91.36503274919335,88.4346081313798,94.17117731077816,5.736569179398359,8.634967250806653,35.25152425836623,15.615398343320614,4.999103127808303,3.687081738522044,8.755703616313614,1.3100580869760772,64.74847574163375,27-505
27,506,00000,000000,0000,DISTRICT,Bhandara,Total,278076,1200334,4.316568132452998,982.3193288413264,10.499161066836397,950.0665366880203,16.693020442643462,7.405105578947194,83.7617482493398,77.07900977662796,90.35208377242121,13.273073995793254,16.238251750660197,49.76156636402868,42.408383124808765,72.87432718627836,52.26525811771205,30.715798461422555,4.414829944500716,50.238433635971326,27-506
27,506,00000,000000,0000,DISTRICT,Bhandara,Rural,224933,966503,4.296848394855357,982.6353275184416,10.683981322354922,954.6271933975657,16.054062946519565,8.167900151370457,82.0543949437122,74.63735484277404,89.36788947556109,14.730534632787041,17.945605056287803,53.39735106874992,47.9655295510199,81.77206556258926,58.40836913156116,32.480763902210285,4.578879142470165,46.60264893125009,27-506
27,506,00000,000000,0000,DISTRICT,Bhandara,Urban,53143,233831,4.400033870876691,981.0142668338473,9.735236132078295,929.6431296092227,19.334048949882607,4.252216344282837,90.74464506531102,87.0616629144885,94.37871214902249,7.317049234533997,9.255354934688981,34.73363240973181,19.419664061487975,16.335048880789973,13.229825900662414,19.500603314536185,3.3724051318673203,65.26636759026817,27-506
27,507,00000,000000,0000,DISTRICT,Gondiya,Total,292369,1322507,4.523417325366232,999.0915329663187,10.61355440840767,955.9249763112424,13.305109160102743,16.200519165494022,84.95113108239111,77.89388741829183,92.03903084148595,14.145143423194128,15.048868917608885,50.3149699774746,42.70621360369043,70.32005398102548,42.29124807076444,34.78364759647681,5.232192047416741,49.6850300225254,27-507
27,507,00000,000000,0000,DISTRICT,Gondiya,Rural,243840,1096577,4.4971169619422575,1001.2939514613073,10.722183667904762,959.4207245942073,12.346875777989142,18.4130252595121,83.5976506639428,75.94222435813893,91.30240527290911,15.360180914770183,16.4023493360572,53.28116493415419,47.51395716340134,78.41816012829706,46.99941294164161,37.06392089944871,5.654587185012383,46.71883506584581,27-507
27,507,00000,000000,0000,DISTRICT,Gondiya,Urban,48529,225930,4.6555667745059655,988.470339728921,10.086309919001462,938.0847082837217,17.956004072057716,5.4618687204001235,91.47394433450494,87.35683254344391,95.56753254403016,8.210700000586243,8.526055665495065,35.91820475368477,19.22001602706794,12.014787430683919,8.393099199014172,18.365988909426985,2.191004313000616,64.08179524631524,27-507
27,508,00000,000000,0000,DISTRICT,Gadchiroli,Total,250435,1072942,4.284313294866932,982.0552419235657,11.209552799685351,961.3829093281148,11.253637195673205,38.70721809752997,74.35575802743867,66.27463176646314,82.31321144647589,16.038579680012745,25.644241972561332,54.451871582993306,49.076773749374546,80.98956416659678,42.416519323493716,32.75229059439919,4.849573032861664,45.5481284170067,27-508
27,508,00000,000000,0000,DISTRICT,Gadchiroli,Rural,222413,954909,4.293404612140478,984.0615844916786,11.364538401041356,966.2807341776739,10.668974740001405,41.70722026915654,72.51650543249669,64.04593030034096,80.87158148693145,16.82565118659049,27.483494567503314,56.56141056372911,52.47044565357386,85.82140675047675,44.46186887856177,33.63444483531133,4.939364203588157,43.43858943627089,27-508
27,508,00000,000000,0000,DISTRICT,Gadchiroli,Urban,28022,118033,4.212154735564913,965.9715513508112,9.955690357781299,917.2785119921683,15.983665585048248,14.436640600510026,89.00284149714909,84.15977698432398,93.70791519041347,9.54813820608949,10.997158502850908,37.38530749875035,21.362186395378913,21.84830149341673,17.381648423867475,21.954812246470414,3.7505382192308563,62.61469250124965,27-508
27,509,00000,000000,0000,DISTRICT,Chandrapur,Total,536686,2204307,4.107256384552606,961.4168996488805,10.49381959953854,952.5115851136566,15.803833132136313,17.667275928443722,80.01126208887926,72.9670906588069,86.79103965433382,13.82394899552692,19.988737911120737,48.00474707016763,37.909970910888106,65.67561795246898,44.79262350544146,23.97899396317423,3.676434454890131,51.99525292983237,27-509
27,509,00000,000000,0000,DISTRICT,Chandrapur,Rural,356228,1428929,4.011276485846143,967.9344338154484,10.809844295972718,964.154014394344,13.131723129700637,22.66004818993806,75.5136276897582,67.11020733652313,83.6514462580159,16.541238921492763,24.486372310241805,55.80746139241348,50.4264942951497,84.01741051778859,56.99311178520507,27.116342236306025,4.037750376513107,44.19253860758652,27-509
27,509,00000,000000,0000,DISTRICT,Chandrapur,Urban,180458,775378,4.296722783140676,949.518263738032,9.911423847465366,929.5237138768234,20.728212562130988,8.466193263156809,88.21720563414156,83.74795965099757,92.47078086275738,8.722821211759808,11.782794365858436,33.625276961688364,14.61617900172117,9.575296387353628,7.476133674436087,14.383080894282438,2.571311315073852,66.37472303831163,27-509
27,510,00000,000000,0000,DISTRICT,Yavatmal,Total,646886,2772348,4.285682485012815,952.4058691587469,11.909760246549135,922.0872966899908,11.849811062680443,18.542296998789475,82.8187905172781,75.93009962436714,89.40836399790736,13.478264373540213,17.181209482721897,48.911572428858136,39.968263428333536,79.14622355916192,54.55151515598463,11.865716715130322,1.5197651325701567,51.08842757114186,27-510
27,510,00000,000000,0000,DISTRICT,Yavatmal,Rural,515502,2174195,4.217626701739276,949.691879463533,12.202263366441372,929.2934434812962,11.489309836514204,21.789765867367002,80.46727581521027,72.62799353133073,87.93467098183783,15.306677450507095,19.53272418478973,53.04593194262704,46.944564311121226,89.68423389131569,61.510228713230134,12.292057205186408,1.5602754477934178,46.95406805737296,27-510
27,510,00000,000000,0000,DISTRICT,Yavatmal,Urban,131384,598153,4.552708092309566,962.3347779159299,10.846555981496373,893.1718704406186,13.160178081527635,6.738242556670284,91.23621252864382,87.63469304639416,94.73363223395566,7.098939187561498,8.763787471356181,33.88380564838762,14.781342896882755,19.180272058497017,14.95334941803954,9.439650280988962,1.289243476072766,66.11619435161238,27-510
27,511,00000,000000,0000,DISTRICT,Nanded,Total,665434,3361292,5.051277812675638,942.8591246044247,13.672480700873354,909.9492976477434,19.054667074446375,8.380557238109631,75.45266255875825,66.14927085214177,84.27391226992424,18.12464141778247,24.54733744124175,44.44579643779832,34.86482791682529,72.30602301411089,42.33031427360834,11.791669483578131,1.2880592629085386,55.55420356220168,27-511
27,511,00000,000000,0000,DISTRICT,Nanded,Rural,494341,2447394,4.9508213965663375,945.2168245692122,13.934127484172961,915.0526463568721,19.344412873448245,9.876301077799488,72.60435127525018,62.09448438349544,82.59072202650717,20.496237643011725,27.39564872474982,49.061328090205336,42.51392072544176,86.12337223208664,49.633304572907676,11.541786455505179,1.1495564342846483,50.938671909794664,27-511
27,511,00000,000000,0000,DISTRICT,Nanded,Urban,171093,913898,5.3415277071534195,936.5733235858153,12.97179772797402,895.4192981053642,18.278735701358357,4.374995896697443,82.99601810023022,76.93061021454535,88.71485453257444,11.784244318029081,17.003981899769784,32.08552814427868,14.283581042709786,15.726275368398076,12.425783261546435,12.814898935644155,1.855205317345829,67.91447185572132,27-511
27,512,00000,000000,0000,DISTRICT,Hingoli,Total,228868,1177345,5.144209762832724,941.8714353102621,14.075398460094535,882.0242583927679,15.50649979402809,9.509022419087014,78.16531554552112,68.95033715926849,86.93834154699928,17.988004387730797,21.834684454478875,48.34453792218933,41.726395715969325,82.24012705953456,39.79096317170958,9.629784497752917,1.1022836280838115,51.65546207781067,27-512
27,512,00000,000000,0000,DISTRICT,Hingoli,Rural,196255,998612,5.088339150594889,941.2009408471512,14.197706416506112,883.6690226922464,16.197582244154887,10.688735965520141,76.81225724529429,66.9080853305241,86.23173225370137,19.323646923177265,23.18774275470571,51.330246381978185,46.8935235097546,89.35386956436918,42.72322909147662,9.537642170155484,1.065764060945395,48.669753618021815,27-512
27,512,00000,000000,0000,DISTRICT,Hingoli,Urban,32613,178733,5.4804219176402045,945.6261429939912,13.392042879602537,872.3404255319149,11.645303329547426,2.9177600107422803,85.65476075117735,80.21580358439981,90.86241780475468,10.646614220354877,14.34523924882265,31.662871433926583,12.926360381724205,17.80640373197625,13.231552162849871,10.464376590330788,1.4330647441334463,68.33712856607342,27-512
27,513,00000,000000,0000,DISTRICT,Parbhani,Total,361130,1836086,5.0842798992052725,947.3373847932377,14.014594087640775,883.6792211119651,13.469303725424625,2.2065415236541206,73.33664393583344,63.627490449850555,82.63920671243325,19.011716262582695,26.663356064166564,44.81255235321221,35.97953910364347,74.48204113529826,38.62508006227539,8.067603552273525,1.0094835056520626,55.18744764678779,27-513
27,513,00000,000000,0000,DISTRICT,Parbhani,Rural,256399,1266280,4.938708809316729,942.486876539763,14.211864674479576,874.6822784282679,13.636320561013363,2.5389329374230027,70.27850040227631,58.962196565792155,81.07647196387775,22.114275398085596,29.721499597723692,50.868449316107025,45.97473282616692,89.98737846141427,45.33057408594755,7.1166537553346565,0.8079026666687367,49.131550683892975,27-513
27,513,00000,000000,0000,DISTRICT,Parbhani,Urban,104731,569806,5.440662268096361,958.203887498969,13.576199618817633,904.9471791967297,13.098142174705075,1.4678680112178533,80.08277016050425,73.85003697231826,86.10883674488268,12.258799772564416,19.917229839495747,31.354531191317747,13.95478118656347,18.579424605395722,14.44923318034255,11.496137915593865,1.7362588156274488,68.64546880868225,27-513
27,514,00000,000000,0000,DISTRICT,Jalna,Total,391701,1959046,5.001381155524239,936.8248089667248,14.667241095921177,870.1787271709559,13.897887032770031,2.1573255553978825,71.51506124275292,60.95454227112942,81.53447473919688,20.57993246806746,28.48493875724708,47.51731199777851,40.72045108925645,77.33374441123833,32.328018683275936,9.280835676978706,1.310686808051684,52.48268800222149,27-514
27,514,00000,000000,0000,DISTRICT,Jalna,Rural,320908,1581617,4.928568312413526,935.2228553529455,14.852078600571442,861.6500237755588,14.310986793895108,2.268311481224595,69.16940048146823,57.47946584504625,80.25912351197151,22.77965766692526,30.83059951853177,50.91649874780051,46.804947549382604,88.00701350049174,36.419662636718556,8.65325392646752,1.1907304570696284,49.08350125219949,27-514
27,514,00000,000000,0000,DISTRICT,Jalna,Urban,70793,377429,5.33144519938412,943.5667425358147,13.89267915290028,909.3656689243318,12.166791634983005,1.692238805179252,81.23503818532033,75.35036837648961,86.82076625962623,11.470397883136613,18.764961814679666,33.27301293753262,15.339864108931152,8.890605341529836,6.0900447516363805,13.305250752496377,2.0799159115159815,66.72698706246737,27-514
27,515,00000,000000,0000,DISTRICT,Aurangabad,Total,751915,3701282,4.9224739498480545,923.2744201127687,14.391202831883657,857.7606802431632,14.572464351540898,3.8734146709167256,79.0197192913136,70.08416755123704,87.37217203135037,17.28800448011333,20.980280708686394,42.55495798482796,31.47292371228711,60.38732025504753,25.181594066075412,8.154702081609875,1.426849065983357,57.44504201517204,27-515
27,515,00000,000000,0000,DISTRICT,Aurangabad,Rural,420950,2081112,4.9438460624777285,923.7048505996811,14.721168298486578,851.0301492356957,11.852269363686336,5.6734092158423,72.87400802818202,61.14851129907633,83.85882584045879,22.71031454138246,27.12599197181798,50.19835549456252,45.13618209783576,87.19220357543526,35.506813543617014,7.8380639504386025,1.485903871409919,49.80164450543747,27-515
27,515,00000,000000,0000,DISTRICT,Aurangabad,Urban,330965,1620170,4.895291042859517,922.7218137196729,13.967361449724411,866.9510192969285,18.066560916447038,1.5613176395069654,86.84473141422295,81.49134051710037,91.83458477779641,10.34324426069604,13.155268585777051,32.736996734910534,13.91271803129413,7.591511986349795,4.844691220694012,8.778363295279933,1.3105327161832219,67.26300326508947,27-515
27,516,00000,000000,0000,DISTRICT,Nashik,Total,1222887,6107187,4.994073041908206,934.3766886081467,13.556732420343442,890.0467983106951,9.082528502893394,25.615213681847305,82.31025910488835,76.08358371261302,88.17278723829922,12.089203525686202,17.689740895111655,45.24714897382379,34.4759883132243,61.433640885193505,26.425672232901775,8.696217025268083,1.234996352224564,54.75285102617621,27-516
27,516,00000,000000,0000,DISTRICT,Nashik,Rural,677310,3509814,5.181990521327014,944.8055977906724,14.13351248812615,889.8819728590913,6.586417399896405,39.86763970968262,77.19382537526288,69.31371829477467,84.71265634827489,15.398938053500217,22.806174624737125,53.032952743364746,49.04944103050727,87.82646863204177,37.357187601740236,9.308956149220085,1.347403347448476,46.967047256635254,27-516
27,516,00000,000000,0000,DISTRICT,Nashik,Urban,545577,2597373,4.760781704507338,920.4605781700794,12.777333097710649,890.2932197211337,12.45550793051287,6.355998926607769,89.116565099594,85.23487220189014,92.70697914701769,7.47210694512755,10.883434900406002,34.726240705512836,14.515153438150405,6.967859241438186,3.8667583179041434,7.431732762730468,1.0030267082053728,65.27375929448716,27-516
27,517,00000,000000,0000,DISTRICT,Thane,Total,2529165,11060148,4.373043277129013,885.7631560910188,11.999351184089036,924.3342782365352,6.6010780325905225,13.946024953734796,84.52850415524419,79.77386727938828,88.71554791859123,8.941680639202943,15.471495844755808,40.6212195352178,21.744538572146286,17.092695882070004,9.3039322982919,12.514693061091306,1.7771230958560726,59.37878046478221,27-517
27,517,00000,000000,0000,DISTRICT,Thane,Rural,541599,2545470,4.699916358782051,957.8490250250743,14.308005987106506,961.3974053110879,3.3385583016103118,49.70249109201837,70.59599388244614,61.53597390362903,79.26876869197244,17.732794788343412,29.404006117553863,45.95336028316971,35.356860087334,59.78752343491527,32.306115348084894,24.30272310936978,3.9581817668878863,54.04663971683029,27-517
27,517,00000,000000,0000,DISTRICT,Thane,Urban,1987566,8514678,4.2839724567637,865.2324607848249,11.309176929532743,910.6786407343178,7.576410992876066,3.256599955981894,88.55280731402493,85.34754756395,91.3080244001178,5.9604768361678,11.447192685975068,39.02717166756042,17.45263480901002,2.063864451745662,1.2070280267634617,8.36523687059853,1.0093775635427582,60.97282833243959,27-517
27,518,00000,000000,0000,DISTRICT,Mumbai Suburban,Total,2105604,9356962,4.44383749270993,859.741861136723,9.948570914363017,912.6600588457682,6.23388232206137,1.1174567129801318,89.90523230380731,86.37120499524534,92.92355566254392,6.552350667298583,10.09476769619269,39.91702648787074,18.279357107701312,0.9854830802825473,0.5548027708545682,5.866071435742932,0.9589236579928199,60.08297351212926,27-518
27,518,00000,000000,0000,DISTRICT,Mumbai Suburban,Rural,0,0,,,,,,,,,,,,,,,,,,,27-518
27,518,00000,000000,0000,DISTRICT,Mumbai Suburban,Urban,2105604,9356962,4.44383749270993,859.741861136723,9.948570914363017,912.6600588457682,6.23388232206137,1.1174567129801318,89.90523230380731,86.37120499524534,92.92355566254392,6.552350667298583,10.09476769619269,39.91702648787074,18.279357107701312,0.9854830802825473,0.5548027708545682,5.866071435742932,0.9589236579928199,60.08297351212926,27-518
27,519,00000,000000,0000,DISTRICT,Mumbai,Total,674339,3085411,4.575459820654004,831.53054004255,8.844397067359907,914.102941795379,7.1281913495479206,0.8132790088581391,89.2088781433054,86.45074353611972,91.48129558079482,5.030552044675105,10.791121856694602,41.628035940754735,18.80257252447346,0.9184083413526669,0.44729195668625565,5.844147755053737,0.8874210134569089,58.371964059245265,27-519
27,519,00000,000000,0000,DISTRICT,Mumbai,Rural,0,0,,,,,,,,,,,,,,,,,,,27-519
27,519,00000,000000,0000,DISTRICT,Mumbai,Urban,674339,3085411,4.575459820654004,831.53054004255,8.844397067359907,914.102941795379,7.1281913495479206,0.8132790088581391,89.2088781433054,86.45074353611972,91.48129558079482,5.030552044675105,10.791121856694602,41.628035940754735,18.80257252447346,0.9184083413526669,0.44729195668625565,5.844147755053737,0.8874210134569089,58.371964059245265,27-519
27,520,00000,000000,0000,DISTRICT,Raigarh,Total,611790,2634200,4.305725820951634,959.4672498502988,11.419596082302027,935.2856784420698,5.123073418874801,11.583213119732747,83.14075902605013,76.9174041942302,89.13153919394941,12.214134999719207,16.859240973949866,40.73225267633437,24.74123060343992,37.10796863655893,17.818035749401893,19.95807893797491,3.347533805729709,59.26774732366563,27-520
27,520,00000,000000,0000,DISTRICT,Raigarh,Rural,381204,1664005,4.3651299566636235,988.0680433359299,11.346360137139012,948.9445161290323,3.866454728200937,16.272066490184827,78.82932563088013,71.17456603362899,86.43194828953644,15.257382255907444,21.170674369119865,42.941938275425855,29.51104522441715,54.06252274139466,25.821489148506206,24.52963798498648,4.32884196619999,57.05806172457415,27-520
27,520,00000,000000,0000,DISTRICT,Raigarh,Urban,230586,970195,4.207519103501514,912.2832606351841,11.545204829956864,912.6908234008401,7.278330644870361,3.5412468627440874,90.5520261389166,87.22877793437665,93.5835931076435,6.354815173266843,9.447973861083398,36.94236725606708,16.218569459388217,3.306241682081844,1.8618186282305609,10.843914701754679,1.3911325761063356,63.05763274393292,27-520
27,521,00000,000000,0000,DISTRICT,Pune,Total,2151503,9429408,4.382707344586552,914.9486048733729,11.718222395297776,883.4581916425899,12.521496577515789,3.6998717204728018,86.15252492987824,81.05105857548854,90.84183297060017,9.790774395111626,13.84747507012176,42.94005519752672,27.504853724599656,32.131223738840745,10.23615007484577,7.3542236304187245,1.0432964443257868,57.05994480247328,27-521
27,521,00000,000000,0000,DISTRICT,Pune,Rural,779972,3678226,4.715843645669332,932.4097423611987,11.965061418194532,870.8001768346596,9.815302267995495,6.9432655850945535,80.97966600414314,73.25355493104159,88.25069296579771,14.99713803475612,19.02033399585686,49.71382943843037,40.504601681554846,68.44722181662671,21.49993410212366,8.302421487192023,1.2398097547450573,50.28617056156962,27-521
27,521,00000,000000,0000,DISTRICT,Pune,Urban,1371531,5751182,4.19325702444932,903.9456543509459,11.560354028093704,891.9318075107351,14.25227022897206,1.625526717812095,89.44573931079906,86.11566780867965,92.46121004867288,6.345542239993236,10.554260689200945,38.60782009680793,19.055255836165824,2.223647387009403,0.9600046117691989,6.573347396827427,0.8814604175993039,61.39217990319208,27-521
27,522,00000,000000,0000,DISTRICT,Ahmadnagar,Total,930024,4543159,4.884991140013591,939.1798363087298,12.238488681553958,851.9108174181815,12.62773325784988,8.325264425039935,79.0513011189711,70.89194562466123,86.81906817188204,15.927122547220804,20.948698881028903,48.52548634111199,41.09744247918725,71.30845191169333,25.35659691824784,7.4905084392109185,1.0929469878752964,51.47451365888801,27-522
27,522,00000,000000,0000,DISTRICT,Ahmadnagar,Rural,739083,3630542,4.912225013970014,938.4528970205141,12.407871882490273,848.7390474627049,12.210353164899345,9.777465733766473,76.88974673191053,67.85128192893211,85.49319253984368,17.641910610911566,23.110253268089465,51.66771242420553,46.83879189934201,81.3514957208002,28.417895552766847,7.236363016028208,1.063482704612068,48.33228757579447,27-522
27,522,00000,000000,0000,DISTRICT,Ahmadnagar,Urban,190941,912617,4.779575889934587,942.0771283500525,11.564654175848139,865.5719159316282,14.28814058909707,2.5481664268800603,87.56833309378547,82.86850667079808,92.04514388706771,9.176637216269626,12.43166690621453,36.02518909904155,18.302729394012637,14.007579720900805,7.890270460988162,8.940542381954668,1.2610562943316341,63.97481090095846,27-522
27,523,00000,000000,0000,DISTRICT,Bid,Total,535835,2585049,4.8243377159013505,916.1200083610925,13.65119191164268,807.4214448513407,13.587904910119692,1.2658173984322927,76.98855681875708,67.82188226260273,85.55493252653483,17.7330502639321,23.011443181242925,48.5696015820203,42.698490140726555,78.04130148747798,29.753223293733093,8.031552756246676,1.2036975089761603,51.430398417979696,27-523
27,523,00000,000000,0000,DISTRICT,Bid,Rural,435588,2070751,4.753921136486772,912.0896269360966,13.696866499159,796.3076728205452,13.467046496657492,1.2884697387566153,74.73402782013325,64.7014059672405,84.08294174684866,19.381535779608157,25.26597217986675,52.46352651767402,49.50530131923023,87.91731138662118,32.782180231942704,7.516736638533711,1.1433289549139396,47.536473482325974,27-523
27,523,00000,000000,0000,DISTRICT,Bid,Urban,100247,514298,5.1303081388969245,932.5211928094751,13.467289392531178,854.4042838018742,14.074524886349938,1.1746108287413135,86.04202806065128,80.26061463622155,91.5070505031078,11.246435866886259,13.957971939348724,32.891242042551205,15.60583471007777,14.614652486713684,10.30036829255316,11.337853735243174,1.591402171921092,67.1087579574488,27-523
27,524,00000,000000,0000,DISTRICT,Latur,Total,481572,2454196,5.0962182186671985,927.6717407355043,12.949699209028129,889.067208759072,19.595541676377927,2.3424371973550606,77.26472522508817,69.63185009529977,84.3903944509156,14.758544355615825,22.73527477491183,42.65580255203741,31.906954454318846,71.48617241896457,39.79320957876769,7.897926841965999,0.950655151563203,57.344197447962586,27-524
27,524,00000,000000,0000,DISTRICT,Latur,Rural,363409,1829216,5.033491190366777,926.0845713467418,13.029352465755823,889.2085988775802,20.205869618459495,2.632111243286741,75.10586901220142,66.67222707309762,82.96377516389391,16.291548090796297,24.894130987798576,46.87073587810297,38.64872332176248,84.76556713752686,46.82382223715165,7.325917605879397,0.8834023236257051,53.12926412189704,27-524
27,524,00000,000000,0000,DISTRICT,Latur,Urban,118163,624980,5.28913450064741,932.3321986315558,12.716566930141765,888.643330719327,17.80920989471663,1.4946078274504786,83.5607071625506,78.2292013689088,88.56627996246694,10.337078593558132,16.4392928374494,30.319370219847038,12.24353085920271,11.402184811863423,7.982479286505884,10.486041479761465,1.2549474906327511,69.68062978015297,27-524
27,525,00000,000000,0000,DISTRICT,Osmanabad,Total,351281,1657576,4.718661128839875,923.9798731334189,12.49390676505934,867.0922024179807,15.998301133703674,2.174198950757009,78.44368760686118,70.51455711395357,85.83669945751224,15.322142343558667,21.556312393138825,46.689623884515704,37.70170129428007,77.12542446467059,38.70252068699963,9.306177931455094,1.2000010337039162,53.310376115484296,27-525
27,525,00000,000000,0000,DISTRICT,Osmanabad,Rural,296494,1376519,4.642653814242447,921.876418001304,12.463322336996438,866.5477135987293,16.078601167146985,2.1799190566930062,76.85091359954987,68.42146959794019,84.6904812244924,16.269011626552214,23.14908640045013,49.64610005383144,42.24301131940595,84.47090086451621,41.80333865973649,8.81519722324653,1.1003997728962172,50.35389994616855,27-525
27,525,00000,000000,0000,DISTRICT,Osmanabad,Urban,54787,281057,5.1299943417234015,934.3487178075403,12.643698609178921,869.7253498895086,15.605019622354185,2.1461838701758005,86.26064572887859,80.70771372736499,91.50302473632534,10.795311008960354,13.739354271121414,32.20983643887183,15.614434402139086,21.675061859314244,15.294715447154472,13.012548603746907,1.951882290562036,67.79016356112817,27-525
27,526,00000,000000,0000,DISTRICT,Solapur,Total,873167,4317756,4.944937222776399,938.080267450441,12.470667633835724,883.4996624446006,15.04821022772014,1.7970445759324982,77.01621171946256,68.54566136731017,85.03032740414001,16.484666036829836,22.98378828053744,43.967167204446014,33.08582595181406,62.978674090481704,29.410844423842246,7.122859046721046,0.9986330558182044,56.032832795553986,27-526
27,526,00000,000000,0000,DISTRICT,Solapur,Rural,593560,2918665,4.917219826133836,922.2698691929294,12.89384016322531,873.555607553407,15.184373677691685,1.703895445349158,74.05737319639371,64.63636163241912,82.81605792877312,18.179696296353995,25.942626803606288,47.800038716330924,39.53947734878121,82.9507505789812,38.261644313798854,7.01034962508682,0.9601303971047714,52.19996128366907,27-526
27,526,00000,000000,0000,DISTRICT,Solapur,Urban,279607,1399091,5.003776729481022,971.9143802263255,11.587880988441782,906.9939776042156,14.764157585174944,1.9913643930237561,83.09751440217435,76.36369276686482,89.70172604016378,13.338033273298961,16.902485597825645,35.9713556873713,19.980509932103796,7.6139741531418395,4.875494762275668,7.43474701553037,1.1053664817434707,64.0286443126287,27-526
27,527,00000,000000,0000,DISTRICT,Satara,Total,653735,3003741,4.594737928977338,988.1238408781329,10.58296970344647,895.2298052215181,10.761114223896135,0.9866030393432723,82.86721253857243,76.31095451624026,89.42166444669957,13.110709930459308,17.13278746142757,45.10864951405597,34.17123328503804,65.1772357147549,21.937463236569403,12.586470171896021,1.9944691563581454,54.891350485944024,27-527
27,527,00000,000000,0000,DISTRICT,Satara,Rural,528587,2433363,4.6035241123977695,994.970276671676,10.625911547105796,896.6953970291582,10.17419102698611,0.9231257317547772,81.42142987204318,74.21401685218238,88.6817164840358,14.46769963185342,18.578570127956823,47.452887218224326,37.84794835919823,74.20145994504205,24.707954699961288,13.281533487889938,2.099331342053051,52.547112781775674,27-527
27,527,00000,000000,0000,DISTRICT,Satara,Urban,125148,570378,4.557627768721833,959.4356442786326,10.399769977102903,888.8676601706788,13.265062817990877,1.2574117515051422,89.01968457715337,85.41518313568392,92.5087315981809,7.093548462496983,10.98031542284663,35.10759531398476,18.194317632525912,13.139837999260909,5.96166714940623,8.578448508334748,1.3897905576141347,64.89240468601524,27-527
27,528,00000,000000,0000,DISTRICT,Ratnagiri,Total,397115,1615069,4.067005779182352,1121.9608971503874,9.631786629549573,936.4395702886734,4.145209895057115,1.2614940909645347,82.17777348409636,74.52990223712985,90.92580950310523,16.39590726597538,17.822226515903637,44.21334320700849,35.95862979947257,63.02270346573754,21.44267556954722,22.28096169035229,5.507817095099121,55.78665679299151,27-528
27,528,00000,000000,0000,DISTRICT,Ratnagiri,Rural,335318,1351346,4.030043123244204,1144.268683762474,9.551439823701703,937.3639734025787,4.256792856899713,1.3903175056573225,80.1258802247943,71.68212933991009,89.99432211359321,18.312192773683122,19.8741197752057,46.48890809607606,39.90844962025036,70.87513092422154,23.933425232320854,24.026703765842228,6.0255385800651355,53.51109190392393,27-528
27,528,00000,000000,0000,DISTRICT,Ratnagiri,Urban,61797,263723,4.267569623120863,1014.5674825067987,10.043492603982209,931.9474835886215,3.573446381240923,0.6013885781672437,92.74941408555193,90.15645045735518,95.4052116930323,5.248761235677122,7.250585914448067,32.55309548276032,14.512667996837706,5.560861968549796,3.2160745486313336,9.506115317414094,1.7192778101339548,67.44690451723969,27-528
27,529,00000,000000,0000,DISTRICT,Sindhudurg,Total,209839,849651,4.049061423281659,1035.9114565861234,8.379087413538029,922.3686342280067,6.542215568509895,0.8210429929465157,85.56235532295898,79.81163351416515,91.58317950659746,11.771545992432308,14.437644677041021,40.861247735835065,27.179467013941093,59.51644401430967,23.566009366952976,34.748745600239644,7.844967135014315,59.13875226416493,27-529
27,529,00000,000000,0000,DISTRICT,Sindhudurg,Rural,183201,742645,4.053716955693473,1044.3446711518768,8.310161651933292,926.3062613146889,6.55885382652546,0.8104814548000726,84.63028505132687,78.39919931369745,91.2088277028047,12.809628389107246,15.369714948673135,41.60305394906045,28.631150544181644,66.10338454766428,26.072377598612135,37.03258966283989,8.472211882976278,58.39694605093955,27-529
27,529,00000,000000,0000,DISTRICT,Sindhudurg,Urban,26638,107006,4.017043321570688,979.2468185853803,8.857447245948826,897.1176941553243,6.426742425658374,0.8943423733248603,92.06996964974161,90.00412711514652,94.11021439634793,4.106087281201411,7.9300303502583915,35.712950675663045,16.776850137886747,6.261939029177024,3.3023681800340183,16.284181604082168,2.773779929347115,64.28704932433695,27-529
27,530,00000,000000,0000,DISTRICT,Kolhapur,Total,840240,3876001,4.612968913643721,956.9259306755634,10.550616473009166,862.883277681862,13.01498632224295,0.7793083644715262,81.50553538315904,74.21705095543642,88.56551193916204,14.348460983725616,18.494464616840958,43.964230143387475,30.54064620493494,54.39381615840813,15.611477101077783,11.472112972945693,1.6720127413802615,56.035769856612525,27-530
27,530,00000,000000,0000,DISTRICT,Kolhapur,Rural,568519,2645992,4.654183941082004,961.7160248069601,10.58037968368763,861.8799962756547,13.44074358501462,0.8434643793329686,78.35337247615843,69.72986074651652,86.75475800886643,17.02489726234991,21.646627523841573,47.8934554601828,37.620000971340076,71.02063748710799,19.835597672768824,13.042263723932873,1.9453039123082372,52.1065445398172,27-530
27,530,00000,000000,0000,DISTRICT,Kolhapur,Urban,271721,1230009,4.526735143768792,946.7003670215544,10.486589935520797,865.0645613730678,12.099098461881173,0.6412961205974916,88.2793547455412,83.94914728451775,92.42221211194915,8.4730648274314,11.720645254458802,35.51169137786797,15.188425955336813,6.155262055371259,3.3562501573957695,6.916714171571692,0.8791269170804744,64.48830862213202,27-530
27,531,00000,000000,0000,DISTRICT,Sangli,Total,598386,2822143,4.716258401767421,965.6529649070019,10.870356321419573,866.5510632472392,12.511520500555784,0.6496127233807784,81.47788433174338,74.59181844270827,88.21565347069664,13.623835027988363,18.522115668256617,43.05607476304355,29.925383092364115,63.471686374170446,23.923302038344044,11.534485937006215,1.7637996418413566,56.94392523695645,27-531
27,531,00000,000000,0000,DISTRICT,Sangli,Rural,442436,2102786,4.752746159896573,963.1583271404618,10.95132838053896,859.2951435145936,12.000745677401314,0.609667365105151,79.8446784864964,72.12099857981873,87.38869318007873,15.26769460026,20.155321513503594,45.84351427106705,34.39101178486752,75.92850970600348,27.829201724912366,12.257479582278258,1.8082119023932797,54.15648572893295,27-531
27,531,00000,000000,0000,DISTRICT,Sangli,Urban,155950,719357,4.612741263225392,972.9816458404187,10.633663118590631,888.7407407407408,14.00459021042403,0.766378863346016,86.23501430320302,81.76365216354675,90.63263643768667,8.868984274139919,13.764985696796984,34.90798032131473,16.9388278605114,15.651519435473274,8.92904787884339,8.759004910140057,1.593306599021158,65.09201967868528,27-531
28,532,00000,000000,0000,DISTRICT,Adilabad,Total,649849,2741239,4.2182707059640006,1001.4931399528475,11.308463070896044,933.9326599746711,17.823911012502013,18.086493005535086,61.01177708394088,51.3115608691418,70.81334252869,19.5017816595482,38.98822291605912,48.28717962935738,41.90072919901841,64.11348171405649,36.63398724905886,19.43139777602675,2.503575294994889,51.71282037064262,28-532
28,532,00000,000000,0000,DISTRICT,Adilabad,Rural,473010,1980980,4.188029851377349,1010.528740905082,11.82278468232895,936.9076564283233,18.6013993074135,23.37676301628487,55.285203057294794,44.95460047054131,65.83096652533304,20.87636605479173,44.714796942705206,53.470958818362625,50.630073809076634,76.99124568444246,43.15954039135274,19.93251822753668,2.5082865313066147,46.52904118163737,28-532
28,532,00000,000000,0000,DISTRICT,Adilabad,Urban,176839,760259,4.299159122139347,978.326489614722,9.96831343002845,924.7961801234349,15.798037247832648,4.301823457532236,75.62595511297727,67.83123694975453,83.29936420223761,15.468127252483086,24.374044887022734,34.77998945096342,18.78259944409719,12.525622310130172,10.492856008289905,17.423927266676248,2.484702251737779,65.22001054903657,28-532
28,533,00000,000000,0000,DISTRICT,Nizamabad,Total,593234,2551335,4.300722817640256,1040.0218767815863,11.069381323895138,948.0124433530835,14.544307196036584,7.562354610429442,61.254307119076145,51.54471852235195,71.46963272748322,19.924914205131266,38.745692880923855,49.428083728714576,44.34217425466712,57.60025565469488,35.54750070574652,16.26476120392427,2.4849414309684748,50.571916271285424,28-533
28,533,00000,000000,0000,DISTRICT,Nizamabad,Rural,465538,1962963,4.216547306557144,1047.233262796492,10.950079038677755,943.5241780896235,16.47636761365344,9.439658312459278,56.49796312049597,46.057018635749344,67.57324864042177,21.516230004672423,43.50203687950403,52.980417868294005,50.42883064475973,67.45811962853347,41.211131688311184,16.238968601500407,2.519072372128086,47.019582131705995,28-533
28,533,00000,000000,0000,DISTRICT,Nizamabad,Urban,127696,588372,4.607599298333542,1016.3260270592589,11.46740497508379,962.4501905122015,8.09844792070323,1.2991780710162957,77.21544017001311,70.28518510084334,84.30870590428982,14.023520803446488,22.78455982998689,37.57656720578137,23.73384856086968,11.229815912072008,8.906327739834456,16.38608711384504,2.3243927812203173,62.42343279421863,28-533
28,534,00000,000000,0000,DISTRICT,Karimnagar,Total,976022,3776269,3.869040861783853,1007.7993407060826,8.899074721636621,935.2652219733136,18.795191762027546,2.8267318880090375,64.14797791766563,54.792641698541836,73.64530302790669,18.852661329364857,35.85202208233437,49.699001845472345,43.64645372728332,59.53048005933606,40.32778691878804,15.2636873603983,2.080278436119968,50.300998154527655,28-534
28,534,00000,000000,0000,DISTRICT,Karimnagar,Rural,743421,2825044,3.800059454871466,1015.0818502799672,8.652714789574958,936.6116841755004,20.795569909707602,3.269081826690133,59.60940881600837,49.72077742431639,69.72395369545859,20.003176271142202,40.39059118399163,53.519697392323806,50.19759762882845,71.13075455288022,47.87086917269363,15.943199367706049,2.1670618503857586,46.4803026076762,28-534
28,534,00000,000000,0000,DISTRICT,Karimnagar,Urban,232601,951225,4.08951380260618,986.4780202568654,9.630739309837315,931.6816025303111,12.854266866409104,1.512996399379747,77.77295649796712,70.24872136201219,85.24077186069421,14.992050498682019,22.227043502032885,38.351914636389914,23.91024080444562,11.453539210499626,9.065740530079793,12.447473088952423,1.7206075441390518,61.648085363610086,28-534
28,535,00000,000000,0000,DISTRICT,Medak,Total,668626,3033288,4.536598935727896,991.6140850803989,12.118961338323297,952.0954586006203,17.7347815308009,5.57101732509409,61.415245987429124,51.37099567457345,71.43126862753032,20.060272952956865,38.584754012570876,47.545864421710036,40.01495108782738,64.09291895801077,39.60115184894221,17.106399029817577,2.770691781947479,52.454135578289964,28-535
28,535,00000,000000,0000,DISTRICT,Medak,Rural,504567,2305417,4.569099842042781,999.8308475146729,12.122622501699258,951.1372680433963,19.99711982691201,6.801415969431994,55.99815394335469,45.266201745030365,66.80243430853594,21.53623256350557,44.00184605664531,50.8974732120046,46.26981696339875,75.95063571726241,46.542906547559696,17.560863781203153,2.7952128815518,49.1025267879954,28-535
28,535,00000,000000,0000,DISTRICT,Medak,Urban,164059,727871,4.436641695975228,966.0286745321752,12.107365178719856,955.1404357279141,10.569180527868262,1.673922989101091,78.57005525639121,71.09394618477725,85.8034753190835,14.709529134306251,21.429944743608786,36.93017031864162,19.857009844902933,12.330917694677163,9.298596747072216,15.122542819303284,2.6636508385291884,63.06982968135837,28-535
28,536,00000,000000,0000,DISTRICT,Hyderabad,Total,849051,3943323,4.644388852966429,953.5181997200996,11.89671756536302,913.8079444532834,6.287260769660512,1.2410091691702658,83.24671859425358,79.34545309154967,86.98805941871429,7.642606327164614,16.75328140574642,35.84025452644888,19.104423020572046,3.6324282864818933,1.6294522665794946,22.445105310490295,1.6157254986036196,64.15974547355111,28-536
28,536,00000,000000,0000,DISTRICT,Hyderabad,Rural,0,0,,,,,,,,,,,,,,,,,,,28-536
28,536,00000,000000,0000,DISTRICT,Hyderabad,Urban,849051,3943323,4.644388852966429,953.5181997200996,11.89671756536302,913.8079444532834,6.287260769660512,1.2410091691702658,83.24671859425358,79.34545309154967,86.98805941871429,7.642606327164614,16.75328140574642,35.84025452644888,19.104423020572046,3.6324282864818933,1.6294522665794946,22.445105310490295,1.6157254986036196,64.15974547355111,28-536
28,537,00000,000000,0000,DISTRICT,Rangareddy,Total,1235341,5296741,4.287675224897417,961.0238103700544,11.953992086832262,932.9777783205063,12.310248887004292,4.130030144951395,75.86524397945007,69.39554364741822,82.10782217409715,12.71227852667893,24.13475602054993,41.46092852189677,27.243248824127907,28.230190366644536,15.893424550494109,16.452102338805815,1.7264414105509913,58.53907147810323,28-537
28,537,00000,000000,0000,DISTRICT,Rangareddy,Rural,349140,1577569,4.518442458612591,969.4674118896946,12.224378141304754,938.2682546861652,20.634089539031255,8.48710896322126,60.60332731286664,50.59901669050048,70.34644870124501,19.747432010744532,39.39667268713336,49.401262321965,43.31316736977114,70.54632194718859,38.97366871156198,16.683625482620528,2.043398315752195,50.598737678035,28-537
28,537,00000,000000,0000,DISTRICT,Rangareddy,Urban,886201,3719172,4.196758974544149,957.4640985897331,11.839301866114285,930.6698002350176,8.779507911976106,2.2818788698129584,82.3106469101343,77.38712730744075,87.04273571752834,9.655608410087595,17.689353089865705,38.092860453885976,20.383448119671698,4.952358903086596,3.197130875905865,16.32474294841887,1.552085458224839,61.90713954611403,28-537
28,538,00000,000000,0000,DISTRICT,Mahbubnagar,Total,869451,4053028,4.661594500437633,976.7146283675366,13.008298980416615,924.8012149798842,17.4919590982347,8.987576695744515,55.04132681452539,44.717794167582255,65.20710712017977,20.489312952597516,44.95867318547461,51.38136228025072,47.05953435511689,72.03962927268702,44.70989449704946,12.81430357056251,1.3226884404857429,48.61863771974929,28-538
28,538,00000,000000,0000,DISTRICT,Mahbubnagar,Rural,743106,3445336,4.636399113989121,977.3076574317136,13.258387570907454,923.3029902402466,18.903032969788722,10.023957024801064,50.92044945023323,40.146251570495714,61.541983292268355,21.39573172177264,49.07955054976677,53.86322262908465,51.23589316565056,78.91176110819828,48.784843372208506,13.017083483989655,1.3346488706299113,46.13677737091535,28-538
28,538,00000,000000,0000,DISTRICT,Mahbubnagar,Urban,126345,607692,4.809782737741897,973.3591385558601,11.590410931853636,934.5748187211602,9.491814932564523,3.1117737274803683,77.96403217820861,70.24251273906924,85.51999705384105,15.277484314771812,22.035967821791388,37.3103480052395,23.3329107505071,15.79221283277173,11.357020623467355,11.154578974295644,1.2247940299560716,62.68965199476051,28-538
28,539,00000,000000,0000,DISTRICT,Nalgonda,Total,875939,3488809,3.982936026367133,982.5346692639728,10.655068821480338,923.437128103236,18.269415149983846,11.301249222872332,64.19542814832116,54.190593382554006,74.09847137514953,19.907877992595523,35.804571851678844,49.92228006749581,44.259608093985264,68.22987748127828,49.557011482505814,14.254750980798567,1.8465940897735709,50.07771993250418,28-539
28,539,00000,000000,0000,DISTRICT,Nalgonda,Rural,716294,2826302,3.945728988376281,979.596782553393,10.739687407785862,919.1947293213117,19.485957268543842,12.960398428759559,60.074814707349,49.35740914516983,70.65419618481393,21.296787039644094,39.925185292651,52.948906380139135,49.55855413968108,77.06448931370348,55.85648073900632,14.600506783847067,1.8221231463365086,47.051093619860865,28-539
28,539,00000,000000,0000,DISTRICT,Nalgonda,Urban,159645,662507,4.149876288014031,995.1664779434794,10.294079911608481,942.5487068474422,13.079559914083926,4.223200660521323,81.68693673987225,74.55979284369116,88.82396917978906,14.264176336097904,18.31306326012775,37.01047687043307,21.832586374379257,14.310126143468313,11.109842290076958,12.144520528391457,1.9959461167958825,62.98952312956694,28-539
28,540,00000,000000,0000,DISTRICT,Warangal,Total,886279,3512576,3.963284699287696,996.5974736270101,9.712757816485679,922.6798313834223,17.53989095182567,15.107317250929233,65.11376019736345,55.690057254441605,74.58353800043874,18.89348074599713,34.88623980263655,48.558522292471395,42.47596667987988,67.99370329873274,44.44579941430125,15.446148253896597,1.7592655021091603,51.441477707528605,28-540
28,540,00000,000000,0000,DISTRICT,Warangal,Rural,645197,2520243,3.9061604440194233,999.2503534048235,9.792904890520477,916.3515517629611,18.3036715110408,19.28520384740678,58.82755544686066,48.70137776325667,69.04166353744682,20.34028577419015,41.17244455313934,53.63014598195491,51.332394976695895,82.1944939738534,53.15867742914007,16.405693950177934,1.8784264691738002,46.36985401804509,28-540
28,540,00000,000000,0000,DISTRICT,Warangal,Urban,241082,992333,4.1161637948913645,989.8914549607268,9.509207090764894,939.43068543829,15.600106012800138,4.496676015007059,81.02887624308161,73.50168996602208,88.52103850392861,15.019348537906524,18.971123756918388,35.67804355997432,19.876794301989683,13.780451637503708,11.183324153709275,11.782965442246041,1.3043539663037185,64.32195644002567,28-540
28,541,00000,000000,0000,DISTRICT,Khammam,Total,754034,2797370,3.709872499118077,1011.0669538486314,10.078109081029682,958.3900636305538,16.54754287062491,27.367312868873263,64.80889288905992,57.44124955850447,72.30287594865248,14.861626390148018,35.19110711094008,50.406703439301914,43.17148541434688,73.01161225534763,57.05685281923773,13.771805778752992,1.7733971981373868,49.593296560698086,28-541
28,541,00000,000000,0000,DISTRICT,Khammam,Rural,582970,2141459,3.6733605502856066,1007.402644029093,10.159802265651594,961.7687369256294,17.132618462459472,33.15048291842151,59.75042245116797,51.86154332478663,67.73946857179324,15.877925247006608,40.24957754883203,54.70681437281778,50.57952242439131,84.6231063128028,65.79762770545034,13.871162690649102,1.7636002335419505,45.29318562718221,28-541
28,541,00000,000000,0000,DISTRICT,Khammam,Urban,171064,655911,3.834301781789272,1023.1241151486549,9.811392094354265,947.0531284037274,14.637351713875816,8.486059846534056,81.26030120512479,75.42126883309699,87.28477958475726,11.863510751660272,18.73969879487521,36.367433996380605,19.17040493934351,15.984455306911268,14.128566517703678,13.283837376015562,1.821512714955269,63.632566003619395,28-541
28,542,00000,000000,0000,DISTRICT,Srikakulam,Total,681330,2703114,3.967407864030646,1014.6362404582713,10.39678681698219,953.8846595056835,9.45812866198022,6.14543078834263,61.73961438880762,52.08058658327983,71.6104726342617,19.529886050981865,38.26038561119238,47.73339193241573,38.476144724161436,67.12842404176432,54.31601316915293,27.43914536909589,4.606800962265789,52.26660806758427,28-542
28,542,00000,000000,0000,DISTRICT,Srikakulam,Rural,572382,2266411,3.9596126363163062,1011.2122943895046,10.515789060324893,957.8336016823843,9.478598541923773,7.078945522237581,58.51159717565382,48.3457226538824,68.8571724190076,20.5114497651252,41.48840282434618,49.804029366253516,42.13061079065539,74.3222675421966,60.10273183765605,29.440077819632805,4.952673898175349,50.19597063374648,28-542
28,542,00000,000000,0000,DISTRICT,Srikakulam,Urban,108948,436703,4.008361787274663,1032.5948336048405,9.779186311978622,932.1359091526037,9.351893621065118,1.3006551363283512,78.35567275892964,71.06434782608696,85.96865320861025,14.90430538252329,21.644327241070357,36.98715145075715,19.70539050632626,16.856318565662068,13.877194720289246,13.456204650702064,2.1897674648968577,63.01284854924285,28-542
28,543,00000,000000,0000,DISTRICT,Vizianagaram,Total,587149,2344474,3.9929796354928646,1018.5281327137774,10.307514606687898,959.9107866991079,10.56646394884311,10.047285659811113,58.89185792201603,49.86521265404268,68.14859123251622,18.283378578473545,41.10814207798397,49.391121419985886,40.462739973136024,66.45632585525259,48.12368626949762,17.68166831035906,2.3569858078244366,50.60887858001411,28-543
28,543,00000,000000,0000,DISTRICT,Vizianagaram,Rural,463526,1853563,3.998832859429676,1013.8055339472508,10.51267208074395,961.9508855304625,10.270651712404703,12.199747189601865,53.76715797393628,43.99763608904065,63.73282962432515,19.735193535284502,46.23284202606372,52.94969742058942,46.76483038359937,76.38865114686752,55.2135806393766,18.894988669894524,2.4484031887318434,47.05030257941058,28-543
28,543,00000,000000,0000,DISTRICT,Vizianagaram,Urban,123623,490911,3.9710328984088723,1036.56103115964,9.532888853580385,951.4615737458821,11.683380490557353,1.9201036440413841,78.03194232098588,71.51137439714594,84.85221220999871,13.340837812852769,21.968057679014123,35.954786101757755,16.926943672907445,11.227946925316987,8.700554088812845,10.93503903550021,1.848662368418071,64.04521389824225,28-543
28,544,00000,000000,0000,DISTRICT,Visakhapatnam,Total,1097042,4290589,3.9110526306194293,1005.9698631545974,10.539648519119403,960.772666175259,7.679272006710501,14.415270257766474,66.90978163681723,59.34269590735383,74.56337644370848,15.22068053635465,33.09021836318277,44.04707605412683,30.246844441015597,47.68098910036039,30.63418345830606,21.627839665925702,3.3695278904099153,55.95292394587317,28-544
28,544,00000,000000,0000,DISTRICT,Visakhapatnam,Rural,579417,2254667,3.8912682920936046,1025.3307031585452,11.454773587407809,971.8801297957625,6.740684988071409,25.723000336635078,53.70501903426167,44.74427126011077,62.956613276131854,18.212342016021083,46.29498096573833,51.65241696445639,43.61946780932389,74.1674752488,47.424673060905555,25.895465356906723,4.033694261499756,48.34758303554361,28-544
28,544,00000,000000,0000,DISTRICT,Visakhapatnam,Urban,517625,2035922,3.9331987442646703,984.956262991432,9.526199923179767,946.1743013396217,8.718703368793108,1.8926068876901965,81.22157943425972,75.50600193240933,86.87502767215862,11.36902573974929,18.778420565740277,35.62459662010627,15.13769913466621,5.151877389564712,3.6738458738516644,14.775351618458297,2.3030819438871952,64.37540337989373,28-544
28,545,00000,000000,0000,DISTRICT,East Godavari,Total,1428528,5154296,3.6081168867533573,1005.8061523422299,10.128521916475112,968.2028622702115,18.339439566528583,4.13625837553761,70.99320372294883,67.51633947619166,74.50530366543947,6.98896418924781,29.006796277051166,40.620115724824494,21.196637942775073,61.25350519014119,53.592022853529265,16.505093182772352,2.7660374240392875,59.37988427517551,28-545
28,545,00000,000000,0000,DISTRICT,East Godavari,Rural,1073773,3840324,3.576476592352387,997.7828562035028,10.287621565263764,968.2060479250734,20.466606463412983,5.173990527882543,67.62248617370138,64.16881758420777,71.08040774575197,6.911590161544197,32.377513826298625,42.612420202045456,23.92109408033551,74.56538676590557,65.16659486512003,17.997134048904492,3.040474684607887,57.387579797954544,28-545
28,545,00000,000000,0000,DISTRICT,East Godavari,Urban,354755,1313972,3.7038857803272682,1029.629515210961,9.663524032475577,968.1929503673621,12.122404434797698,1.1032959606445192,80.77668332496486,77.06761129917317,84.62087458675099,7.5532632875778205,19.223316675035136,34.797240732679235,13.357196542935023,13.60902485860384,12.16553739288667,11.164938126878173,1.7838005712711003,65.20275926732076,28-545
28,546,00000,000000,0000,DISTRICT,West Godavari,Total,1091525,3936966,3.6068491330936077,1003.6286501523219,9.725433239707938,963.9259335248256,20.617348486118498,2.7704582665941233,74.62943282915208,71.3609671092936,77.92405243514253,6.563085325848931,25.37056717084792,45.03752381910334,29.09533642183152,68.63988287259913,59.88268084588001,13.476080473201918,2.258966156678202,54.96247618089666,28-546
28,546,00000,000000,0000,DISTRICT,West Godavari,Rural,877207,3128189,3.5660784740659843,996.275078764503,9.898251032786062,964.9447899479629,22.719311397105482,3.185836917142794,72.22251985327223,68.97602759168842,75.46829114970346,6.49226355801504,27.77748014672777,47.48309644973497,32.7135441487699,77.9187012450172,67.88046811515854,14.213110482906174,2.3696596315643133,52.51690355026503,28-546
28,546,00000,000000,0000,DISTRICT,West Godavari,Urban,214318,808777,3.77372409223677,1032.5881805958707,9.05700829771371,959.6308186195827,12.487372909961584,1.163856044373171,83.85278018724016,80.32271913941564,87.5245822065044,7.201863067088766,16.147219812759843,35.57853400875643,15.347358788138399,20.742933995016525,18.598371508700232,9.67155631083819,1.687570156141942,64.42146599124356,28-546
28,547,00000,000000,0000,DISTRICT,Krishna,Total,1243293,4517398,3.6334138453284948,992.347097414411,9.649005910039362,935.3698605807655,19.282405490948552,2.932307492056268,73.74023462862066,69.17658931066086,78.29763166850704,9.121042357846179,26.259765371379345,45.355312947851836,32.069938840625184,56.47680684081059,49.14763187692788,14.832591464605052,1.8473507477255866,54.644687052148164,28-547
28,547,00000,000000,0000,DISTRICT,Krishna,Rural,753922,2673738,3.5464384909844786,990.0784051613134,9.68385832867693,933.6171166125238,24.894772786264024,3.512498232811143,68.64255138174032,63.55705499888814,73.70937700733035,10.152322008442205,31.35744861825968,51.00294045265468,41.50378438194443,78.76078419869691,68.47035789056856,16.255733545503542,2.07789922159443,48.99705954734533,28-547
28,547,00000,000000,0000,DISTRICT,Krishna,Urban,489371,1843660,3.7674075496913386,995.6464369951107,9.598461755421281,937.9400974648196,11.14316088649751,2.0908952843799833,81.1260835052802,77.29554252065823,84.9641933104792,7.668650789820973,18.873916494719793,37.16493279671957,18.427103593206926,12.126912776654821,10.691263071096548,12.000233510168638,1.3885098402644502,62.835067203280424,28-547
28,548,00000,000000,0000,DISTRICT,Guntur,Total,1296609,4887813,3.7696892432491214,1002.7744075957552,10.142143326678005,945.3092809800928,19.58763561535599,5.0552056717390785,67.40401595233607,60.0850889867458,74.79228508368989,14.707196096944088,32.59598404766393,48.725759352904866,38.379318855289846,64.25434913319651,51.55960806575681,11.559255365246571,1.335601253598385,51.27424064709514,28-548
28,548,00000,000000,0000,DISTRICT,Guntur,Rural,877464,3235075,3.6868464119325695,995.1236238745697,10.286036645209153,944.6061243571763,22.877893093668618,5.901099665386429,61.948293671876996,53.765196016648034,70.14026066434037,16.37506464769234,38.051706328123004,53.91454603061753,47.56473787543754,81.19799836713726,64.53557439157515,12.415318178899378,1.4249708744989038,46.08545396938247,28-548
28,548,00000,000000,0000,DISTRICT,Guntur,Urban,419145,1652738,3.9431175368905746,1017.9211994676629,9.860486054050915,946.7466223883985,13.147274401629296,3.399449882558518,78.03264933513226,72.24770794204542,83.96813891151707,11.72043096947165,21.967350664867737,38.56921060688385,20.60157753074218,17.893381107164817,16.054956639600405,9.216908673334922,1.0910693891893928,61.43078939311615,28-548
28,549,00000,000000,0000,DISTRICT,Prakasam,Total,860463,3397448,3.948395224431498,981.2918862304084,11.133680338889661,932.3382017133837,23.18978833524457,4.448780378684236,63.07774245185873,53.11036838344301,72.92152591390055,19.811157530457542,36.92225754814127,50.054246599212114,42.118722231862904,68.75630304480799,52.28950108993059,13.93999765960412,1.5735928075753556,49.945753400787886,28-549
28,549,00000,000000,0000,DISTRICT,Prakasam,Rural,691813,2732866,3.9502958169331888,976.5550131957609,11.382702262020898,929.667630237088,25.544245491729196,4.551485510083554,59.29134293944319,48.59595936875446,69.8021589360056,21.20619956725114,40.70865706055681,53.22405123412564,47.70908552278324,77.84250987596096,59.007852643650025,14.586103391995556,1.6366663870826692,46.77594876587436,28-549
28,549,00000,000000,0000,DISTRICT,Prakasam,Urban,168650,664582,3.940598873406463,1001.0116733860648,10.10966291593814,944.7998379019887,13.507889169432815,4.02644068000638,78.42750608893613,71.1842811829804,85.72532731134231,14.541046128361913,21.572493911063873,37.01951000779437,19.41442403424182,15.037089726653797,12.569454323747586,10.12010974494462,1.2006909866883446,62.98048999220563,28-549
28,550,00000,000000,0000,DISTRICT,Sri Potti Sriramulu Nellore,Total,776854,2963557,3.8148184858416125,985.0024179925438,10.268370070155559,939.4227153664273,22.49283546764918,9.650463952608302,68.89876386106147,61.99204795111175,75.73886638918557,13.746818438073824,31.101236138938532,44.35754061757544,30.918418069568325,60.15506317318101,47.564319951679686,18.106196669458473,2.633578814524393,55.64245938242457,28-550
28,550,00000,000000,0000,DISTRICT,Sri Potti Sriramulu Nellore,Rural,567120,2105927,3.713371067851601,985.2065874190478,10.640492286769675,939.155041711378,25.8684180410812,11.442561874177025,63.64064859717533,56.019376633582176,71.1920817050232,15.172705071441023,36.35935140282467,48.639767665260955,37.73089520120714,74.24442409486116,58.78242889415202,20.346318233204922,2.911498187086432,51.36023233473905,28-550
28,550,00000,000000,0000,DISTRICT,Sri Potti Sriramulu Nellore,Urban,209734,857630,4.089131948086624,984.5012541535158,9.354616792789432,940.1707334768204,14.204027377773631,5.249932954770705,81.62700893488825,76.46208247001337,86.73611164418789,10.274029174174515,18.372991065111748,33.84244954117743,14.184212134459628,10.431259324083612,7.973663447525005,10.200418270208067,1.6527530379716306,66.15755045882257,28-550
28,551,00000,000000,0000,DISTRICT,Y.S.R.,Total,706204,2882469,4.081637883671007,985.4764195878569,11.503540888037305,917.7684468658547,16.159549330799393,2.6326735864288566,67.30085229310791,56.76591656656248,77.77922001759359,21.013303451031106,32.69914770689209,45.80809021710208,34.704744277594344,59.531931136228,41.082502022108386,18.21419807876983,2.6897828240447623,54.19190978289793,28-551
28,551,00000,000000,0000,DISTRICT,Y.S.R.,Rural,477712,1903337,3.984277137689654,983.276943772644,11.618489001159542,917.8613243137765,18.669841441636454,3.0567892075864656,63.15285121014293,51.493298003127194,74.72157349464938,23.228275491522183,36.84714878985707,50.49263477776137,42.89159895045165,75.82860323918234,51.970927479982734,20.09104672517936,3.0959008162989248,49.507365222238626,28-551
28,551,00000,000000,0000,DISTRICT,Y.S.R.,Urban,228492,979132,4.285191604082419,989.765974914852,11.280092980313174,917.5825129781065,11.279786586486807,1.808234231952382,75.33340624046691,66.93973717059959,83.72149224257572,16.781755071976136,24.666593759533086,36.70179301667191,18.84290665396429,15.949231826669152,11.963245667981043,13.194883111317651,1.6036887903183166,63.298206983328086,28-551
28,552,00000,000000,0000,DISTRICT,Kurnool,Total,887652,4053463,4.566500159972602,987.7448660693489,12.489049486821516,938.0017380185823,18.20529754434665,2.0434625898891885,59.96692061172342,49.784367521396504,70.09909955512062,20.314732033724113,40.03307938827658,50.066449354539564,42.95936523823425,66.43536962440099,51.11309853776316,13.398130012195573,1.3424492159109107,49.93355064546044,28-552
28,552,00000,000000,0000,DISTRICT,Kurnool,Rural,639120,2904177,4.5440245963199395,982.9567606579137,12.849457867065265,939.941360559778,19.594019235053512,2.2290308063179345,54.937009236643455,43.60886845318434,66.14576087067591,22.536892417491572,45.062990763356545,54.47767129896008,50.617459752932746,81.09678862898578,62.04826663835037,13.274652872586795,1.3137369416380975,45.52232870103992,28-552
28,552,00000,000000,0000,DISTRICT,Kurnool,Urban,248532,1149286,4.624297877134534,999.947795036352,11.578319060703777,932.5829642001307,14.696080871079959,1.5745428030968793,72.49448445117092,65.01454698627587,80.04262529087411,15.028078304598239,27.50551554882908,38.91955527170782,23.773641381902728,14.576668298691919,12.434467479102251,13.834879286022487,1.4440070020590345,61.08044472829217,28-552
28,553,00000,000000,0000,DISTRICT,Anantapur,Total,968160,4081148,4.215365228887787,976.8262940816035,10.927219498043197,927.4665145287398,14.288504116978851,3.776559928725937,63.5718828606577,53.965060103237064,73.01593016519323,19.05087006195616,36.4281171393423,49.891991175032125,41.03938555616658,63.49138527998208,43.19574140811702,17.50893591190502,1.9305891562868647,50.108008824967875,28-553
28,553,00000,000000,0000,DISTRICT,Anantapur,Rural,700366,2935437,4.191289982666206,971.2071997781295,11.03358716266096,928.144924602773,16.213224811160995,4.304708293858802,59.21357904664389,48.77163424839174,69.41204075144947,20.640406503057726,40.78642095335611,54.368088976189924,48.91680725723926,78.1021980135857,52.887982701114886,19.0833495724466,1.956087349093732,45.63191102381008,28-553
28,553,00000,000000,0000,DISTRICT,Anantapur,Urban,267794,1145711,4.2783296115671,991.3702901598712,10.654693897501202,925.6688541140838,9.357159004321334,2.4233860022291833,74.69097992554016,67.061695196143,82.31649431776007,15.254799121617069,25.309020074459838,38.423738621694305,21.06481197391882,10.523027997046965,8.05860639445738,11.80123800329377,1.8381509455392127,61.576261378305695,28-553
28,554,00000,000000,0000,DISTRICT,Chittoor,Total,1039953,4174064,4.013704465490267,996.9648895514505,10.65081896204754,930.5463277792977,18.82481916904005,3.8131902146205707,71.53462187343477,63.281041479569375,79.8310250811728,16.549983601603422,28.465378126565227,46.318336278504596,35.08556236983291,61.17013050357487,38.69399184941012,13.629402122836082,1.9483727009548677,53.68166372149541,28-554
28,554,00000,000000,0000,DISTRICT,Chittoor,Rural,737322,2942678,3.991035124409688,996.3189901034699,10.881041010943093,932.4300672923141,22.001183955567004,4.37536828698213,67.0057853546485,57.7162633444104,76.33627519094559,18.620011846535185,32.994214645351505,50.651787249573346,42.280199315550725,76.86208629343201,48.33088340370032,14.52225701249028,2.0835024578687023,49.348212750426654,28-554
28,554,00000,000000,0000,DISTRICT,Chittoor,Urban,302631,1231386,4.068935436224312,998.5101078954543,10.100650811362156,925.713754877067,11.234170276420228,2.469737352869043,82.26336214372435,76.44677051151871,88.12087083275921,11.674100321240502,17.73663785627565,35.962565759233904,17.9112337744663,8.353619156440956,6.257818886364766,10.62420117514757,1.493548430803138,64.0374342407661,28-554
29,555,00000,000000,0000,DISTRICT,Belgaum,Total,983854,4779661,4.858099880673352,972.5698423854435,13.102791181215572,934.3558983324118,12.080731248513231,6.217972362475079,73.4828785725017,64.57769620610587,82.19627285640657,17.618576650300696,26.517121427498296,44.054756184591334,31.114598247134218,64.6586736370596,30.846125790010582,17.62704281966578,2.2661692156598288,55.94524381540866,29-555
29,555,00000,000000,0000,DISTRICT,Belgaum,Rural,719233,3568466,4.961488140838921,970.3372657631244,13.650207119810027,936.0291575085752,12.564922854806518,7.114429561609947,69.28076958151311,59.202900645785306,79.11548289670695,19.912582250921645,30.719230418486887,46.96679189321126,36.377500039832206,77.84222377884407,36.76558507966019,19.128051771068392,2.3060941745614842,53.03320810678874,29-555
29,555,00000,000000,0000,DISTRICT,Belgaum,Urban,264621,1211195,4.5770932767996495,979.1770498178829,11.489974776976457,928.5219367534158,10.654188631888342,3.5767981208641055,85.5611182160184,79.94671396522503,91.0966326853857,11.14991872016067,14.4388817839816,35.47521249674907,15.67989372957782,13.234684900645604,7.756578243040073,11.772180769606726,2.1104372151910518,64.52478750325092,29-555
29,556,00000,000000,0000,DISTRICT,Bagalkot ,Total,361149,1889752,5.232610363035755,988.9802349409701,14.388554688657559,934.5860221556587,16.888406521067314,5.143690812339397,68.8207268438737,58.398285751047894,79.22674045160333,20.82845470055544,31.1792731561263,43.29038942676076,32.61947914150191,61.05043388124158,37.06760088548689,17.317845054462822,1.801533100023103,56.709610573239246,29-556
29,556,00000,000000,0000,DISTRICT,Bagalkot ,Rural,242690,1291906,5.3232766080184595,986.7316040949333,15.008290076832214,936.0259610584123,18.423476630652694,6.255873105318808,64.19887560529793,52.576766393622144,75.77406260849965,23.197296214877504,35.80112439470207,46.086325166072456,38.04257534220956,78.21804794152423,46.75944587767387,18.538710630979256,1.79495189723745,53.91367483392755,29-556
29,556,00000,000000,0000,DISTRICT,Bagalkot ,Urban,118459,597846,5.046860095053985,993.8568055388803,13.049347156291086,931.0165589960645,13.571220682249274,2.7403378127477644,78.58323185804618,70.64764889319017,86.54771953762483,15.900070644434663,21.416768141953824,37.24855564811005,20.942812464345877,15.150276843490248,11.155018882836602,14.053680244646122,1.8191289197041616,62.75144435188995,29-556
29,557,00000,000000,0000,DISTRICT,Bijapur,Total,408806,2177331,5.3260739813016444,959.755072356803,14.623683766960557,931.4189353132431,20.335585172856124,1.805605119295137,67.14999260325189,56.71836706074659,77.2133008372738,20.49493377652722,32.85000739674811,42.60822079876693,32.59946225718811,66.16389392511981,37.89928448392945,18.069960613200937,2.118738156473599,57.39177920123307,29-557
29,557,00000,000000,0000,DISTRICT,Bijapur,Rural,309751,1675353,5.408708930721773,953.623178265828,15.032593131119231,933.4628199419614,21.732017073416767,1.8887959731471518,62.81204689273792,51.09623671358805,74.02681684687559,22.930580133287542,37.18795310726208,45.396999915838634,37.484516215023156,77.95505942989377,44.39360471231724,18.117045335016304,2.092668560008415,54.603000084161366,29-557
29,557,00000,000000,0000,DISTRICT,Bijapur,Urban,99055,501978,5.06766947655343,980.50185433599,13.258947603281419,923.723914677149,15.67498974058624,1.5279554084043525,81.33186042933161,74.79255075983912,87.80235947766172,13.009808717822608,18.668139570668387,33.300662578838114,16.524356384648193,12.516002440746101,8.351180292171666,17.85573276223065,2.2373505940345293,66.69933742116189,29-557
29,558,00000,000000,0000,DISTRICT,Bidar,Total,319937,1703300,5.323860635062528,956.320743339861,13.176891915693068,942.37992211164,23.471202958962014,13.845006751599836,70.50528177823699,61.551545230834705,79.08702647941041,17.535481248575707,29.49471822176301,41.24980919391769,29.251472734151218,59.975548243117075,39.86447635096668,21.46929724682896,2.5355532530230227,58.750190806082315,29-558
29,558,00000,000000,0000,DISTRICT,Bidar,Rural,239979,1277348,5.322749073877298,961.378886756238,13.214566429821787,948.8079431969059,25.867578764753222,16.812881062952304,66.72767718609501,56.81565385895274,76.27600131058118,19.460347451628436,33.27232281390499,44.333963806261096,33.942929062223484,71.73542598521277,47.44295857841882,22.668766852846286,2.4843766278944517,55.6660361937389,29-558
29,558,00000,000000,0000,DISTRICT,Bidar,Urban,79958,425952,5.327196778308612,941.3075678508762,13.063913304785515,923.1380680836357,16.284933513635337,4.944923371647509,81.81395926612045,75.87612469831949,87.41967660646786,11.543551908148373,18.18604073387955,32.001023589512435,15.029752538286118,11.118854954551791,8.379490715946856,16.486072086215877,2.7481677658848644,67.99897641048757,29-558
29,559,00000,000000,0000,DISTRICT,Raichur,Total,363853,1928812,5.301074884637477,999.7822730896796,14.710246514434791,950.4839552341409,20.786525591918757,19.03093717791055,59.55756532057123,48.73346924347123,70.47407767357757,21.74060843010634,40.44243467942877,46.83779445586195,38.68501640048076,69.60548497752413,42.4530087567923,19.639743948780904,2.244045635827689,53.162205544138054,29-559
29,559,00000,000000,0000,DISTRICT,Raichur,Rural,267585,1438464,5.3757273389764,1003.5098861794054,15.280465830218901,950.8480443059882,21.7997113587827,23.220810531233315,54.11189339110171,42.36556404976531,66.01459439188106,23.64903034211575,45.88810660889829,50.539533836091834,45.239225418186464,82.985668362694,50.33528520907355,20.853020593045603,2.3179040238351676,49.460466163908166,29-559
29,559,00000,000000,0000,DISTRICT,Raichur,Urban,96268,490348,5.093572111189595,988.9267012521345,13.037475425616094,949.2331615696557,17.814286996174143,6.739703231174595,75.1207146023043,67.0984638677431,83.10299332840528,16.00452946066217,24.879285397695696,35.978529534126785,19.316350093720907,14.468314250085024,9.971658542115406,14.640063484865662,1.9396893776215847,64.02147046587322,29-559
29,560,00000,000000,0000,DISTRICT,Koppal,Total,264595,1389920,5.253009316124643,985.8099284781534,14.508317025440313,957.5017473013901,18.60596293311845,11.818737769080235,68.08955233929103,57.54570850722745,78.53529007723107,20.989581570003615,31.910447660708968,47.10817888799355,38.66584347110265,66.65419401740469,41.69672829682665,22.40143807100552,2.704324903858783,52.89182111200644,29-560
29,560,00000,000000,0000,DISTRICT,Koppal,Rural,217748,1156216,5.3098811470139795,983.360722384803,14.750704020702013,954.6381827767209,19.28143184318501,13.195025842922083,66.046815046882,54.847314689710636,77.11658570437197,22.269271014661335,33.953184953118,49.10700076802259,42.54559029267799,74.74686632040762,46.49240995239378,23.46671175431459,2.7399552293746026,50.89299923197742,29-560
29,560,00000,000000,0000,DISTRICT,Koppal,Urban,46847,233704,4.988665229363673,998.0165515354627,13.30914318967583,973.3536353254663,15.264180330674701,5.0097559305788515,78.02764067127345,70.5850444799495,85.4840622097504,14.899017729800903,21.972359328726554,37.21930305001198,19.613486842105264,13.82913902716623,10.392835381626295,15.447846130853154,2.4717473529310325,62.78069694998803,29-560
29,561,00000,000000,0000,DISTRICT,Gadag,Total,219096,1064570,4.858920290648848,981.8969481352405,12.440891627605511,946.9606762219772,16.36303859774369,5.791446311656349,75.11597119708881,65.44170053951784,84.66411722323829,19.222416683720454,24.88402880291119,46.56546774754126,35.13498652883928,66.11588753373867,40.407728525262144,14.578937388294246,1.451014883341873,53.434532252458744,29-561
29,561,00000,000000,0000,DISTRICT,Gadag,Rural,139782,685261,4.902355095792019,971.4918652991355,12.746967943601051,945.5209586173104,18.60823832087336,7.389447232514327,71.86236747609594,60.62244261984121,82.82516262673984,22.20272000689863,28.13763252390406,50.58729447611932,42.14987147443111,81.91660296259971,49.269735039159976,14.961561206386753,1.3953354199420172,49.41270552388068,29-561
29,561,00000,000000,0000,DISTRICT,Gadag,Urban,79314,379309,4.782371334190685,1000.97593399521,11.887933057217202,949.7556968046007,12.306852724296022,2.9044921159265926,80.93663697537828,73.92151720685175,88.0085318592844,14.087014652432657,19.063363024621722,39.29962115320227,22.65121451195539,29.37135650412231,19.79915071746262,13.689146491175109,1.5804973602474057,60.70037884679773,29-561
29,562,00000,000000,0000,DISTRICT,Dharwad,Total,382700,1847023,4.826294747844265,970.7759019895306,11.907918851037588,944.2043013604178,9.62927911563635,4.739951803523833,79.99995083219582,73.46034007387279,86.37230168466859,12.9119616107958,20.00004916780418,42.4917827227923,26.4951083569553,47.388552723955286,26.45683858859146,11.96241748244531,1.7817803277894788,57.5082172772077,29-562
29,562,00000,000000,0000,DISTRICT,Dharwad,Rural,160674,797484,4.963366817282199,947.8574359575591,12.684893991603593,933.0798188454262,8.951527554157826,6.280878362449904,72.08627018456926,62.72362552654618,80.98099892182533,18.257373395279153,27.91372981543074,51.06309342883368,40.35401012193739,80.09970040764206,43.93325475173125,13.391532832375619,1.8812926673542556,48.93690657116632,29-562
29,562,00000,000000,0000,DISTRICT,Dharwad,Urban,222026,1049539,4.727099528884005,988.5541597984046,11.317540367723353,953.7798539377591,10.144263338475273,3.5690908103462564,85.92038523481425,81.31416262185643,90.49473869043285,9.180576068576428,14.079614765185752,35.978939324789266,16.187093794142392,12.11266561267753,7.610172319279263,10.421251387002037,1.6744656566378806,64.02106067521073,29-562
29,563,00000,000000,0000,DISTRICT,Uttara Kannada,Total,324530,1437169,4.428462699904477,978.8738406291995,10.445187726704376,954.7751126390083,8.101413264549958,2.382392049925931,84.06065324376443,78.38978531725618,89.62787661171862,11.238091294462436,15.939346756235565,42.34199318243018,25.032739589795096,37.45394609268955,19.117671225222914,18.112948337458054,3.955952580497793,57.65800681756982,29-563
29,563,00000,000000,0000,DISTRICT,Uttara Kannada,Rural,228887,1018188,4.4484308851092464,977.4096444038764,10.483427422047795,956.6117974850606,7.745033333726188,2.744974405512538,81.31344993181172,74.86516024482864,87.63196308943513,12.766802844606488,18.686550068188282,45.50289337529022,29.3698512551711,47.03704902817798,23.92290176017958,20.06691056647349,4.388901479586881,54.49710662470978,29-563
29,563,00000,000000,0000,DISTRICT,Uttara Kannada,Urban,95643,418981,4.380676055748983,982.4411155167356,10.352259410331257,950.2697841726618,8.967471078640797,1.5012613937147508,90.72700988000756,86.91481547015833,94.48669000454771,7.57187453438938,9.272990119992443,34.66052159883145,14.520191682519807,6.880547579206864,3.7873310333904877,11.879135937639873,2.574696497063097,65.33947840116855,29-563
29,564,00000,000000,0000,DISTRICT,Haveri,Total,330414,1597668,4.835352012929234,950.4497465597562,12.22513062789015,945.9892994849007,13.768567687404392,8.849147632674622,77.40166334961789,70.45869465997262,84.00493072086749,13.54623606089487,22.59833665038211,45.69572652140495,30.741516171294986,70.4481512630365,42.63491245996937,17.548413431114447,1.638482000257511,54.30427347859506,29-564
29,564,00000,000000,0000,DISTRICT,Haveri,Rural,257195,1242167,4.829670094675246,945.597932492756,12.237484975852682,953.2283970446515,15.147802187628557,10.163609240947473,75.68643782501053,67.88975925911937,83.05070234113713,15.160943082017752,24.31356217498947,48.234416145333114,34.665414424308075,81.63704702646407,48.936496915640774,18.340754933639545,1.5937525035383344,51.765583854666886,29-564
29,564,00000,000000,0000,DISTRICT,Haveri,Urban,73219,355501,4.855310779988801,967.5942837534177,12.181962919935527,920.998935415188,8.949341914650029,4.256246817871117,83.39109656175326,79.28858886148254,87.3879115180796,8.099322656597067,16.60890343824674,36.82521286859953,17.191101857307107,19.240111829139742,13.794552148738868,13.922116809508534,1.843194769085048,63.17478713140048,29-564
29,565,00000,000000,0000,DISTRICT,Bellary,Total,489118,2452595,5.014321697422708,982.7697715517311,14.03215777574365,960.4997066245877,21.09638974229337,18.40524016398957,67.42515685745359,58.08619029790876,76.63760786349492,18.551417565586164,32.57484314254641,45.53870492274509,34.02501231860393,59.46672874435929,36.359501468376195,13.205715922928157,1.3324618580330923,54.46129507725491,29-565
29,565,00000,000000,0000,DISTRICT,Bellary,Rural,295258,1532356,5.1898881656043185,979.5502607567824,14.550861549143931,957.4313054165569,23.885833318106236,21.805050523507592,61.80855897997915,51.01832711544326,72.41931403868321,21.400986923239948,38.19144102002085,50.59653239847659,43.64567439002035,78.84612656209895,47.340385054409865,14.67589469624761,1.3141687486054128,49.4034676015234,29-565
29,565,00000,000000,0000,DISTRICT,Bellary,Urban,193860,920239,4.746925616424224,988.1541110614202,13.16842689779503,966.1707202310452,16.45148705934002,12.743971946418267,76.62885547732455,69.61993816454265,83.57841426819664,13.958476103653993,23.37114452267545,37.11655341710143,18.075421205217566,15.476884070488142,11.433682416903569,9.868515433553597,1.3739859058850394,62.88344658289857,29-565
29,566,00000,000000,0000,DISTRICT,Chitradurga,Total,357003,1659456,4.648297073133839,973.5622464598029,11.104843997068919,947.3945619207642,23.448467449573837,18.23211944155193,73.71269597661568,65.87503875373476,81.36915147665414,15.494112722919382,26.287304023384323,51.61854246210807,41.93385641322578,67.77852103755953,34.361600164373264,22.076916880597068,2.98370159715242,48.38145753789193,29-566
29,566,00000,000000,0000,DISTRICT,Chitradurga,Rural,283669,1329923,4.688291635673973,968.5851862048956,11.225762694531939,947.3045769366221,25.081978430330174,20.0407091237613,70.67580078077025,61.90815903789261,79.19189321863531,17.283734180742705,29.324199219229754,55.134169421838706,47.77855887521969,78.11445607316547,39.576565444969056,23.601757673455694,3.0834294816718084,44.865830578161294,29-566
29,566,00000,000000,0000,DISTRICT,Chitradurga,Urban,73334,329533,4.493590967354843,993.9069401585284,10.61684262274188,947.7786438035854,16.85597497064027,10.933047676560466,85.88544442822368,81.54768777294059,90.2211692508214,8.673481477880813,14.114555571776322,37.43024219122212,18.651187425043982,6.335076411690786,3.3604929263448056,13.012282621914142,2.3908549191292714,62.56975780877788,29-566
29,567,00000,000000,0000,DISTRICT,Davanagere,Total,410176,1945497,4.743078580901857,972.3205596107056,11.191536147318654,947.6264166808297,20.179676452854977,11.982131044149643,75.73595035438827,68.90896069783007,82.39552164572203,13.48656094789196,24.264049645611735,44.986293990687216,30.191732431651857,60.18221974915649,33.806059595044374,19.436316208622646,2.4269687056890543,55.01370600931279,29-567
29,567,00000,000000,0000,DISTRICT,Davanagere,Rural,275421,1316487,4.779907850163931,970.0015113719517,11.224569631147137,945.5965030085187,23.997654363468836,14.565582493408593,71.77297840281265,63.69437249414904,79.63451941193553,15.940146917786485,28.227021597187345,48.66139961883406,35.881028046033755,79.36720775622403,44.32854995387288,19.84980198900754,2.2476628146751354,51.33860038116593,29-567
29,567,00000,000000,0000,DISTRICT,Davanagere,Urban,134755,629010,4.667804534154577,977.1919291617029,11.122398690004928,951.9279058088276,12.18883642549403,6.5750941956407685,84.0207209028189,79.76932916121666,88.18878391447123,8.41945475325457,15.979279097181106,37.29447862514109,18.32879241629326,7.7907462508419085,5.07063507626201,18.30714535394269,2.916627590734315,62.70552137485891,29-567
29,568,00000,000000,0000,DISTRICT,Shimoga,Total,406816,1752753,4.308466235349642,997.6328191334774,10.426511893004891,960.4059171216785,17.58137056390718,3.731957668878615,80.44677650092166,74.83736485248305,86.06773323947901,11.230368386995963,19.553223499078342,44.53553923456414,28.116110576714366,57.770709123005695,31.573742182275637,16.373216431505078,2.240461799799641,55.46446076543587,29-568
29,568,00000,000000,0000,DISTRICT,Shimoga,Rural,259456,1129026,4.351512395165269,995.3766297115166,10.602324481455696,957.5626747780012,19.956670616974275,4.425318814624287,76.3697052380655,69.5979994094929,83.14112928793355,13.543129878440652,23.630294761934493,49.099932153909656,35.34840777336849,77.5611480812698,41.99974384460387,18.83373530488806,2.4803779554830783,50.900067846090344,29-568
29,568,00000,000000,0000,DISTRICT,Shimoga,Urban,147360,623727,4.232675081433225,1001.7298150798797,10.108268521324232,965.826889498628,13.281772313848847,2.4768849192034335,87.78623775814683,84.24154475968942,91.35166462747118,7.110119867781762,12.213762241853175,36.273401664510274,15.066333902535137,9.280123051355377,6.0279252321577745,10.34444655619743,1.6526185982576564,63.726598335489726,29-568
29,569,00000,000000,0000,DISTRICT,Udupi,Total,253078,1177361,4.652166525735149,1094.4601881056194,8.761968504137643,957.9039268158439,6.406616152564931,4.492844590571625,86.243542875123,81.5790452210589,91.4145280522611,9.8354828312022,13.756457124877002,43.592492022412834,28.90658778017977,24.653720182136656,12.350922860800287,10.481430750855836,1.1896945099865366,56.407507977587166,29-569
29,569,00000,000000,0000,DISTRICT,Udupi,Rural,177529,843300,4.750209824873683,1114.3445983046129,8.809794853551525,960.1340298664977,6.6401043519506695,4.932526977350883,83.90638836837635,78.64907783621116,89.84997714333208,11.20089930712092,16.093611631623645,44.6430688960038,30.826206595523036,31.463975031542603,15.635566770701907,11.396241450295504,1.2646258051663457,55.35693110399621,29-569
29,569,00000,000000,0000,DISTRICT,Udupi,Urban,75549,334061,4.421779242610756,1045.8893706670588,8.64123618141597,952.1877324677082,5.817201050107615,3.3829150963446795,92.13254520075755,89.20911057646286,95.21741179956497,6.008301223102109,7.867454799242452,40.94042704775475,23.910713972021995,5.907169910650308,3.3093020195077725,7.9632364769021535,0.9834315546261497,59.059572952245254,29-569
29,570,00000,000000,0000,DISTRICT,Chikmagalur,Total,276085,1137961,4.12177771338537,1008.324773835114,9.255853232228521,969.0052904118296,22.28995545541543,3.9518050267100544,79.24838737479821,73.16363300378823,85.40873737403265,12.24510437024442,20.751612625201787,49.718224086765716,36.38557843942038,49.84180962716562,22.37642592271826,15.119994909628225,1.7703181835856718,50.281775913234284,29-570
29,570,00000,000000,0000,DISTRICT,Chikmagalur,Rural,218247,898453,4.11667972526541,1007.5143281681171,9.149616062275934,970.6813060363427,24.309118006172834,4.4679020494116,76.94756985622017,70.14743541325042,83.82454765653684,13.677112243286416,23.05243014377983,52.625791221132324,41.055159810870514,57.605674910853644,25.51214209272913,15.73015409734824,1.8119022541443006,47.374208778867676,29-570
29,570,00000,000000,0000,DISTRICT,Chikmagalur,Urban,57838,239508,4.141014557903109,1011.3707936881178,9.654374801676772,963.0698701078189,14.715583613073468,2.015799054728861,87.92753656676757,84.5114449934456,91.40058528583944,6.889140292393847,12.072463433232429,38.811229687526094,18.90210992186397,10.351133869787857,6.426696501570636,12.016437884590559,1.558802013856018,61.188770312473906,29-570
29,571,00000,000000,0000,DISTRICT,Tumkur,Total,640081,2678980,4.185376538281874,983.5568646092015,9.919521608970578,958.7236771307059,18.92141785306348,7.822342831973363,75.14347942473971,67.37518932834857,82.80557697895257,15.430387650604004,24.85652057526029,50.56573770614189,38.92949790196524,63.35204917004147,26.005760914659625,20.390197881955878,2.222794737518141,49.43426229385811,29-571
29,571,00000,000000,0000,DISTRICT,Tumkur,Rural,497521,2079902,4.180531073060233,983.2956680111756,9.793009478331191,958.7167873525084,20.67198358384193,8.655407802867634,71.65684992727387,62.70730094385806,80.48111558862352,17.773814644765466,28.343150072726132,53.858258706419825,44.140664396155124,75.13200779504355,30.804437425850228,21.75336703567848,2.238798642026997,46.14174129358018,29-571
29,571,00000,000000,0000,DISTRICT,Tumkur,Urban,142560,599078,4.202286756453423,984.4642312941395,10.358751281135344,958.7462912694905,12.843736541819261,4.930075883273964,87.32489046052203,83.67132775402052,90.93270960244558,7.26138184842506,12.675109539477972,39.134636892024076,20.84799827721959,7.066842399348254,3.0774546059450536,13.876910346474897,2.1463273149155246,60.865363107975924,29-571
29,572,00000,000000,0000,DISTRICT,Bangalore,Total,2393845,9621551,4.019287380761912,915.6281899176552,10.942487339099486,943.737353597117,12.455216419889059,1.977217602442683,87.67098540107652,84.01368590572372,91.0072851960665,6.993599290342786,12.329014598923479,44.139733812147334,24.605198210872622,4.557012635253678,2.3055258543412687,9.149792308650467,0.9088218375309959,55.86026618785267,29-572
29,572,00000,000000,0000,DISTRICT,Bangalore,Rural,213207,871607,4.088078721617958,877.4275399779432,11.564042051062003,952.74721016739,22.93120638085743,3.2600701921852395,78.21069674396158,70.9244668792263,84.53518805738658,13.610721178160276,21.789303256038423,47.200974751235364,28.021779742777113,26.045497524349365,11.355664828260092,11.917152600709272,1.5106694830180334,52.79902524876464,29-572
29,572,00000,000000,0000,DISTRICT,Bangalore,Urban,2180638,8749944,4.012561461370479,919.5187790466183,10.880572492806811,942.7883438086687,11.411673034707421,1.8494289792026097,88.60612472588774,85.27073750480957,91.66372732043462,6.392989815625043,11.393875274112261,43.834794828401186,24.273160765055508,2.2521066243951275,1.3347864174870683,8.852958660103454,0.8442662272651426,56.16520517159881,29-572
29,573,00000,000000,0000,DISTRICT,Mandya,Total,428625,1805769,4.2129343832021,995.1374732759907,9.562961818482874,938.9084131457508,14.691469396140924,1.2405794982636207,70.39741985103032,62.53882814278475,78.26602714142511,15.727198998640361,29.60258014896968,48.256892216003266,32.88667279534221,69.44393441418944,24.805716725116135,17.960243651653414,2.2191671409948035,51.743107783996734,29-573
29,573,00000,000000,0000,DISTRICT,Mandya,Rural,355271,1497407,4.214830368929634,993.2392048910939,9.420150967639392,937.8228376744697,14.82182198961271,1.1594042234342434,67.77673003039779,59.21023516812264,76.33624241102159,17.12600724289895,32.223269969602214,50.064210999414314,35.564433556161916,78.62085064662216,27.726651237552772,18.653131732173705,2.2351316921558295,49.93578900058568,29-573
29,573,00000,000000,0000,DISTRICT,Mandya,Urban,73354,308362,4.203751669983913,1004.4071189922128,10.256451832586375,943.7649806404031,14.058476725407152,1.6347669297773395,83.24209080889659,78.75312580839872,87.78303566885462,9.029909860455902,16.75790919110341,39.480545592517885,19.95599275174735,12.934624578004486,6.819283244211166,13.69360045341416,2.1208611583417527,60.51945440748212,29-573
29,574,00000,000000,0000,DISTRICT,Hassan,Total,433453,1776421,4.098301315252173,1010.2832854457617,9.32419736087335,972.5500470400495,19.422817001150065,1.8198951712460054,76.06581639748097,68.60168070542284,83.6362817870791,15.034601081656263,23.934183602519028,50.86519468076543,38.43477598532182,66.7283472409748,18.36140684831448,16.732663405564534,1.8055955200424978,49.13480531923457,29-574
29,574,00000,000000,0000,DISTRICT,Hassan,Rural,341634,1399658,4.096951708553599,1012.2084639791369,9.147734660895733,977.0390043544054,21.29184415049962,1.9930583042428938,72.78670295630538,64.29322721598002,81.41453756295367,17.121310346973644,27.213297043694624,54.55146900171327,44.28832155665234,77.7331461336365,21.191590682274793,17.72468547569591,1.7624624443705192,45.44853099828672,29-574
29,574,00000,000000,0000,DISTRICT,Hassan,Urban,91819,376763,4.103322841677649,1003.1634801471682,9.979748542186998,957.4157946795773,12.479463216929476,1.176601736370079,88.36016900428407,84.81454946913465,91.93545521835678,7.120905749222132,11.639830995715926,37.17084745582767,16.591671569173037,6.72993159390486,2.9311797552232837,11.324136355197577,2.0407580366451024,62.82915254417233,29-574
29,575,00000,000000,0000,DISTRICT,Dakshina Kannada,Total,439733,2089649,4.7520859248680445,1019.542598244539,9.968037694368768,946.9738748422676,7.0910473481431575,3.936929120632221,88.57050674196005,84.1321989926837,93.1326928445699,9.000493851886205,11.429493258039955,47.74586545395901,35.7195467019295,6.322809683268169,2.934086783780235,8.343514870389617,1.3704231944601746,52.25413454604099,29-575
29,575,00000,000000,0000,DISTRICT,Dakshina Kannada,Rural,225243,1093563,4.855036560514645,1019.5665984590496,10.157256600671383,951.029298110026,9.394703368713095,6.021052285053536,85.32591270927757,79.83210660025907,90.97145404414799,11.139347443888923,14.674087290722426,51.99069463762033,42.17005174984015,9.39599086097817,4.371463597812685,9.821810180617042,1.6571952208333112,48.00930536237967,29-575
29,575,00000,000000,0000,DISTRICT,Dakshina Kannada,Urban,214490,996086,4.643974078045597,1019.5162500253432,9.76030182132868,942.3610972369288,4.561955493802744,1.6488536130414442,92.1169474837712,88.83095451273678,95.49570487638121,6.66475036364443,7.883052516228801,43.08563718393793,28.637621903686146,2.25155532772561,1.0298949134375655,6.385115455413938,0.9905165785120116,56.91436281606207,29-575
29,576,00000,000000,0000,DISTRICT,Kodagu,Total,142716,554519,3.88547184618403,1019.311163549496,9.870356110430842,977.6340511634629,13.269878940126489,10.469253533242323,82.610757404169,78.13797685620952,87.19080556590478,9.052828709695262,17.389242595831007,50.30269476789795,38.16856072108635,13.023324179566787,5.432389993475253,7.236375108447038,1.2533251116735618,49.69730523210206,29-576
29,576,00000,000000,0000,DISTRICT,Kodagu,Rural,121989,473531,3.88175163334399,1022.2453781799703,9.879184256152184,978.2222598105548,13.645991497916715,11.888978757462553,81.09220855301699,76.37037139804936,85.94243585906808,9.572064461018726,18.907791446983012,51.95942821061345,40.868947654259095,14.523825006909332,6.0184357269431485,7.165385053079937,1.2542472078164881,48.04057178938655,29-576
29,576,00000,000000,0000,DISTRICT,Kodagu,Urban,20727,80988,3.907367202200029,1002.324028976191,9.818738578554848,974.180734856008,11.070775917419864,2.1682224527090432,91.48365189769429,88.57634432094382,94.40676569922293,5.830421378279112,8.516348102305713,40.615893712648784,22.224414789965714,1.7997203137350277,1.0488234936462577,7.767373989177358,1.2464279199854076,59.384106287351216,29-576
29,577,00000,000000,0000,DISTRICT,Mysore,Total,700968,3001127,4.281403716004154,985.3975919555438,10.181541800796834,961.1506543351711,17.88138256061806,11.1473789679677,72.79287541095265,67.05718058208369,78.46079748162146,11.403616899537766,27.207124589047353,43.79248195761126,26.34829714399269,50.243861982487594,23.66351459519672,17.66458591398406,2.2949657147552855,56.207518042388735,29-577
29,577,00000,000000,0000,DISTRICT,Mysore,Rural,406952,1755714,4.314302423873086,978.269295774648,10.481661591808233,962.8187761980439,21.665715486690885,14.642532895448804,63.286814287332206,55.779922179388464,70.64427654795065,14.86435436856219,36.713185712667794,47.898006167291484,32.22477407643737,75.6945699635651,35.27109751805097,20.62674207326934,2.5312978624225875,52.101993832708516,29-577
29,577,00000,000000,0000,DISTRICT,Mysore,Urban,294016,1245413,4.235868116020897,995.5343694920685,9.758449606676662,958.6301369863014,12.546440417757001,6.22010529840302,86.08659287468413,82.67233860776392,89.49951071968685,6.827172111922934,13.91340712531587,38.004742201984406,18.136591379868115,5.02497274548082,3.040040902906304,12.401651328076802,1.875068664486305,61.9952577980156,29-577
29,578,00000,000000,0000,DISTRICT,Chamarajanagar,Total,244874,1020791,4.168637748393051,992.833311533273,9.859804798435723,953.2302198761863,25.416074397207655,11.777043488823862,61.433820612665635,54.91934764202585,67.93046264179448,13.01111499976863,38.566179387334365,47.18820992739944,30.943644801006766,67.97026321744347,44.48954001822737,20.819277008385008,2.514464607125285,52.81179007260056,29-578
29,578,00000,000000,0000,DISTRICT,Chamarajanagar,Rural,204137,845817,4.143379201222708,990.7009913293981,9.766060507178267,953.6671318086138,26.205432144305448,11.401284202138287,57.94705023754805,51.062896237891174,64.7953622945978,13.73246605670662,42.05294976245195,48.993221938078804,33.484188695113,76.41538346448903,49.84664316240863,21.92652868171036,2.2983013709208406,51.006778061921196,29-578
29,578,00000,000000,0000,DISTRICT,Chamarajanagar,Urban,40737,174974,4.295210742077227,1003.2056052297161,10.312960782744865,951.2326989619378,21.600352052304913,13.593448169442318,78.39150188938947,73.53926170239757,83.28915863199273,9.749896929595167,21.608498110610526,38.462857338804625,18.73965786800872,15.970282317979198,11.5037147102526,14.00148588410104,3.8454680534918273,61.537142661195375,29-578
29,579,00000,000000,0000,DISTRICT,Gulbarga,Total,471601,2566326,5.441731463673741,971.435485171941,14.237162387007729,942.6827452731874,25.280576201152932,2.5428959532031397,64.85224134625258,55.09268584304798,74.38040943575304,19.287723592705056,35.14775865374742,42.357362236909886,32.18696300958982,58.45893574038571,38.20205183307146,22.335303230459566,2.674816104092995,57.64263776309011,29-579
29,579,00000,000000,0000,DISTRICT,Gulbarga,Rural,312880,1730775,5.531753387880338,973.1936831352663,14.731666450000722,943.7693445347402,28.293510132744004,2.8931548005951093,58.09230635796241,46.85702071569797,69.08454763596392,22.227526920265944,41.90769364203759,46.63789342924412,39.396062232978885,75.54624211933394,49.15590617903684,23.55137593425149,2.67320121358231,53.36210657075588,29-579
29,579,00000,000000,0000,DISTRICT,Gulbarga,Urban,158721,835551,5.264275048670308,967.803471883677,13.212837995526305,940.1778496362166,19.03953199744839,1.8173636319027804,78.60983436553215,71.90844948271328,85.12410629057217,13.215656807858892,21.39016563446785,33.49059482904095,17.211758407553415,9.169105638760538,6.60470069434766,18.827435130489473,2.679474397046789,66.50940517095904,29-579
29,580,00000,000000,0000,DISTRICT,Yadgir,Total,202063,1174271,5.811410302727367,989.1806094567605,16.20401082884615,951.1392301224339,23.27529164903161,12.505545994067809,51.82999455280124,41.37992813298452,62.2456661532811,20.865738020296583,48.17000544719876,46.64136302437853,39.483544598607395,71.93552627735093,42.844022961642956,20.167209546901933,2.009691507697701,53.35863697562148,29-580
29,580,00000,000000,0000,DISTRICT,Yadgir,Rural,162187,953594,5.8795957752470915,990.4775422791279,16.582214233730497,954.0668792170238,25.348418719077507,13.498826544630106,47.047080519996435,36.05387215556579,58.01695817719688,21.963086021631085,52.952919480003565,49.08525011692607,43.600848021984504,80.87930540897379,47.96228801428834,20.880459072710725,1.9657148228698882,50.91474988307393,29-580
29,580,00000,000000,0000,DISTRICT,Yadgir,Urban,39876,220677,5.534080650015047,983.5956530727814,14.569710481835443,936.8674698795181,14.316852231995178,8.213361609954822,72.01113910621933,63.9218526961672,80.03401971453023,16.11216701836303,27.988860893780668,36.08078775767298,21.629228885274067,19.357715204340508,12.755268644344527,15.974228228379092,2.268217326869458,63.91921224232702,29-580
29,581,00000,000000,0000,DISTRICT,Kolar,Total,333348,1536401,4.609000203991024,978.8883507900607,11.092351541036487,962.3812539582015,30.321966726134647,5.1337508892535215,74.39497561454138,66.83781102764969,81.80830714479423,14.970496117144535,25.60502438545862,46.724260137815584,34.713455832527416,53.53182740098513,28.031877549200974,18.56626250919384,2.2992956961686764,53.27573986218441,29-581
29,581,00000,000000,0000,DISTRICT,Kolar,Rural,227058,1056328,4.652238635062407,972.8555126617622,11.00330579138298,954.8091962528802,30.99643292613658,6.829602169023258,69.08021193557687,59.81922973336924,78.1106871832797,18.291457449910453,30.91978806442313,51.60272188183973,42.55217442219863,68.38490242049996,35.56542541286457,20.855118566705926,2.557173625099524,48.39727811816027,29-581
29,581,00000,000000,0000,DISTRICT,Kolar,Urban,106290,480073,4.516633737886913,992.2934866059386,11.28828324025721,978.8212955524721,28.837905901810768,1.402286735558967,86.12687581742318,82.18151501163436,90.04864710481836,7.867132093183997,13.873124182576817,35.98994319613892,17.63680010706459,6.6721457592980595,4.264431814235609,11.345194411325515,1.485721561772911,64.01005680386108,29-581
29,582,00000,000000,0000,DISTRICT,Chikkaballapura,Total,284698,1255104,4.4085451952595385,972.0789331858456,10.539843710162664,953.0221159240558,24.90351397175055,12.468050456376524,69.75502708364134,61.55112205950029,77.7484908643,16.19736880479971,30.244972916358662,50.97410254449034,41.27034414313354,65.51725754871221,32.34543857400536,16.288931473104736,2.0780645786507193,49.025897455509664,29-582
29,582,00000,000000,0000,DISTRICT,Chikkaballapura,Rural,220987,973985,4.407431206360555,969.783381162999,10.269973356879213,956.8441027446838,28.01798795669338,14.291903879423195,66.39125265888367,57.10281437306525,75.41288294018668,18.310068567121426,33.60874734111633,54.33820849397064,46.99367286589562,76.96345366804852,37.75106472226526,16.68090075314693,2.0009598560971646,45.66179150602935,29-582
29,582,00000,000000,0000,DISTRICT,Chikkaballapura,Urban,63711,281119,4.412409160113638,980.073816332568,11.474855843966434,941.2649696094362,14.112884579128412,6.148997399677716,81.5680239169657,77.06066200285011,86.00875898434073,8.948096981490622,18.4319760830343,39.31858038766501,21.546588091559165,10.710925342887128,6.4623819346433615,14.412115948322658,2.44725509354757,60.681419612334984,29-582
29,583,00000,000000,0000,DISTRICT,Bangalore Rural,Total,229279,990923,4.321909115095583,946.1458996174181,10.804270362076569,949.8433743716762,21.56575233393513,5.338759923828592,77.92503572394301,70.63317481267327,84.82094112674568,14.187766314072405,22.07496427605699,46.41036690035452,29.972330104140937,46.07135168985694,18.28868144843017,15.199688621869095,2.0663592025066806,53.58963309964548,29-583
29,583,00000,000000,0000,DISTRICT,Bangalore Rural,Rural,164814,722179,4.381781887461017,944.6399672562868,10.718256831062659,947.4425742823358,25.132411770489032,6.149721883355788,75.16308039716242,66.79663549969344,83.06354825675015,16.266912757056716,24.836919602837582,48.55042863334437,33.651549271685525,58.10091238117512,22.89252497711204,16.566891315694154,2.265123880201129,51.44957136665563,29-583
29,583,00000,000000,0000,DISTRICT,Bangalore Rural,Urban,64465,268744,4.168835802373381,950.2042771202368,11.035409162623164,956.1374579513224,11.981290745095704,3.1595123984163367,85.37352511847152,80.95066340332345,89.57290324684855,8.622239843525108,14.62647488152848,40.65951239841634,20.115166372641113,7.471401116500412,3.5160611329733684,10.812665873524297,1.4285714285714286,59.34048760158366,29-583
29,584,00000,000000,0000,DISTRICT,Ramanagara,Total,260533,1082636,4.155465910268565,975.5842980394447,9.960965643115507,962.0653894438077,18.826179805585628,2.1194565855929417,69.22050277237778,61.5043072132849,76.75993063513472,15.255623421849819,30.779497227622215,49.08935228460904,34.99816694972953,58.44100861966774,19.27900364844701,13.663895051170458,1.9130356245731093,50.91064771539096,29-584
29,584,00000,000000,0000,DISTRICT,Ramanagara,Rural,199673,814877,4.081057529060013,975.7563561068573,9.4896530396612,961.42041851617,20.222438478445213,2.3516432541352867,65.25826115723994,56.35700275693692,73.95720792572914,17.600205168792215,34.74173884276006,52.16419165100991,39.5051175457647,71.56824458800115,23.440389202821155,14.313978272018518,1.956129991483836,47.83580834899009,29-584
29,584,00000,000000,0000,DISTRICT,Ramanagara,Urban,60860,267759,4.399589221163326,975.0608541712769,11.395321912615449,963.7018921354099,14.576914314738254,1.412837663719987,81.53822809139841,77.51226378876423,85.46970807784591,7.957444289081678,18.46177190860159,39.73162433382258,21.27711080347079,5.989566198242233,2.6516896178972598,11.066409738214974,1.7408469239084456,60.26837566617742,29-584
30,585,00000,000000,0000,DISTRICT,North Goa,Total,191766,818008,4.265657102927526,963.1705133712684,9.499295850407332,938.6991342531375,2.152301688981037,6.91998122267753,89.56602904486405,85.59692279774653,93.39929261064907,7.8023698129025405,10.433970955135948,40.05559847825449,22.05984586289123,9.010004333787059,4.309371356719506,17.768832135946628,3.426438542626763,59.944401521745505,30-585
30,585,00000,000000,0000,DISTRICT,North Goa,Rural,74704,324927,4.349526129792247,982.3742587305073,9.459047724565824,935.4534005037783,2.4137729397680094,8.523145198767724,87.91095611029532,82.81245723981282,92.94525360067014,10.132796360857327,12.089043889704683,38.94905624955759,21.436600649612778,18.231454850026864,8.44922405891463,24.77796390530674,5.610954834223585,61.05094375044241,30-585
30,585,00000,000000,0000,DISTRICT,North Goa,Urban,117062,493081,4.212135449590815,950.7178491033314,9.525818273265447,940.8288913681253,1.9799992293355453,5.863539661840549,90.65748210647125,87.46776499358747,93.6933429001435,6.22557790655604,9.34251789352875,40.784779782632064,22.47744598688372,3.206830364690555,1.7041103519606966,13.357897982118526,2.051695159670217,59.215220217367936,30-585
30,586,00000,000000,0000,DISTRICT,South Goa,Total,151845,640537,4.218360828476407,986.3891361179423,10.445298241943869,946.1299048837953,1.2244413671653627,14.46739220372906,87.58714225695613,83.46857084823164,91.6694436344955,8.200872786263858,12.412857743043872,38.96574280642648,21.749341348239717,11.455587162947234,5.064305460955968,17.217837253095077,3.654793861933571,61.03425719357352,30-586
30,586,00000,000000,0000,DISTRICT,South Goa,Rural,53504,226804,4.239010167464115,1033.6059106233413,10.263928325779087,957.5344769593004,0.7133912982134354,26.430309871078112,84.82692543913524,79.97574334145096,89.88518206270825,9.909438721257288,15.173074560864762,39.232112308424895,24.318158159547522,26.6464374016633,11.030568667116206,22.093728927848954,5.573162508428861,60.767887691575105,30-586
30,586,00000,000000,0000,DISTRICT,South Goa,Urban,98341,413733,4.207126224057108,961.4241353971603,10.544723287724208,940.0987237070308,1.5045935422120063,7.909448847445091,89.10501315839247,85.46609563025025,92.61281626761759,7.146720637367338,10.894986841607533,38.819721897939004,20.28915472539177,3.0396612913268166,1.7589191208517527,14.51653072660482,2.5919930265861404,61.180278102060996,30-586
31,587,00000,000000,0000,DISTRICT,Lakshadweep,Total,11574,64473,5.570502851218248,946.4722398333483,11.25277247840181,910.7189886752699,0.0,94.79937338110527,91.84697123282884,87.94636454897461,95.55684375639363,7.610479207419019,8.153028767171165,29.08659438834861,10.956937799043063,0.0,0.0,42.38788460512984,13.795126113155229,70.9134056116514,31-587
31,587,00000,000000,0000,DISTRICT,Lakshadweep,Rural,2710,14141,5.218081180811808,952.3678033963827,12.835018739834524,910.5263157894738,0.0,95.20543101619404,91.57877656985235,88.49660202221116,94.53360877165105,6.0370067494398825,8.421223430147649,32.90432076939396,12.554363583647435,0.0,0.0,52.18138835160112,10.89619600257898,67.09567923060604,31-587
31,587,00000,000000,0000,DISTRICT,Lakshadweep,Urban,8864,50332,5.678249097472924,944.8222565687789,10.808233330684256,910.7832806462943,0.0,94.68528967654773,91.9206094627105,87.7945011208198,95.83640863109451,8.041907510274712,8.079390537289498,28.013987125486768,10.50629805332897,0.0,0.0,39.156028368794324,14.75177304964539,71.98601287451322,31-587
32,588,00000,000000,0000,DISTRICT,Kasaragod,Total,273410,1307375,4.781738049083794,1079.7772238245154,11.917544698345923,960.823055625472,4.075571278324888,3.7370303088249353,90.09385463993442,86.4878862578123,94.0495636006723,7.561677342859994,9.90614536006558,35.414322592982124,20.316841543869575,13.500274299241033,8.374550214039802,19.50289202113184,4.013840232571199,64.58567740701788,32-588
32,588,00000,000000,0000,DISTRICT,Kasaragod,Rural,169240,798328,4.717135428976602,1059.0535340300632,11.503041356434949,965.6242642179841,4.32428776142137,5.7738172781112524,88.89392155086512,84.90912423837,93.16504250770534,8.25591826933534,11.106078449134884,37.679875940716094,22.582632753061286,16.875159985239804,9.969116615526797,21.510659587977756,4.633837418428305,62.3201240592839,32-588
32,588,00000,000000,0000,DISTRICT,Kasaragod,Urban,104170,509047,4.886694825765575,1113.1313382898086,12.56760181279921,953.9720839314621,3.6855143041801637,0.5427789575422308,91.99859797965273,88.92350031234699,95.49856838140626,6.57506806905927,8.001402020347271,31.861301608692322,16.847286966250234,7.240934958597685,5.417136797193398,15.779121888660761,2.8639426841524394,68.13869839130768,32-588
32,589,00000,000000,0000,DISTRICT,Kannur,Total,554298,2523003,4.551708647694922,1135.5212172202537,10.872678312312747,971.2559015227185,3.303602889096842,1.6397523110356984,95.09709007708949,93.29242919832427,97.18589985291959,3.893470654595319,4.90290992291051,32.66409116437832,16.00669967806064,14.504875527231603,10.069941610161676,15.763193531007772,2.9628110605788507,67.33590883562168,32-589
32,589,00000,000000,0000,DISTRICT,Kannur,Rural,202229,882017,4.3614763461224655,1072.0091523719584,10.796050416261819,966.2798381101842,2.671377082301135,4.1157936865162466,93.66708439566138,91.30658787908385,96.22959597512552,4.92300809604167,6.332915604338623,36.55042930011553,19.440104309334153,26.417189598642597,17.091267785632528,18.54265604982924,3.4158340596995482,63.449570699884475,32-589
32,589,00000,000000,0000,DISTRICT,Kannur,Urban,352069,1640986,4.660978387759218,1171.2942135375592,10.913865200556252,973.911893399169,3.6434192613465317,0.3088996493571548,95.86672330563633,94.31303946248892,97.72838340353034,3.415343941041428,4.133276694363673,30.575215145040847,14.236767726061936,6.8508276281303875,5.558511963486701,13.9772987732568,2.6717291000229206,69.42478485495916,32-589
32,590,00000,000000,0000,DISTRICT,Wayanad,Total,190894,817420,4.28206229635295,1034.9827227372762,11.294560935626729,964.5912244116271,3.9854664676665603,18.526950649604853,89.03441751161225,85.70298537280713,92.51346246017648,6.81047708736935,10.965582488387753,41.6037043380392,26.80499162930321,45.39824804382537,29.884408531009154,22.53372030451927,5.318501398212757,58.39629566196081,32-590
32,590,00000,000000,0000,DISTRICT,Wayanad,Rural,183375,785840,4.285426039536469,1034.3634071393253,11.290720757406088,964.8124363346471,3.865672401506668,18.8607095591978,88.94827667824298,85.59361551512973,92.44910223525102,6.8554867201212915,11.051723321757024,41.74310292171434,27.010664310724124,46.65309083814483,30.63310510495863,22.782394507886377,5.394867605187267,58.256897078285654,32-590
32,590,00000,000000,0000,DISTRICT,Wayanad,Urban,7519,31580,4.200026599281819,1050.5162002467373,11.390120329322356,959.1503267973857,6.966434452184927,10.221659278024067,91.18035950398456,88.40338465806632,94.13195724290453,5.7285725848382185,8.819640496015438,38.13489550348322,21.725693800605722,11.218135016191978,9.490990616955909,15.760192643029145,3.2383957485676325,61.865104496516786,32-590
32,591,00000,000000,0000,DISTRICT,Kozhikode,Total,697710,3086293,4.423461036820456,1098.1745031415242,10.87534462865321,969.4124826173949,6.454053455067292,0.4934074632577011,95.0846127894227,92.99161802177038,97.41840335313834,4.426785331367967,4.915387210577293,30.748247169014736,12.173700947967346,9.561940650023551,6.764940499335603,20.52664911099379,5.35247807911855,69.25175283098525,32-591
32,591,00000,000000,0000,DISTRICT,Kozhikode,Rural,235703,1013721,4.300840464482845,1091.0776758308855,11.305082956750427,967.2812167404813,7.446822153235456,0.9425670376760469,94.46780681978693,92.042345462971,97.15518251940074,5.11283705642974,5.532193180213071,31.19655210851901,13.554166186143151,17.748841092061244,11.582755196903676,25.667676429108983,7.340804310568355,68.80344789148099,32-591
32,591,00000,000000,0000,DISTRICT,Kozhikode,Urban,462007,2072572,4.486018610107639,1101.6632223234003,10.665154214184115,970.5192779139737,5.968477814039754,0.2737178732512067,95.38413927084048,93.45053838898629,97.5468630396701,4.096324650683812,4.615860729159522,30.52897559168029,11.501600678930867,5.47006250642054,4.356958284273827,17.957122650082578,4.3586967687894616,69.47102440831972,32-591
32,592,00000,000000,0000,DISTRICT,Malappuram,Total,793999,4112920,5.180006523937688,1098.0774645875588,13.957018371376053,965.0055454383635,7.495064333855265,0.5589702692977252,93.56960212541881,91.61953147593687,95.75637395126232,4.136842475325452,6.430397874581189,25.831380138684924,7.631125638300245,16.469130968426917,11.050672801066241,19.801604632425473,3.787753288705827,74.16861986131508,32-592
32,592,00000,000000,0000,DISTRICT,Malappuram,Rural,448037,2295709,5.123927264935708,1095.9483542528676,13.941270431052018,964.491339201316,8.375190409585883,0.7948307037172394,93.05800902787831,91.03864011931736,95.3175173478909,4.278877228573535,6.941990972121687,26.709047183244916,8.620286054410151,21.383908330914178,14.283827112573839,21.159660905274624,4.205413903666567,73.29095281675508,32-592
32,592,00000,000000,0000,DISTRICT,Malappuram,Urban,345962,1817211,5.252631791930906,1100.7733925227162,13.976912972681763,965.6538765149287,6.383188303394598,0.2610043632797732,94.21617288918202,92.35196364581256,96.31247910454658,3.9605154587340223,5.783827110817981,24.722610637950133,6.3841183123974075,9.761341934105266,6.6379974268912125,17.948101553213938,3.217721507717101,75.27738936204986,32-592
32,593,00000,000000,0000,DISTRICT,Palakkad,Total,637220,2809934,4.409676406892439,1066.9212741949484,10.758153038469944,966.8501457422445,14.37161869282339,1.7428167351973394,89.30686538761393,85.79235014652168,93.10140639020985,7.309056243688161,10.693134612386075,37.09482144420474,20.422474035751513,30.484678703685937,23.979603584243144,16.002456012433562,2.4431567434810137,62.90517855579526,32-593
32,593,00000,000000,0000,DISTRICT,Palakkad,Rural,482285,2133124,4.42295323304685,1068.0507161651476,10.87100421728882,969.1414111393221,15.139813719221198,2.2044194336569274,88.30563550371548,84.55852942040183,92.35550282750522,7.796973407103394,11.694364496284521,37.82728992782417,21.543255710937515,36.35579493445928,28.46699045610191,16.5314790005738,2.5554496637142257,62.17271007217583,32-593
32,593,00000,000000,0000,DISTRICT,Palakkad,Urban,154935,676810,4.368348016910317,1063.3696328183116,10.402476322749369,959.3409957420755,11.950473545012633,0.2879685583841846,92.44597257608365,89.6686879227299,95.4347967501943,5.766108827464393,7.554027423916352,34.78627679851066,16.882550932058095,10.36285715499263,8.600177542187506,14.189358512043562,2.0583000972659353,65.21372320148934,32-593
32,594,00000,000000,0000,DISTRICT,Thrissur,Total,759210,3121200,4.111115501639863,1107.8322459434764,9.738241701909523,950.1225443020107,10.391836473151352,0.3021273869024734,95.07668825982785,93.5630338479806,96.78164632678215,3.218612478801546,4.923311740172153,35.1059528386518,18.66673331557384,10.561663626067443,6.748122479413212,15.169928275930044,2.8725220789484975,64.8940471613482,32-594
32,594,00000,000000,0000,DISTRICT,Thrissur,Rural,250877,1024794,4.084846358972723,1098.6846281919218,9.853394926199801,955.7436423853886,11.889121130685778,0.5717246588094779,93.68424698831046,91.72854078354494,95.86600469001905,4.13746390647411,6.315753011689537,37.00246098240232,20.631287384131326,18.51112476562438,11.394017389286363,17.46945535193922,3.2982681916355263,62.99753901759768,32-594
32,594,00000,000000,0000,DISTRICT,Thrissur,Urban,508333,2096406,4.124080081363988,1112.332990750257,9.681950919812287,947.3381239746333,9.659913203835517,0.17033914232262262,95.75606847456446,94.45207142032861,97.23179495377882,2.779723533450209,4.243931525435542,34.178875656719164,17.712007652548223,6.3546714154924855,4.289434606882075,13.952978808923028,2.6472098787486322,65.82112434328083,32-594
32,595,00000,000000,0000,DISTRICT,Ernakulam,Total,814011,3282388,4.032363199023109,1026.7196523493772,9.268922503981857,960.5495482723512,8.17730871548397,0.5044802747268148,95.88771000481508,94.46296698774121,97.36051216389244,2.897545176151226,4.112289995184923,38.06201460643897,20.212156256408498,9.750244728629367,5.714283427369425,15.044307287910524,2.852699378793494,61.937985393561036,32-595
32,595,00000,000000,0000,DISTRICT,Ernakulam,Rural,259915,1048025,4.03218359848412,1021.2242772559835,8.93242050523604,959.3536774247561,9.771045538035828,0.7942558622170273,95.17995915805665,93.5409641518445,96.86403303790692,3.3230688860624156,4.820040841943353,39.88425848620024,22.763094529900002,22.43604619171908,12.495065754060436,18.982672124441084,3.573949095328435,60.11574151379977,32-595
32,595,00000,000000,0000,DISTRICT,Ernakulam,Urban,554096,2234363,4.0324474459299475,1029.3075590778594,9.426758319932794,961.0815239655878,7.429768573861992,0.36856141996622754,96.22149145021459,94.89589279404169,97.5957159663984,2.699823172356716,3.778508549785414,37.20729353287716,19.02029089856668,3.371881262434654,2.3049368133123873,13.064115302172622,2.4900582910124065,62.79270646712285,32-595
32,596,00000,000000,0000,DISTRICT,Idukki ,Total,279812,1108974,3.9632824896716365,1006.0744417591641,9.526012332119599,964.1349818722692,13.118973032731155,5.0330305309231775,91.99438272238629,89.45470048184649,94.5609721395607,5.106271657714217,8.005617277613709,46.56222778892923,33.201058676726014,47.76000604226097,28.21619674531289,19.446784529487974,3.8778921030360425,53.43777221107078,32-596
32,596,00000,000000,0000,DISTRICT,Idukki ,Rural,267208,1056929,3.955454178018622,1004.6259329154379,9.50480117396722,963.6239249413604,13.561932731526905,5.226746545889081,91.81793469737681,89.21365155031901,94.4457397313505,5.232088181031486,8.182065302623187,47.176678849761906,34.05067927292499,49.092502567064564,28.97774675908099,19.77702637658837,3.9823594532152486,52.8233211502381,32-596
32,596,00000,000000,0000,DISTRICT,Idukki ,Urban,12604,52045,4.1292446842272295,1035.9503970582482,9.956768181381497,974.0952380952381,4.123354789124796,1.0990488999903931,95.59567249215799,94.29467084639498,96.95265498299764,2.657984136602664,4.404327507842012,34.08396579882794,16.20723510308889,10.304977732679408,6.809853994024466,10.164045323862675,0.9414284908957664,65.91603420117205,32-596
32,597,00000,000000,0000,DISTRICT,Kottayam,Total,487296,1974551,4.052056655503021,1039.2165975240864,8.836743138060248,964.4236290150074,7.794632805128862,1.1127593057864802,97.20748972953754,96.48131271052868,97.9676303575124,1.4863176469837214,2.792510270462458,37.26087601687675,20.413470845565072,15.364635364635365,8.569933467892652,17.830061095367217,3.460349174634889,62.73912398312326,32-597
32,597,00000,000000,0000,DISTRICT,Kottayam,Rural,346899,1409158,4.062156420168407,1034.3769715291342,8.8806932934419,963.1814259941957,8.470306381541318,1.3978560246615355,97.09972235526844,96.37254288361699,97.85714740002035,1.4846045164033654,2.9002776447315597,38.262281447502694,21.46325463896662,18.723385313886375,10.126748965087467,19.39719126964108,3.9814457616807872,61.73771855249731,32-597
32,597,00000,000000,0000,DISTRICT,Kottayam,Urban,140397,565393,4.027101718697693,1051.379455474283,8.727203909493044,967.5811468219157,6.110616862960808,0.4021981170619375,97.47563220618157,96.74967609750217,98.24497680990508,1.4953007124029085,2.5243677938184277,34.76502185205689,17.817839234997948,6.151333696243875,4.299472423038376,13.531306121826017,2.0309423633616372,65.23497814794311,32-597
32,598,00000,000000,0000,DISTRICT,Alappuzha,Total,535958,2127789,3.9700666843297423,1100.1883250324238,9.025612971962914,950.8146763642274,9.456341770730086,0.30895920601149834,95.71503035268628,94.24119407078042,97.36022162506094,3.119027554280521,4.284969647313716,37.80783714926621,24.019532641275667,12.050527613798383,8.913435039920643,25.865941718222285,5.22554573129423,62.19216285073379,32-598
32,598,00000,000000,0000,DISTRICT,Alappuzha,Rural,248616,979643,3.9403859767673843,1108.060243634243,9.127202460488157,955.3446466060182,11.42569282891829,0.3022529635795897,95.75850708076237,94.44300617090084,97.23808728236094,2.7950811114600924,4.241492919237629,37.91605717593042,24.713456197929816,20.087389148238486,14.533089957516921,28.981106067703706,5.902132769046043,62.08394282406958,32-598
32,598,00000,000000,0000,DISTRICT,Alappuzha,Urban,287342,1148146,3.9957472280418456,1093.5180305928388,8.938932853487275,946.8851961453828,7.776014548672381,0.31468123391972797,95.67801100702621,94.06821740957183,97.46345163431259,3.3952342247407614,4.321988992973786,37.71549959674118,23.423714852171944,5.156698512108888,4.093028411492071,23.193827665121734,4.64518542638022,62.284500403258825,32-598
32,599,00000,000000,0000,DISTRICT,Pathanamthitta,Total,322684,1197412,3.710788263440394,1131.703565502852,8.08719137606772,976.1846455246724,13.735038566508436,0.6771270039050886,96.54526043204689,95.83421931374933,97.36051677933507,1.526297465585742,3.454739567953112,32.80357972026337,17.451737937630565,24.661527416406564,14.118087343493027,25.340763860955107,4.900023931119111,67.19642027973663,32-599
32,599,00000,000000,0000,DISTRICT,Pathanamthitta,Rural,287615,1065799,3.705644698642282,1132.3656516345884,8.086046243240986,976.5831058920667,14.24696401479078,0.7189911043264255,96.50200384231404,95.78333164564701,97.32650328022288,1.5431716345758701,3.497996157685961,33.0113839476299,17.577153922672043,26.461835803714813,15.061321358022935,26.11422968152685,5.124561228985177,66.9886160523701,32-599
32,599,00000,000000,0000,DISTRICT,Pathanamthitta,Urban,35069,131613,3.7529727109412874,1126.357115160915,8.096464634952474,972.9679688946491,9.589478243030705,0.33811249648590946,96.89559099514705,96.24740156991716,97.63518895477475,1.3877873848575888,3.104409004852954,31.120785940598573,16.43358147940961,9.19700187992871,6.015771869430406,18.69674552601382,2.971263946873703,68.87921405940143,32-599
32,600,00000,000000,0000,DISTRICT,Kollam,Total,669375,2635375,3.937068160597572,1113.426326898525,9.647962813641323,972.5521532362548,12.45602618223213,0.40832898543850493,94.08503999176855,92.31081053263301,96.08932901278902,3.778518480156009,5.914960008231446,34.60702936014798,19.27842484228328,16.324771799018666,10.108604479043885,23.763164386941146,4.384528932869165,65.39297063985201,32-600
32,600,00000,000000,0000,DISTRICT,Kollam,Rural,376679,1448217,3.844698005463538,1127.581399380332,9.498507475053808,973.4452334839682,14.395218396138148,0.5445316551317931,94.10250423832915,92.32487608550242,96.13818410362335,3.813308018120921,5.897495761670854,35.410232030144655,20.62616444959806,24.141750370990042,14.40864869924359,27.108500693229747,5.349276642545001,64.58976796985534,32-600
32,600,00000,000000,0000,DISTRICT,Kollam,Urban,292696,1187158,4.055942001257277,1096.4114988848291,9.830283753299899,971.5004899145183,10.090400772264516,0.24217500956064822,94.06365692409877,92.29334185348883,96.03046420042321,3.7371223469343846,5.936343075901235,33.62720042319556,17.612345118276245,6.283190717620888,4.584827959359532,19.465792268692013,3.1452275505500893,66.37279957680443,32-600
32,601,00000,000000,0000,DISTRICT,Thiruvananthapuram,Total,837877,3301427,3.9402286970521927,1087.2940004223365,9.300856871892064,963.5943904794183,11.297448042922046,0.8105282957945156,93.0216279506246,91.17219490588344,95.05760537598725,3.885410470103807,6.978372049375395,37.30717050536026,21.373351576305613,10.823281254947554,7.670080191999635,25.200520594412946,5.655090775200156,62.692829494639746,32-601
32,601,00000,000000,0000,DISTRICT,Thiruvananthapuram,Rural,390963,1529831,3.9129815353371034,1110.507626258167,9.673617543375707,965.3386454183267,11.760580090219115,1.3087720146865895,91.71981436359175,89.66087969443257,94.0409259133819,4.380046218949332,8.280185636408248,38.13048630861841,22.63161098529505,17.011067453868467,11.67876955147326,31.012528028635494,7.939389575747602,61.86951369138159,32-601
32,601,00000,000000,0000,DISTRICT,Thiruvananthapuram,Urban,446914,1771596,3.9640646746353885,1067.6552904130886,8.978965859033323,961.9744193791088,10.897518395841942,0.38027857367029505,94.13720717508257,92.49475374885873,95.908922740568,3.414168991709275,5.862792824917435,36.5962104226923,20.2661399109296,5.255908578409068,4.063318922103782,19.971249519925593,3.599825399445042,63.40378957730769,32-601
33,602,00000,000000,0000,DISTRICT,Thiruvallur,Total,946949,3728104,3.936963870282349,987.1965851874832,10.881375626860194,946.1307082307902,22.039245686279138,1.2672125026555052,84.02635416494228,78.31718456728277,89.6917330339833,11.374548466700531,15.973645835057724,41.25566239568424,23.46010511640665,22.367875250153766,17.592750319559652,18.863837030429362,2.9428745674729235,58.74433760431575,33-602
33,602,00000,000000,0000,DISTRICT,Thiruvallur,Rural,331697,1299709,3.918362240237325,998.1320968788339,10.918367111407246,946.5446764149132,34.77693853008635,2.696295863150905,74.25276515328181,66.09328521547906,82.45013505090381,16.356849835424754,25.747234846718186,46.720689015771995,33.610628928589584,51.76892560186946,41.34327350456908,27.571459390382273,4.663942835781323,53.27931098422801,33-602
33,602,00000,000000,0000,DISTRICT,Thiruvallur,Urban,615252,2428395,3.9469924518733785,981.3927872062663,10.861577296938925,945.9080614104332,15.221864647225841,0.5023482588293915,89.25397515421783,84.91773530123396,93.52866328517972,8.610927983945757,10.746024845782173,38.33070814262095,17.981035837362143,3.187723525790673,2.0987923564251343,13.183308068898317,1.8201136416131567,61.66929185737905,33-602
33,603,00000,000000,0000,DISTRICT,Chennai,Total,1154982,4646732,4.0232072880789485,989.3160673401135,9.884882536802209,950.2630361032444,16.778824343646246,0.2165177591477193,90.18170667869,86.63752232182429,93.70354587980432,7.0660235579800315,9.818293321309994,39.10914165051912,19.38627055919629,1.5477932335771203,0.7524361730636214,10.881160316668106,1.2121298830075657,60.89085834948088,33-603
33,603,00000,000000,0000,DISTRICT,Chennai,Rural,0,0,,,,,,,,,,,,,,,,,,,33-603
33,603,00000,000000,0000,DISTRICT,Chennai,Urban,1154982,4646732,4.0232072880789485,989.3160673401135,9.884882536802209,950.2630361032444,16.778824343646246,0.2165177591477193,90.18170667869,86.63752232182429,93.70354587980432,7.0660235579800315,9.818293321309994,39.10914165051912,19.38627055919629,1.5477932335771203,0.7524361730636214,10.881160316668106,1.2121298830075657,60.89085834948088,33-603
33,604,00000,000000,0000,DISTRICT,Kancheepuram,Total,1006245,3998252,3.973437880436673,986.2570406337339,10.794067007282182,958.6640706904298,23.712387313255892,1.0307004160818276,84.48707733078231,79.02326921114889,89.89432767847231,10.871058467323422,15.512922669217687,41.86364441260831,24.80771109971621,21.618710322652337,16.281020471808695,18.307649475987176,2.7041833799932373,58.136355587391684,33-604
33,604,00000,000000,0000,DISTRICT,Kancheepuram,Rural,361365,1459916,4.040003874199217,986.3370245952605,10.865419654281478,960.790615458782,37.7416919877582,1.8533258077862012,75.9537074748903,68.19795738631974,83.62799657534246,15.430039189022722,24.046292525109706,46.45822088394127,33.64747557373951,47.760194972067865,36.101679171869996,27.62148526135605,4.3955703714406615,53.54177911605873,33-604
33,604,00000,000000,0000,DISTRICT,Kancheepuram,Urban,644880,2538336,3.9361369557126906,986.2110410264956,10.75302875584635,957.4303294559745,15.643476671331138,0.5575699986132647,89.38883758543791,85.2408171089168,93.49428257491851,8.253465466001714,10.611162414562088,39.22108814593497,19.72322127778082,3.809201426730403,2.777724764781335,11.962377067046486,1.5518857169260005,60.77891185406502,33-604
33,605,00000,000000,0000,DISTRICT,Vellore,Total,929281,3936331,4.235888821572807,1006.6040063455555,10.988659236227848,944.3944978872606,21.8531419232783,1.8533756434608777,79.16955996964423,71.94870315598342,86.49556009907843,14.546856943095008,20.830440030355774,42.9163604381847,28.635859747812642,33.56733142725222,23.2018018977938,19.483759833780255,3.461194674811908,57.0836395618153,33-605
33,605,00000,000000,0000,DISTRICT,Vellore,Rural,536706,2234344,4.16306879371574,1000.1271147371635,11.150744916628772,938.0046360397641,24.51386178672577,2.9098026087299003,74.69940026133413,66.08344913736448,83.38605402091765,17.302604883553172,25.300599738665866,47.01268023187119,35.60138662761816,49.81355165766237,34.21529380964848,24.261608396601375,4.233619725349263,52.98731976812881,33-605
33,605,00000,000000,0000,DISTRICT,Vellore,Urban,392575,1701987,4.33544418264026,1015.1707284151898,10.775875491410922,953.1426380694767,18.360187239973044,0.46651355151361323,85.01326565620714,79.5612177659012,90.59032750088252,11.029109734981319,14.986734343792861,37.53877086017695,19.55936552367623,6.856887956738482,5.094497617016614,11.628489368528967,2.1912490902403334,62.46122913982304,33-605
33,606,00000,000000,0000,DISTRICT,Tiruvannamalai,Total,588836,2464875,4.186012743786046,994.4145469374677,11.058126679851918,930.3070004603237,22.93540240377301,3.6900045641259696,74.20556254464478,65.32394576639317,83.11101651252781,17.787070746134646,25.794437455355222,50.23285156448096,40.6173870166137,66.04096183340508,42.406134179523605,21.65320467106076,3.1234629620805427,49.76714843551904,33-606
33,606,00000,000000,0000,DISTRICT,Tiruvannamalai,Rural,472689,1969930,4.16749702235508,990.3791554430215,11.18740259806186,927.2927616332456,25.073225952191198,4.40497885711675,71.62418135904971,62.051273838353914,81.18387848892534,19.13260465057143,28.375818640950285,53.23265293690639,45.777001522132124,75.06537001047064,47.92828084978153,23.316829511579694,3.2827093223070514,46.76734706309361,33-606
33,606,00000,000000,0000,DISTRICT,Tiruvannamalai,Urban,116147,494945,4.261367060707552,1010.6392918513343,10.543595753063471,943.1411974977658,14.426653466546787,0.8443362393801331,84.40577287921222,78.12694392109303,90.80330313213896,12.676359211045934,15.594227120787778,38.293345725282606,20.288445305528533,16.110293302942527,11.852942262743298,12.448623180376824,2.242377236441532,61.70665427471739,33-606
33,607,00000,000000,0000,DISTRICT,Viluppuram,Total,800368,3458873,4.3216033124762605,986.9228219590894,11.68316963357718,940.5222669342988,29.36551876868564,2.1642598615213684,71.88031034772865,63.152068658791194,80.54944201679137,17.39737335800018,28.119689652271347,49.24288923010472,39.92109677577073,70.56273040524316,48.86032517852645,25.976648158901018,3.864555329256028,50.757110769895284,33-607
33,607,00000,000000,0000,DISTRICT,Viluppuram,Rural,678847,2939785,4.330556075227555,984.36355659056,11.817054648554231,939.0915078647421,31.461348363910968,2.42772855838097,69.58612307026453,60.33216853685233,78.7530109704136,18.42084243356127,30.413876929735466,51.464749973212335,43.792952115805285,77.2142954870376,53.311570154525626,26.95688497924258,3.894833481278004,48.53525002678767,33-607
33,607,00000,000000,0000,DISTRICT,Viluppuram,Urban,121521,519088,4.27159091844208,1001.5423530137577,10.924929877015073,949.3331500068748,17.496070030515057,0.6721403692630151,84.74300247849162,78.8240007582089,90.71017841321682,11.886177655007927,15.256997521508382,36.65968005424899,18.182903166194407,17.679299617438097,13.470593181149368,18.18325135578257,3.623828141421785,63.34031994575101,33-607
33,608,00000,000000,0000,DISTRICT,Salem,Total,915967,3482056,3.80150813293492,954.4862371468777,9.906790700666503,916.4231508538794,16.67152969395093,3.428118330090039,72.85597890533155,65.15385271636383,80.24050165806156,15.086648941697732,27.144021094668446,48.654013605754756,35.89346568773026,41.98033243613354,26.81033668602729,7.858171601265523,1.1866057515228785,51.34598639424524,33-608
33,608,00000,000000,0000,DISTRICT,Salem,Rural,452023,1707934,3.778422779371846,933.6400709179711,10.153846694310202,898.4028636796531,18.659561786345375,6.454172116721138,65.73818533958331,56.31990735129748,74.56974983678968,18.249842485492202,34.26181466041669,54.564227891710104,46.99524652584095,63.20127993681868,39.535754640146536,8.885946340945209,1.265987138394778,45.4357721082899,33-608
33,608,00000,000000,0000,DISTRICT,Salem,Urban,463944,1774122,3.8240003103822877,974.9837748539737,9.668951740635649,934.9922730708058,14.757666045514345,0.5149589487081497,79.67144291434516,73.4268926787374,85.78712177914792,12.360229100410521,20.328557085654836,42.96429445100168,25.440242057488653,16.035390474641158,11.252113838310557,6.601603958863296,1.0895532765969729,57.035705548998315,33-608
33,609,00000,000000,0000,DISTRICT,Namakkal   ,Total,475511,1726601,3.6310432355928675,986.2426375851279,8.728073249117775,913.5408995098662,20.0041584593082,3.304700970287866,74.63224236024828,66.56926109277595,82.64269612890658,16.073435036130633,25.367757639751716,52.02388971163575,42.7823417366424,45.88937316656369,28.246859153126376,6.5787173877950895,0.7556958290889456,47.97611028836425,33-609
33,609,00000,000000,0000,DISTRICT,Namakkal   ,Rural,283248,1030476,3.638069818674801,979.0813622081723,8.623005290758833,896.8513181769666,23.687887927520872,5.3689751144131455,71.34453674419989,62.36235487270698,80.21184410738668,17.8494892346797,28.655463255800115,54.96547226718527,49.24734009164522,62.122399833335095,36.87460937913794,7.54317574319481,0.8365024381803865,45.03452773281474,33-609
33,609,00000,000000,0000,DISTRICT,Namakkal   ,Urban,192263,696125,3.6206914486926762,996.939150191052,8.88360567426827,938.0425585258077,14.551122284072546,0.2489495421080984,79.51296264764679,72.76548582008017,86.27982834786397,13.514342527783796,20.487037352353212,47.66945591668163,33.29880384083055,18.18170859965224,13.520412007027504,4.932512453328271,0.6177694604913828,52.330544083318365,33-609
33,610,00000,000000,0000,DISTRICT,Erode,Total,658071,2251744,3.4217341289921603,992.9266073559036,8.669413574544887,953.2433487087641,16.408748063723053,0.9716912757400485,72.58154630297331,64.71440844881093,80.42333179600456,15.708923347193632,27.418453697026692,53.104304929867695,41.33166232275225,45.860041997937735,30.960056800078277,7.085124016013072,0.9485914132531843,46.895695070132305,33-610
33,610,00000,000000,0000,DISTRICT,Erode,Rural,323502,1093768,3.3810239194811778,980.0540557175779,8.434512620592301,946.6976155307026,19.685710315167384,1.8308270126754487,65.40557595799959,56.206609722644615,74.4498547533381,18.243245030693487,34.59442404200041,58.06569583312,50.1188640036943,64.57241648611881,42.78259938529752,8.700622260291228,1.0511664231369982,41.93430416688,33-610
33,610,00000,000000,0000,DISTRICT,Erode,Urban,334569,1157976,3.461097710786116,1005.2400536819777,8.891289629491457,959.1460049854433,13.313488362453107,0.16019330279729457,79.39360218840076,72.68319829464531,86.17013575350244,13.486937458857128,20.606397811599237,48.41801557199803,33.13672155603522,24.663393196342227,17.567941156011834,5.255150543368726,0.8323984382942521,51.58198442800196,33-610
33,611,00000,000000,0000,DISTRICT,The Nilgiris,Total,197653,735394,3.720631611966426,1041.9500031931761,9.083430106854284,985.2294341417023,32.07505092508234,4.461961887097257,85.20060724354803,78.98275358082432,91.71564648769507,12.732892906870745,14.799392756451965,47.58999937448497,36.72262032612838,27.072011063679014,22.601678981867224,8.872087640796174,1.2140901895569385,52.41000062551503,33-611
33,611,00000,000000,0000,DISTRICT,The Nilgiris,Rural,83021,299739,3.6103997783693282,1054.287261238169,8.771631319247746,990.0090826521343,28.942846943507515,7.590603825328035,81.16929423252039,73.52895204262877,89.27330685697491,15.744354814346138,18.830705767479614,53.43015089794788,46.27445881817591,38.367540633527106,31.05694001286286,8.215996153630012,1.3031451567583092,46.56984910205212,33-611
33,611,00000,000000,0000,DISTRICT,The Nilgiris,Urban,114632,435655,3.8004658385093166,1033.5474294463063,9.297953655989257,982.1393619103542,34.23006736982245,2.3093961965316594,87.99032261329933,82.79513285324063,93.38796066006874,10.592827806828112,12.009677386700673,43.57186305677658,30.08657715392849,17.542131353945518,15.468093961216503,9.425622817045353,1.1389557640538819,56.428136943223414,33-611
33,612,00000,000000,0000,DISTRICT,Dindigul,Total,560773,2159775,3.8514247297926256,998.0563177536546,10.027711219918741,934.4915367781698,20.94551515782894,0.3733722262735702,76.25744970021083,68.32714716243625,84.23057989665453,15.903432734218285,23.742550299789173,51.16991353265965,40.7555543608534,57.309970094692595,42.34329121254485,12.861363338174284,1.729259696603644,48.83008646734035,33-612
33,612,00000,000000,0000,DISTRICT,Dindigul,Rural,350970,1351735,3.8514260478103544,991.931978102136,10.174997318261346,926.4514321731214,22.977950559836064,0.33445904707653495,71.67467196399923,62.36305285459631,80.98285601357026,18.619803158973944,28.32532803600077,56.38627393682933,49.70228633399195,72.02322771266594,52.67064903508691,14.670562442845842,1.9533110380179297,43.61372606317067,33-612
33,612,00000,000000,0000,DISTRICT,Dindigul,Urban,209803,808040,3.851422524940063,1008.3860881409181,9.781322706796693,948.6439842209073,17.545542299886144,0.438468392653829,83.8903269259523,78.18506113334968,89.68165120116758,11.496590067817905,16.109673074047706,42.44369090639077,25.911556862464785,24.611472991176864,19.391944297035824,8.840629574121914,1.2313317510394737,57.55630909360923,33-612
33,613,00000,000000,0000,DISTRICT,Karur ,Total,287095,1064493,3.7078075201588323,1015.3828968692728,9.650697562125819,939.455153014027,20.797224594243456,0.05401632514257962,75.59500167401083,66.86260525704608,84.53563124059636,17.673025983550275,24.40499832598917,51.03819376924038,39.95159506926044,52.77195940349495,36.966268972092664,6.403667968591822,0.9330054592507242,48.96180623075962,33-613
33,613,00000,000000,0000,DISTRICT,Karur ,Rural,168396,629976,3.741038979548208,1015.0978159345931,9.724814913584009,948.4765600152663,24.254733513657666,0.03031861531232936,69.30291606296333,59.02179281178051,79.81585142930302,20.794058617522516,30.697083937036666,55.91895564275464,48.61256412518749,70.54184786928431,48.91817779241276,6.980038378998285,0.8569984898204817,44.08104435724536,33-613
33,613,00000,000000,0000,DISTRICT,Karur ,Urban,118699,434517,3.660662684605599,1015.7963591827646,9.543239965294799,926.2786268407117,15.78442270382977,0.08837398766906703,84.69914769113345,78.19024123082488,91.37551603110875,13.185274800283864,15.300852308866553,43.96191633468886,27.398943190796533,20.001361099768612,14.92498246275298,5.340746092073164,1.0731748175602809,56.038083665311134,33-613
33,614,00000,000000,0000,DISTRICT,Tiruchirappalli,Total,698404,2722290,3.897872864416584,1013.1052352908116,10.008338567896882,946.8652194417847,17.138548795315707,0.6684813153631685,83.2293534990534,76.86618785030416,89.72456526150297,12.858377411198816,16.770646500946597,44.594036638271454,31.00519267798827,45.260338111285286,31.201692945265115,10.84450389998509,1.510075544964122,55.40596336172855,33-614
33,614,00000,000000,0000,DISTRICT,Tiruchirappalli,Rural,357244,1384257,3.874822250338704,1010.388467392441,10.493716123523306,937.1616034993199,20.783857332850765,0.9957688492816,76.6944552730959,68.11446826268606,85.44036012425721,17.32589186157115,23.305544726904103,51.87916694660023,43.84688912685693,69.37829757665975,47.14394526980078,11.900448519162671,1.6761332384587428,48.120833053399764,33-614
33,614,00000,000000,0000,DISTRICT,Tiruchirappalli,Urban,341160,1338033,3.9220102004924375,1015.9235956681312,9.506193046060897,958.0665024630541,13.367308579085869,0.3298872299861065,89.9162314993678,85.8090235514202,94.11462125817506,8.305597706754867,10.083768500632203,37.05723251967627,17.75586866992634,10.329381773885826,8.11192365248327,9.315139218857773,1.2695678830585797,62.942767480323724,33-614
33,615,00000,000000,0000,DISTRICT,Perambalur  ,Total,149243,565223,3.7872664044544804,1003.2216106635667,10.538672347020556,913.1845190300305,31.012361492720576,0.45716469428880285,74.32384862436122,65.90321795204098,82.86564524224968,16.96242729020871,25.67615137563878,53.02791995371739,48.42934156698438,78.59912053008415,39.4620419983585,14.889932805295503,1.4946984912887105,46.97208004628261,33-615
33,615,00000,000000,0000,DISTRICT,Perambalur  ,Rural,123945,468060,3.7763524143773446,1000.8891700794269,10.54736572234329,907.5734157650695,32.15485194205871,0.4606247062342435,72.06156315382191,62.9539606733572,81.28298549359276,18.32902482023556,27.938436846178092,55.299320599923085,52.6279822665653,83.97119389261071,41.34773638702798,15.520758478407009,1.4750766900793557,44.700679400076915,33-615
33,615,00000,000000,0000,DISTRICT,Perambalur  ,Urban,25298,97163,3.840738398292355,1014.5342207294063,10.496794047116701,940.8182683158897,25.508681288144665,0.4404968969669525,85.21572144795547,80.02637082840775,90.52727103499628,10.500900206588526,14.784278552044526,42.08597923077715,28.33932804708575,44.5955199060941,27.52616648733249,10.896996967622028,1.6188985620659297,57.91402076922285,33-615
33,616,00000,000000,0000,DISTRICT,Ariyalur  ,Total,197090,754894,3.8301994012887515,1014.6462665097424,10.754754972221265,896.538030274715,23.344999430383602,1.4203318611619644,71.33724304482513,61.73627608158871,81.22508624715647,19.488810165567756,28.66275695517487,47.66907671805578,38.744736198384494,76.18403172424142,46.362800158954684,24.34618772769841,4.040283339493291,52.33092328194422,33-616
33,616,00000,000000,0000,DISTRICT,Ariyalur  ,Rural,175903,671100,3.815170861213282,1013.7853222626654,10.81433467441514,894.6118101602882,24.403218596334376,1.4820444047086874,70.07443298107849,60.064299784569364,80.3774915493292,20.313191764759843,29.925567018921512,49.01981820891074,41.07451005928719,80.82055615675499,48.91449728244349,24.786911956032732,4.042897267852584,50.98018179108925,33-616
33,616,00000,000000,0000,DISTRICT,Ariyalur  ,Urban,21187,83794,3.9549723887289376,1021.568154402895,10.277585507315559,912.9275877387828,14.869799746998591,0.9260806262978255,81.39049240509696,75.01176962912591,87.99123091912959,12.979461290003684,18.609507594903036,36.8510871900136,20.156338560362745,26.78843226788432,19.17808219178082,19.650895430551508,4.0124356358690365,63.14891280998639,33-616
33,617,00000,000000,0000,DISTRICT,Cuddalore,Total,635578,2605914,4.100069542998656,986.6737516362391,10.742871790857258,896.114979274471,29.315779415590843,0.6025525017325974,78.04424316111513,70.13953736559857,85.93440333043254,15.794865964833974,21.955756838884867,44.89326969347415,32.471138920289256,60.22686087461962,46.108318801928405,28.431035661777276,4.486186617430848,55.106730306525854,33-617
33,617,00000,000000,0000,DISTRICT,Cuddalore,Rural,423473,1720725,4.063364134195096,980.4376073963499,11.198826076217873,879.55132894416,35.44564064565808,0.5766755292100714,73.69288702271692,64.48335801535536,82.84655816769667,18.363200152341307,26.307112977283083,49.503900971974026,40.623033723692984,75.65735255791675,57.573964635970256,32.30436732384313,5.160326169898547,50.496099028025974,33-617
33,617,00000,000000,0000,DISTRICT,Cuddalore,Urban,212105,885189,4.173352820536998,998.9093027667127,9.856539111986255,933.7529643830759,17.399899908381148,0.6528549270268835,86.37692057046897,80.9041459386392,91.88417895136492,10.980033012725713,13.623079429531032,35.930631763386124,16.77257755683809,18.90024964314236,15.400529469838457,18.05731102265653,2.6806768661925333,64.06936823661388,33-617
33,618,00000,000000,0000,DISTRICT,Nagapattinam  ,Total,413837,1616450,3.9060064711468523,1025.3042435602354,10.222710260137957,959.3881543843007,31.536205883262706,0.2323610380772681,83.58626107269475,77.58094853223363,89.79030305747332,12.20935452523969,16.413738927305246,41.572210708651674,25.762443436149297,61.390280270359554,51.34822632344932,27.629115736152404,4.084709089664491,58.42778929134832,33-618
33,618,00000,000000,0000,DISTRICT,Nagapattinam  ,Rural,323350,1251826,3.8714272460182464,1021.1311835109605,10.204133801342998,958.4809039755913,36.68529012818075,0.17654210728967124,82.00301044046373,75.53680900863597,88.65353174073259,13.116722732096619,17.996989559536274,43.577462043446936,29.030590221943942,71.18094127740076,59.66959601403447,29.3255535146669,4.325828484695168,56.422537956553064,33-618
33,618,00000,000000,0000,DISTRICT,Nagapattinam  ,Urban,90487,364624,4.029573308873098,1039.7632553508095,10.286486901575321,962.4843030556718,13.858385624643468,0.42399842029049106,89.02686194847715,84.5376214389357,93.73614121243251,9.198519773496812,10.973138051522852,34.68778796787924,14.641731139638233,19.162713472485766,15.457779886148007,20.312302340290955,3.0447501581277674,65.31221203212077,33-618
33,619,00000,000000,0000,DISTRICT,Thiruvarur,Total,327219,1264277,3.8637029023375784,1017.378525051341,9.64764841881961,958.461785484907,34.084856404094985,0.2399790552228665,82.85631495643891,76.72484949583918,89.1341978303122,12.409348334473023,17.143685043561092,42.7254470341547,26.71255865893749,67.58471438515424,54.64744301772782,23.64875372106456,3.0459042372002787,57.2745529658453,33-619
33,619,00000,000000,0000,DISTRICT,Thiruvarur,Rural,261999,1006482,3.8415490135458534,1013.149209727295,9.60643111352215,956.3554692242321,38.62364155543766,0.09329526012387702,81.10475436774219,74.38265220581671,87.95712624186517,13.574474036048457,18.89524563225781,44.81938077382407,29.962805609956412,75.92657044240842,61.58847614381765,25.334793471056244,3.219692351346379,55.18061922617593,33-619
33,619,00000,000000,0000,DISTRICT,Thiruvarur,Urban,65220,257795,3.9526985587243177,1034.0621276797197,9.808568824065633,966.5577850365531,16.364553230279874,0.8126612230648385,89.71007573900364,85.79256162120241,93.79088697851266,7.99832535731025,10.289924260996358,34.550320991485485,14.150439506775731,25.336536842223445,19.493875534697818,15.10963410389698,2.165736676060133,65.44967900851452,33-619
33,620,00000,000000,0000,DISTRICT,Thanjavur,Total,605363,2405890,3.974293110084363,1034.7238197047402,9.917244761813715,956.539209013604,18.914497337783523,0.14801175448586595,82.63759567238748,76.50116323718746,89.04228042928257,12.541117192095115,17.362404327612524,40.48726250992356,23.996913706380358,55.97841653500384,42.64140793508535,14.330973155154766,1.9333134170842405,59.51273749007644,33-620
33,620,00000,000000,0000,DISTRICT,Thanjavur,Rural,391202,1554531,3.9737296844085663,1031.5966109802046,10.064578963044159,955.4680664916885,23.891064250246536,0.0861996319147061,79.03630279942263,71.7916923245248,86.57422205097444,14.782529726449638,20.96369720057737,43.55776758392081,29.05274439605044,73.4711328437099,55.96741488571433,16.662506885791124,2.190013867577191,56.442232416079186,33-620
33,620,00000,000000,0000,DISTRICT,Thanjavur,Urban,214161,851359,3.975322304247739,1040.4588257569403,9.648221255663005,958.5827034502493,9.827581549029258,0.26087702132707824,89.18304043847128,85.02429439629567,93.54809485744737,8.523800461151694,10.81695956152872,34.88070250035531,14.803971252188337,16.092066271551726,12.255859375,9.014682112068966,1.3479929956896552,65.11929749964469,33-620
33,621,00000,000000,0000,DISTRICT,Pudukkottai,Total,387679,1618345,4.174445868876055,1014.9018660637361,11.10319493062357,959.605653463619,17.59847251358641,0.07927852219396977,77.19317391150219,69.00345863731066,85.56329516002991,16.55983652271925,22.806826088497814,47.066169450889646,35.64883819926713,67.53626461054519,40.061940965717156,15.944087709877863,2.22228640672817,52.93383054911036,33-621
33,621,00000,000000,0000,DISTRICT,Pudukkottai,Rural,310285,1301991,4.196113250721111,1017.0114871302313,11.215976147300557,963.3892197856865,18.934923513296177,0.06413254776722727,74.36961486556628,65.42477155832786,83.52908629939348,18.10431474106562,25.630385134433723,49.87776413201013,40.38349637311382,77.07066787392748,45.57424961965125,16.864694396708366,2.332908328251751,50.12223586798987,33-621
33,621,00000,000000,0000,DISTRICT,Pudukkottai,Urban,77394,316354,4.087577848412022,1006.2657356848867,10.63903095898898,943.3570067555863,12.098155863368252,0.14161350891722563,88.73882637594315,83.70792437453015,93.84030093186287,10.13237655733272,11.261173624056852,35.494730586621316,16.059645429851706,12.395693255795313,8.182457765230788,10.619918246667082,1.5825236666102644,64.50526941337868,33-621
33,622,00000,000000,0000,DISTRICT,Sivaganga,Total,338938,1339101,3.9508730210244942,1002.6275961906586,10.248293444631884,959.8840364456886,17.00738032456103,0.05899480322992814,79.85449293016028,71.85485796132728,87.91514240374175,16.06028444241447,20.145507069839724,46.31248875178198,34.13724644966133,54.91485412894186,32.178705550565894,25.649216103300542,3.6044897294455884,53.68751124821802,33-622
33,622,00000,000000,0000,DISTRICT,Sivaganga,Rural,234513,926256,3.9497000166302083,1003.97222041929,10.317126150869738,961.7958613893907,19.95441864884006,0.05300910331485033,75.72532812964597,66.1891921044116,85.34672477255029,19.157532668138685,24.274671870354027,50.90968371594894,42.15228662675683,69.22558179975145,40.40237173261175,28.37829813764701,3.8432501897979874,49.09031628405106,33-622
33,622,00000,000000,0000,DISTRICT,Sivaganga,Urban,104425,412845,3.9535073018913094,999.617363001424,10.093860892102363,955.5138432660723,10.395426855115115,0.07242427545446839,89.09565081511856,84.56142048478398,93.65116228828207,9.089741803498086,10.90434918488144,35.998256004069326,16.115668441683667,9.507660631017986,6.085441100277896,16.98998095776392,2.84691522504155,64.00174399593067,33-622
33,623,00000,000000,0000,DISTRICT,Madurai,Total,794887,3038252,3.822243916430889,990.3712802371477,10.334165829562526,931.9701938874086,13.460897911035689,0.3652099957475548,83.45085699896559,77.16001282055052,89.72490355274869,12.564890732198165,16.54914300103441,44.58590005042373,29.893826933469686,34.367045810227424,27.522456283330087,13.341630789764306,1.89431520885377,55.41409994957627,33-623
33,623,00000,000000,0000,DISTRICT,Madurai,Rural,315036,1191451,3.7819519039093943,981.6331723900494,10.781139971345862,913.2817969227103,21.641846790174334,0.40840957790123134,74.13835760899117,64.59408306846994,83.58933553013425,18.995252461664307,25.86164239100883,52.686765968554305,45.193695739100384,66.79947175329795,53.36884714458443,18.55872762000647,2.6590753771085662,47.31323403144569,33-623
33,623,00000,000000,0000,DISTRICT,Madurai,Urban,479851,1846801,3.8486967829597103,996.0496223633526,10.045803527288538,945.1247641014888,8.183014845670973,0.33734008157890316,89.40964018600171,85.1534770942007,93.67390172658125,8.520424632380553,10.59035981399829,39.35968195815359,20.09531529244021,6.358827616093109,5.201851711732782,8.836214308806637,1.2338783455657283,60.64031804184642,33-623
33,624,00000,000000,0000,DISTRICT,Theni  ,Total,338112,1245899,3.6848706937346205,991.2623485055532,9.604390082984255,933.9776639244905,20.723991270560454,0.14728320674468798,77.25542913664785,69.46258009914158,85.02917649562795,15.566596396486375,22.744570863352152,47.4871558609486,35.91361719143008,59.75370240787503,53.26886867396162,10.318909070011934,1.404565598791161,52.512844139051396,33-624
33,624,00000,000000,0000,DISTRICT,Theni  ,Rural,156719,575418,3.6716543622662217,978.197194719472,9.818427647379819,929.8059844241017,24.953859629000135,0.23930429705014442,72.58330266071329,63.37707963329279,81.63865995932784,18.26158032603505,27.416697339286713,53.009985784247284,46.10315669611792,73.53694238908432,64.51845562225232,12.583065872425244,1.6109943644702633,46.99001421575272,33-624
33,624,00000,000000,0000,DISTRICT,Theni  ,Urban,181393,670481,3.6962892724636562,1002.6134771791174,9.420699467993874,937.7243304598583,17.093847551235605,0.06830916908905696,81.24751982901846,74.59481959024748,87.96417013560287,13.369350545355388,18.752480170981542,42.747370917296685,27.276437538355207,45.08483564946461,41.29645201020191,7.909271386852655,1.1848729820350088,57.25262908270331,33-624
33,625,00000,000000,0000,DISTRICT,Virudhunagar,Total,537748,1942288,3.611892559340063,1007.0992416108562,10.149576169960376,955.1707379967668,20.585567124957784,0.11810812814577448,80.1526971258697,72.68966789331779,87.71378342150373,15.024115528185945,19.847302874130307,48.919521718715245,38.07254209253432,27.980083312459612,21.964978456214652,10.113265372706435,1.5261672269243642,51.080478281284755,33-625
33,625,00000,000000,0000,DISTRICT,Virudhunagar,Rural,265002,962062,3.6303952423000583,1002.7937380298108,10.52426974560891,950.6039647831699,27.35852782876779,0.11205099047670525,75.8840490141866,66.95431342934923,84.89519270491745,17.94087927556822,24.1159509858134,53.22058245726367,46.69256096092605,44.378973272267416,34.08181400935519,12.860560725759987,1.820649785650811,46.779417542736326,33-625
33,625,00000,000000,0000,DISTRICT,Virudhunagar,Urban,272746,980226,3.5939152178217095,1011.3430006012119,9.781825823840624,960.0163532297629,13.938112231260954,0.12405302450659338,84.30776780928645,78.25069015704858,90.4682400114956,12.217549854447014,15.692232190713554,44.6981614444016,29.647964908080514,8.816299701239092,7.805214279356283,6.902769187228827,1.1820341760566755,55.3018385555984,33-625
33,626,00000,000000,0000,DISTRICT,Ramanathapuram,Total,323905,1353445,4.178524567388586,982.610619080125,10.391556361728775,961.4252841503383,18.398087842505607,0.08164350971040567,80.71777645302075,73.5167351224894,87.81150104836215,14.294765925872753,19.282223546979253,44.551274710091654,31.340201882266648,54.33723010993786,25.519049648659898,19.375034205284777,2.2670848141803086,55.44872528990834,33-626
33,626,00000,000000,0000,DISTRICT,Ramanathapuram,Rural,228764,942746,4.121041772306832,986.7863134025138,10.227569249829752,960.7125427037579,21.779779495219284,0.05314262802493991,77.02930076589872,68.6805512667639,85.29290060470409,16.612349337940188,22.970699234101275,48.770294437738265,38.75593181245435,68.52168428378789,31.883509504545653,21.289964765757535,2.389838618469703,51.22970556226173,33-626
33,626,00000,000000,0000,DISTRICT,Ramanathapuram,Urban,95141,410699,4.316740416854984,973.0915205380735,10.767983364946105,962.9810466509832,10.635526261325204,0.1470663429908522,89.23582781908725,84.77445895584283,93.58262265584175,8.808163699998914,10.764172180912752,34.866654167650765,14.197058489550676,8.793480310341698,5.08390538907938,13.22653407543454,1.8729442655921562,65.13334583234925,33-626
33,627,00000,000000,0000,DISTRICT,Thoothukkudi,Total,462010,1750176,3.788177745070453,1023.2757355023751,10.499686888632914,963.1750440681587,19.87771515550436,0.28060035105040865,86.16482370868985,81.33250817298682,91.14485569394463,9.812347520957815,13.835176291310148,42.7439868904613,27.607368201049532,33.30579672367814,26.82065780415589,12.117177631183205,1.3500959102787746,57.25601310953869,33-627
33,627,00000,000000,0000,DISTRICT,Thoothukkudi,Rural,235449,873374,3.709397788905453,1029.398574684974,10.432643976120195,956.5385441271204,26.437127736800043,0.14472608527389183,82.15780471404574,76.02812779979271,88.52187779286122,12.493749993068505,17.84219528595426,47.85326790126567,36.73436219704614,54.063760653494064,43.500232091841376,15.714292550569702,1.6392383559283914,52.14673209873434,33-627
33,627,00000,000000,0000,DISTRICT,Thoothukkudi,Urban,226561,876802,3.870048243078023,1017.2134541940827,10.566467685976994,969.7459338790263,13.343947664352957,0.41594339428970284,90.162149064917,86.6627997881623,93.74188971299581,7.079089924833511,9.837850935082997,37.654681444613495,18.46239443436724,7.028777218111383,5.706376057451455,7.563674251946802,0.9840772723280137,62.345318555386505,33-627
33,628,00000,000000,0000,DISTRICT,Tirunelveli ,Total,815528,3077233,3.7733014684964834,1023.2814258813132,10.4537745435591,959.6301101993822,18.513840193446516,0.33374138389910674,82.50477400849051,75.9761107985396,89.23571315381186,13.259602355272264,17.495225991509486,46.6800531516463,36.00022103409258,34.493133786393436,26.437532980520086,11.48989107900427,1.920005792040678,53.319946848353695,33-628
33,628,00000,000000,0000,DISTRICT,Tirunelveli ,Rural,419057,1557004,3.715494550860623,1025.4290204077386,10.749105333062728,960.8449615127763,22.17380302170065,0.24547143103036345,79.16525143202556,71.80491741768317,86.77212365099689,14.967206233313718,20.834748567974444,50.93949662300161,43.418295114908986,47.67364744745502,35.907228323225695,13.157237779430863,2.0560311676522134,49.06050337699839,33-628
33,628,00000,000000,0000,DISTRICT,Tirunelveli ,Urban,396471,1520229,3.834401507298138,1021.0865958329344,10.151299573945767,958.31429876656,14.765341274242235,0.4241466252781653,85.9023241716487,80.23005634445494,91.73586979120259,11.505813446747652,14.0976758283513,42.31757189212941,28.386748172307612,18.243373478993476,14.762701220535842,9.43428194813189,1.752305214790681,57.682428107870585,33-628
33,629,00000,000000,0000,DISTRICT,Kanniyakumari,Total,483539,1870374,3.86809336992466,1019.090079829869,9.749387020991524,964.2376258954058,3.9697408111960493,0.3893338979262971,91.74857703444975,89.89870265437429,93.6450672457439,3.7463645913696126,8.251422965550248,36.33604829836172,16.418033768030433,13.01859862864542,10.721726847355875,18.681321915187898,3.5528677790530003,63.663951701638275,33-629
33,629,00000,000000,0000,DISTRICT,Kanniyakumari,Rural,85478,330572,3.8673342848452235,1004.2197674277606,10.218651307430756,956.8995481404241,5.7391430611183045,1.1316747939934417,90.76390199196744,89.15743448053864,92.38603429128634,3.2285998107476956,9.236098008032556,37.93908740002178,18.41892365094123,18.94335650953626,14.52844932066084,19.490336161255343,3.1200165848057666,62.060912599978224,33-629
33,629,00000,000000,0000,DISTRICT,Kanniyakumari,Urban,398061,1539802,3.868256372766988,1022.3113262683428,9.648643137234528,965.913752266021,3.5898771400478764,0.22996463181629845,91.95863809918116,90.05540134789155,93.916166302633,3.8607649547414553,8.041361900818842,35.99190025730581,15.992266137372413,11.677829824396794,9.8602680601367,18.498242524413396,3.6508217190781735,64.00809974269418,33-629
33,630,00000,000000,0000,DISTRICT,Dharmapuri,Total,375873,1506843,4.008915245308921,946.0637502373102,11.14515579924385,913.2574592433097,16.28517370422798,4.183846625029947,68.54185852149111,59.79824549302014,76.85054899595937,17.052303502939232,31.458141478508892,49.85058164652854,41.65137739918639,62.392401187480864,35.590478852989335,13.06947828054901,2.1141685637072833,50.14941835347146,33-630
33,630,00000,000000,0000,DISTRICT,Dharmapuri,Rural,310409,1245931,4.013836583346488,937.0366051786727,11.309053230074538,908.3755451418047,16.629091017078796,4.846576576070424,65.86122704583052,56.47114610928467,74.69497577193479,18.223829662650125,34.13877295416948,51.85495826012837,45.28965549280258,69.1659043736273,39.11871185632672,13.613238050572921,2.1468029352538474,48.14504173987163,33-630
33,630,00000,000000,0000,DISTRICT,Dharmapuri,Urban,65464,260912,3.98557986068679,990.3576223605517,10.362497700374073,939.1092304382128,14.642868093456798,1.0191175568774147,81.20748262960984,75.06553585196608,87.3276708352896,12.26213498332352,18.792517370390158,40.27909793340284,24.760444910032042,20.751144224639127,13.900069462285785,9.726623086218874,1.9135432426517465,59.72090206659717,33-630
33,631,00000,000000,0000,DISTRICT,Krishnagiri,Total,448053,1879809,4.195505888812261,957.6612735255646,11.560908581669734,926.075935904708,14.224104682975772,1.1909720615232717,71.45672204156908,63.90687608424142,78.71866886948312,14.811792785241707,28.54327795843092,46.695116365545644,34.37939400398227,56.88971825482268,29.999350633815574,15.468358208615152,2.305933498067281,53.30488363445435,33-631
33,631,00000,000000,0000,DISTRICT,Krishnagiri,Rural,342859,1451446,4.233361235959972,954.9568721681367,11.452785704738584,920.3914002841926,15.007241054782611,1.4496577895422909,67.32406640134141,58.87846160691018,75.4277820891836,16.549320482273416,32.67593359865859,49.270796157762675,39.18536195948671,67.9876219867746,35.69459923175774,17.015573196259748,2.519090694256641,50.729203842237325,33-631
33,631,00000,000000,0000,DISTRICT,Krishnagiri,Urban,105194,428363,4.072123885392703,966.8806362150349,11.927267294327475,944.8060599139736,11.570560482581362,0.3144529289411084,85.53506630512284,80.94307525006191,89.98887827190275,9.04580302184084,14.46493369487716,37.967798339259,18.19779176065535,8.09149040826365,4.956960157402853,8.665150024594196,1.3686669945892769,62.032201660741,33-631
33,632,00000,000000,0000,DISTRICT,Coimbatore,Total,958035,3458045,3.60951844139306,999.682529952923,9.234466295262207,956.3315566991362,15.497513768617818,0.819596043429163,83.98050411107992,78.91903200084444,89.06323931223888,10.144207311394439,16.019495888920076,45.342093581778144,28.044862524786723,19.786536560477057,14.670493319302274,7.952932172582034,1.0550081316368507,54.657906418221856,33-632
33,632,00000,000000,0000,DISTRICT,Coimbatore,Rural,242157,839105,3.4651279954740106,1002.4842971419843,8.346392882893081,967.8833347382619,22.29220419375406,2.338443937290327,72.16053155109418,64.63421907698371,79.72971210844896,15.095493031465253,27.83946844890582,53.92519410562444,41.58277251810995,49.30550797919949,35.49434350890298,10.138147004678567,1.4126310252845926,46.07480589437555,33-632
33,632,00000,000000,0000,DISTRICT,Coimbatore,Urban,715878,2618940,3.6583607821444435,998.7865050199769,9.519003871795459,953.1106776035914,13.320503715243573,0.33295913613904865,87.81668799899394,83.55974082975925,92.08945531293125,8.529714483172,12.183312001006058,42.592079238165056,23.699314191835253,7.812106384714482,6.223256572842977,7.0664953772476125,0.9099376849571612,57.407920761834944,33-632
33,633,00000,000000,0000,DISTRICT,Tiruppur,Total,712210,2479052,3.480787969840356,989.3544884721773,9.735616679279016,952.488431543863,15.968846155707908,0.22016480493349874,78.67744618248818,71.82353289321475,85.48622017608172,13.662687282866969,21.322553817511817,51.073434522551366,36.203790596588675,30.182357833315038,19.45547756680359,7.703826679103447,0.9863861493661429,48.926565477448634,33-633
33,633,00000,000000,0000,DISTRICT,Tiruppur,Rural,283187,957941,3.3827153082592067,998.5875499938454,8.329009824195852,948.5432388209149,24.833784126579822,0.2766349910902655,69.61387182658167,60.91129443009423,78.34483828434034,17.43354385424611,30.386128173418328,57.26427828018635,47.17862575005432,57.588440967044505,36.28239857954856,8.842091447030214,1.035077421166039,42.73572171981364,33-633
33,633,00000,000000,0000,DISTRICT,Tiruppur,Urban,429023,1521111,3.545523200387858,983.5834909043489,10.621447087030466,954.4426298917317,10.386027055224767,0.18460191268092863,84.53175947576656,78.92952224140535,90.06175230383595,11.132230062430594,15.468240524233437,47.17466378193308,29.23948076329016,9.231596799794865,6.592026801230248,6.833672668793262,0.9491637854508005,52.82533621806692,33-633
34,634,00000,000000,0000,DISTRICT,Yanam,Total,13812,55626,4.027367506516073,1037.5077835976706,11.1530579225542,920.7430340557275,15.149390572753749,0.0,79.46663429242038,76.34807305431738,82.75102820821736,6.402955153899981,20.53336570757962,30.12979541940819,9.57811120917917,21.569212410501194,19.832935560859188,8.27565632458234,1.2887828162291168,69.8702045805918,34-634
34,634,00000,000000,0000,DISTRICT,Yanam,Rural,0,0,,,,,,,,,,,,,,,,,,,34-634
34,634,00000,000000,0000,DISTRICT,Yanam,Urban,13812,55626,4.027367506516073,1037.5077835976706,11.1530579225542,920.7430340557275,15.149390572753749,0.0,79.46663429242038,76.34807305431738,82.75102820821736,6.402955153899981,20.53336570757962,30.12979541940819,9.57811120917917,21.569212410501194,19.832935560859188,8.27565632458234,1.2887828162291168,69.8702045805918,34-634
34,635,00000,000000,0000,DISTRICT,Puducherry,Total,231513,950289,4.104689585466043,1029.41327217047,10.506067101692222,969.6575126262627,16.03785795689522,0.0,85.44278271176117,79.8609779593006,91.22925497521373,11.368277015913137,14.557217288238832,36.63148789473518,18.97243123367584,17.609916548167938,14.911592766550323,9.346317921316844,2.063170595079071,63.36851210526482,34-635
34,635,00000,000000,0000,DISTRICT,Puducherry,Rural,69497,293080,4.217160452969193,1024.4665639743316,11.260747918657021,953.3025568181818,29.215231336153952,0.0,78.35410282339461,70.72932740310429,86.23712589835228,15.507798495247982,21.645897176605388,38.37859969974068,22.84523737281793,48.0174253200569,41.84032716927454,16.842105263157894,4.068278805120911,61.62140030025931,34-635
34,635,00000,000000,0000,DISTRICT,Puducherry,Urban,162016,657209,4.056445042464942,1031.627041414082,10.16951989397589,977.834990530303,10.161455488284549,0.0,88.56555336108975,83.8760530403057,93.43279357397557,9.556740533669867,11.434446638910245,35.85236964192517,17.25128850533381,3.094323607427056,2.056657824933687,5.768063660477454,1.1059946949602122,64.14763035807482,34-635
34,636,00000,000000,0000,DISTRICT,Mahe,Total,7420,41816,5.635579514824798,1184.4016089432168,10.888176774440407,977.845351867941,0.34436579299789555,0.0,97.87188363792502,97.24806581137987,98.62834748530372,1.3802816739238466,2.1281163620749766,28.223646451119187,11.948132139549243,1.0591425182172514,0.6947974919505169,11.845449923741738,1.3980681240467716,71.7763535488808,34-636
34,636,00000,000000,0000,DISTRICT,Mahe,Rural,0,0,,,,,,,,,,,,,,,,,,,34-636
34,636,00000,000000,0000,DISTRICT,Mahe,Urban,7420,41816,5.635579514824798,1184.4016089432168,10.888176774440407,977.845351867941,0.34436579299789555,0.0,97.87188363792502,97.24806581137987,98.62834748530372,1.3802816739238466,2.1281163620749766,28.223646451119187,11.948132139549243,1.0591425182172514,0.6947974919505169,11.845449923741738,1.3980681240467716,71.7763535488808,34-636
34,637,00000,000000,0000,DISTRICT,Karaikal,Total,49705,200222,4.028206417865406,1047.071332903925,11.119157734914245,968.9572830989653,17.65440361199069,0.0,87.05151186509252,82.01996566692544,92.37127465260919,10.351308985683744,12.948488134907478,34.11263497517755,14.80476111431166,22.61899532949737,19.146132560284624,14.581045665510024,2.765698891670693,65.88736502482244,34-637
34,637,00000,000000,0000,DISTRICT,Karaikal,Rural,25521,102120,4.001410603032797,1036.7784913638359,11.272032902467686,950.3558115892918,24.286133960047003,0.0,85.09198865454867,79.53981842882712,90.912379057781,11.372560628953877,14.908011345451328,34.66118292205248,15.94590435150629,37.42230760537914,31.633517911628434,19.05300033902136,3.2376539722002486,65.33881707794751,34-637
34,637,00000,000000,0000,DISTRICT,Karaikal,Urban,24184,98102,4.056483625537545,1057.896834553502,10.960021202421968,989.2691951896392,10.751055024362397,0.0,89.08414424728105,84.57102297932748,93.89816874083188,9.327145761504397,10.915855752718954,33.5416199465862,13.628522139160438,6.695031150281112,5.713417413766905,9.770551587904572,2.2580154991642605,66.45838005341379,34-637
35,638,00000,000000,0000,DISTRICT,Nicobars,Total,9288,36842,3.9666236003445308,777.4883002846528,11.913034037240108,945.4787234042553,0.0,64.27718364909613,78.05749853634487,71.05564296953226,83.3576958475448,12.302052878012546,21.942501463655134,46.48227566364475,27.37201365187713,3.2934306569343064,1.4131386861313868,43.643795620437956,11.27007299270073,53.51772433635524,35-638
35,638,00000,000000,0000,DISTRICT,Nicobars,Rural,9288,36842,3.9666236003445308,777.4883002846528,11.913034037240108,945.4787234042553,0.0,64.27718364909613,78.05749853634487,71.05564296953226,83.3576958475448,12.302052878012546,21.942501463655134,46.48227566364475,27.37201365187713,3.2934306569343064,1.4131386861313868,43.643795620437956,11.27007299270073,53.51772433635524,35-638
35,638,00000,000000,0000,DISTRICT,Nicobars,Urban,0,0,,,,,,,,,,,,,,,,,,,35-638
35,639,00000,000000,0000,DISTRICT,North  & Middle Andaman,Total,26199,105597,4.03057368601855,924.8099742986822,11.20107578813792,974.2947754965782,0.0,0.7178234230139113,83.91152726380787,79.05966725316821,88.36914262328627,9.30947537011805,16.08847273619213,36.53418184228719,15.702853989277829,32.76912309805853,4.96384043132274,19.546903755929392,4.8757095829337205,63.46581815771282,35-639
35,639,00000,000000,0000,DISTRICT,North  & Middle Andaman,Rural,25475,102856,4.037526987242394,924.0885197448416,11.257486194291047,971.5647880129405,0.0,0.7272303025589173,83.94338113654042,79.1087817270501,88.38264963012777,9.273867903077672,16.056618863459576,36.50248891654352,15.629871050021254,33.57304567851911,5.081901717938473,19.66440271673991,4.818218138234119,63.49751108345648,35-639
35,639,00000,000000,0000,DISTRICT,North  & Middle Andaman,Urban,724,2741,3.7859116022099446,952.2792022792023,9.084275811747537,1110.1694915254236,0.0,0.36483035388544327,82.74478330658106,77.28026533996683,87.86936236391914,10.589097023952306,17.255216693418944,37.723458591754834,18.399401645474946,3.5783365570599615,0.6769825918762089,15.28046421663443,6.963249516441006,62.276541408245166,35-639
35,640,00000,000000,0000,DISTRICT,South Andaman,Total,59064,238142,4.031931464174455,870.9647007063002,10.35558616287761,969.2565679150364,0.0,1.7178826078558171,89.12549594577503,85.56639418158244,92.18717323109097,6.620779049508528,10.874504054224971,40.66103417288844,17.380636664591957,8.408464231496112,2.7098759694725865,11.989961892369179,1.7711270151087977,59.33896582711156,35-640
35,640,00000,000000,0000,DISTRICT,South Andaman,Rural,23767,97395,4.097908865233307,869.27816056657,10.726423327686225,993.3218851364244,0.0,2.3471430771600184,87.49137415466716,83.73247517836651,90.70675600699929,6.9742808286327715,12.508625845332844,40.86349401920016,16.927934293031882,19.18641171888741,6.206186085077515,18.20648760019096,2.934747104198598,59.13650598079984,35-640
35,640,00000,000000,0000,DISTRICT,South Andaman,Urban,35297,140747,3.987506020341672,872.1335461558925,10.098971914143819,951.9362812414172,0.0,1.282442965036555,90.24839369966729,86.82015860833972,93.20893104362426,6.388772435284537,9.75160630033271,40.52093472685031,17.693351838577335,0.8872212091457428,0.2700238462617478,7.6518445784822555,0.9591106747089354,59.479065273149686,35-640
