scenario_id,scarcity_level,size_class,su_profile,n_emergencies,n_ground_truth_critical,n_valid_orders,valid_order_conditions,TDC_FCFS,TDC_AASHRAY,TDC_reverse_FCFS,TDC_random_1,TDC_random_2,TDC_random_3,TDC_range,TDC_std,TDC_changes_with_order,CDC_FCFS,CDC_AASHRAY,CDC_reverse_FCFS,CDC_random_1,CDC_random_2,CDC_random_3,CDC_range,CDC_std,CDC_changes_with_order
PILOT-0001,LOW,LARGE,LH_DOMINANT,30,1,6,FCFS;AASHRAY;REVERSE_FCFS;RANDOM_1;RANDOM_2;RANDOM_3,1.0,1.0,1.0,1.0,1.0,1.0,0.0,0.0,false,1.0,1.0,1.0,1.0,1.0,1.0,0.0,0.0,false
PILOT-0002,HIGH,LARGE,HH_DOMINANT,18,7,6,FCFS;AASHRAY;REVERSE_FCFS;RANDOM_1;RANDOM_2;RANDOM_3,0.5239133492755662,0.5239133492755662,0.5239133492755662,0.5239133492755662,0.5239133492755662,0.5239133492755662,0.0,0.0,false,0.48565991572651895,0.9370667391599837,0.615604186489058,0.5635449232023922,0.6890036699741743,0.5311947804811744,0.4514068234334648,0.1487147288442869,true
PILOT-0003,HIGH,MEDIUM,LL_DOMINANT,9,1,6,FCFS;AASHRAY;REVERSE_FCFS;RANDOM_1;RANDOM_2;RANDOM_3,0.5329087048832272,0.5329087048832272,0.5329087048832272,0.5329087048832272,0.5329087048832272,0.5329087048832272,0.0,0.0,false,0.3713405238828968,1.0,1.0,0.0,1.0,0.01694915254237288,1.0,0.4518043891911851,true
PILOT-0004,HIGH,SMALL,MODERATE_MIXED,4,0,6,FCFS;AASHRAY;REVERSE_FCFS;RANDOM_1;RANDOM_2;RANDOM_3,0.6390442297915607,0.6390442297915607,0.6390442297915607,0.6390442297915607,0.6390442297915607,0.6390442297915607,0.0,0.0,false,,,,,,,,,
PILOT-0005,HIGH,SMALL,HL_DOMINANT,6,0,6,FCFS;AASHRAY;REVERSE_FCFS;RANDOM_1;RANDOM_2;RANDOM_3,0.4987422438369948,0.4987422438369948,0.4987422438369948,0.4987422438369948,0.4987422438369948,0.4987422438369948,0.0,0.0,false,,,,,,,,,
PILOT-0006,HIGH,LARGE,LH_DOMINANT,22,1,6,FCFS;AASHRAY;REVERSE_FCFS;RANDOM_1;RANDOM_2;RANDOM_3,0.629695885509839,0.629695885509839,0.629695885509839,0.629695885509839,0.629695885509839,0.629695885509839,0.0,0.0,false,1.0,1.0,0.0,1.0,1.0,0.943076923076923,1.0,0.3690210408629913,true
PILOT-0007,MODERATE,MEDIUM,MODERATE_MIXED,11,0,6,FCFS;AASHRAY;REVERSE_FCFS;RANDOM_1;RANDOM_2;RANDOM_3,0.9252205292702486,0.9252205292702486,0.9252205292702486,0.9252205292702486,0.9252205292702486,0.9252205292702486,0.0,0.0,false,,,,,,,,,
PILOT-0008,HIGH,LARGE,HL_DOMINANT,22,0,6,FCFS;AASHRAY;REVERSE_FCFS;RANDOM_1;RANDOM_2;RANDOM_3,0.5885330110288564,0.5885330110288564,0.5885330110288564,0.5885330110288564,0.5885330110288564,0.5885330110288564,0.0,0.0,false,,,,,,,,,
PILOT-0009,HIGH,SMALL,HL_DOMINANT,3,1,6,FCFS;AASHRAY;REVERSE_FCFS;RANDOM_1;RANDOM_2;RANDOM_3,0.6297856049004594,0.6297856049004594,0.6297856049004594,0.6297856049004594,0.6297856049004594,0.6297856049004594,0.0,0.0,false,0.9484259879437374,0.9484259879437374,0.3603482920294709,0.3603482920294709,0.9484259879437374,0.4507702612190221,0.5880776959142666,0.2805920422686121,true
PILOT-0010,HIGH,LARGE,HH_DOMINANT,26,11,6,FCFS;AASHRAY;REVERSE_FCFS;RANDOM_1;RANDOM_2;RANDOM_3,0.4417002764308696,0.4417002764308696,0.4417002764308696,0.4417002764308696,0.4417002764308696,0.4417002764308696,0.0,0.0,false,0.4701077305552267,1.0,0.4392091866935007,0.7634663194033384,0.2533443826210489,0.3018823250858293,0.7466556173789511,0.2631312800122129,true
PILOT-0011,LOW,LARGE,HH_DOMINANT,22,13,6,FCFS;AASHRAY;REVERSE_FCFS;RANDOM_1;RANDOM_2;RANDOM_3,1.0,1.0,1.0,1.0,1.0,1.0,0.0,0.0,false,1.0,1.0,1.0,1.0,1.0,1.0,0.0,0.0,false
PILOT-0012,MODERATE,MEDIUM,MODERATE_MIXED,11,0,6,FCFS;AASHRAY;REVERSE_FCFS;RANDOM_1;RANDOM_2;RANDOM_3,0.9939522225582098,0.9939522225582098,0.9939522225582098,0.9939522225582098,0.9939522225582098,0.9939522225582098,0.0,0.0,false,,,,,,,,,
PILOT-0013,HIGH,MEDIUM,LH_DOMINANT,11,1,6,FCFS;AASHRAY;REVERSE_FCFS;RANDOM_1;RANDOM_2;RANDOM_3,0.6059316215845119,0.6059316215845119,0.6059316215845119,0.6059316215845119,0.6059316215845119,0.6059316215845119,0.0,0.0,false,0.980115990057995,1.0,0.980115990057995,0.980115990057995,0.9900579950289975,0.48467274233637114,0.5153272576636289,0.18700489942145693,true
PILOT-0014,MODERATE,MEDIUM,HL_DOMINANT,10,0,6,FCFS;AASHRAY;REVERSE_FCFS;RANDOM_1;RANDOM_2;RANDOM_3,0.9576927963409986,0.9576927963409986,0.9576927963409986,0.9576927963409986,0.9576927963409986,0.9576927963409986,0.0,0.0,false,,,,,,,,,
PILOT-0015,MODERATE,SMALL,LL_DOMINANT,6,0,6,FCFS;AASHRAY;REVERSE_FCFS;RANDOM_1;RANDOM_2;RANDOM_3,0.9650200267022697,0.9650200267022697,0.9650200267022697,0.9650200267022697,0.9650200267022697,0.9650200267022697,0.0,0.0,false,,,,,,,,,
PILOT-0016,MODERATE,SMALL,LH_DOMINANT,6,1,6,FCFS;AASHRAY;REVERSE_FCFS;RANDOM_1;RANDOM_2;RANDOM_3,0.9988420565076425,0.9988420565076425,0.9988420565076425,0.9988420565076425,0.9988420565076425,0.9988420565076425,0.0,0.0,false,1.0,1.0,1.0,0.9958333333333333,1.0,0.9958333333333333,0.004166666666666652,0.0019641855032959585,true
PILOT-0017,HIGH,LARGE,LL_DOMINANT,21,1,6,FCFS;AASHRAY;REVERSE_FCFS;RANDOM_1;RANDOM_2;RANDOM_3,0.46152866242038215,0.46152866242038215,0.46152866242038215,0.46152866242038215,0.46152866242038215,0.46152866242038215,0.0,0.0,false,0.0,1.0,1.0,0.0,0.0,0.06334841628959276,1.0,0.4644791421005788,true
PILOT-0018,MODERATE,SMALL,HH_DOMINANT,3,2,6,FCFS;AASHRAY;REVERSE_FCFS;RANDOM_1;RANDOM_2;RANDOM_3,0.9686421173762946,0.9686421173762946,0.9686421173762946,0.9686421173762946,0.9686421173762946,0.9686421173762946,0.0,0.0,false,1.0,1.0,0.9427821522309712,0.9427821522309712,1.0,0.9427821522309712,0.05721784776902883,0.028608923884514414,true
PILOT-0019,HIGH,MEDIUM,LH_DOMINANT,14,2,6,FCFS;AASHRAY;REVERSE_FCFS;RANDOM_1;RANDOM_2;RANDOM_3,0.43566265060240966,0.43566265060240966,0.43566265060240966,0.43566265060240966,0.43566265060240966,0.43566265060240966,0.0,0.0,false,0.8972644376899696,1.0,0.0,0.8480243161094225,0.8583586626139817,0.24984802431610942,1.0,0.37606023945076317,true
PILOT-0020,LOW,MEDIUM,LL_DOMINANT,12,1,6,FCFS;AASHRAY;REVERSE_FCFS;RANDOM_1;RANDOM_2;RANDOM_3,1.0,1.0,1.0,1.0,1.0,1.0,0.0,0.0,false,1.0,1.0,1.0,1.0,1.0,1.0,0.0,0.0,false
PILOT-0021,LOW,SMALL,HH_DOMINANT,6,2,6,FCFS;AASHRAY;REVERSE_FCFS;RANDOM_1;RANDOM_2;RANDOM_3,1.0,1.0,1.0,1.0,1.0,1.0,0.0,0.0,false,1.0,1.0,1.0,1.0,1.0,1.0,0.0,0.0,false
PILOT-0022,HIGH,LARGE,LH_DOMINANT,30,1,6,FCFS;AASHRAY;REVERSE_FCFS;RANDOM_1;RANDOM_2;RANDOM_3,0.5103560379633999,0.5103560379633999,0.5103560379633999,0.5103560379633999,0.5103560379633999,0.5103560379633999,0.0,0.0,false,1.0,1.0,0.0,1.0,1.0,1.0,1.0,0.37267799624996495,true
PILOT-0023,MODERATE,LARGE,MODERATE_MIXED,27,2,6,FCFS;AASHRAY;REVERSE_FCFS;RANDOM_1;RANDOM_2;RANDOM_3,1.0,1.0,1.0,1.0,1.0,1.0,0.0,0.0,false,1.0,1.0,1.0,1.0,1.0,1.0,0.0,0.0,false
PILOT-0024,LOW,SMALL,HH_DOMINANT,5,0,6,FCFS;AASHRAY;REVERSE_FCFS;RANDOM_1;RANDOM_2;RANDOM_3,1.0,1.0,1.0,1.0,1.0,1.0,0.0,0.0,false,,,,,,,,,
PILOT-0025,MODERATE,MEDIUM,LL_DOMINANT,10,0,6,FCFS;AASHRAY;REVERSE_FCFS;RANDOM_1;RANDOM_2;RANDOM_3,0.9671140939597316,0.9671140939597316,0.9671140939597316,0.9671140939597316,0.9671140939597316,0.9671140939597316,0.0,0.0,false,,,,,,,,,
PILOT-0026,MODERATE,SMALL,LL_DOMINANT,3,0,6,FCFS;AASHRAY;REVERSE_FCFS;RANDOM_1;RANDOM_2;RANDOM_3,1.0,1.0,1.0,1.0,1.0,1.0,0.0,0.0,false,,,,,,,,,
PILOT-0027,HIGH,SMALL,LL_DOMINANT,5,0,6,FCFS;AASHRAY;REVERSE_FCFS;RANDOM_1;RANDOM_2;RANDOM_3,0.5310533515731874,0.5310533515731874,0.5310533515731874,0.5310533515731874,0.5310533515731874,0.5310533515731874,0.0,0.0,false,,,,,,,,,
PILOT-0028,LOW,LARGE,LH_DOMINANT,19,1,6,FCFS;AASHRAY;REVERSE_FCFS;RANDOM_1;RANDOM_2;RANDOM_3,1.0,1.0,1.0,1.0,1.0,1.0,0.0,0.0,false,1.0,1.0,1.0,1.0,1.0,1.0,0.0,0.0,false
PILOT-0029,HIGH,SMALL,LL_DOMINANT,5,0,6,FCFS;AASHRAY;REVERSE_FCFS;RANDOM_1;RANDOM_2;RANDOM_3,0.43352601156069365,0.43352601156069365,0.43352601156069365,0.43352601156069365,0.43352601156069365,0.43352601156069365,0.0,0.0,false,,,,,,,,,
PILOT-0030,LOW,MEDIUM,LL_DOMINANT,10,1,6,FCFS;AASHRAY;REVERSE_FCFS;RANDOM_1;RANDOM_2;RANDOM_3,1.0,1.0,1.0,1.0,1.0,1.0,0.0,0.0,false,1.0,1.0,1.0,1.0,1.0,1.0,0.0,0.0,false
PILOT-0031,MODERATE,LARGE,LL_DOMINANT,27,2,6,FCFS;AASHRAY;REVERSE_FCFS;RANDOM_1;RANDOM_2;RANDOM_3,0.9996961409905804,0.9996961409905804,0.9996961409905804,0.9996961409905804,0.9996961409905804,0.9996961409905804,0.0,0.0,false,1.0,1.0,1.0,1.0,0.9954248366013072,1.0,0.004575163398692794,0.00170506272794101,true
PILOT-0032,HIGH,LARGE,HH_DOMINANT,18,6,6,FCFS;AASHRAY;REVERSE_FCFS;RANDOM_1;RANDOM_2;RANDOM_3,0.6320939334637965,0.6320939334637965,0.6320939334637965,0.6320939334637965,0.6320939334637965,0.6320939334637965,0.0,0.0,false,0.7114797031863815,0.9989087734613706,0.7079877782627674,0.5242252291575731,0.6914011348756002,0.9932343954604976,0.47468354430379756,0.1713073520443695,true
PILOT-0033,MODERATE,LARGE,LL_DOMINANT,24,3,6,FCFS;AASHRAY;REVERSE_FCFS;RANDOM_1;RANDOM_2;RANDOM_3,0.9854742958191234,0.9854742958191234,0.9854742958191234,0.9854742958191234,0.9854742958191234,0.9854742958191234,0.0,0.0,false,1.0,1.0,1.0,1.0,1.0,1.0,0.0,0.0,false
PILOT-0034,HIGH,MEDIUM,LH_DOMINANT,11,1,6,FCFS;AASHRAY;REVERSE_FCFS;RANDOM_1;RANDOM_2;RANDOM_3,0.4121917636750532,0.4121917636750532,0.4121917636750532,0.4121917636750532,0.4121917636750532,0.4121917636750532,0.0,0.0,false,0.0,1.0,1.0,0.15433673469387754,0.0,0.0,1.0,0.4564887792099218,true
PILOT-0035,MODERATE,LARGE,HH_DOMINANT,22,10,6,FCFS;AASHRAY;REVERSE_FCFS;RANDOM_1;RANDOM_2;RANDOM_3,0.9434907010014306,0.9434907010014306,0.9434907010014306,0.9434907010014306,0.9434907010014306,0.9434907010014306,0.0,0.0,false,0.9715744680851064,1.0,0.940936170212766,1.0,0.9885957446808511,1.0,0.05906382978723401,0.021589398035606777,true
PILOT-0036,HIGH,MEDIUM,MODERATE_MIXED,10,0,6,FCFS;AASHRAY;REVERSE_FCFS;RANDOM_1;RANDOM_2;RANDOM_3,0.4914544235924933,0.4914544235924933,0.4914544235924933,0.4914544235924933,0.4914544235924933,0.4914544235924933,0.0,0.0,false,,,,,,,,,
PILOT-0037,LOW,MEDIUM,HL_DOMINANT,12,0,6,FCFS;AASHRAY;REVERSE_FCFS;RANDOM_1;RANDOM_2;RANDOM_3,1.0,1.0,1.0,1.0,1.0,1.0,0.0,0.0,false,,,,,,,,,
PILOT-0038,MODERATE,LARGE,MODERATE_MIXED,22,2,6,FCFS;AASHRAY;REVERSE_FCFS;RANDOM_1;RANDOM_2;RANDOM_3,0.9797492767598843,0.9797492767598843,0.9797492767598843,0.9797492767598843,0.9797492767598843,0.9797492767598843,0.0,0.0,false,0.7995735607675906,1.0,1.0,1.0,1.0,1.0,0.20042643923240944,0.07469452376864971,true
PILOT-0039,MODERATE,SMALL,MODERATE_MIXED,6,0,6,FCFS;AASHRAY;REVERSE_FCFS;RANDOM_1;RANDOM_2;RANDOM_3,0.9995851483094793,0.9995851483094793,0.9995851483094793,0.9995851483094793,0.9995851483094793,0.9995851483094793,0.0,0.0,false,,,,,,,,,
PILOT-0040,HIGH,MEDIUM,HH_DOMINANT,12,7,6,FCFS;AASHRAY;REVERSE_FCFS;RANDOM_1;RANDOM_2;RANDOM_3,0.6086878477831628,0.6086878477831628,0.6086878477831628,0.6086878477831628,0.6086878477831628,0.6086878477831628,0.0,0.0,false,0.6138254424444108,0.9936469520496143,0.5764634699742853,0.8638632582060203,0.908485856905158,0.5563454847980638,0.4373014672515505,0.17491920334027453,true
PILOT-0041,MODERATE,LARGE,LH_DOMINANT,25,1,6,FCFS;AASHRAY;REVERSE_FCFS;RANDOM_1;RANDOM_2;RANDOM_3,0.9972489683631361,0.9972489683631361,0.9972489683631361,0.9972489683631361,0.9972489683631361,0.9972489683631361,0.0,0.0,false,1.0,1.0,1.0,0.9706916764361079,1.0,1.0,0.029308323563892125,0.010922567299236949,true
PILOT-0042,MODERATE,LARGE,LH_DOMINANT,29,1,6,FCFS;AASHRAY;REVERSE_FCFS;RANDOM_1;RANDOM_2;RANDOM_3,0.9986374695863747,0.9986374695863747,0.9986374695863747,0.9986374695863747,0.9986374695863747,0.9986374695863747,0.0,0.0,false,1.0,1.0,1.0,1.0,1.0,1.0,0.0,0.0,false
PILOT-0043,HIGH,LARGE,LL_DOMINANT,30,2,6,FCFS;AASHRAY;REVERSE_FCFS;RANDOM_1;RANDOM_2;RANDOM_3,0.346393588601959,0.346393588601959,0.346393588601959,0.346393588601959,0.346393588601959,0.346393588601959,0.0,0.0,false,0.8861454046639232,1.0,0.004801097393689987,0.0102880658436214,0.2167352537722908,0.05692729766803841,0.99519890260631,0.4177787586755287,true
PILOT-0044,MODERATE,SMALL,LL_DOMINANT,6,0,6,FCFS;AASHRAY;REVERSE_FCFS;RANDOM_1;RANDOM_2;RANDOM_3,0.9815708644142168,0.9815708644142168,0.9815708644142168,0.9815708644142168,0.9815708644142168,0.9815708644142168,0.0,0.0,false,,,,,,,,,
PILOT-0045,LOW,MEDIUM,LH_DOMINANT,9,0,6,FCFS;AASHRAY;REVERSE_FCFS;RANDOM_1;RANDOM_2;RANDOM_3,1.0,1.0,1.0,1.0,1.0,1.0,0.0,0.0,false,,,,,,,,,
PILOT-0046,LOW,LARGE,HH_DOMINANT,21,10,6,FCFS;AASHRAY;REVERSE_FCFS;RANDOM_1;RANDOM_2;RANDOM_3,1.0,1.0,1.0,1.0,1.0,1.0,0.0,0.0,false,1.0,1.0,1.0,1.0,1.0,1.0,0.0,0.0,false
PILOT-0047,HIGH,MEDIUM,MODERATE_MIXED,10,1,6,FCFS;AASHRAY;REVERSE_FCFS;RANDOM_1;RANDOM_2;RANDOM_3,0.44571230982019366,0.44571230982019366,0.44571230982019366,0.44571230982019366,0.44571230982019366,0.44571230982019366,0.0,0.0,false,1.0,1.0,0.0,0.7372549019607844,0.043137254901960784,0.043137254901960784,1.0,0.4506563200493935,true
PILOT-0048,HIGH,SMALL,LL_DOMINANT,3,0,6,FCFS;AASHRAY;REVERSE_FCFS;RANDOM_1;RANDOM_2;RANDOM_3,0.5624270711785297,0.5624270711785297,0.5624270711785297,0.5624270711785297,0.5624270711785297,0.5624270711785297,0.0,0.0,false,,,,,,,,,
PILOT-0049,MODERATE,MEDIUM,HL_DOMINANT,10,0,6,FCFS;AASHRAY;REVERSE_FCFS;RANDOM_1;RANDOM_2;RANDOM_3,0.985540211210398,0.985540211210398,0.985540211210398,0.985540211210398,0.985540211210398,0.985540211210398,0.0,0.0,false,,,,,,,,,
PILOT-0050,MODERATE,LARGE,HL_DOMINANT,23,0,6,FCFS;AASHRAY;REVERSE_FCFS;RANDOM_1;RANDOM_2;RANDOM_3,0.999390243902439,0.999390243902439,0.999390243902439,0.999390243902439,0.999390243902439,0.999390243902439,0.0,0.0,false,,,,,,,,,
PILOT-0051,LOW,LARGE,MODERATE_MIXED,23,1,6,FCFS;AASHRAY;REVERSE_FCFS;RANDOM_1;RANDOM_2;RANDOM_3,1.0,1.0,1.0,1.0,1.0,1.0,0.0,0.0,false,1.0,1.0,1.0,1.0,1.0,1.0,0.0,0.0,false
PILOT-0052,HIGH,MEDIUM,MODERATE_MIXED,10,0,6,FCFS;AASHRAY;REVERSE_FCFS;RANDOM_1;RANDOM_2;RANDOM_3,0.5174793698424606,0.5174793698424606,0.5174793698424606,0.5174793698424606,0.5174793698424606,0.5174793698424606,0.0,0.0,false,,,,,,,,,
PILOT-0053,MODERATE,LARGE,HL_DOMINANT,26,0,6,FCFS;AASHRAY;REVERSE_FCFS;RANDOM_1;RANDOM_2;RANDOM_3,0.9770847199771798,0.9770847199771798,0.9770847199771798,0.9770847199771798,0.9770847199771798,0.9770847199771798,0.0,0.0,false,,,,,,,,,
PILOT-0054,MODERATE,LARGE,HL_DOMINANT,23,1,6,FCFS;AASHRAY;REVERSE_FCFS;RANDOM_1;RANDOM_2;RANDOM_3,0.9997679455445545,0.9997679455445545,0.9997679455445545,0.9997679455445545,0.9997679455445545,0.9997679455445545,0.0,0.0,false,1.0,1.0,1.0,1.0,1.0,1.0,0.0,0.0,false
PILOT-0055,LOW,LARGE,HH_DOMINANT,26,14,6,FCFS;AASHRAY;REVERSE_FCFS;RANDOM_1;RANDOM_2;RANDOM_3,1.0,1.0,1.0,1.0,1.0,1.0,0.0,0.0,false,1.0,1.0,1.0,1.0,1.0,1.0,0.0,0.0,false
PILOT-0056,LOW,LARGE,LL_DOMINANT,18,2,6,FCFS;AASHRAY;REVERSE_FCFS;RANDOM_1;RANDOM_2;RANDOM_3,1.0,1.0,1.0,1.0,1.0,1.0,0.0,0.0,false,1.0,1.0,1.0,1.0,1.0,1.0,0.0,0.0,false
PILOT-0057,MODERATE,LARGE,HH_DOMINANT,20,9,6,FCFS;AASHRAY;REVERSE_FCFS;RANDOM_1;RANDOM_2;RANDOM_3,0.944722702850378,0.944722702850378,0.944722702850378,0.944722702850378,0.944722702850378,0.944722702850378,0.0,0.0,false,0.9670459933617829,1.0,0.8677098150782361,1.0,1.0,0.8997155049786629,0.13229018492176392,0.05306085440672617,true
PILOT-0058,HIGH,MEDIUM,LH_DOMINANT,12,1,6,FCFS;AASHRAY;REVERSE_FCFS;RANDOM_1;RANDOM_2;RANDOM_3,0.6015404364569962,0.6015404364569962,0.6015404364569962,0.6015404364569962,0.6015404364569962,0.6015404364569962,0.0,0.0,false,0.5954545454545455,1.0,0.6575757575757576,0.0,0.0,1.0,1.0,0.41297113846858596,true
PILOT-0059,HIGH,SMALL,HL_DOMINANT,4,1,6,FCFS;AASHRAY;REVERSE_FCFS;RANDOM_1;RANDOM_2;RANDOM_3,0.42193675889328064,0.42193675889328064,0.42193675889328064,0.42193675889328064,0.42193675889328064,0.42193675889328064,0.0,0.0,false,0.9968354430379747,0.9968354430379747,0.00949367088607595,0.00949367088607595,0.47468354430379744,0.9968354430379747,0.9873417721518987,0.44409063460978015,true
PILOT-0060,HIGH,LARGE,HH_DOMINANT,27,12,6,FCFS;AASHRAY;REVERSE_FCFS;RANDOM_1;RANDOM_2;RANDOM_3,0.361437688948606,0.361437688948606,0.361437688948606,0.361437688948606,0.361437688948606,0.361437688948606,0.0,0.0,false,0.40539518467162483,0.8138157065422917,0.418883146350687,0.33871171057607463,0.43363166519601665,0.41951342493382077,0.4751039959662171,0.15603825211409664,true
PILOT-0061,LOW,LARGE,MODERATE_MIXED,27,0,6,FCFS;AASHRAY;REVERSE_FCFS;RANDOM_1;RANDOM_2;RANDOM_3,1.0,1.0,1.0,1.0,1.0,1.0,0.0,0.0,false,,,,,,,,,
PILOT-0062,HIGH,LARGE,LL_DOMINANT,30,1,6,FCFS;AASHRAY;REVERSE_FCFS;RANDOM_1;RANDOM_2;RANDOM_3,0.4654973965469992,0.4654973965469992,0.4654973965469992,0.4654973965469992,0.4654973965469992,0.4654973965469992,0.0,0.0,false,1.0,1.0,0.0,1.0,0.48427672955974843,0.0,1.0,0.44928830686267146,true
PILOT-0063,MODERATE,SMALL,HL_DOMINANT,6,0,6,FCFS;AASHRAY;REVERSE_FCFS;RANDOM_1;RANDOM_2;RANDOM_3,0.9499214013024927,0.9499214013024927,0.9499214013024927,0.9499214013024927,0.9499214013024927,0.9499214013024927,0.0,0.0,false,,,,,,,,,
PILOT-0064,HIGH,SMALL,HH_DOMINANT,6,4,6,FCFS;AASHRAY;REVERSE_FCFS;RANDOM_1;RANDOM_2;RANDOM_3,0.44620367038503056,0.44620367038503056,0.44620367038503056,0.44620367038503056,0.44620367038503056,0.44620367038503056,0.0,0.0,false,0.17002518891687657,0.7770780856423174,0.6523929471032746,0.17065491183879095,0.07619647355163728,0.09634760705289673,0.7008816120906801,0.2809438122644659,true
PILOT-0065,MODERATE,LARGE,LH_DOMINANT,26,1,6,FCFS;AASHRAY;REVERSE_FCFS;RANDOM_1;RANDOM_2;RANDOM_3,0.9899075270955553,0.9899075270955553,0.9899075270955553,0.9899075270955553,0.9899075270955553,0.9899075270955553,0.0,0.0,false,1.0,1.0,1.0,1.0,1.0,1.0,0.0,0.0,false
PILOT-0066,HIGH,MEDIUM,MODERATE_MIXED,10,1,6,FCFS;AASHRAY;REVERSE_FCFS;RANDOM_1;RANDOM_2;RANDOM_3,0.39552,0.39552,0.39552,0.39552,0.39552,0.39552,0.0,0.0,false,0.0,1.0,0.0,0.0,0.0,1.0,1.0,0.4714045207910317,true
PILOT-0067,HIGH,MEDIUM,LL_DOMINANT,9,2,6,FCFS;AASHRAY;REVERSE_FCFS;RANDOM_1;RANDOM_2;RANDOM_3,0.43786407766990293,0.43786407766990293,0.43786407766990293,0.43786407766990293,0.43786407766990293,0.43786407766990293,0.0,0.0,false,0.36527777777777776,1.0,0.7319444444444444,0.5326388888888889,0.37430555555555556,0.46944444444444444,0.6347222222222222,0.22448524603160686,true
PILOT-0068,MODERATE,LARGE,HL_DOMINANT,29,1,6,FCFS;AASHRAY;REVERSE_FCFS;RANDOM_1;RANDOM_2;RANDOM_3,0.9669458503157612,0.9669458503157612,0.9669458503157612,0.9669458503157612,0.9669458503157612,0.9669458503157612,0.0,0.0,false,1.0,1.0,1.0,0.9950738916256158,1.0,1.0,0.0049261083743842304,0.0018358521982756871,true
PILOT-0069,LOW,LARGE,LH_DOMINANT,29,1,6,FCFS;AASHRAY;REVERSE_FCFS;RANDOM_1;RANDOM_2;RANDOM_3,1.0,1.0,1.0,1.0,1.0,1.0,0.0,0.0,false,1.0,1.0,1.0,1.0,1.0,1.0,0.0,0.0,false
PILOT-0070,HIGH,LARGE,HL_DOMINANT,18,0,6,FCFS;AASHRAY;REVERSE_FCFS;RANDOM_1;RANDOM_2;RANDOM_3,0.6261953943845153,0.6261953943845153,0.6261953943845153,0.6261953943845153,0.6261953943845153,0.6261953943845153,0.0,0.0,false,,,,,,,,,
PILOT-0071,LOW,MEDIUM,HL_DOMINANT,12,2,6,FCFS;AASHRAY;REVERSE_FCFS;RANDOM_1;RANDOM_2;RANDOM_3,1.0,1.0,1.0,1.0,1.0,1.0,0.0,0.0,false,1.0,1.0,1.0,1.0,1.0,1.0,0.0,0.0,false
PILOT-0072,LOW,MEDIUM,MODERATE_MIXED,10,0,6,FCFS;AASHRAY;REVERSE_FCFS;RANDOM_1;RANDOM_2;RANDOM_3,1.0,1.0,1.0,1.0,1.0,1.0,0.0,0.0,false,,,,,,,,,
PILOT-0073,MODERATE,SMALL,HH_DOMINANT,3,2,6,FCFS;AASHRAY;REVERSE_FCFS;RANDOM_1;RANDOM_2;RANDOM_3,0.9753086419753086,0.9753086419753086,0.9753086419753086,0.9753086419753086,0.9753086419753086,0.9753086419753086,0.0,0.0,false,0.9547511312217195,1.0,1.0,0.9547511312217195,0.9547511312217195,0.9547511312217195,0.04524886877828049,0.02133052130276159,true
PILOT-0074,HIGH,SMALL,HH_DOMINANT,5,2,6,FCFS;AASHRAY;REVERSE_FCFS;RANDOM_1;RANDOM_2;RANDOM_3,0.45612547689699023,0.45612547689699023,0.45612547689699023,0.45612547689699023,0.45612547689699023,0.45612547689699023,0.0,0.0,false,0.9095354523227384,0.9095354523227384,0.0,0.360880195599022,0.9095354523227384,0.47090464547677263,0.9095354523227384,0.34665520909385716,true
PILOT-0075,HIGH,MEDIUM,HH_DOMINANT,8,2,6,FCFS;AASHRAY;REVERSE_FCFS;RANDOM_1;RANDOM_2;RANDOM_3,0.5188841201716738,0.5188841201716738,0.5188841201716738,0.5188841201716738,0.5188841201716738,0.5188841201716738,0.0,0.0,false,0.007029876977152899,1.0,1.0,0.9935559461042766,0.29876977152899825,0.4932630345635618,0.9929701230228472,0.39209875962488133,true
PILOT-0076,MODERATE,MEDIUM,HL_DOMINANT,14,0,6,FCFS;AASHRAY;REVERSE_FCFS;RANDOM_1;RANDOM_2;RANDOM_3,0.9522731560083003,0.9522731560083003,0.9522731560083003,0.9522731560083003,0.9522731560083003,0.9522731560083003,0.0,0.0,false,,,,,,,,,
PILOT-0077,HIGH,LARGE,LH_DOMINANT,23,1,6,FCFS;AASHRAY;REVERSE_FCFS;RANDOM_1;RANDOM_2;RANDOM_3,0.6258251561106155,0.6258251561106155,0.6258251561106155,0.6258251561106155,0.6258251561106155,0.6258251561106155,0.0,0.0,false,0.9956236323851203,1.0,0.6914660831509847,0.9863238512035011,1.0,1.0,0.3085339168490153,0.11374160610346547,true
PILOT-0078,HIGH,LARGE,LL_DOMINANT,19,1,6,FCFS;AASHRAY;REVERSE_FCFS;RANDOM_1;RANDOM_2;RANDOM_3,0.46959509935753774,0.46959509935753774,0.46959509935753774,0.46959509935753774,0.46959509935753774,0.46959509935753774,0.0,0.0,false,0.908289241622575,1.0,0.0,0.5811287477954145,0.0,0.5811287477954145,1.0,0.39349595054542075,true
PILOT-0079,HIGH,SMALL,MODERATE_MIXED,6,0,6,FCFS;AASHRAY;REVERSE_FCFS;RANDOM_1;RANDOM_2;RANDOM_3,0.4485514485514486,0.4485514485514486,0.4485514485514486,0.4485514485514486,0.4485514485514486,0.4485514485514486,0.0,0.0,false,,,,,,,,,
PILOT-0080,HIGH,LARGE,LL_DOMINANT,26,1,6,FCFS;AASHRAY;REVERSE_FCFS;RANDOM_1;RANDOM_2;RANDOM_3,0.420553700312399,0.420553700312399,0.420553700312399,0.420553700312399,0.420553700312399,0.420553700312399,0.0,0.0,false,0.0,1.0,1.0,0.0,1.0,0.7143840330350998,1.0,0.4492406721676427,true
PILOT-0081,HIGH,LARGE,HH_DOMINANT,19,9,6,FCFS;AASHRAY;REVERSE_FCFS;RANDOM_1;RANDOM_2;RANDOM_3,0.47129967364177383,0.47129967364177383,0.47129967364177383,0.47129967364177383,0.47129967364177383,0.47129967364177383,0.0,0.0,false,0.5268275117032769,0.8827271636058096,0.4692113791861721,0.31340775417116795,0.48577601728483977,0.38278718041051496,0.5693194094346417,0.18087322384497,true
PILOT-0082,MODERATE,LARGE,MODERATE_MIXED,23,0,6,FCFS;AASHRAY;REVERSE_FCFS;RANDOM_1;RANDOM_2;RANDOM_3,0.9712674908300503,0.9712674908300503,0.9712674908300503,0.9712674908300503,0.9712674908300503,0.9712674908300503,0.0,0.0,false,,,,,,,,,
PILOT-0083,HIGH,SMALL,HH_DOMINANT,5,2,6,FCFS;AASHRAY;REVERSE_FCFS;RANDOM_1;RANDOM_2;RANDOM_3,0.5038888888888889,0.5038888888888889,0.5038888888888889,0.5038888888888889,0.5038888888888889,0.5038888888888889,0.0,0.0,false,0.4247506799637353,0.815049864007253,0.5879419764279239,0.7538531278331823,0.815049864007253,0.4247506799637353,0.3902991840435177,0.16810925924079678,true
PILOT-0084,MODERATE,SMALL,HL_DOMINANT,5,0,6,FCFS;AASHRAY;REVERSE_FCFS;RANDOM_1;RANDOM_2;RANDOM_3,0.936997610254182,0.936997610254182,0.936997610254182,0.936997610254182,0.936997610254182,0.936997610254182,0.0,0.0,false,,,,,,,,,
PILOT-0085,MODERATE,SMALL,HH_DOMINANT,4,2,6,FCFS;AASHRAY;REVERSE_FCFS;RANDOM_1;RANDOM_2;RANDOM_3,0.9756521739130435,0.9756521739130435,0.9756521739130435,0.9756521739130435,0.9756521739130435,0.9756521739130435,0.0,0.0,false,1.0,1.0,1.0,0.8985507246376812,1.0,0.8985507246376812,0.10144927536231885,0.04782364703677133,true
PILOT-0086,MODERATE,SMALL,HH_DOMINANT,4,2,6,FCFS;AASHRAY;REVERSE_FCFS;RANDOM_1;RANDOM_2;RANDOM_3,0.999435506632797,0.999435506632797,0.999435506632797,0.999435506632797,0.999435506632797,0.999435506632797,0.0,0.0,false,1.0,1.0,1.0,1.0,0.999291031549096,1.0,0.0007089684509039573,0.0002642169416873285,true
PILOT-0087,HIGH,LARGE,LL_DOMINANT,30,2,6,FCFS;AASHRAY;REVERSE_FCFS;RANDOM_1;RANDOM_2;RANDOM_3,0.4484845883060015,0.4484845883060015,0.4484845883060015,0.4484845883060015,0.4484845883060015,0.4484845883060015,0.0,0.0,false,0.0,1.0,0.5572463768115942,1.0,0.4427536231884058,0.5572463768115942,1.0,0.34353008655944134,true
PILOT-0088,HIGH,LARGE,HL_DOMINANT,22,2,6,FCFS;AASHRAY;REVERSE_FCFS;RANDOM_1;RANDOM_2;RANDOM_3,0.5195083517176174,0.5195083517176174,0.5195083517176174,0.5195083517176174,0.5195083517176174,0.5195083517176174,0.0,0.0,false,1.0,1.0,1.0,1.0,1.0,0.8571428571428571,0.1428571428571429,0.05323971374999501,true
PILOT-0089,HIGH,MEDIUM,MODERATE_MIXED,12,0,6,FCFS;AASHRAY;REVERSE_FCFS;RANDOM_1;RANDOM_2;RANDOM_3,0.6129504504504505,0.6129504504504505,0.6129504504504505,0.6129504504504505,0.6129504504504505,0.6129504504504505,0.0,0.0,false,,,,,,,,,
PILOT-0090,MODERATE,MEDIUM,LL_DOMINANT,14,0,6,FCFS;AASHRAY;REVERSE_FCFS;RANDOM_1;RANDOM_2;RANDOM_3,1.0,1.0,1.0,1.0,1.0,1.0,0.0,0.0,false,,,,,,,,,
PILOT-0091,MODERATE,LARGE,MODERATE_MIXED,27,2,6,FCFS;AASHRAY;REVERSE_FCFS;RANDOM_1;RANDOM_2;RANDOM_3,0.9996109598177069,0.9996109598177069,0.9996109598177069,0.9996109598177069,0.9996109598177069,0.9996109598177069,0.0,0.0,false,1.0,1.0,1.0,1.0,1.0,1.0,0.0,0.0,false
PILOT-0092,MODERATE,SMALL,LL_DOMINANT,3,0,6,FCFS;AASHRAY;REVERSE_FCFS;RANDOM_1;RANDOM_2;RANDOM_3,0.9845758354755784,0.9845758354755784,0.9845758354755784,0.9845758354755784,0.9845758354755784,0.9845758354755784,0.0,0.0,false,,,,,,,,,
PILOT-0093,MODERATE,MEDIUM,HL_DOMINANT,8,0,6,FCFS;AASHRAY;REVERSE_FCFS;RANDOM_1;RANDOM_2;RANDOM_3,0.9995732878173672,0.9995732878173672,0.9995732878173672,0.9995732878173672,0.9995732878173672,0.9995732878173672,0.0,0.0,false,,,,,,,,,
PILOT-0094,MODERATE,LARGE,HL_DOMINANT,18,0,6,FCFS;AASHRAY;REVERSE_FCFS;RANDOM_1;RANDOM_2;RANDOM_3,0.9078633243807819,0.9078633243807819,0.9078633243807819,0.9078633243807819,0.9078633243807819,0.9078633243807819,0.0,0.0,false,,,,,,,,,
PILOT-0095,HIGH,SMALL,MODERATE_MIXED,5,1,6,FCFS;AASHRAY;REVERSE_FCFS;RANDOM_1;RANDOM_2;RANDOM_3,0.5474808451358254,0.5474808451358254,0.5474808451358254,0.5474808451358254,0.5474808451358254,0.5474808451358254,0.0,0.0,false,0.9928617780661908,1.0,0.0012978585334198572,0.0,0.0012978585334198572,0.12978585334198572,1.0,0.45640729226082116,true
PILOT-0096,MODERATE,SMALL,LL_DOMINANT,4,1,6,FCFS;AASHRAY;REVERSE_FCFS;RANDOM_1;RANDOM_2;RANDOM_3,0.9744701348747592,0.9744701348747592,0.9744701348747592,0.9744701348747592,0.9744701348747592,0.9744701348747592,0.0,0.0,false,0.875,1.0,1.0,0.875,1.0,0.875,0.125,0.0625,true
PILOT-0097,MODERATE,LARGE,HL_DOMINANT,22,2,6,FCFS;AASHRAY;REVERSE_FCFS;RANDOM_1;RANDOM_2;RANDOM_3,1.0,1.0,1.0,1.0,1.0,1.0,0.0,0.0,false,1.0,1.0,1.0,1.0,1.0,1.0,0.0,0.0,false
PILOT-0098,MODERATE,LARGE,LH_DOMINANT,27,2,6,FCFS;AASHRAY;REVERSE_FCFS;RANDOM_1;RANDOM_2;RANDOM_3,0.9805431276662158,0.9805431276662158,0.9805431276662158,0.9805431276662158,0.9805431276662158,0.9805431276662158,0.0,0.0,false,1.0,1.0,1.0,1.0,1.0,1.0,0.0,0.0,false
PILOT-0099,LOW,MEDIUM,LH_DOMINANT,14,0,6,FCFS;AASHRAY;REVERSE_FCFS;RANDOM_1;RANDOM_2;RANDOM_3,1.0,1.0,1.0,1.0,1.0,1.0,0.0,0.0,false,,,,,,,,,
PILOT-0100,HIGH,SMALL,MODERATE_MIXED,6,0,6,FCFS;AASHRAY;REVERSE_FCFS;RANDOM_1;RANDOM_2;RANDOM_3,0.36052789442111577,0.36052789442111577,0.36052789442111577,0.36052789442111577,0.36052789442111577,0.36052789442111577,0.0,0.0,false,,,,,,,,,
PILOT-0101,LOW,SMALL,MODERATE_MIXED,6,1,6,FCFS;AASHRAY;REVERSE_FCFS;RANDOM_1;RANDOM_2;RANDOM_3,1.0,1.0,1.0,1.0,1.0,1.0,0.0,0.0,false,1.0,1.0,1.0,1.0,1.0,1.0,0.0,0.0,false
PILOT-0102,LOW,SMALL,LH_DOMINANT,6,1,6,FCFS;AASHRAY;REVERSE_FCFS;RANDOM_1;RANDOM_2;RANDOM_3,1.0,1.0,1.0,1.0,1.0,1.0,0.0,0.0,false,1.0,1.0,1.0,1.0,1.0,1.0,0.0,0.0,false
PILOT-0103,HIGH,LARGE,MODERATE_MIXED,23,3,6,FCFS;AASHRAY;REVERSE_FCFS;RANDOM_1;RANDOM_2;RANDOM_3,0.48137059214903527,0.48137059214903527,0.48137059214903527,0.48137059214903527,0.48137059214903527,0.48137059214903527,0.0,0.0,false,0.0,1.0,1.0,0.19897172236503857,0.0,0.6298200514138818,1.0,0.4286774027097791,true
PILOT-0104,MODERATE,SMALL,MODERATE_MIXED,6,0,6,FCFS;AASHRAY;REVERSE_FCFS;RANDOM_1;RANDOM_2;RANDOM_3,0.9787045252883763,0.9787045252883763,0.9787045252883763,0.9787045252883763,0.9787045252883763,0.9787045252883763,0.0,0.0,false,,,,,,,,,
PILOT-0105,HIGH,LARGE,MODERATE_MIXED,19,1,6,FCFS;AASHRAY;REVERSE_FCFS;RANDOM_1;RANDOM_2;RANDOM_3,0.5074265165728581,0.5074265165728581,0.5074265165728581,0.5074265165728581,0.5074265165728581,0.5074265165728581,0.0,0.0,false,0.9756944444444444,1.0,0.0,0.0,0.9965277777777778,1.0,1.0,0.4682038427775154,true
PILOT-0106,HIGH,MEDIUM,HH_DOMINANT,11,5,6,FCFS;AASHRAY;REVERSE_FCFS;RANDOM_1;RANDOM_2;RANDOM_3,0.55616961414791,0.55616961414791,0.55616961414791,0.55616961414791,0.55616961414791,0.55616961414791,0.0,0.0,false,0.6392371995820272,0.9843260188087775,0.5958725182863114,0.6758098223615465,0.4318181818181818,0.7688087774294671,0.5525078369905956,0.16872568799770965,true
PILOT-0107,MODERATE,SMALL,HL_DOMINANT,3,0,6,FCFS;AASHRAY;REVERSE_FCFS;RANDOM_1;RANDOM_2;RANDOM_3,0.9934189909119399,0.9934189909119399,0.9934189909119399,0.9934189909119399,0.9934189909119399,0.9934189909119399,0.0,0.0,false,,,,,,,,,
PILOT-0108,HIGH,SMALL,HH_DOMINANT,5,1,6,FCFS;AASHRAY;REVERSE_FCFS;RANDOM_1;RANDOM_2;RANDOM_3,0.4269694421082142,0.4269694421082142,0.4269694421082142,0.4269694421082142,0.4269694421082142,0.4269694421082142,0.0,0.0,false,0.09180327868852459,1.0,0.8491803278688524,1.0,0.0,0.0,1.0,0.46331612238013914,true
PILOT-0109,HIGH,SMALL,LH_DOMINANT,6,0,6,FCFS;AASHRAY;REVERSE_FCFS;RANDOM_1;RANDOM_2;RANDOM_3,0.5459505541346974,0.5459505541346974,0.5459505541346974,0.5459505541346974,0.5459505541346974,0.5459505541346974,0.0,0.0,false,,,,,,,,,
PILOT-0110,HIGH,SMALL,HL_DOMINANT,4,0,6,FCFS;AASHRAY;REVERSE_FCFS;RANDOM_1;RANDOM_2;RANDOM_3,0.47735328869633714,0.47735328869633714,0.47735328869633714,0.47735328869633714,0.47735328869633714,0.47735328869633714,0.0,0.0,false,,,,,,,,,
PILOT-0111,HIGH,MEDIUM,LL_DOMINANT,12,1,6,FCFS;AASHRAY;REVERSE_FCFS;RANDOM_1;RANDOM_2;RANDOM_3,0.44655408489274306,0.44655408489274306,0.44655408489274306,0.44655408489274306,0.44655408489274306,0.44655408489274306,0.0,0.0,false,0.0,1.0,1.0,0.0,0.0,0.0,1.0,0.4714045207910317,true
PILOT-0112,HIGH,LARGE,LL_DOMINANT,19,0,6,FCFS;AASHRAY;REVERSE_FCFS;RANDOM_1;RANDOM_2;RANDOM_3,0.4160950427833958,0.4160950427833958,0.4160950427833958,0.4160950427833958,0.4160950427833958,0.4160950427833958,0.0,0.0,false,,,,,,,,,
PILOT-0113,LOW,MEDIUM,HL_DOMINANT,8,0,6,FCFS;AASHRAY;REVERSE_FCFS;RANDOM_1;RANDOM_2;RANDOM_3,1.0,1.0,1.0,1.0,1.0,1.0,0.0,0.0,false,,,,,,,,,
PILOT-0114,LOW,LARGE,LH_DOMINANT,29,0,6,FCFS;AASHRAY;REVERSE_FCFS;RANDOM_1;RANDOM_2;RANDOM_3,1.0,1.0,1.0,1.0,1.0,1.0,0.0,0.0,false,,,,,,,,,
PILOT-0115,LOW,LARGE,LH_DOMINANT,21,1,6,FCFS;AASHRAY;REVERSE_FCFS;RANDOM_1;RANDOM_2;RANDOM_3,1.0,1.0,1.0,1.0,1.0,1.0,0.0,0.0,false,1.0,1.0,1.0,1.0,1.0,1.0,0.0,0.0,false
PILOT-0116,MODERATE,LARGE,MODERATE_MIXED,23,2,6,FCFS;AASHRAY;REVERSE_FCFS;RANDOM_1;RANDOM_2;RANDOM_3,0.9987238386932108,0.9987238386932108,0.9987238386932108,0.9987238386932108,0.9987238386932108,0.9987238386932108,0.0,0.0,false,0.994123746975458,1.0,1.0,1.0,1.0,1.0,0.0058762530245419775,0.0021899502026441003,true
PILOT-0117,LOW,SMALL,HL_DOMINANT,4,1,6,FCFS;AASHRAY;REVERSE_FCFS;RANDOM_1;RANDOM_2;RANDOM_3,1.0,1.0,1.0,1.0,1.0,1.0,0.0,0.0,false,1.0,1.0,1.0,1.0,1.0,1.0,0.0,0.0,false
PILOT-0118,HIGH,SMALL,HL_DOMINANT,5,0,6,FCFS;AASHRAY;REVERSE_FCFS;RANDOM_1;RANDOM_2;RANDOM_3,0.5829216654904729,0.5829216654904729,0.5829216654904729,0.5829216654904729,0.5829216654904729,0.5829216654904729,0.0,0.0,false,,,,,,,,,
PILOT-0119,HIGH,SMALL,MODERATE_MIXED,6,0,6,FCFS;AASHRAY;REVERSE_FCFS;RANDOM_1;RANDOM_2;RANDOM_3,0.47269736842105264,0.47269736842105264,0.47269736842105264,0.47269736842105264,0.47269736842105264,0.47269736842105264,0.0,0.0,false,,,,,,,,,
PILOT-0120,LOW,MEDIUM,LH_DOMINANT,12,0,6,FCFS;AASHRAY;REVERSE_FCFS;RANDOM_1;RANDOM_2;RANDOM_3,1.0,1.0,1.0,1.0,1.0,1.0,0.0,0.0,false,,,,,,,,,
PILOT-0121,HIGH,LARGE,HL_DOMINANT,18,2,6,FCFS;AASHRAY;REVERSE_FCFS;RANDOM_1;RANDOM_2;RANDOM_3,0.5734323432343235,0.5734323432343235,0.5734323432343235,0.5734323432343235,0.5734323432343235,0.5734323432343235,0.0,0.0,false,1.0,1.0,0.0,0.44007579346281384,0.640454760776883,0.359545239223117,1.0,0.3560824357224602,true
PILOT-0122,HIGH,MEDIUM,MODERATE_MIXED,14,0,6,FCFS;AASHRAY;REVERSE_FCFS;RANDOM_1;RANDOM_2;RANDOM_3,0.4394769613947696,0.4394769613947696,0.4394769613947696,0.4394769613947696,0.4394769613947696,0.4394769613947696,0.0,0.0,false,,,,,,,,,
PILOT-0123,HIGH,SMALL,HL_DOMINANT,3,0,6,FCFS;AASHRAY;REVERSE_FCFS;RANDOM_1;RANDOM_2;RANDOM_3,0.4473684210526316,0.4473684210526316,0.4473684210526316,0.4473684210526316,0.4473684210526316,0.4473684210526316,0.0,0.0,false,,,,,,,,,
PILOT-0124,HIGH,LARGE,HH_DOMINANT,19,4,6,FCFS;AASHRAY;REVERSE_FCFS;RANDOM_1;RANDOM_2;RANDOM_3,0.4436358447488584,0.4436358447488584,0.4436358447488584,0.4436358447488584,0.4436358447488584,0.4436358447488584,0.0,0.0,false,0.634313725490196,1.0,0.09281045751633987,0.8140522875816993,0.9928104575163399,0.6532679738562092,0.9071895424836601,0.3065660681486872,true
PILOT-0125,HIGH,SMALL,HH_DOMINANT,3,0,6,FCFS;AASHRAY;REVERSE_FCFS;RANDOM_1;RANDOM_2;RANDOM_3,0.44418192557590075,0.44418192557590075,0.44418192557590075,0.44418192557590075,0.44418192557590075,0.44418192557590075,0.0,0.0,false,,,,,,,,,
PILOT-0126,MODERATE,LARGE,LL_DOMINANT,23,3,6,FCFS;AASHRAY;REVERSE_FCFS;RANDOM_1;RANDOM_2;RANDOM_3,0.9463780592793014,0.9463780592793014,0.9463780592793014,0.9463780592793014,0.9463780592793014,0.9463780592793014,0.0,0.0,false,0.8563484708063022,1.0,1.0,1.0,1.0,0.8563484708063022,0.14365152919369784,0.06771798028045403,true
PILOT-0127,LOW,SMALL,HH_DOMINANT,3,0,6,FCFS;AASHRAY;REVERSE_FCFS;RANDOM_1;RANDOM_2;RANDOM_3,1.0,1.0,1.0,1.0,1.0,1.0,0.0,0.0,false,,,,,,,,,
PILOT-0128,MODERATE,SMALL,HL_DOMINANT,5,0,6,FCFS;AASHRAY;REVERSE_FCFS;RANDOM_1;RANDOM_2;RANDOM_3,1.0,1.0,1.0,1.0,1.0,1.0,0.0,0.0,false,,,,,,,,,
PILOT-0129,HIGH,MEDIUM,LL_DOMINANT,10,0,6,FCFS;AASHRAY;REVERSE_FCFS;RANDOM_1;RANDOM_2;RANDOM_3,0.49746853753797193,0.49746853753797193,0.49746853753797193,0.49746853753797193,0.49746853753797193,0.49746853753797193,0.0,0.0,false,,,,,,,,,
PILOT-0130,LOW,MEDIUM,HL_DOMINANT,12,0,6,FCFS;AASHRAY;REVERSE_FCFS;RANDOM_1;RANDOM_2;RANDOM_3,1.0,1.0,1.0,1.0,1.0,1.0,0.0,0.0,false,,,,,,,,,
PILOT-0131,LOW,SMALL,LL_DOMINANT,3,0,6,FCFS;AASHRAY;REVERSE_FCFS;RANDOM_1;RANDOM_2;RANDOM_3,1.0,1.0,1.0,1.0,1.0,1.0,0.0,0.0,false,,,,,,,,,
PILOT-0132,MODERATE,MEDIUM,LL_DOMINANT,12,4,6,FCFS;AASHRAY;REVERSE_FCFS;RANDOM_1;RANDOM_2;RANDOM_3,0.9548170667784883,0.9548170667784883,0.9548170667784883,0.9548170667784883,0.9548170667784883,0.9548170667784883,0.0,0.0,false,0.8848824786324786,1.0,0.9294871794871795,0.8848824786324786,0.8848824786324786,1.0,0.1151175213675214,0.05148492661912725,true
PILOT-0133,HIGH,MEDIUM,LL_DOMINANT,14,2,6,FCFS;AASHRAY;REVERSE_FCFS;RANDOM_1;RANDOM_2;RANDOM_3,0.42991466498103664,0.42991466498103664,0.42991466498103664,0.42991466498103664,0.42991466498103664,0.42991466498103664,0.0,0.0,false,0.12105263157894737,1.0,0.6172932330827068,0.38646616541353385,0.0,0.0037593984962406013,1.0,0.36284497398719634,true
PILOT-0134,HIGH,LARGE,MODERATE_MIXED,28,1,6,FCFS;AASHRAY;REVERSE_FCFS;RANDOM_1;RANDOM_2;RANDOM_3,0.5385401021327726,0.5385401021327726,0.5385401021327726,0.5385401021327726,0.5385401021327726,0.5385401021327726,0.0,0.0,false,0.3849056603773585,1.0,1.0,1.0,0.3849056603773585,0.3849056603773585,0.6150943396226415,0.30754716981132074,true
PILOT-0135,MODERATE,MEDIUM,MODERATE_MIXED,10,0,6,FCFS;AASHRAY;REVERSE_FCFS;RANDOM_1;RANDOM_2;RANDOM_3,0.9752160650737163,0.9752160650737163,0.9752160650737163,0.9752160650737163,0.9752160650737163,0.9752160650737163,0.0,0.0,false,,,,,,,,,
PILOT-0136,MODERATE,SMALL,LH_DOMINANT,3,0,6,FCFS;AASHRAY;REVERSE_FCFS;RANDOM_1;RANDOM_2;RANDOM_3,1.0,1.0,1.0,1.0,1.0,1.0,0.0,0.0,false,,,,,,,,,
PILOT-0137,HIGH,LARGE,HL_DOMINANT,29,2,6,FCFS;AASHRAY;REVERSE_FCFS;RANDOM_1;RANDOM_2;RANDOM_3,0.5714363468132586,0.5714363468132586,0.5714363468132586,0.5714363468132586,0.5714363468132586,0.5714363468132586,0.0,0.0,false,0.0,1.0,1.0,0.462372658560631,0.37725928360170885,1.0,1.0,0.3870796933239423,true
PILOT-0138,HIGH,MEDIUM,HL_DOMINANT,13,2,6,FCFS;AASHRAY;REVERSE_FCFS;RANDOM_1;RANDOM_2;RANDOM_3,0.5866804489072652,0.5866804489072652,0.5866804489072652,0.5866804489072652,0.5866804489072652,0.5866804489072652,0.0,0.0,false,0.6251276813074566,1.0,0.19713993871297242,0.5270684371807968,0.5270684371807968,0.013278855975485188,0.9867211440245148,0.3145673568863518,true
PILOT-0139,MODERATE,SMALL,LH_DOMINANT,5,0,6,FCFS;AASHRAY;REVERSE_FCFS;RANDOM_1;RANDOM_2;RANDOM_3,0.9897377423033067,0.9897377423033067,0.9897377423033067,0.9897377423033067,0.9897377423033067,0.9897377423033067,0.0,0.0,false,,,,,,,,,
PILOT-0140,HIGH,LARGE,LH_DOMINANT,23,0,6,FCFS;AASHRAY;REVERSE_FCFS;RANDOM_1;RANDOM_2;RANDOM_3,0.6278018088871412,0.6278018088871412,0.6278018088871412,0.6278018088871412,0.6278018088871412,0.6278018088871412,0.0,0.0,false,,,,,,,,,
PILOT-0141,MODERATE,LARGE,MODERATE_MIXED,30,3,6,FCFS;AASHRAY;REVERSE_FCFS;RANDOM_1;RANDOM_2;RANDOM_3,0.960670482420278,0.960670482420278,0.960670482420278,0.960670482420278,0.960670482420278,0.960670482420278,0.0,0.0,false,1.0,1.0,1.0,1.0,1.0,1.0,0.0,0.0,false
PILOT-0142,MODERATE,MEDIUM,HH_DOMINANT,12,4,6,FCFS;AASHRAY;REVERSE_FCFS;RANDOM_1;RANDOM_2;RANDOM_3,0.9368219527760051,0.9368219527760051,0.9368219527760051,0.9368219527760051,0.9368219527760051,0.9368219527760051,0.0,0.0,false,1.0,1.0,0.9449339207048458,1.0,0.8226872246696035,0.7455947136563876,0.25440528634361237,0.09975053031385259,true
PILOT-0143,LOW,SMALL,LH_DOMINANT,6,0,6,FCFS;AASHRAY;REVERSE_FCFS;RANDOM_1;RANDOM_2;RANDOM_3,1.0,1.0,1.0,1.0,1.0,1.0,0.0,0.0,false,,,,,,,,,
PILOT-0144,MODERATE,LARGE,LH_DOMINANT,21,1,6,FCFS;AASHRAY;REVERSE_FCFS;RANDOM_1;RANDOM_2;RANDOM_3,1.0,1.0,1.0,1.0,1.0,1.0,0.0,0.0,false,1.0,1.0,1.0,1.0,1.0,1.0,0.0,0.0,false
PILOT-0145,MODERATE,LARGE,HH_DOMINANT,25,9,6,FCFS;AASHRAY;REVERSE_FCFS;RANDOM_1;RANDOM_2;RANDOM_3,0.9684717559480368,0.9684717559480368,0.9684717559480368,0.9684717559480368,0.9684717559480368,0.9684717559480368,0.0,0.0,false,0.8747099767981439,1.0,1.0,0.9988399071925754,0.9997099767981439,0.9614269141531323,0.12529002320185612,0.04588420037551872,true
PILOT-0146,LOW,MEDIUM,HH_DOMINANT,11,4,6,FCFS;AASHRAY;REVERSE_FCFS;RANDOM_1;RANDOM_2;RANDOM_3,1.0,1.0,1.0,1.0,1.0,1.0,0.0,0.0,false,1.0,1.0,1.0,1.0,1.0,1.0,0.0,0.0,false
PILOT-0147,HIGH,SMALL,LL_DOMINANT,4,0,6,FCFS;AASHRAY;REVERSE_FCFS;RANDOM_1;RANDOM_2;RANDOM_3,0.4457161543492479,0.4457161543492479,0.4457161543492479,0.4457161543492479,0.4457161543492479,0.4457161543492479,0.0,0.0,false,,,,,,,,,
PILOT-0148,LOW,LARGE,LL_DOMINANT,20,2,6,FCFS;AASHRAY;REVERSE_FCFS;RANDOM_1;RANDOM_2;RANDOM_3,1.0,1.0,1.0,1.0,1.0,1.0,0.0,0.0,false,1.0,1.0,1.0,1.0,1.0,1.0,0.0,0.0,false
PILOT-0149,LOW,MEDIUM,LH_DOMINANT,11,0,6,FCFS;AASHRAY;REVERSE_FCFS;RANDOM_1;RANDOM_2;RANDOM_3,1.0,1.0,1.0,1.0,1.0,1.0,0.0,0.0,false,,,,,,,,,
PILOT-0150,MODERATE,MEDIUM,LL_DOMINANT,8,1,6,FCFS;AASHRAY;REVERSE_FCFS;RANDOM_1;RANDOM_2;RANDOM_3,0.956953642384106,0.956953642384106,0.956953642384106,0.956953642384106,0.956953642384106,0.956953642384106,0.0,0.0,false,1.0,1.0,1.0,0.7633973710819009,1.0,0.9908998988877654,0.23660262891809913,0.08756138538237247,true
PILOT-0151,LOW,SMALL,LH_DOMINANT,5,0,6,FCFS;AASHRAY;REVERSE_FCFS;RANDOM_1;RANDOM_2;RANDOM_3,1.0,1.0,1.0,1.0,1.0,1.0,0.0,0.0,false,,,,,,,,,
PILOT-0152,MODERATE,MEDIUM,HH_DOMINANT,13,5,6,FCFS;AASHRAY;REVERSE_FCFS;RANDOM_1;RANDOM_2;RANDOM_3,0.9848282016956715,0.9848282016956715,0.9848282016956715,0.9848282016956715,0.9848282016956715,0.9848282016956715,0.0,0.0,false,0.9703912583715192,1.0,1.0,0.9679238632358125,0.9545294324991188,0.99788508988368,0.04547056750088119,0.01820073121441078,true
PILOT-0153,HIGH,SMALL,MODERATE_MIXED,3,0,6,FCFS;AASHRAY;REVERSE_FCFS;RANDOM_1;RANDOM_2;RANDOM_3,0.3965744400527009,0.3965744400527009,0.3965744400527009,0.3965744400527009,0.3965744400527009,0.3965744400527009,0.0,0.0,false,,,,,,,,,
PILOT-0154,MODERATE,SMALL,MODERATE_MIXED,6,0,6,FCFS;AASHRAY;REVERSE_FCFS;RANDOM_1;RANDOM_2;RANDOM_3,1.0,1.0,1.0,1.0,1.0,1.0,0.0,0.0,false,,,,,,,,,
PILOT-0155,LOW,SMALL,LL_DOMINANT,4,1,6,FCFS;AASHRAY;REVERSE_FCFS;RANDOM_1;RANDOM_2;RANDOM_3,1.0,1.0,1.0,1.0,1.0,1.0,0.0,0.0,false,1.0,1.0,1.0,1.0,1.0,1.0,0.0,0.0,false
PILOT-0156,HIGH,LARGE,LH_DOMINANT,25,0,6,FCFS;AASHRAY;REVERSE_FCFS;RANDOM_1;RANDOM_2;RANDOM_3,0.43279147744153473,0.43279147744153473,0.43279147744153473,0.43279147744153473,0.43279147744153473,0.43279147744153473,0.0,0.0,false,,,,,,,,,
PILOT-0157,HIGH,MEDIUM,HL_DOMINANT,13,1,6,FCFS;AASHRAY;REVERSE_FCFS;RANDOM_1;RANDOM_2;RANDOM_3,0.40705319784817695,0.40705319784817695,0.40705319784817695,0.40705319784817695,0.40705319784817695,0.40705319784817695,0.0,0.0,false,0.0,1.0,1.0,0.0,0.0,0.0,1.0,0.4714045207910317,true
PILOT-0158,LOW,MEDIUM,MODERATE_MIXED,9,0,6,FCFS;AASHRAY;REVERSE_FCFS;RANDOM_1;RANDOM_2;RANDOM_3,1.0,1.0,1.0,1.0,1.0,1.0,0.0,0.0,false,,,,,,,,,
PILOT-0159,HIGH,MEDIUM,HH_DOMINANT,9,3,6,FCFS;AASHRAY;REVERSE_FCFS;RANDOM_1;RANDOM_2;RANDOM_3,0.6366332438921056,0.6366332438921056,0.6366332438921056,0.6366332438921056,0.6366332438921056,0.6366332438921056,0.0,0.0,false,0.7240518962075848,0.9975049900199601,0.9426147704590818,0.7240518962075848,0.8642714570858283,0.27295409181636726,0.7245508982035929,0.23812762673506752,true
PILOT-0160,HIGH,MEDIUM,HL_DOMINANT,13,0,6,FCFS;AASHRAY;REVERSE_FCFS;RANDOM_1;RANDOM_2;RANDOM_3,0.4430074528715476,0.4430074528715476,0.4430074528715476,0.4430074528715476,0.4430074528715476,0.4430074528715476,0.0,0.0,false,,,,,,,,,
PILOT-0161,MODERATE,MEDIUM,LH_DOMINANT,13,0,6,FCFS;AASHRAY;REVERSE_FCFS;RANDOM_1;RANDOM_2;RANDOM_3,1.0,1.0,1.0,1.0,1.0,1.0,0.0,0.0,false,,,,,,,,,
PILOT-0162,HIGH,MEDIUM,MODERATE_MIXED,14,1,6,FCFS;AASHRAY;REVERSE_FCFS;RANDOM_1;RANDOM_2;RANDOM_3,0.6345908647716193,0.6345908647716193,0.6345908647716193,0.6345908647716193,0.6345908647716193,0.6345908647716193,0.0,0.0,false,0.0,1.0,1.0,0.0,1.0,0.0,1.0,0.5,true
PILOT-0163,LOW,MEDIUM,MODERATE_MIXED,11,2,6,FCFS;AASHRAY;REVERSE_FCFS;RANDOM_1;RANDOM_2;RANDOM_3,1.0,1.0,1.0,1.0,1.0,1.0,0.0,0.0,false,1.0,1.0,1.0,1.0,1.0,1.0,0.0,0.0,false
PILOT-0164,HIGH,MEDIUM,LH_DOMINANT,8,0,6,FCFS;AASHRAY;REVERSE_FCFS;RANDOM_1;RANDOM_2;RANDOM_3,0.4779903744570959,0.4779903744570959,0.4779903744570959,0.4779903744570959,0.4779903744570959,0.4779903744570959,0.0,0.0,false,,,,,,,,,
PILOT-0165,HIGH,MEDIUM,HL_DOMINANT,12,3,6,FCFS;AASHRAY;REVERSE_FCFS;RANDOM_1;RANDOM_2;RANDOM_3,0.43776563448694594,0.43776563448694594,0.43776563448694594,0.43776563448694594,0.43776563448694594,0.43776563448694594,0.0,0.0,false,0.035479632063074903,1.0,0.9342969776609724,0.4096583442838371,0.07095926412614981,0.5949408672798949,0.9645203679369251,0.3775583460683854,true
PILOT-0166,MODERATE,SMALL,LL_DOMINANT,3,0,6,FCFS;AASHRAY;REVERSE_FCFS;RANDOM_1;RANDOM_2;RANDOM_3,0.9906166219839142,0.9906166219839142,0.9906166219839142,0.9906166219839142,0.9906166219839142,0.9906166219839142,0.0,0.0,false,,,,,,,,,
PILOT-0167,LOW,LARGE,HL_DOMINANT,21,2,6,FCFS;AASHRAY;REVERSE_FCFS;RANDOM_1;RANDOM_2;RANDOM_3,1.0,1.0,1.0,1.0,1.0,1.0,0.0,0.0,false,1.0,1.0,1.0,1.0,1.0,1.0,0.0,0.0,false
PILOT-0168,MODERATE,LARGE,LH_DOMINANT,30,2,6,FCFS;AASHRAY;REVERSE_FCFS;RANDOM_1;RANDOM_2;RANDOM_3,0.9763772701660093,0.9763772701660093,0.9763772701660093,0.9763772701660093,0.9763772701660093,0.9763772701660093,0.0,0.0,false,1.0,1.0,1.0,0.7692878338278932,1.0,1.0,0.23071216617210677,0.0859813477995097,true
PILOT-0169,HIGH,LARGE,HH_DOMINANT,26,6,6,FCFS;AASHRAY;REVERSE_FCFS;RANDOM_1;RANDOM_2;RANDOM_3,0.4645496305172758,0.4645496305172758,0.4645496305172758,0.4645496305172758,0.4645496305172758,0.4645496305172758,0.0,0.0,false,0.4132231404958678,1.0,0.5867768595041323,0.4132231404958678,0.3920322102140284,0.8700995973723247,0.6079677897859717,0.23986247494696522,true
PILOT-0170,HIGH,LARGE,HL_DOMINANT,24,1,6,FCFS;AASHRAY;REVERSE_FCFS;RANDOM_1;RANDOM_2;RANDOM_3,0.5079457817247021,0.5079457817247021,0.5079457817247021,0.5079457817247021,0.5079457817247021,0.5079457817247021,0.0,0.0,false,0.3124346917450366,1.0,0.9879832810867294,0.48746081504702193,0.3124346917450366,1.0,0.6875653082549634,0.31803164882533463,true
PILOT-0171,LOW,SMALL,HL_DOMINANT,6,0,6,FCFS;AASHRAY;REVERSE_FCFS;RANDOM_1;RANDOM_2;RANDOM_3,1.0,1.0,1.0,1.0,1.0,1.0,0.0,0.0,false,,,,,,,,,
PILOT-0172,HIGH,MEDIUM,LH_DOMINANT,14,1,6,FCFS;AASHRAY;REVERSE_FCFS;RANDOM_1;RANDOM_2;RANDOM_3,0.3363398007341374,0.3363398007341374,0.3363398007341374,0.3363398007341374,0.3363398007341374,0.3363398007341374,0.0,0.0,false,0.0,1.0,0.44574468085106383,0.17340425531914894,0.0,0.0,1.0,0.3632760222428708,true
PILOT-0173,MODERATE,SMALL,LL_DOMINANT,5,0,6,FCFS;AASHRAY;REVERSE_FCFS;RANDOM_1;RANDOM_2;RANDOM_3,0.998860009119927,0.998860009119927,0.998860009119927,0.998860009119927,0.998860009119927,0.998860009119927,0.0,0.0,false,,,,,,,,,
PILOT-0174,HIGH,MEDIUM,HH_DOMINANT,9,2,6,FCFS;AASHRAY;REVERSE_FCFS;RANDOM_1;RANDOM_2;RANDOM_3,0.47961081699813995,0.47961081699813995,0.47961081699813995,0.47961081699813995,0.47961081699813995,0.47961081699813995,0.0,0.0,false,0.7161629434954008,1.0,0.15637319316688567,0.15111695137976347,0.2812089356110381,0.5440210249671484,0.8488830486202366,0.3115890742430992,true
PILOT-0175,LOW,LARGE,HH_DOMINANT,18,5,6,FCFS;AASHRAY;REVERSE_FCFS;RANDOM_1;RANDOM_2;RANDOM_3,1.0,1.0,1.0,1.0,1.0,1.0,0.0,0.0,false,1.0,1.0,1.0,1.0,1.0,1.0,0.0,0.0,false
PILOT-0176,MODERATE,SMALL,LH_DOMINANT,4,0,6,FCFS;AASHRAY;REVERSE_FCFS;RANDOM_1;RANDOM_2;RANDOM_3,0.971830985915493,0.971830985915493,0.971830985915493,0.971830985915493,0.971830985915493,0.971830985915493,0.0,0.0,false,,,,,,,,,
PILOT-0177,HIGH,SMALL,LL_DOMINANT,4,0,6,FCFS;AASHRAY;REVERSE_FCFS;RANDOM_1;RANDOM_2;RANDOM_3,0.554057848918843,0.554057848918843,0.554057848918843,0.554057848918843,0.554057848918843,0.554057848918843,0.0,0.0,false,,,,,,,,,
PILOT-0178,LOW,SMALL,HL_DOMINANT,6,0,6,FCFS;AASHRAY;REVERSE_FCFS;RANDOM_1;RANDOM_2;RANDOM_3,1.0,1.0,1.0,1.0,1.0,1.0,0.0,0.0,false,,,,,,,,,
PILOT-0179,HIGH,SMALL,LL_DOMINANT,5,0,6,FCFS;AASHRAY;REVERSE_FCFS;RANDOM_1;RANDOM_2;RANDOM_3,0.4343098091433644,0.4343098091433644,0.4343098091433644,0.4343098091433644,0.4343098091433644,0.4343098091433644,0.0,0.0,false,,,,,,,,,
PILOT-0180,HIGH,MEDIUM,LH_DOMINANT,11,2,6,FCFS;AASHRAY;REVERSE_FCFS;RANDOM_1;RANDOM_2;RANDOM_3,0.6311333461612468,0.6311333461612468,0.6311333461612468,0.6311333461612468,0.6311333461612468,0.6311333461612468,0.0,0.0,false,0.5384083044982699,1.0,1.0,0.7674740484429066,0.8657439446366783,0.6325259515570935,0.46159169550173007,0.17409532939819627,true
PILOT-0181,LOW,SMALL,HL_DOMINANT,4,1,6,FCFS;AASHRAY;REVERSE_FCFS;RANDOM_1;RANDOM_2;RANDOM_3,1.0,1.0,1.0,1.0,1.0,1.0,0.0,0.0,false,1.0,1.0,1.0,1.0,1.0,1.0,0.0,0.0,false
PILOT-0182,MODERATE,MEDIUM,LH_DOMINANT,9,0,6,FCFS;AASHRAY;REVERSE_FCFS;RANDOM_1;RANDOM_2;RANDOM_3,0.9702289004353322,0.9702289004353322,0.9702289004353322,0.9702289004353322,0.9702289004353322,0.9702289004353322,0.0,0.0,false,,,,,,,,,
PILOT-0183,MODERATE,LARGE,LL_DOMINANT,27,4,6,FCFS;AASHRAY;REVERSE_FCFS;RANDOM_1;RANDOM_2;RANDOM_3,0.9749721026622031,0.9749721026622031,0.9749721026622031,0.9749721026622031,0.9749721026622031,0.9749721026622031,0.0,0.0,false,1.0,1.0,1.0,1.0,1.0,1.0,0.0,0.0,false
PILOT-0184,LOW,MEDIUM,MODERATE_MIXED,13,2,6,FCFS;AASHRAY;REVERSE_FCFS;RANDOM_1;RANDOM_2;RANDOM_3,1.0,1.0,1.0,1.0,1.0,1.0,0.0,0.0,false,1.0,1.0,1.0,1.0,1.0,1.0,0.0,0.0,false
PILOT-0185,HIGH,LARGE,LH_DOMINANT,18,0,6,FCFS;AASHRAY;REVERSE_FCFS;RANDOM_1;RANDOM_2;RANDOM_3,0.5396473964739648,0.5396473964739648,0.5396473964739648,0.5396473964739648,0.5396473964739648,0.5396473964739648,0.0,0.0,false,,,,,,,,,
PILOT-0186,LOW,MEDIUM,HH_DOMINANT,10,3,6,FCFS;AASHRAY;REVERSE_FCFS;RANDOM_1;RANDOM_2;RANDOM_3,1.0,1.0,1.0,1.0,1.0,1.0,0.0,0.0,false,1.0,1.0,1.0,1.0,1.0,1.0,0.0,0.0,false
PILOT-0187,HIGH,SMALL,LH_DOMINANT,4,0,6,FCFS;AASHRAY;REVERSE_FCFS;RANDOM_1;RANDOM_2;RANDOM_3,0.4803533353639963,0.4803533353639963,0.4803533353639963,0.4803533353639963,0.4803533353639963,0.4803533353639963,0.0,0.0,false,,,,,,,,,
PILOT-0188,LOW,LARGE,HH_DOMINANT,21,13,6,FCFS;AASHRAY;REVERSE_FCFS;RANDOM_1;RANDOM_2;RANDOM_3,1.0,1.0,1.0,1.0,1.0,1.0,0.0,0.0,false,1.0,1.0,1.0,1.0,1.0,1.0,0.0,0.0,false
PILOT-0189,HIGH,MEDIUM,LL_DOMINANT,11,0,6,FCFS;AASHRAY;REVERSE_FCFS;RANDOM_1;RANDOM_2;RANDOM_3,0.4727515880976262,0.4727515880976262,0.4727515880976262,0.4727515880976262,0.4727515880976262,0.4727515880976262,0.0,0.0,false,,,,,,,,,
PILOT-0190,HIGH,SMALL,LH_DOMINANT,6,0,6,FCFS;AASHRAY;REVERSE_FCFS;RANDOM_1;RANDOM_2;RANDOM_3,0.6908955594145373,0.6908955594145373,0.6908955594145373,0.6908955594145373,0.6908955594145373,0.6908955594145373,0.0,0.0,false,,,,,,,,,
PILOT-0191,LOW,MEDIUM,MODERATE_MIXED,14,1,6,FCFS;AASHRAY;REVERSE_FCFS;RANDOM_1;RANDOM_2;RANDOM_3,1.0,1.0,1.0,1.0,1.0,1.0,0.0,0.0,false,1.0,1.0,1.0,1.0,1.0,1.0,0.0,0.0,false
PILOT-0192,HIGH,SMALL,HH_DOMINANT,3,0,6,FCFS;AASHRAY;REVERSE_FCFS;RANDOM_1;RANDOM_2;RANDOM_3,0.6508097165991903,0.6508097165991903,0.6508097165991903,0.6508097165991903,0.6508097165991903,0.6508097165991903,0.0,0.0,false,,,,,,,,,
PILOT-0193,MODERATE,SMALL,HH_DOMINANT,6,2,6,FCFS;AASHRAY;REVERSE_FCFS;RANDOM_1;RANDOM_2;RANDOM_3,0.9790895930513109,0.9790895930513109,0.9790895930513109,0.9790895930513109,0.9790895930513109,0.9790895930513109,0.0,0.0,false,1.0,1.0,1.0,0.9494753206373883,0.9494753206373883,1.0,0.050524679362611735,0.023817562263052514,true
PILOT-0194,LOW,LARGE,HH_DOMINANT,25,8,6,FCFS;AASHRAY;REVERSE_FCFS;RANDOM_1;RANDOM_2;RANDOM_3,1.0,1.0,1.0,1.0,1.0,1.0,0.0,0.0,false,1.0,1.0,1.0,1.0,1.0,1.0,0.0,0.0,false
PILOT-0195,HIGH,MEDIUM,HL_DOMINANT,14,0,6,FCFS;AASHRAY;REVERSE_FCFS;RANDOM_1;RANDOM_2;RANDOM_3,0.5035198221563542,0.5035198221563542,0.5035198221563542,0.5035198221563542,0.5035198221563542,0.5035198221563542,0.0,0.0,false,,,,,,,,,
PILOT-0196,MODERATE,LARGE,HL_DOMINANT,18,1,6,FCFS;AASHRAY;REVERSE_FCFS;RANDOM_1;RANDOM_2;RANDOM_3,0.9966654316413487,0.9966654316413487,0.9966654316413487,0.9966654316413487,0.9966654316413487,0.9966654316413487,0.0,0.0,false,1.0,1.0,1.0,1.0,1.0,1.0,0.0,0.0,false
PILOT-0197,HIGH,LARGE,LL_DOMINANT,24,3,6,FCFS;AASHRAY;REVERSE_FCFS;RANDOM_1;RANDOM_2;RANDOM_3,0.39070796460176993,0.39070796460176993,0.39070796460176993,0.39070796460176993,0.39070796460176993,0.39070796460176993,0.0,0.0,false,0.9833506763787722,1.0,0.0,0.5390218522372529,0.01664932362122789,0.2278876170655567,1.0,0.41508400903909476,true
PILOT-0198,HIGH,MEDIUM,HL_DOMINANT,14,0,6,FCFS;AASHRAY;REVERSE_FCFS;RANDOM_1;RANDOM_2;RANDOM_3,0.5817983990052071,0.5817983990052071,0.5817983990052071,0.5817983990052071,0.5817983990052071,0.5817983990052071,0.0,0.0,false,,,,,,,,,
PILOT-0199,HIGH,SMALL,MODERATE_MIXED,3,0,6,FCFS;AASHRAY;REVERSE_FCFS;RANDOM_1;RANDOM_2;RANDOM_3,0.5660377358490566,0.5660377358490566,0.5660377358490566,0.5660377358490566,0.5660377358490566,0.5660377358490566,0.0,0.0,false,,,,,,,,,
PILOT-0200,HIGH,SMALL,LH_DOMINANT,3,0,6,FCFS;AASHRAY;REVERSE_FCFS;RANDOM_1;RANDOM_2;RANDOM_3,0.378698224852071,0.378698224852071,0.378698224852071,0.378698224852071,0.378698224852071,0.378698224852071,0.0,0.0,false,,,,,,,,,
PILOT-0201,HIGH,MEDIUM,LH_DOMINANT,12,3,6,FCFS;AASHRAY;REVERSE_FCFS;RANDOM_1;RANDOM_2;RANDOM_3,0.4507227332457293,0.4507227332457293,0.4507227332457293,0.4507227332457293,0.4507227332457293,0.4507227332457293,0.0,0.0,false,0.7881054131054132,1.0,0.06481481481481481,1.0,1.0,0.2539173789173789,0.9351851851851852,0.38270222313304814,true
PILOT-0202,HIGH,LARGE,HH_DOMINANT,20,10,6,FCFS;AASHRAY;REVERSE_FCFS;RANDOM_1;RANDOM_2;RANDOM_3,0.5038606081311924,0.5038606081311924,0.5038606081311924,0.5038606081311924,0.5038606081311924,0.5038606081311924,0.0,0.0,false,0.32195767195767194,0.8738095238095238,0.7535714285714286,0.4701058201058201,0.47129629629629627,0.3904761904761905,0.5518518518518518,0.19843707473227234,true
PILOT-0203,LOW,MEDIUM,HH_DOMINANT,13,3,6,FCFS;AASHRAY;REVERSE_FCFS;RANDOM_1;RANDOM_2;RANDOM_3,1.0,1.0,1.0,1.0,1.0,1.0,0.0,0.0,false,1.0,1.0,1.0,1.0,1.0,1.0,0.0,0.0,false
PILOT-0204,HIGH,SMALL,MODERATE_MIXED,6,0,6,FCFS;AASHRAY;REVERSE_FCFS;RANDOM_1;RANDOM_2;RANDOM_3,0.3978616924476797,0.3978616924476797,0.3978616924476797,0.3978616924476797,0.3978616924476797,0.3978616924476797,0.0,0.0,false,,,,,,,,,
PILOT-0205,LOW,LARGE,HH_DOMINANT,28,9,6,FCFS;AASHRAY;REVERSE_FCFS;RANDOM_1;RANDOM_2;RANDOM_3,1.0,1.0,1.0,1.0,1.0,1.0,0.0,0.0,false,1.0,1.0,1.0,1.0,1.0,1.0,0.0,0.0,false
PILOT-0206,LOW,SMALL,HH_DOMINANT,3,1,6,FCFS;AASHRAY;REVERSE_FCFS;RANDOM_1;RANDOM_2;RANDOM_3,1.0,1.0,1.0,1.0,1.0,1.0,0.0,0.0,false,1.0,1.0,1.0,1.0,1.0,1.0,0.0,0.0,false
PILOT-0207,HIGH,SMALL,LH_DOMINANT,3,0,6,FCFS;AASHRAY;REVERSE_FCFS;RANDOM_1;RANDOM_2;RANDOM_3,0.5208628005657708,0.5208628005657708,0.5208628005657708,0.5208628005657708,0.5208628005657708,0.5208628005657708,0.0,0.0,false,,,,,,,,,
PILOT-0208,MODERATE,MEDIUM,HH_DOMINANT,14,6,6,FCFS;AASHRAY;REVERSE_FCFS;RANDOM_1;RANDOM_2;RANDOM_3,0.9974876799690792,0.9974876799690792,0.9974876799690792,0.9974876799690792,0.9974876799690792,0.9974876799690792,0.0,0.0,false,1.0,1.0,0.99354998759613,0.99354998759613,0.99354998759613,1.0,0.006450012403869998,0.003225006201934999,true
PILOT-0209,HIGH,LARGE,LL_DOMINANT,19,0,6,FCFS;AASHRAY;REVERSE_FCFS;RANDOM_1;RANDOM_2;RANDOM_3,0.6504033807145602,0.6504033807145602,0.6504033807145602,0.6504033807145602,0.6504033807145602,0.6504033807145602,0.0,0.0,false,,,,,,,,,
PILOT-0210,LOW,SMALL,MODERATE_MIXED,6,0,6,FCFS;AASHRAY;REVERSE_FCFS;RANDOM_1;RANDOM_2;RANDOM_3,1.0,1.0,1.0,1.0,1.0,1.0,0.0,0.0,false,,,,,,,,,
PILOT-0211,HIGH,SMALL,LH_DOMINANT,4,0,6,FCFS;AASHRAY;REVERSE_FCFS;RANDOM_1;RANDOM_2;RANDOM_3,0.6027055891776433,0.6027055891776433,0.6027055891776433,0.6027055891776433,0.6027055891776433,0.6027055891776433,0.0,0.0,false,,,,,,,,,
PILOT-0212,HIGH,MEDIUM,HH_DOMINANT,8,2,6,FCFS;AASHRAY;REVERSE_FCFS;RANDOM_1;RANDOM_2;RANDOM_3,0.4816310052482842,0.4816310052482842,0.4816310052482842,0.4816310052482842,0.4816310052482842,0.4816310052482842,0.0,0.0,false,0.0,1.0,1.0,0.003054989816700611,0.9908350305498982,0.003054989816700611,1.0,0.49746459807261356,true
PILOT-0213,MODERATE,SMALL,HH_DOMINANT,3,3,6,FCFS;AASHRAY;REVERSE_FCFS;RANDOM_1;RANDOM_2;RANDOM_3,0.9877934272300469,0.9877934272300469,0.9877934272300469,0.9877934272300469,0.9877934272300469,0.9877934272300469,0.0,0.0,false,0.9877934272300469,0.9877934272300469,0.9877934272300469,0.9877934272300469,0.9877934272300469,0.9877934272300469,0.0,0.0,false
PILOT-0214,MODERATE,SMALL,LL_DOMINANT,3,0,6,FCFS;AASHRAY;REVERSE_FCFS;RANDOM_1;RANDOM_2;RANDOM_3,0.9459558823529411,0.9459558823529411,0.9459558823529411,0.9459558823529411,0.9459558823529411,0.9459558823529411,0.0,0.0,false,,,,,,,,,
PILOT-0215,MODERATE,LARGE,HH_DOMINANT,18,7,6,FCFS;AASHRAY;REVERSE_FCFS;RANDOM_1;RANDOM_2;RANDOM_3,1.0,1.0,1.0,1.0,1.0,1.0,0.0,0.0,false,1.0,1.0,1.0,1.0,1.0,1.0,0.0,0.0,false
PILOT-0216,MODERATE,LARGE,LL_DOMINANT,27,1,6,FCFS;AASHRAY;REVERSE_FCFS;RANDOM_1;RANDOM_2;RANDOM_3,0.9772826800963433,0.9772826800963433,0.9772826800963433,0.9772826800963433,0.9772826800963433,0.9772826800963433,0.0,0.0,false,1.0,1.0,1.0,1.0,0.9837618403247632,1.0,0.016238159675236785,0.0060516048105542265,true
PILOT-0217,MODERATE,SMALL,LH_DOMINANT,6,2,6,FCFS;AASHRAY;REVERSE_FCFS;RANDOM_1;RANDOM_2;RANDOM_3,1.0,1.0,1.0,1.0,1.0,1.0,0.0,0.0,false,1.0,1.0,1.0,1.0,1.0,1.0,0.0,0.0,false
PILOT-0218,MODERATE,SMALL,MODERATE_MIXED,6,0,6,FCFS;AASHRAY;REVERSE_FCFS;RANDOM_1;RANDOM_2;RANDOM_3,0.9707481232202951,0.9707481232202951,0.9707481232202951,0.9707481232202951,0.9707481232202951,0.9707481232202951,0.0,0.0,false,,,,,,,,,
PILOT-0219,HIGH,LARGE,LH_DOMINANT,23,1,6,FCFS;AASHRAY;REVERSE_FCFS;RANDOM_1;RANDOM_2;RANDOM_3,0.504306784660767,0.504306784660767,0.504306784660767,0.504306784660767,0.504306784660767,0.504306784660767,0.0,0.0,false,0.6380208333333334,1.0,1.0,0.0,1.0,0.0,1.0,0.4474380130512433,true
PILOT-0220,HIGH,LARGE,LL_DOMINANT,22,2,6,FCFS;AASHRAY;REVERSE_FCFS;RANDOM_1;RANDOM_2;RANDOM_3,0.41626340259986716,0.41626340259986716,0.41626340259986716,0.41626340259986716,0.41626340259986716,0.41626340259986716,0.0,0.0,false,0.392328398384926,1.0,0.4831763122476447,0.0,0.0,0.392328398384926,1.0,0.337669626019395,true
PILOT-0221,HIGH,LARGE,LL_DOMINANT,28,2,6,FCFS;AASHRAY;REVERSE_FCFS;RANDOM_1;RANDOM_2;RANDOM_3,0.3686965741170234,0.3686965741170234,0.3686965741170234,0.3686965741170234,0.3686965741170234,0.3686965741170234,0.0,0.0,false,0.6679216867469879,1.0,0.008283132530120483,0.9811746987951807,0.01957831325301205,0.0,1.0,0.4499860278142206,true
PILOT-0222,LOW,SMALL,MODERATE_MIXED,4,2,6,FCFS;AASHRAY;REVERSE_FCFS;RANDOM_1;RANDOM_2;RANDOM_3,1.0,1.0,1.0,1.0,1.0,1.0,0.0,0.0,false,1.0,1.0,1.0,1.0,1.0,1.0,0.0,0.0,false
PILOT-0223,HIGH,LARGE,HH_DOMINANT,21,10,6,FCFS;AASHRAY;REVERSE_FCFS;RANDOM_1;RANDOM_2;RANDOM_3,0.33153050574058257,0.33153050574058257,0.33153050574058257,0.33153050574058257,0.33153050574058257,0.33153050574058257,0.0,0.0,false,0.14217167229429536,0.6143593389017238,0.4101652745690421,0.4887151235116403,0.32272969610805047,0.19530833481428825,0.4721876666074284,0.16315343681010128,true
PILOT-0224,HIGH,LARGE,MODERATE_MIXED,30,4,6,FCFS;AASHRAY;REVERSE_FCFS;RANDOM_1;RANDOM_2;RANDOM_3,0.49186727391021473,0.49186727391021473,0.49186727391021473,0.49186727391021473,0.49186727391021473,0.49186727391021473,0.0,0.0,false,0.19005524861878453,1.0,0.8099447513812155,0.4777163904235727,0.4276243093922652,0.17679558011049723,0.8232044198895028,0.3030959693874886,true
PILOT-0225,LOW,SMALL,HL_DOMINANT,4,0,6,FCFS;AASHRAY;REVERSE_FCFS;RANDOM_1;RANDOM_2;RANDOM_3,1.0,1.0,1.0,1.0,1.0,1.0,0.0,0.0,false,,,,,,,,,
PILOT-0226,LOW,LARGE,HL_DOMINANT,24,1,6,FCFS;AASHRAY;REVERSE_FCFS;RANDOM_1;RANDOM_2;RANDOM_3,1.0,1.0,1.0,1.0,1.0,1.0,0.0,0.0,false,1.0,1.0,1.0,1.0,1.0,1.0,0.0,0.0,false
PILOT-0227,MODERATE,MEDIUM,HL_DOMINANT,13,1,6,FCFS;AASHRAY;REVERSE_FCFS;RANDOM_1;RANDOM_2;RANDOM_3,1.0,1.0,1.0,1.0,1.0,1.0,0.0,0.0,false,1.0,1.0,1.0,1.0,1.0,1.0,0.0,0.0,false
PILOT-0228,LOW,SMALL,LH_DOMINANT,3,0,6,FCFS;AASHRAY;REVERSE_FCFS;RANDOM_1;RANDOM_2;RANDOM_3,1.0,1.0,1.0,1.0,1.0,1.0,0.0,0.0,false,,,,,,,,,
PILOT-0229,HIGH,MEDIUM,MODERATE_MIXED,9,1,6,FCFS;AASHRAY;REVERSE_FCFS;RANDOM_1;RANDOM_2;RANDOM_3,0.6210509604699158,0.6210509604699158,0.6210509604699158,0.6210509604699158,0.6210509604699158,0.6210509604699158,0.0,0.0,false,0.4929676511954993,1.0,0.8776371308016878,1.0,1.0,0.6434599156118144,0.5070323488045008,0.19881478099451497,true
PILOT-0230,MODERATE,MEDIUM,HH_DOMINANT,11,7,6,FCFS;AASHRAY;REVERSE_FCFS;RANDOM_1;RANDOM_2;RANDOM_3,0.9739915074309978,0.9739915074309978,0.9739915074309978,0.9739915074309978,0.9739915074309978,0.9739915074309978,0.0,0.0,false,0.9603880355699272,1.0,0.9603880355699272,0.9603880355699272,0.9603880355699272,0.9940716787927782,0.039611964430072755,0.01736049728824886,true
PILOT-0231,HIGH,LARGE,MODERATE_MIXED,28,2,6,FCFS;AASHRAY;REVERSE_FCFS;RANDOM_1;RANDOM_2;RANDOM_3,0.5854786806114239,0.5854786806114239,0.5854786806114239,0.5854786806114239,0.5854786806114239,0.5854786806114239,0.0,0.0,false,0.5452961672473867,1.0,0.45078397212543553,0.44381533101045295,0.44381533101045295,0.44773519163763065,0.5561846689895471,0.2021590119613138,true
PILOT-0232,HIGH,MEDIUM,HL_DOMINANT,8,0,6,FCFS;AASHRAY;REVERSE_FCFS;RANDOM_1;RANDOM_2;RANDOM_3,0.6029322548028312,0.6029322548028312,0.6029322548028312,0.6029322548028312,0.6029322548028312,0.6029322548028312,0.0,0.0,false,,,,,,,,,
PILOT-0233,LOW,MEDIUM,LL_DOMINANT,12,2,6,FCFS;AASHRAY;REVERSE_FCFS;RANDOM_1;RANDOM_2;RANDOM_3,1.0,1.0,1.0,1.0,1.0,1.0,0.0,0.0,false,1.0,1.0,1.0,1.0,1.0,1.0,0.0,0.0,false
PILOT-0234,MODERATE,LARGE,HH_DOMINANT,23,12,6,FCFS;AASHRAY;REVERSE_FCFS;RANDOM_1;RANDOM_2;RANDOM_3,0.9819995324553884,0.9819995324553884,0.9819995324553884,0.9819995324553884,0.9819995324553884,0.9819995324553884,0.0,0.0,false,0.9548475371383893,1.0,1.0,1.0,1.0,0.977130570758405,0.045152462861610676,0.017275188029634802,true
PILOT-0235,HIGH,MEDIUM,LL_DOMINANT,12,0,6,FCFS;AASHRAY;REVERSE_FCFS;RANDOM_1;RANDOM_2;RANDOM_3,0.5572459222082811,0.5572459222082811,0.5572459222082811,0.5572459222082811,0.5572459222082811,0.5572459222082811,0.0,0.0,false,,,,,,,,,
PILOT-0236,HIGH,SMALL,LL_DOMINANT,4,0,6,FCFS;AASHRAY;REVERSE_FCFS;RANDOM_1;RANDOM_2;RANDOM_3,0.4950884086444008,0.4950884086444008,0.4950884086444008,0.4950884086444008,0.4950884086444008,0.4950884086444008,0.0,0.0,false,,,,,,,,,
PILOT-0237,MODERATE,MEDIUM,MODERATE_MIXED,11,2,6,FCFS;AASHRAY;REVERSE_FCFS;RANDOM_1;RANDOM_2;RANDOM_3,0.9747998115873764,0.9747998115873764,0.9747998115873764,0.9747998115873764,0.9747998115873764,0.9747998115873764,0.0,0.0,false,1.0,1.0,1.0,1.0,1.0,1.0,0.0,0.0,false
PILOT-0238,MODERATE,MEDIUM,LH_DOMINANT,11,0,6,FCFS;AASHRAY;REVERSE_FCFS;RANDOM_1;RANDOM_2;RANDOM_3,0.9689473006055921,0.9689473006055921,0.9689473006055921,0.9689473006055921,0.9689473006055921,0.9689473006055921,0.0,0.0,false,,,,,,,,,
PILOT-0239,LOW,SMALL,LL_DOMINANT,5,0,6,FCFS;AASHRAY;REVERSE_FCFS;RANDOM_1;RANDOM_2;RANDOM_3,1.0,1.0,1.0,1.0,1.0,1.0,0.0,0.0,false,,,,,,,,,
PILOT-0240,LOW,SMALL,HL_DOMINANT,3,0,6,FCFS;AASHRAY;REVERSE_FCFS;RANDOM_1;RANDOM_2;RANDOM_3,1.0,1.0,1.0,1.0,1.0,1.0,0.0,0.0,false,,,,,,,,,
PILOT-0241,LOW,LARGE,LL_DOMINANT,27,2,6,FCFS;AASHRAY;REVERSE_FCFS;RANDOM_1;RANDOM_2;RANDOM_3,1.0,1.0,1.0,1.0,1.0,1.0,0.0,0.0,false,1.0,1.0,1.0,1.0,1.0,1.0,0.0,0.0,false
PILOT-0242,MODERATE,SMALL,LL_DOMINANT,5,0,6,FCFS;AASHRAY;REVERSE_FCFS;RANDOM_1;RANDOM_2;RANDOM_3,0.9835103409726104,0.9835103409726104,0.9835103409726104,0.9835103409726104,0.9835103409726104,0.9835103409726104,0.0,0.0,false,,,,,,,,,
PILOT-0243,MODERATE,LARGE,MODERATE_MIXED,24,2,6,FCFS;AASHRAY;REVERSE_FCFS;RANDOM_1;RANDOM_2;RANDOM_3,0.9448661606072712,0.9448661606072712,0.9448661606072712,0.9448661606072712,0.9448661606072712,0.9448661606072712,0.0,0.0,false,1.0,1.0,1.0,0.9971264367816092,1.0,0.9978448275862069,0.002873563218390829,0.0012032897055939916,true
PILOT-0244,HIGH,MEDIUM,MODERATE_MIXED,10,0,6,FCFS;AASHRAY;REVERSE_FCFS;RANDOM_1;RANDOM_2;RANDOM_3,0.5801655029738816,0.5801655029738816,0.5801655029738816,0.5801655029738816,0.5801655029738816,0.5801655029738816,0.0,0.0,false,,,,,,,,,
PILOT-0245,HIGH,SMALL,MODERATE_MIXED,5,0,6,FCFS;AASHRAY;REVERSE_FCFS;RANDOM_1;RANDOM_2;RANDOM_3,0.5294547224926972,0.5294547224926972,0.5294547224926972,0.5294547224926972,0.5294547224926972,0.5294547224926972,0.0,0.0,false,,,,,,,,,
PILOT-0246,MODERATE,SMALL,HL_DOMINANT,5,0,6,FCFS;AASHRAY;REVERSE_FCFS;RANDOM_1;RANDOM_2;RANDOM_3,0.9397823818750931,0.9397823818750931,0.9397823818750931,0.9397823818750931,0.9397823818750931,0.9397823818750931,0.0,0.0,false,,,,,,,,,
PILOT-0247,HIGH,MEDIUM,HL_DOMINANT,13,1,6,FCFS;AASHRAY;REVERSE_FCFS;RANDOM_1;RANDOM_2;RANDOM_3,0.6604341824570209,0.6604341824570209,0.6604341824570209,0.6604341824570209,0.6604341824570209,0.6604341824570209,0.0,0.0,false,1.0,1.0,0.0,0.0,0.0,0.0,1.0,0.4714045207910317,true
PILOT-0248,HIGH,MEDIUM,HL_DOMINANT,11,0,6,FCFS;AASHRAY;REVERSE_FCFS;RANDOM_1;RANDOM_2;RANDOM_3,0.5910107071420168,0.5910107071420168,0.5910107071420168,0.5910107071420168,0.5910107071420168,0.5910107071420168,0.0,0.0,false,,,,,,,,,
PILOT-0249,LOW,LARGE,LL_DOMINANT,24,3,6,FCFS;AASHRAY;REVERSE_FCFS;RANDOM_1;RANDOM_2;RANDOM_3,1.0,1.0,1.0,1.0,1.0,1.0,0.0,0.0,false,1.0,1.0,1.0,1.0,1.0,1.0,0.0,0.0,false
PILOT-0250,MODERATE,SMALL,MODERATE_MIXED,5,0,6,FCFS;AASHRAY;REVERSE_FCFS;RANDOM_1;RANDOM_2;RANDOM_3,0.9899780004888781,0.9899780004888781,0.9899780004888781,0.9899780004888781,0.9899780004888781,0.9899780004888781,0.0,0.0,false,,,,,,,,,
PILOT-0251,HIGH,SMALL,LH_DOMINANT,4,0,6,FCFS;AASHRAY;REVERSE_FCFS;RANDOM_1;RANDOM_2;RANDOM_3,0.5306223654847508,0.5306223654847508,0.5306223654847508,0.5306223654847508,0.5306223654847508,0.5306223654847508,0.0,0.0,false,,,,,,,,,
PILOT-0252,MODERATE,SMALL,HL_DOMINANT,5,0,6,FCFS;AASHRAY;REVERSE_FCFS;RANDOM_1;RANDOM_2;RANDOM_3,0.9958220693044975,0.9958220693044975,0.9958220693044975,0.9958220693044975,0.9958220693044975,0.9958220693044975,0.0,0.0,false,,,,,,,,,
PILOT-0253,HIGH,LARGE,MODERATE_MIXED,30,4,6,FCFS;AASHRAY;REVERSE_FCFS;RANDOM_1;RANDOM_2;RANDOM_3,0.43222821242093645,0.43222821242093645,0.43222821242093645,0.43222821242093645,0.43222821242093645,0.43222821242093645,0.0,0.0,false,0.9505494505494505,1.0,0.04945054945054945,0.6119505494505495,0.2190934065934066,0.05803571428571429,0.9505494505494505,0.3959614735286005,true
PILOT-0254,MODERATE,LARGE,LL_DOMINANT,24,0,6,FCFS;AASHRAY;REVERSE_FCFS;RANDOM_1;RANDOM_2;RANDOM_3,0.9717430484037075,0.9717430484037075,0.9717430484037075,0.9717430484037075,0.9717430484037075,0.9717430484037075,0.0,0.0,false,,,,,,,,,
PILOT-0255,HIGH,SMALL,LL_DOMINANT,4,0,6,FCFS;AASHRAY;REVERSE_FCFS;RANDOM_1;RANDOM_2;RANDOM_3,0.6477641768673494,0.6477641768673494,0.6477641768673494,0.6477641768673494,0.6477641768673494,0.6477641768673494,0.0,0.0,false,,,,,,,,,
PILOT-0256,MODERATE,SMALL,HH_DOMINANT,5,3,6,FCFS;AASHRAY;REVERSE_FCFS;RANDOM_1;RANDOM_2;RANDOM_3,0.9993388429752066,0.9993388429752066,0.9993388429752066,0.9993388429752066,0.9993388429752066,0.9993388429752066,0.0,0.0,false,1.0,1.0,1.0,0.9988551803091014,1.0,1.0,0.0011448196908986352,0.0004266491084716076,true
PILOT-0257,MODERATE,MEDIUM,HH_DOMINANT,12,3,6,FCFS;AASHRAY;REVERSE_FCFS;RANDOM_1;RANDOM_2;RANDOM_3,0.9803103403312036,0.9803103403312036,0.9803103403312036,0.9803103403312036,0.9803103403312036,0.9803103403312036,0.0,0.0,false,1.0,1.0,1.0,1.0,0.8337004405286343,1.0,0.16629955947136565,0.061976186601040435,true
PILOT-0258,HIGH,SMALL,MODERATE_MIXED,6,1,6,FCFS;AASHRAY;REVERSE_FCFS;RANDOM_1;RANDOM_2;RANDOM_3,0.5377460858781584,0.5377460858781584,0.5377460858781584,0.5377460858781584,0.5377460858781584,0.5377460858781584,0.0,0.0,false,0.764179104477612,1.0,0.7522388059701492,1.0,0.008955223880597015,0.0,1.0,0.4239766434057542,true
PILOT-0259,HIGH,LARGE,LL_DOMINANT,20,0,6,FCFS;AASHRAY;REVERSE_FCFS;RANDOM_1;RANDOM_2;RANDOM_3,0.5520153871884931,0.5520153871884931,0.5520153871884931,0.5520153871884931,0.5520153871884931,0.5520153871884931,0.0,0.0,false,,,,,,,,,
PILOT-0260,MODERATE,LARGE,HH_DOMINANT,20,10,6,FCFS;AASHRAY;REVERSE_FCFS;RANDOM_1;RANDOM_2;RANDOM_3,1.0,1.0,1.0,1.0,1.0,1.0,0.0,0.0,false,1.0,1.0,1.0,1.0,1.0,1.0,0.0,0.0,false
PILOT-0261,HIGH,LARGE,HH_DOMINANT,27,10,6,FCFS;AASHRAY;REVERSE_FCFS;RANDOM_1;RANDOM_2;RANDOM_3,0.5771251931993817,0.5771251931993817,0.5771251931993817,0.5771251931993817,0.5771251931993817,0.5771251931993817,0.0,0.0,false,0.3725592747559275,1.0,0.6591701534170153,0.6370292887029289,0.597629009762901,0.30003486750348674,0.6999651324965133,0.22597874312069474,true
PILOT-0262,HIGH,LARGE,LL_DOMINANT,24,1,6,FCFS;AASHRAY;REVERSE_FCFS;RANDOM_1;RANDOM_2;RANDOM_3,0.44567657663786653,0.44567657663786653,0.44567657663786653,0.44567657663786653,0.44567657663786653,0.44567657663786653,0.0,0.0,false,1.0,1.0,0.0,0.0,1.0,0.04431599229287091,1.0,0.4928354351805953,true
PILOT-0263,MODERATE,LARGE,MODERATE_MIXED,25,0,6,FCFS;AASHRAY;REVERSE_FCFS;RANDOM_1;RANDOM_2;RANDOM_3,0.9908113873164328,0.9908113873164328,0.9908113873164328,0.9908113873164328,0.9908113873164328,0.9908113873164328,0.0,0.0,false,,,,,,,,,
PILOT-0264,HIGH,MEDIUM,LL_DOMINANT,8,0,6,FCFS;AASHRAY;REVERSE_FCFS;RANDOM_1;RANDOM_2;RANDOM_3,0.534504391468005,0.534504391468005,0.534504391468005,0.534504391468005,0.534504391468005,0.534504391468005,0.0,0.0,false,,,,,,,,,
PILOT-0265,HIGH,SMALL,HL_DOMINANT,4,0,6,FCFS;AASHRAY;REVERSE_FCFS;RANDOM_1;RANDOM_2;RANDOM_3,0.43503368623676614,0.43503368623676614,0.43503368623676614,0.43503368623676614,0.43503368623676614,0.43503368623676614,0.0,0.0,false,,,,,,,,,
PILOT-0266,HIGH,LARGE,HL_DOMINANT,30,2,6,FCFS;AASHRAY;REVERSE_FCFS;RANDOM_1;RANDOM_2;RANDOM_3,0.5672833200923089,0.5672833200923089,0.5672833200923089,0.5672833200923089,0.5672833200923089,0.5672833200923089,0.0,0.0,false,0.0,1.0,1.0,0.0,0.08775981524249422,0.0,1.0,0.4621047760244846,true
PILOT-0267,LOW,LARGE,LL_DOMINANT,21,2,6,FCFS;AASHRAY;REVERSE_FCFS;RANDOM_1;RANDOM_2;RANDOM_3,1.0,1.0,1.0,1.0,1.0,1.0,0.0,0.0,false,1.0,1.0,1.0,1.0,1.0,1.0,0.0,0.0,false
PILOT-0268,LOW,LARGE,MODERATE_MIXED,24,2,6,FCFS;AASHRAY;REVERSE_FCFS;RANDOM_1;RANDOM_2;RANDOM_3,1.0,1.0,1.0,1.0,1.0,1.0,0.0,0.0,false,1.0,1.0,1.0,1.0,1.0,1.0,0.0,0.0,false
PILOT-0269,LOW,SMALL,LH_DOMINANT,5,1,6,FCFS;AASHRAY;REVERSE_FCFS;RANDOM_1;RANDOM_2;RANDOM_3,1.0,1.0,1.0,1.0,1.0,1.0,0.0,0.0,false,1.0,1.0,1.0,1.0,1.0,1.0,0.0,0.0,false
PILOT-0270,MODERATE,MEDIUM,LL_DOMINANT,9,0,6,FCFS;AASHRAY;REVERSE_FCFS;RANDOM_1;RANDOM_2;RANDOM_3,0.974195264698058,0.974195264698058,0.974195264698058,0.974195264698058,0.974195264698058,0.974195264698058,0.0,0.0,false,,,,,,,,,
PILOT-0271,HIGH,SMALL,MODERATE_MIXED,3,0,6,FCFS;AASHRAY;REVERSE_FCFS;RANDOM_1;RANDOM_2;RANDOM_3,0.5911016949152542,0.5911016949152542,0.5911016949152542,0.5911016949152542,0.5911016949152542,0.5911016949152542,0.0,0.0,false,,,,,,,,,
PILOT-0272,MODERATE,MEDIUM,HH_DOMINANT,10,1,6,FCFS;AASHRAY;REVERSE_FCFS;RANDOM_1;RANDOM_2;RANDOM_3,0.9992380226688256,0.9992380226688256,0.9992380226688256,0.9992380226688256,0.9992380226688256,0.9992380226688256,0.0,0.0,false,1.0,1.0,1.0,1.0,1.0,1.0,0.0,0.0,false
PILOT-0273,HIGH,MEDIUM,HL_DOMINANT,12,1,6,FCFS;AASHRAY;REVERSE_FCFS;RANDOM_1;RANDOM_2;RANDOM_3,0.5695409344775916,0.5695409344775916,0.5695409344775916,0.5695409344775916,0.5695409344775916,0.5695409344775916,0.0,0.0,false,1.0,1.0,0.0,1.0,1.0,1.0,1.0,0.37267799624996495,true
PILOT-0274,HIGH,SMALL,HL_DOMINANT,4,0,6,FCFS;AASHRAY;REVERSE_FCFS;RANDOM_1;RANDOM_2;RANDOM_3,0.5744728577837596,0.5744728577837596,0.5744728577837596,0.5744728577837596,0.5744728577837596,0.5744728577837596,0.0,0.0,false,,,,,,,,,
PILOT-0275,LOW,LARGE,HL_DOMINANT,30,2,6,FCFS;AASHRAY;REVERSE_FCFS;RANDOM_1;RANDOM_2;RANDOM_3,1.0,1.0,1.0,1.0,1.0,1.0,0.0,0.0,false,1.0,1.0,1.0,1.0,1.0,1.0,0.0,0.0,false
PILOT-0276,HIGH,LARGE,HL_DOMINANT,27,3,6,FCFS;AASHRAY;REVERSE_FCFS;RANDOM_1;RANDOM_2;RANDOM_3,0.3609081419624217,0.3609081419624217,0.3609081419624217,0.3609081419624217,0.3609081419624217,0.3609081419624217,0.0,0.0,false,0.0,1.0,0.9301994301994302,0.2022792022792023,0.24715099715099714,0.7735042735042735,1.0,0.3891311040763527,true
PILOT-0277,MODERATE,MEDIUM,LL_DOMINANT,11,0,6,FCFS;AASHRAY;REVERSE_FCFS;RANDOM_1;RANDOM_2;RANDOM_3,0.9992560907569277,0.9992560907569277,0.9992560907569277,0.9992560907569277,0.9992560907569277,0.9992560907569277,0.0,0.0,false,,,,,,,,,
PILOT-0278,MODERATE,LARGE,HH_DOMINANT,27,11,6,FCFS;AASHRAY;REVERSE_FCFS;RANDOM_1;RANDOM_2;RANDOM_3,0.9840574882215771,0.9840574882215771,0.9840574882215771,0.9840574882215771,0.9840574882215771,0.9840574882215771,0.0,0.0,false,0.9645606884057971,1.0,0.9620697463768116,0.9620697463768116,1.0,0.9755434782608695,0.03793025362318836,0.016632517717581518,true
PILOT-0279,LOW,SMALL,MODERATE_MIXED,4,1,6,FCFS;AASHRAY;REVERSE_FCFS;RANDOM_1;RANDOM_2;RANDOM_3,1.0,1.0,1.0,1.0,1.0,1.0,0.0,0.0,false,1.0,1.0,1.0,1.0,1.0,1.0,0.0,0.0,false
PILOT-0280,HIGH,LARGE,HL_DOMINANT,26,1,6,FCFS;AASHRAY;REVERSE_FCFS;RANDOM_1;RANDOM_2;RANDOM_3,0.5724944978259703,0.5724944978259703,0.5724944978259703,0.5724944978259703,0.5724944978259703,0.5724944978259703,0.0,0.0,false,1.0,1.0,0.0,0.9196141479099679,1.0,0.0,1.0,0.46280443487146544,true
PILOT-0281,MODERATE,MEDIUM,LL_DOMINANT,14,1,6,FCFS;AASHRAY;REVERSE_FCFS;RANDOM_1;RANDOM_2;RANDOM_3,0.973529725691109,0.973529725691109,0.973529725691109,0.973529725691109,0.973529725691109,0.973529725691109,0.0,0.0,false,1.0,1.0,1.0,1.0,1.0,0.5623409669211196,0.43765903307888043,0.1631058914885343,true
PILOT-0282,MODERATE,MEDIUM,LL_DOMINANT,10,0,6,FCFS;AASHRAY;REVERSE_FCFS;RANDOM_1;RANDOM_2;RANDOM_3,0.9601890833887289,0.9601890833887289,0.9601890833887289,0.9601890833887289,0.9601890833887289,0.9601890833887289,0.0,0.0,false,,,,,,,,,
PILOT-0283,MODERATE,LARGE,LH_DOMINANT,24,0,6,FCFS;AASHRAY;REVERSE_FCFS;RANDOM_1;RANDOM_2;RANDOM_3,0.9748609878043082,0.9748609878043082,0.9748609878043082,0.9748609878043082,0.9748609878043082,0.9748609878043082,0.0,0.0,false,,,,,,,,,
PILOT-0284,HIGH,LARGE,HH_DOMINANT,23,12,6,FCFS;AASHRAY;REVERSE_FCFS;RANDOM_1;RANDOM_2;RANDOM_3,0.5929826537508448,0.5929826537508448,0.5929826537508448,0.5929826537508448,0.5929826537508448,0.5929826537508448,0.0,0.0,false,0.5518575851393189,0.9917072091994693,0.6292569659442725,0.869858469703671,0.6064794338788146,0.40314020344980095,0.5885670057496684,0.19753974050532003,true
PILOT-0285,LOW,MEDIUM,MODERATE_MIXED,12,0,6,FCFS;AASHRAY;REVERSE_FCFS;RANDOM_1;RANDOM_2;RANDOM_3,1.0,1.0,1.0,1.0,1.0,1.0,0.0,0.0,false,,,,,,,,,
PILOT-0286,LOW,MEDIUM,LH_DOMINANT,10,1,6,FCFS;AASHRAY;REVERSE_FCFS;RANDOM_1;RANDOM_2;RANDOM_3,1.0,1.0,1.0,1.0,1.0,1.0,0.0,0.0,false,1.0,1.0,1.0,1.0,1.0,1.0,0.0,0.0,false
PILOT-0287,HIGH,MEDIUM,HH_DOMINANT,14,8,6,FCFS;AASHRAY;REVERSE_FCFS;RANDOM_1;RANDOM_2;RANDOM_3,0.6192319445859223,0.6192319445859223,0.6192319445859223,0.6192319445859223,0.6192319445859223,0.6192319445859223,0.0,0.0,false,0.4758578803522624,1.0,0.7488612207713331,0.453082295778925,0.8044336471302763,0.42939568782265414,0.5706043121773459,0.2136465419436142,true
PILOT-0288,HIGH,MEDIUM,LH_DOMINANT,9,0,6,FCFS;AASHRAY;REVERSE_FCFS;RANDOM_1;RANDOM_2;RANDOM_3,0.4396119644300728,0.4396119644300728,0.4396119644300728,0.4396119644300728,0.4396119644300728,0.4396119644300728,0.0,0.0,false,,,,,,,,,
PILOT-0289,MODERATE,SMALL,MODERATE_MIXED,3,0,6,FCFS;AASHRAY;REVERSE_FCFS;RANDOM_1;RANDOM_2;RANDOM_3,0.9996239187664535,0.9996239187664535,0.9996239187664535,0.9996239187664535,0.9996239187664535,0.9996239187664535,0.0,0.0,false,,,,,,,,,
PILOT-0290,HIGH,LARGE,HL_DOMINANT,27,1,6,FCFS;AASHRAY;REVERSE_FCFS;RANDOM_1;RANDOM_2;RANDOM_3,0.5460632168993615,0.5460632168993615,0.5460632168993615,0.5460632168993615,0.5460632168993615,0.5460632168993615,0.0,0.0,false,1.0,1.0,0.011834319526627219,0.0,0.0,0.0,1.0,0.47002845592009945,true
PILOT-0291,HIGH,MEDIUM,MODERATE_MIXED,13,3,6,FCFS;AASHRAY;REVERSE_FCFS;RANDOM_1;RANDOM_2;RANDOM_3,0.3821513149694628,0.3821513149694628,0.3821513149694628,0.3821513149694628,0.3821513149694628,0.3821513149694628,0.0,0.0,false,0.934720908230842,1.0,0.065279091769158,0.23651844843897823,0.1816461684011353,0.0,1.0,0.40667639825035934,true
PILOT-0292,HIGH,LARGE,LH_DOMINANT,20,0,6,FCFS;AASHRAY;REVERSE_FCFS;RANDOM_1;RANDOM_2;RANDOM_3,0.44638668180098373,0.44638668180098373,0.44638668180098373,0.44638668180098373,0.44638668180098373,0.44638668180098373,0.0,0.0,false,,,,,,,,,
PILOT-0293,HIGH,LARGE,LH_DOMINANT,26,3,6,FCFS;AASHRAY;REVERSE_FCFS;RANDOM_1;RANDOM_2;RANDOM_3,0.6347379373130446,0.6347379373130446,0.6347379373130446,0.6347379373130446,0.6347379373130446,0.6347379373130446,0.0,0.0,false,0.662431941923775,1.0,0.33756805807622503,0.2912885662431942,1.0,0.7087114337568058,0.7087114337568058,0.280838782343546,true
PILOT-0294,HIGH,SMALL,HL_DOMINANT,5,1,6,FCFS;AASHRAY;REVERSE_FCFS;RANDOM_1;RANDOM_2;RANDOM_3,0.5489484036919352,0.5489484036919352,0.5489484036919352,0.5489484036919352,0.5489484036919352,0.5489484036919352,0.0,0.0,false,1.0,1.0,0.0,0.0,0.0,0.9873257287705957,1.0,0.49790554543729465,true
PILOT-0295,MODERATE,LARGE,LL_DOMINANT,19,1,6,FCFS;AASHRAY;REVERSE_FCFS;RANDOM_1;RANDOM_2;RANDOM_3,0.9911387063716921,0.9911387063716921,0.9911387063716921,0.9911387063716921,0.9911387063716921,0.9911387063716921,0.0,0.0,false,1.0,1.0,1.0,1.0,1.0,1.0,0.0,0.0,false
PILOT-0296,LOW,LARGE,LL_DOMINANT,23,2,6,FCFS;AASHRAY;REVERSE_FCFS;RANDOM_1;RANDOM_2;RANDOM_3,1.0,1.0,1.0,1.0,1.0,1.0,0.0,0.0,false,1.0,1.0,1.0,1.0,1.0,1.0,0.0,0.0,false
PILOT-0297,MODERATE,MEDIUM,LH_DOMINANT,12,2,6,FCFS;AASHRAY;REVERSE_FCFS;RANDOM_1;RANDOM_2;RANDOM_3,0.9730272596843615,0.9730272596843615,0.9730272596843615,0.9730272596843615,0.9730272596843615,0.9730272596843615,0.0,0.0,false,1.0,1.0,0.961789375582479,1.0,0.961789375582479,1.0,0.03821062441752099,0.018012661092667574,true
PILOT-0298,HIGH,MEDIUM,HH_DOMINANT,8,4,6,FCFS;AASHRAY;REVERSE_FCFS;RANDOM_1;RANDOM_2;RANDOM_3,0.48788927335640137,0.48788927335640137,0.48788927335640137,0.48788927335640137,0.48788927335640137,0.48788927335640137,0.0,0.0,false,0.44577006507592193,0.688177874186551,0.4945770065075922,0.4346529284164859,0.49891540130151846,0.5043383947939263,0.25352494577006507,0.0836021501110875,true
PILOT-0299,MODERATE,SMALL,MODERATE_MIXED,4,0,6,FCFS;AASHRAY;REVERSE_FCFS;RANDOM_1;RANDOM_2;RANDOM_3,0.9993031358885017,0.9993031358885017,0.9993031358885017,0.9993031358885017,0.9993031358885017,0.9993031358885017,0.0,0.0,false,,,,,,,,,
PILOT-0300,MODERATE,LARGE,LL_DOMINANT,21,5,6,FCFS;AASHRAY;REVERSE_FCFS;RANDOM_1;RANDOM_2;RANDOM_3,0.9992007672634271,0.9992007672634271,0.9992007672634271,0.9992007672634271,0.9992007672634271,0.9992007672634271,0.0,0.0,false,0.9968020466901183,1.0,1.0,0.9996802046690119,0.9968020466901183,0.9968020466901183,0.003197953309881707,0.00154934888111596,true
PILOT-0301,MODERATE,LARGE,LH_DOMINANT,25,2,6,FCFS;AASHRAY;REVERSE_FCFS;RANDOM_1;RANDOM_2;RANDOM_3,1.0,1.0,1.0,1.0,1.0,1.0,0.0,0.0,false,1.0,1.0,1.0,1.0,1.0,1.0,0.0,0.0,false
PILOT-0302,HIGH,SMALL,HH_DOMINANT,6,3,6,FCFS;AASHRAY;REVERSE_FCFS;RANDOM_1;RANDOM_2;RANDOM_3,0.4703677258122099,0.4703677258122099,0.4703677258122099,0.4703677258122099,0.4703677258122099,0.4703677258122099,0.0,0.0,false,0.681935817805383,0.681935817805383,0.26837474120082816,0.3630952380952381,0.681935817805383,0.681935817805383,0.4135610766045549,0.17478083815809023,true
PILOT-0303,HIGH,MEDIUM,HL_DOMINANT,12,1,6,FCFS;AASHRAY;REVERSE_FCFS;RANDOM_1;RANDOM_2;RANDOM_3,0.5044793947839936,0.5044793947839936,0.5044793947839936,0.5044793947839936,0.5044793947839936,0.5044793947839936,0.0,0.0,false,0.9414114513981359,1.0,0.09054593874833555,0.9906790945406125,0.36351531291611183,0.9813581890812251,0.9094540612516644,0.3632987415284864,true
PILOT-0304,HIGH,LARGE,LH_DOMINANT,19,0,6,FCFS;AASHRAY;REVERSE_FCFS;RANDOM_1;RANDOM_2;RANDOM_3,0.31331659908605264,0.31331659908605264,0.31331659908605264,0.31331659908605264,0.31331659908605264,0.31331659908605264,0.0,0.0,false,,,,,,,,,
PILOT-0305,HIGH,LARGE,HH_DOMINANT,18,9,6,FCFS;AASHRAY;REVERSE_FCFS;RANDOM_1;RANDOM_2;RANDOM_3,0.43804803659931374,0.43804803659931374,0.43804803659931374,0.43804803659931374,0.43804803659931374,0.43804803659931374,0.0,0.0,false,0.671229528232706,0.9951112197506722,0.2451723295037888,0.23099486678073822,0.3786360303104375,0.6964067465167441,0.764116352969934,0.2760351261218301,true
PILOT-0306,LOW,LARGE,MODERATE_MIXED,19,2,6,FCFS;AASHRAY;REVERSE_FCFS;RANDOM_1;RANDOM_2;RANDOM_3,1.0,1.0,1.0,1.0,1.0,1.0,0.0,0.0,false,1.0,1.0,1.0,1.0,1.0,1.0,0.0,0.0,false
PILOT-0307,MODERATE,LARGE,MODERATE_MIXED,24,2,6,FCFS;AASHRAY;REVERSE_FCFS;RANDOM_1;RANDOM_2;RANDOM_3,0.978099427652429,0.978099427652429,0.978099427652429,0.978099427652429,0.978099427652429,0.978099427652429,0.0,0.0,false,1.0,1.0,1.0,1.0,1.0,1.0,0.0,0.0,false
PILOT-0308,HIGH,LARGE,LH_DOMINANT,27,1,6,FCFS;AASHRAY;REVERSE_FCFS;RANDOM_1;RANDOM_2;RANDOM_3,0.5894627513926919,0.5894627513926919,0.5894627513926919,0.5894627513926919,0.5894627513926919,0.5894627513926919,0.0,0.0,false,0.0,1.0,1.0,0.0,0.0,0.0,1.0,0.4714045207910317,true
PILOT-0309,MODERATE,MEDIUM,MODERATE_MIXED,10,0,6,FCFS;AASHRAY;REVERSE_FCFS;RANDOM_1;RANDOM_2;RANDOM_3,0.9987488626023658,0.9987488626023658,0.9987488626023658,0.9987488626023658,0.9987488626023658,0.9987488626023658,0.0,0.0,false,,,,,,,,,
PILOT-0310,HIGH,LARGE,HL_DOMINANT,18,1,6,FCFS;AASHRAY;REVERSE_FCFS;RANDOM_1;RANDOM_2;RANDOM_3,0.43436910715749777,0.43436910715749777,0.43436910715749777,0.43436910715749777,0.43436910715749777,0.43436910715749777,0.0,0.0,false,0.0,1.0,1.0,0.6497963932518906,0.0,0.0,1.0,0.45680019916346926,true
PILOT-0311,HIGH,MEDIUM,MODERATE_MIXED,11,1,6,FCFS;AASHRAY;REVERSE_FCFS;RANDOM_1;RANDOM_2;RANDOM_3,0.5146188340807175,0.5146188340807175,0.5146188340807175,0.5146188340807175,0.5146188340807175,0.5146188340807175,0.0,0.0,false,1.0,1.0,0.0,1.0,0.9419889502762431,0.0,1.0,0.4650203762129149,true
PILOT-0312,HIGH,MEDIUM,LH_DOMINANT,14,0,6,FCFS;AASHRAY;REVERSE_FCFS;RANDOM_1;RANDOM_2;RANDOM_3,0.5777352994720554,0.5777352994720554,0.5777352994720554,0.5777352994720554,0.5777352994720554,0.5777352994720554,0.0,0.0,false,,,,,,,,,
PILOT-0313,HIGH,MEDIUM,LH_DOMINANT,9,0,6,FCFS;AASHRAY;REVERSE_FCFS;RANDOM_1;RANDOM_2;RANDOM_3,0.6224149432955304,0.6224149432955304,0.6224149432955304,0.6224149432955304,0.6224149432955304,0.6224149432955304,0.0,0.0,false,,,,,,,,,
PILOT-0314,HIGH,MEDIUM,HH_DOMINANT,9,3,6,FCFS;AASHRAY;REVERSE_FCFS;RANDOM_1;RANDOM_2;RANDOM_3,0.650887573964497,0.650887573964497,0.650887573964497,0.650887573964497,0.650887573964497,0.650887573964497,0.0,0.0,false,0.46799431009957326,1.0,0.9416785206258891,0.16121384542437173,0.20056899004267426,0.49359886201991465,0.8387861545756283,0.32631050110054605,true
PILOT-0315,HIGH,MEDIUM,LL_DOMINANT,13,1,6,FCFS;AASHRAY;REVERSE_FCFS;RANDOM_1;RANDOM_2;RANDOM_3,0.5721976957036718,0.5721976957036718,0.5721976957036718,0.5721976957036718,0.5721976957036718,0.5721976957036718,0.0,0.0,false,1.0,1.0,0.0,1.0,0.7140058765915769,1.0,1.0,0.3665520633895119,true
PILOT-0316,LOW,MEDIUM,HH_DOMINANT,9,4,6,FCFS;AASHRAY;REVERSE_FCFS;RANDOM_1;RANDOM_2;RANDOM_3,1.0,1.0,1.0,1.0,1.0,1.0,0.0,0.0,false,1.0,1.0,1.0,1.0,1.0,1.0,0.0,0.0,false
PILOT-0317,HIGH,LARGE,MODERATE_MIXED,21,2,6,FCFS;AASHRAY;REVERSE_FCFS;RANDOM_1;RANDOM_2;RANDOM_3,0.4639314463775643,0.4639314463775643,0.4639314463775643,0.4639314463775643,0.4639314463775643,0.4639314463775643,0.0,0.0,false,0.0,1.0,1.0,0.2186531417300648,0.5167652859960552,0.5133840518455903,1.0,0.369526532653579,true
PILOT-0318,MODERATE,LARGE,LH_DOMINANT,24,1,6,FCFS;AASHRAY;REVERSE_FCFS;RANDOM_1;RANDOM_2;RANDOM_3,0.9774562166190536,0.9774562166190536,0.9774562166190536,0.9774562166190536,0.9774562166190536,0.9774562166190536,0.0,0.0,false,1.0,1.0,1.0,1.0,0.1935483870967742,1.0,0.8064516129032258,0.3005467711693266,true
PILOT-0319,HIGH,LARGE,HL_DOMINANT,29,3,6,FCFS;AASHRAY;REVERSE_FCFS;RANDOM_1;RANDOM_2;RANDOM_3,0.6324571858729063,0.6324571858729063,0.6324571858729063,0.6324571858729063,0.6324571858729063,0.6324571858729063,0.0,0.0,false,0.3430515063168124,1.0,0.6569484936831875,0.46647230320699706,1.0,0.6569484936831875,0.6569484936831875,0.24653494714394686,true
PILOT-0320,HIGH,SMALL,HL_DOMINANT,5,0,6,FCFS;AASHRAY;REVERSE_FCFS;RANDOM_1;RANDOM_2;RANDOM_3,0.5513882123721383,0.5513882123721383,0.5513882123721383,0.5513882123721383,0.5513882123721383,0.5513882123721383,0.0,0.0,false,,,,,,,,,
PILOT-0321,MODERATE,MEDIUM,HH_DOMINANT,8,3,6,FCFS;AASHRAY;REVERSE_FCFS;RANDOM_1;RANDOM_2;RANDOM_3,0.9289629968021927,0.9289629968021927,0.9289629968021927,0.9289629968021927,0.9289629968021927,0.9289629968021927,0.0,0.0,false,1.0,1.0,0.8624283480979676,0.8491401771756123,1.0,1.0,0.1508598228243877,0.06809208586847262,true
PILOT-0322,LOW,SMALL,HH_DOMINANT,5,3,6,FCFS;AASHRAY;REVERSE_FCFS;RANDOM_1;RANDOM_2;RANDOM_3,1.0,1.0,1.0,1.0,1.0,1.0,0.0,0.0,false,1.0,1.0,1.0,1.0,1.0,1.0,0.0,0.0,false
PILOT-0323,LOW,LARGE,HL_DOMINANT,28,1,6,FCFS;AASHRAY;REVERSE_FCFS;RANDOM_1;RANDOM_2;RANDOM_3,1.0,1.0,1.0,1.0,1.0,1.0,0.0,0.0,false,1.0,1.0,1.0,1.0,1.0,1.0,0.0,0.0,false
PILOT-0324,HIGH,SMALL,LL_DOMINANT,3,1,6,FCFS;AASHRAY;REVERSE_FCFS;RANDOM_1;RANDOM_2;RANDOM_3,0.6792526274815103,0.6792526274815103,0.6792526274815103,0.6792526274815103,0.6792526274815103,0.6792526274815103,0.0,0.0,false,0.9187725631768953,0.9187725631768953,0.5102286401925391,0.5102286401925391,0.9187725631768953,0.5102286401925391,0.40854392298435616,0.20427196149217808,true
PILOT-0325,HIGH,LARGE,LH_DOMINANT,28,0,6,FCFS;AASHRAY;REVERSE_FCFS;RANDOM_1;RANDOM_2;RANDOM_3,0.5670327589471691,0.5670327589471691,0.5670327589471691,0.5670327589471691,0.5670327589471691,0.5670327589471691,0.0,0.0,false,,,,,,,,,
PILOT-0326,LOW,LARGE,MODERATE_MIXED,28,2,6,FCFS;AASHRAY;REVERSE_FCFS;RANDOM_1;RANDOM_2;RANDOM_3,1.0,1.0,1.0,1.0,1.0,1.0,0.0,0.0,false,1.0,1.0,1.0,1.0,1.0,1.0,0.0,0.0,false
PILOT-0327,HIGH,SMALL,LL_DOMINANT,3,0,6,FCFS;AASHRAY;REVERSE_FCFS;RANDOM_1;RANDOM_2;RANDOM_3,0.618450184501845,0.618450184501845,0.618450184501845,0.618450184501845,0.618450184501845,0.618450184501845,0.0,0.0,false,,,,,,,,,
PILOT-0328,HIGH,MEDIUM,MODERATE_MIXED,8,0,6,FCFS;AASHRAY;REVERSE_FCFS;RANDOM_1;RANDOM_2;RANDOM_3,0.3850690933602966,0.3850690933602966,0.3850690933602966,0.3850690933602966,0.3850690933602966,0.3850690933602966,0.0,0.0,false,,,,,,,,,
PILOT-0329,LOW,SMALL,LL_DOMINANT,4,0,6,FCFS;AASHRAY;REVERSE_FCFS;RANDOM_1;RANDOM_2;RANDOM_3,1.0,1.0,1.0,1.0,1.0,1.0,0.0,0.0,false,,,,,,,,,
PILOT-0330,LOW,MEDIUM,LL_DOMINANT,9,0,6,FCFS;AASHRAY;REVERSE_FCFS;RANDOM_1;RANDOM_2;RANDOM_3,1.0,1.0,1.0,1.0,1.0,1.0,0.0,0.0,false,,,,,,,,,
PILOT-0331,HIGH,SMALL,HL_DOMINANT,3,0,6,FCFS;AASHRAY;REVERSE_FCFS;RANDOM_1;RANDOM_2;RANDOM_3,0.38969072164948454,0.38969072164948454,0.38969072164948454,0.38969072164948454,0.38969072164948454,0.38969072164948454,0.0,0.0,false,,,,,,,,,
PILOT-0332,MODERATE,MEDIUM,LH_DOMINANT,10,0,6,FCFS;AASHRAY;REVERSE_FCFS;RANDOM_1;RANDOM_2;RANDOM_3,0.9253441581362514,0.9253441581362514,0.9253441581362514,0.9253441581362514,0.9253441581362514,0.9253441581362514,0.0,0.0,false,,,,,,,,,
PILOT-0333,MODERATE,MEDIUM,HH_DOMINANT,8,2,6,FCFS;AASHRAY;REVERSE_FCFS;RANDOM_1;RANDOM_2;RANDOM_3,0.9991027941553448,0.9991027941553448,0.9991027941553448,0.9991027941553448,0.9991027941553448,0.9991027941553448,0.0,0.0,false,1.0,1.0,1.0,1.0,1.0,1.0,0.0,0.0,false
PILOT-0334,HIGH,LARGE,LH_DOMINANT,28,2,6,FCFS;AASHRAY;REVERSE_FCFS;RANDOM_1;RANDOM_2;RANDOM_3,0.4781615757921781,0.4781615757921781,0.4781615757921781,0.4781615757921781,0.4781615757921781,0.4781615757921781,0.0,0.0,false,0.42701525054466233,1.0,0.5729847494553377,0.0,1.0,0.0,1.0,0.41041717542563055,true
PILOT-0335,LOW,MEDIUM,HL_DOMINANT,8,0,6,FCFS;AASHRAY;REVERSE_FCFS;RANDOM_1;RANDOM_2;RANDOM_3,1.0,1.0,1.0,1.0,1.0,1.0,0.0,0.0,false,,,,,,,,,
PILOT-0336,LOW,SMALL,LH_DOMINANT,4,0,6,FCFS;AASHRAY;REVERSE_FCFS;RANDOM_1;RANDOM_2;RANDOM_3,1.0,1.0,1.0,1.0,1.0,1.0,0.0,0.0,false,,,,,,,,,
PILOT-0337,HIGH,LARGE,MODERATE_MIXED,29,1,6,FCFS;AASHRAY;REVERSE_FCFS;RANDOM_1;RANDOM_2;RANDOM_3,0.4925897369999143,0.4925897369999143,0.4925897369999143,0.4925897369999143,0.4925897369999143,0.4925897369999143,0.0,0.0,false,0.0,1.0,1.0,1.0,1.0,1.0,1.0,0.37267799624996495,true
PILOT-0338,LOW,SMALL,HH_DOMINANT,3,0,6,FCFS;AASHRAY;REVERSE_FCFS;RANDOM_1;RANDOM_2;RANDOM_3,1.0,1.0,1.0,1.0,1.0,1.0,0.0,0.0,false,,,,,,,,,
PILOT-0339,HIGH,LARGE,MODERATE_MIXED,25,1,6,FCFS;AASHRAY;REVERSE_FCFS;RANDOM_1;RANDOM_2;RANDOM_3,0.4556259515740877,0.4556259515740877,0.4556259515740877,0.4556259515740877,0.4556259515740877,0.4556259515740877,0.0,0.0,false,0.0,1.0,1.0,1.0,0.0,0.028985507246376812,1.0,0.49526333496751973,true
PILOT-0340,HIGH,MEDIUM,HH_DOMINANT,8,3,6,FCFS;AASHRAY;REVERSE_FCFS;RANDOM_1;RANDOM_2;RANDOM_3,0.5236011973290352,0.5236011973290352,0.5236011973290352,0.5236011973290352,0.5236011973290352,0.5236011973290352,0.0,0.0,false,0.5798319327731093,0.9891956782713085,0.4177671068427371,0.9831932773109243,0.7178871548619448,0.007202881152460984,0.9819927971188475,0.3405204616394829,true
PILOT-0341,LOW,LARGE,HH_DOMINANT,26,14,6,FCFS;AASHRAY;REVERSE_FCFS;RANDOM_1;RANDOM_2;RANDOM_3,1.0,1.0,1.0,1.0,1.0,1.0,0.0,0.0,false,1.0,1.0,1.0,1.0,1.0,1.0,0.0,0.0,false
PILOT-0342,HIGH,LARGE,MODERATE_MIXED,26,2,6,FCFS;AASHRAY;REVERSE_FCFS;RANDOM_1;RANDOM_2;RANDOM_3,0.5860442681815746,0.5860442681815746,0.5860442681815746,0.5860442681815746,0.5860442681815746,0.5860442681815746,0.0,0.0,false,0.29723991507430997,1.0,0.70276008492569,0.7183297947629158,0.29723991507430997,0.70276008492569,0.7027600849256901,0.25037135477908506,true
PILOT-0343,LOW,MEDIUM,LL_DOMINANT,11,1,6,FCFS;AASHRAY;REVERSE_FCFS;RANDOM_1;RANDOM_2;RANDOM_3,1.0,1.0,1.0,1.0,1.0,1.0,0.0,0.0,false,1.0,1.0,1.0,1.0,1.0,1.0,0.0,0.0,false
PILOT-0344,HIGH,MEDIUM,LL_DOMINANT,13,1,6,FCFS;AASHRAY;REVERSE_FCFS;RANDOM_1;RANDOM_2;RANDOM_3,0.5298827034071868,0.5298827034071868,0.5298827034071868,0.5298827034071868,0.5298827034071868,0.5298827034071868,0.0,0.0,false,0.696165191740413,1.0,1.0,0.0,1.0,0.464110127826942,1.0,0.3686452063921873,true
PILOT-0345,LOW,SMALL,LH_DOMINANT,5,0,6,FCFS;AASHRAY;REVERSE_FCFS;RANDOM_1;RANDOM_2;RANDOM_3,1.0,1.0,1.0,1.0,1.0,1.0,0.0,0.0,false,,,,,,,,,
PILOT-0346,MODERATE,MEDIUM,HL_DOMINANT,11,0,6,FCFS;AASHRAY;REVERSE_FCFS;RANDOM_1;RANDOM_2;RANDOM_3,1.0,1.0,1.0,1.0,1.0,1.0,0.0,0.0,false,,,,,,,,,
PILOT-0347,HIGH,MEDIUM,HL_DOMINANT,12,0,6,FCFS;AASHRAY;REVERSE_FCFS;RANDOM_1;RANDOM_2;RANDOM_3,0.39024909516712797,0.39024909516712797,0.39024909516712797,0.39024909516712797,0.39024909516712797,0.39024909516712797,0.0,0.0,false,,,,,,,,,
PILOT-0348,MODERATE,SMALL,LH_DOMINANT,5,0,6,FCFS;AASHRAY;REVERSE_FCFS;RANDOM_1;RANDOM_2;RANDOM_3,0.9907578558225508,0.9907578558225508,0.9907578558225508,0.9907578558225508,0.9907578558225508,0.9907578558225508,0.0,0.0,false,,,,,,,,,
PILOT-0349,MODERATE,LARGE,HH_DOMINANT,26,8,6,FCFS;AASHRAY;REVERSE_FCFS;RANDOM_1;RANDOM_2;RANDOM_3,0.9483128433167669,0.9483128433167669,0.9483128433167669,0.9483128433167669,0.9483128433167669,0.9483128433167669,0.0,0.0,false,1.0,1.0,0.8298856831790964,0.8701687534022864,1.0,1.0,0.1701143168209036,0.07164783847031156,true
PILOT-0350,MODERATE,MEDIUM,LH_DOMINANT,8,1,6,FCFS;AASHRAY;REVERSE_FCFS;RANDOM_1;RANDOM_2;RANDOM_3,0.9381426202321724,0.9381426202321724,0.9381426202321724,0.9381426202321724,0.9381426202321724,0.9381426202321724,0.0,0.0,false,1.0,1.0,0.6994313566206336,1.0,1.0,0.6994313566206336,0.3005686433793664,0.14168941729706072,true
PILOT-0351,LOW,MEDIUM,HH_DOMINANT,9,3,6,FCFS;AASHRAY;REVERSE_FCFS;RANDOM_1;RANDOM_2;RANDOM_3,1.0,1.0,1.0,1.0,1.0,1.0,0.0,0.0,false,1.0,1.0,1.0,1.0,1.0,1.0,0.0,0.0,false
PILOT-0352,HIGH,SMALL,LH_DOMINANT,6,1,6,FCFS;AASHRAY;REVERSE_FCFS;RANDOM_1;RANDOM_2;RANDOM_3,0.6216037110669318,0.6216037110669318,0.6216037110669318,0.6216037110669318,0.6216037110669318,0.6216037110669318,0.0,0.0,false,0.0,1.0,0.9895941727367326,0.9895941727367326,0.991675338189386,1.0,1.0,0.3705324103853042,true
PILOT-0353,LOW,MEDIUM,LL_DOMINANT,11,2,6,FCFS;AASHRAY;REVERSE_FCFS;RANDOM_1;RANDOM_2;RANDOM_3,1.0,1.0,1.0,1.0,1.0,1.0,0.0,0.0,false,1.0,1.0,1.0,1.0,1.0,1.0,0.0,0.0,false
PILOT-0354,MODERATE,SMALL,HL_DOMINANT,4,0,6,FCFS;AASHRAY;REVERSE_FCFS;RANDOM_1;RANDOM_2;RANDOM_3,0.9507727532913566,0.9507727532913566,0.9507727532913566,0.9507727532913566,0.9507727532913566,0.9507727532913566,0.0,0.0,false,,,,,,,,,
PILOT-0355,HIGH,SMALL,LL_DOMINANT,4,0,6,FCFS;AASHRAY;REVERSE_FCFS;RANDOM_1;RANDOM_2;RANDOM_3,0.4376959247648903,0.4376959247648903,0.4376959247648903,0.4376959247648903,0.4376959247648903,0.4376959247648903,0.0,0.0,false,,,,,,,,,
PILOT-0356,LOW,LARGE,LH_DOMINANT,28,1,6,FCFS;AASHRAY;REVERSE_FCFS;RANDOM_1;RANDOM_2;RANDOM_3,1.0,1.0,1.0,1.0,1.0,1.0,0.0,0.0,false,1.0,1.0,1.0,1.0,1.0,1.0,0.0,0.0,false
PILOT-0357,LOW,SMALL,HH_DOMINANT,3,2,6,FCFS;AASHRAY;REVERSE_FCFS;RANDOM_1;RANDOM_2;RANDOM_3,1.0,1.0,1.0,1.0,1.0,1.0,0.0,0.0,false,1.0,1.0,1.0,1.0,1.0,1.0,0.0,0.0,false
PILOT-0358,HIGH,SMALL,MODERATE_MIXED,3,0,6,FCFS;AASHRAY;REVERSE_FCFS;RANDOM_1;RANDOM_2;RANDOM_3,0.43123209169054444,0.43123209169054444,0.43123209169054444,0.43123209169054444,0.43123209169054444,0.43123209169054444,0.0,0.0,false,,,,,,,,,
PILOT-0359,HIGH,SMALL,LL_DOMINANT,6,0,6,FCFS;AASHRAY;REVERSE_FCFS;RANDOM_1;RANDOM_2;RANDOM_3,0.6145930776426567,0.6145930776426567,0.6145930776426567,0.6145930776426567,0.6145930776426567,0.6145930776426567,0.0,0.0,false,,,,,,,,,
PILOT-0360,MODERATE,MEDIUM,HL_DOMINANT,10,1,6,FCFS;AASHRAY;REVERSE_FCFS;RANDOM_1;RANDOM_2;RANDOM_3,0.9784202374806402,0.9784202374806402,0.9784202374806402,0.9784202374806402,0.9784202374806402,0.9784202374806402,0.0,0.0,false,1.0,1.0,1.0,1.0,1.0,1.0,0.0,0.0,false
PILOT-0361,HIGH,MEDIUM,HL_DOMINANT,12,3,6,FCFS;AASHRAY;REVERSE_FCFS;RANDOM_1;RANDOM_2;RANDOM_3,0.5707106124357176,0.5707106124357176,0.5707106124357176,0.5707106124357176,0.5707106124357176,0.5707106124357176,0.0,0.0,false,0.7239461358313818,1.0,0.5608899297423887,0.6372950819672131,0.2529274004683841,0.5073185011709602,0.7470725995316159,0.2259061082695329,true
PILOT-0362,MODERATE,SMALL,LH_DOMINANT,6,0,6,FCFS;AASHRAY;REVERSE_FCFS;RANDOM_1;RANDOM_2;RANDOM_3,0.9982632858631469,0.9982632858631469,0.9982632858631469,0.9982632858631469,0.9982632858631469,0.9982632858631469,0.0,0.0,false,,,,,,,,,
PILOT-0363,LOW,LARGE,LH_DOMINANT,23,3,6,FCFS;AASHRAY;REVERSE_FCFS;RANDOM_1;RANDOM_2;RANDOM_3,1.0,1.0,1.0,1.0,1.0,1.0,0.0,0.0,false,1.0,1.0,1.0,1.0,1.0,1.0,0.0,0.0,false
PILOT-0364,MODERATE,MEDIUM,MODERATE_MIXED,14,1,6,FCFS;AASHRAY;REVERSE_FCFS;RANDOM_1;RANDOM_2;RANDOM_3,0.9544287077126293,0.9544287077126293,0.9544287077126293,0.9544287077126293,0.9544287077126293,0.9544287077126293,0.0,0.0,false,1.0,1.0,1.0,1.0,1.0,1.0,0.0,0.0,false
PILOT-0365,HIGH,SMALL,LH_DOMINANT,3,0,6,FCFS;AASHRAY;REVERSE_FCFS;RANDOM_1;RANDOM_2;RANDOM_3,0.4216725559481743,0.4216725559481743,0.4216725559481743,0.4216725559481743,0.4216725559481743,0.4216725559481743,0.0,0.0,false,,,,,,,,,
PILOT-0366,LOW,SMALL,HH_DOMINANT,4,0,6,FCFS;AASHRAY;REVERSE_FCFS;RANDOM_1;RANDOM_2;RANDOM_3,1.0,1.0,1.0,1.0,1.0,1.0,0.0,0.0,false,,,,,,,,,
PILOT-0367,HIGH,SMALL,HH_DOMINANT,6,3,6,FCFS;AASHRAY;REVERSE_FCFS;RANDOM_1;RANDOM_2;RANDOM_3,0.5845307245490675,0.5845307245490675,0.5845307245490675,0.5845307245490675,0.5845307245490675,0.5845307245490675,0.0,0.0,false,0.5360149672591207,0.8465855940130963,0.5322731524789522,0.4331150608044902,0.6304957904583723,0.5187090739008419,0.4134705332086061,0.1310933075142897,true
PILOT-0368,HIGH,MEDIUM,HL_DOMINANT,12,0,6,FCFS;AASHRAY;REVERSE_FCFS;RANDOM_1;RANDOM_2;RANDOM_3,0.5411958867589184,0.5411958867589184,0.5411958867589184,0.5411958867589184,0.5411958867589184,0.5411958867589184,0.0,0.0,false,,,,,,,,,
PILOT-0369,MODERATE,MEDIUM,MODERATE_MIXED,14,0,6,FCFS;AASHRAY;REVERSE_FCFS;RANDOM_1;RANDOM_2;RANDOM_3,1.0,1.0,1.0,1.0,1.0,1.0,0.0,0.0,false,,,,,,,,,
PILOT-0370,HIGH,MEDIUM,LL_DOMINANT,14,0,6,FCFS;AASHRAY;REVERSE_FCFS;RANDOM_1;RANDOM_2;RANDOM_3,0.645760743321719,0.645760743321719,0.645760743321719,0.645760743321719,0.645760743321719,0.645760743321719,0.0,0.0,false,,,,,,,,,
PILOT-0371,HIGH,SMALL,HL_DOMINANT,4,0,6,FCFS;AASHRAY;REVERSE_FCFS;RANDOM_1;RANDOM_2;RANDOM_3,0.5342863524681707,0.5342863524681707,0.5342863524681707,0.5342863524681707,0.5342863524681707,0.5342863524681707,0.0,0.0,false,,,,,,,,,
PILOT-0372,MODERATE,SMALL,HL_DOMINANT,3,0,6,FCFS;AASHRAY;REVERSE_FCFS;RANDOM_1;RANDOM_2;RANDOM_3,0.9868791002811621,0.9868791002811621,0.9868791002811621,0.9868791002811621,0.9868791002811621,0.9868791002811621,0.0,0.0,false,,,,,,,,,
PILOT-0373,HIGH,MEDIUM,LL_DOMINANT,8,0,6,FCFS;AASHRAY;REVERSE_FCFS;RANDOM_1;RANDOM_2;RANDOM_3,0.4214483577364464,0.4214483577364464,0.4214483577364464,0.4214483577364464,0.4214483577364464,0.4214483577364464,0.0,0.0,false,,,,,,,,,
PILOT-0374,HIGH,SMALL,HL_DOMINANT,5,0,6,FCFS;AASHRAY;REVERSE_FCFS;RANDOM_1;RANDOM_2;RANDOM_3,0.47496206373292865,0.47496206373292865,0.47496206373292865,0.47496206373292865,0.47496206373292865,0.47496206373292865,0.0,0.0,false,,,,,,,,,
PILOT-0375,HIGH,SMALL,HH_DOMINANT,5,4,6,FCFS;AASHRAY;REVERSE_FCFS;RANDOM_1;RANDOM_2;RANDOM_3,0.596401028277635,0.596401028277635,0.596401028277635,0.596401028277635,0.596401028277635,0.596401028277635,0.0,0.0,false,0.4529616724738676,0.8083623693379791,0.8083623693379791,0.4564459930313589,0.4529616724738676,0.4529616724738676,0.3554006968641115,0.16713140416415728,true
PILOT-0376,LOW,LARGE,LH_DOMINANT,30,2,6,FCFS;AASHRAY;REVERSE_FCFS;RANDOM_1;RANDOM_2;RANDOM_3,1.0,1.0,1.0,1.0,1.0,1.0,0.0,0.0,false,1.0,1.0,1.0,1.0,1.0,1.0,0.0,0.0,false
PILOT-0377,HIGH,LARGE,LL_DOMINANT,28,0,6,FCFS;AASHRAY;REVERSE_FCFS;RANDOM_1;RANDOM_2;RANDOM_3,0.492973580663294,0.492973580663294,0.492973580663294,0.492973580663294,0.492973580663294,0.492973580663294,0.0,0.0,false,,,,,,,,,
PILOT-0378,LOW,MEDIUM,LL_DOMINANT,13,1,6,FCFS;AASHRAY;REVERSE_FCFS;RANDOM_1;RANDOM_2;RANDOM_3,1.0,1.0,1.0,1.0,1.0,1.0,0.0,0.0,false,1.0,1.0,1.0,1.0,1.0,1.0,0.0,0.0,false
PILOT-0379,HIGH,MEDIUM,MODERATE_MIXED,8,0,6,FCFS;AASHRAY;REVERSE_FCFS;RANDOM_1;RANDOM_2;RANDOM_3,0.42625835973248855,0.42625835973248855,0.42625835973248855,0.42625835973248855,0.42625835973248855,0.42625835973248855,0.0,0.0,false,,,,,,,,,
PILOT-0380,LOW,LARGE,HL_DOMINANT,27,1,6,FCFS;AASHRAY;REVERSE_FCFS;RANDOM_1;RANDOM_2;RANDOM_3,1.0,1.0,1.0,1.0,1.0,1.0,0.0,0.0,false,1.0,1.0,1.0,1.0,1.0,1.0,0.0,0.0,false
PILOT-0381,HIGH,LARGE,HH_DOMINANT,21,9,6,FCFS;AASHRAY;REVERSE_FCFS;RANDOM_1;RANDOM_2;RANDOM_3,0.44366776315789475,0.44366776315789475,0.44366776315789475,0.44366776315789475,0.44366776315789475,0.44366776315789475,0.0,0.0,false,0.6231750422621792,0.9472875364991548,0.3809743353311818,0.6025818349469801,0.6442292915321961,0.3866605194406024,0.566313201167973,0.18998097661262756,true
PILOT-0382,HIGH,SMALL,HH_DOMINANT,6,5,6,FCFS;AASHRAY;REVERSE_FCFS;RANDOM_1;RANDOM_2;RANDOM_3,0.3753794266441821,0.3753794266441821,0.3753794266441821,0.3753794266441821,0.3753794266441821,0.3753794266441821,0.0,0.0,false,0.6672661870503597,0.6672661870503597,0.08752997601918465,0.011390887290167866,0.6528776978417267,0.6672661870503597,0.6558752997601918,0.2904183319430051,true
PILOT-0383,HIGH,SMALL,HL_DOMINANT,4,0,6,FCFS;AASHRAY;REVERSE_FCFS;RANDOM_1;RANDOM_2;RANDOM_3,0.5024492652204339,0.5024492652204339,0.5024492652204339,0.5024492652204339,0.5024492652204339,0.5024492652204339,0.0,0.0,false,,,,,,,,,
PILOT-0384,MODERATE,SMALL,HL_DOMINANT,6,1,6,FCFS;AASHRAY;REVERSE_FCFS;RANDOM_1;RANDOM_2;RANDOM_3,0.9468398268398268,0.9468398268398268,0.9468398268398268,0.9468398268398268,0.9468398268398268,0.9468398268398268,0.0,0.0,false,1.0,1.0,1.0,0.6499429874572406,1.0,1.0,0.35005701254275945,0.13045854600768444,true
PILOT-0385,LOW,SMALL,LL_DOMINANT,3,1,6,FCFS;AASHRAY;REVERSE_FCFS;RANDOM_1;RANDOM_2;RANDOM_3,1.0,1.0,1.0,1.0,1.0,1.0,0.0,0.0,false,1.0,1.0,1.0,1.0,1.0,1.0,0.0,0.0,false
PILOT-0386,HIGH,MEDIUM,MODERATE_MIXED,10,0,6,FCFS;AASHRAY;REVERSE_FCFS;RANDOM_1;RANDOM_2;RANDOM_3,0.3744969286168185,0.3744969286168185,0.3744969286168185,0.3744969286168185,0.3744969286168185,0.3744969286168185,0.0,0.0,false,,,,,,,,,
PILOT-0387,HIGH,LARGE,MODERATE_MIXED,20,2,6,FCFS;AASHRAY;REVERSE_FCFS;RANDOM_1;RANDOM_2;RANDOM_3,0.40927021696252464,0.40927021696252464,0.40927021696252464,0.40927021696252464,0.40927021696252464,0.40927021696252464,0.0,0.0,false,0.0,1.0,1.0,0.08954326923076923,1.0,1.0,1.0,0.4510402738693358,true
PILOT-0388,HIGH,LARGE,MODERATE_MIXED,25,2,6,FCFS;AASHRAY;REVERSE_FCFS;RANDOM_1;RANDOM_2;RANDOM_3,0.6449917605665167,0.6449917605665167,0.6449917605665167,0.6449917605665167,0.6449917605665167,0.6449917605665167,0.0,0.0,false,0.4249189773136478,1.0,1.0,0.43500180050414117,0.988476773496579,0.5635577961829312,0.5750810226863522,0.2646511625556119,true
PILOT-0389,HIGH,MEDIUM,LH_DOMINANT,9,2,6,FCFS;AASHRAY;REVERSE_FCFS;RANDOM_1;RANDOM_2;RANDOM_3,0.40150187734668336,0.40150187734668336,0.40150187734668336,0.40150187734668336,0.40150187734668336,0.40150187734668336,0.0,0.0,false,0.9931740614334471,1.0,0.010238907849829351,0.010238907849829351,0.13651877133105803,1.0,0.9897610921501706,0.4745721890919248,true
PILOT-0390,LOW,MEDIUM,LL_DOMINANT,12,2,6,FCFS;AASHRAY;REVERSE_FCFS;RANDOM_1;RANDOM_2;RANDOM_3,1.0,1.0,1.0,1.0,1.0,1.0,0.0,0.0,false,1.0,1.0,1.0,1.0,1.0,1.0,0.0,0.0,false
PILOT-0391,HIGH,MEDIUM,LL_DOMINANT,11,0,6,FCFS;AASHRAY;REVERSE_FCFS;RANDOM_1;RANDOM_2;RANDOM_3,0.36174879368328705,0.36174879368328705,0.36174879368328705,0.36174879368328705,0.36174879368328705,0.36174879368328705,0.0,0.0,false,,,,,,,,,
PILOT-0392,LOW,LARGE,MODERATE_MIXED,19,4,6,FCFS;AASHRAY;REVERSE_FCFS;RANDOM_1;RANDOM_2;RANDOM_3,1.0,1.0,1.0,1.0,1.0,1.0,0.0,0.0,false,1.0,1.0,1.0,1.0,1.0,1.0,0.0,0.0,false
PILOT-0393,HIGH,SMALL,LH_DOMINANT,6,0,6,FCFS;AASHRAY;REVERSE_FCFS;RANDOM_1;RANDOM_2;RANDOM_3,0.40108695652173915,0.40108695652173915,0.40108695652173915,0.40108695652173915,0.40108695652173915,0.40108695652173915,0.0,0.0,false,,,,,,,,,
PILOT-0394,HIGH,LARGE,MODERATE_MIXED,30,2,6,FCFS;AASHRAY;REVERSE_FCFS;RANDOM_1;RANDOM_2;RANDOM_3,0.39438417358008937,0.39438417358008937,0.39438417358008937,0.39438417358008937,0.39438417358008937,0.39438417358008937,0.0,0.0,false,0.597437266417512,1.0,0.402562733582488,0.597437266417512,0.402562733582488,1.0,0.597437266417512,0.24876676388436691,true
PILOT-0395,HIGH,MEDIUM,HH_DOMINANT,14,7,6,FCFS;AASHRAY;REVERSE_FCFS;RANDOM_1;RANDOM_2;RANDOM_3,0.6535785288270378,0.6535785288270378,0.6535785288270378,0.6535785288270378,0.6535785288270378,0.6535785288270378,0.0,0.0,false,0.745559038662487,1.0,0.3829676071055381,0.754440961337513,0.5552072448624172,0.6887843956809474,0.6170323928944619,0.18962707065719026,true
PILOT-0396,MODERATE,MEDIUM,LH_DOMINANT,13,0,6,FCFS;AASHRAY;REVERSE_FCFS;RANDOM_1;RANDOM_2;RANDOM_3,0.9990193942035301,0.9990193942035301,0.9990193942035301,0.9990193942035301,0.9990193942035301,0.9990193942035301,0.0,0.0,false,,,,,,,,,
PILOT-0397,LOW,SMALL,LL_DOMINANT,5,0,6,FCFS;AASHRAY;REVERSE_FCFS;RANDOM_1;RANDOM_2;RANDOM_3,1.0,1.0,1.0,1.0,1.0,1.0,0.0,0.0,false,,,,,,,,,
PILOT-0398,HIGH,SMALL,HH_DOMINANT,3,1,6,FCFS;AASHRAY;REVERSE_FCFS;RANDOM_1;RANDOM_2;RANDOM_3,0.5937961595273265,0.5937961595273265,0.5937961595273265,0.5937961595273265,0.5937961595273265,0.5937961595273265,0.0,0.0,false,0.0,1.0,1.0,1.0,0.7898989898989899,1.0,1.0,0.36516777544428136,true
PILOT-0399,HIGH,MEDIUM,HH_DOMINANT,10,2,6,FCFS;AASHRAY;REVERSE_FCFS;RANDOM_1;RANDOM_2;RANDOM_3,0.49216589861751153,0.49216589861751153,0.49216589861751153,0.49216589861751153,0.49216589861751153,0.49216589861751153,0.0,0.0,false,0.0,1.0,1.0,0.41411764705882353,0.5211764705882352,0.4788235294117647,1.0,0.348733524523367,true
PILOT-0400,HIGH,LARGE,LL_DOMINANT,21,0,6,FCFS;AASHRAY;REVERSE_FCFS;RANDOM_1;RANDOM_2;RANDOM_3,0.30999340127575337,0.30999340127575337,0.30999340127575337,0.30999340127575337,0.30999340127575337,0.30999340127575337,0.0,0.0,false,,,,,,,,,
PILOT-0401,LOW,MEDIUM,MODERATE_MIXED,10,1,6,FCFS;AASHRAY;REVERSE_FCFS;RANDOM_1;RANDOM_2;RANDOM_3,1.0,1.0,1.0,1.0,1.0,1.0,0.0,0.0,false,1.0,1.0,1.0,1.0,1.0,1.0,0.0,0.0,false
PILOT-0402,LOW,LARGE,HL_DOMINANT,24,2,6,FCFS;AASHRAY;REVERSE_FCFS;RANDOM_1;RANDOM_2;RANDOM_3,1.0,1.0,1.0,1.0,1.0,1.0,0.0,0.0,false,1.0,1.0,1.0,1.0,1.0,1.0,0.0,0.0,false
PILOT-0403,HIGH,SMALL,LH_DOMINANT,4,0,6,FCFS;AASHRAY;REVERSE_FCFS;RANDOM_1;RANDOM_2;RANDOM_3,0.5396145610278372,0.5396145610278372,0.5396145610278372,0.5396145610278372,0.5396145610278372,0.5396145610278372,0.0,0.0,false,,,,,,,,,
PILOT-0404,HIGH,LARGE,HL_DOMINANT,20,0,6,FCFS;AASHRAY;REVERSE_FCFS;RANDOM_1;RANDOM_2;RANDOM_3,0.5210931768158474,0.5210931768158474,0.5210931768158474,0.5210931768158474,0.5210931768158474,0.5210931768158474,0.0,0.0,false,,,,,,,,,
PILOT-0405,MODERATE,SMALL,HL_DOMINANT,4,0,6,FCFS;AASHRAY;REVERSE_FCFS;RANDOM_1;RANDOM_2;RANDOM_3,1.0,1.0,1.0,1.0,1.0,1.0,0.0,0.0,false,,,,,,,,,
PILOT-0406,HIGH,MEDIUM,LH_DOMINANT,9,1,6,FCFS;AASHRAY;REVERSE_FCFS;RANDOM_1;RANDOM_2;RANDOM_3,0.5801855533465872,0.5801855533465872,0.5801855533465872,0.5801855533465872,0.5801855533465872,0.5801855533465872,0.0,0.0,false,0.7057793345008757,1.0,0.5271453590192644,1.0,0.37828371278458844,0.23467600700525393,0.7653239929947461,0.2912731461692386,true
PILOT-0407,LOW,MEDIUM,LH_DOMINANT,10,0,6,FCFS;AASHRAY;REVERSE_FCFS;RANDOM_1;RANDOM_2;RANDOM_3,1.0,1.0,1.0,1.0,1.0,1.0,0.0,0.0,false,,,,,,,,,
PILOT-0408,HIGH,SMALL,HH_DOMINANT,4,2,6,FCFS;AASHRAY;REVERSE_FCFS;RANDOM_1;RANDOM_2;RANDOM_3,0.5700706799902511,0.5700706799902511,0.5700706799902511,0.5700706799902511,0.5700706799902511,0.5700706799902511,0.0,0.0,false,0.8350357507660878,0.8350357507660878,0.186414708886619,0.5914198161389173,0.5914198161389173,0.186414708886619,0.6486210418794688,0.2675167941713656,true
PILOT-0409,HIGH,LARGE,MODERATE_MIXED,25,1,6,FCFS;AASHRAY;REVERSE_FCFS;RANDOM_1;RANDOM_2;RANDOM_3,0.3963168664133294,0.3963168664133294,0.3963168664133294,0.3963168664133294,0.3963168664133294,0.3963168664133294,0.0,0.0,false,0.0,1.0,0.47098214285714285,0.7492559523809523,0.0,1.0,1.0,0.41930228344201914,true
PILOT-0410,LOW,MEDIUM,LH_DOMINANT,13,2,6,FCFS;AASHRAY;REVERSE_FCFS;RANDOM_1;RANDOM_2;RANDOM_3,1.0,1.0,1.0,1.0,1.0,1.0,0.0,0.0,false,1.0,1.0,1.0,1.0,1.0,1.0,0.0,0.0,false
PILOT-0411,HIGH,SMALL,HH_DOMINANT,5,2,6,FCFS;AASHRAY;REVERSE_FCFS;RANDOM_1;RANDOM_2;RANDOM_3,0.5240641711229946,0.5240641711229946,0.5240641711229946,0.5240641711229946,0.5240641711229946,0.5240641711229946,0.0,0.0,false,0.7764102564102564,0.7764102564102564,0.28615384615384615,0.7764102564102564,0.38256410256410256,0.29435897435897435,0.49025641025641026,0.2297741127465202,true
PILOT-0412,MODERATE,LARGE,HL_DOMINANT,18,0,6,FCFS;AASHRAY;REVERSE_FCFS;RANDOM_1;RANDOM_2;RANDOM_3,0.9674950690335306,0.9674950690335306,0.9674950690335306,0.9674950690335306,0.9674950690335306,0.9674950690335306,0.0,0.0,false,,,,,,,,,
PILOT-0413,LOW,MEDIUM,HH_DOMINANT,10,5,6,FCFS;AASHRAY;REVERSE_FCFS;RANDOM_1;RANDOM_2;RANDOM_3,1.0,1.0,1.0,1.0,1.0,1.0,0.0,0.0,false,1.0,1.0,1.0,1.0,1.0,1.0,0.0,0.0,false
PILOT-0414,HIGH,SMALL,LH_DOMINANT,5,0,6,FCFS;AASHRAY;REVERSE_FCFS;RANDOM_1;RANDOM_2;RANDOM_3,0.4162203519510329,0.4162203519510329,0.4162203519510329,0.4162203519510329,0.4162203519510329,0.4162203519510329,0.0,0.0,false,,,,,,,,,
PILOT-0415,MODERATE,MEDIUM,HL_DOMINANT,9,0,6,FCFS;AASHRAY;REVERSE_FCFS;RANDOM_1;RANDOM_2;RANDOM_3,0.9717064544650752,0.9717064544650752,0.9717064544650752,0.9717064544650752,0.9717064544650752,0.9717064544650752,0.0,0.0,false,,,,,,,,,
PILOT-0416,HIGH,SMALL,HH_DOMINANT,4,2,6,FCFS;AASHRAY;REVERSE_FCFS;RANDOM_1;RANDOM_2;RANDOM_3,0.6341719077568134,0.6341719077568134,0.6341719077568134,0.6341719077568134,0.6341719077568134,0.6341719077568134,0.0,0.0,false,0.3709677419354839,0.967741935483871,0.9395161290322581,0.34274193548387094,0.9395161290322581,0.3709677419354839,0.625,0.2939840609257423,true
PILOT-0417,MODERATE,SMALL,HH_DOMINANT,5,2,6,FCFS;AASHRAY;REVERSE_FCFS;RANDOM_1;RANDOM_2;RANDOM_3,0.9792851340373679,0.9792851340373679,0.9792851340373679,0.9792851340373679,0.9792851340373679,0.9792851340373679,0.0,0.0,false,0.9590361445783132,1.0,1.0,1.0,1.0,0.9590361445783132,0.04096385542168679,0.019310546634813366,true
PILOT-0418,MODERATE,MEDIUM,HL_DOMINANT,8,0,6,FCFS;AASHRAY;REVERSE_FCFS;RANDOM_1;RANDOM_2;RANDOM_3,1.0,1.0,1.0,1.0,1.0,1.0,0.0,0.0,false,,,,,,,,,
PILOT-0419,MODERATE,MEDIUM,HH_DOMINANT,14,4,6,FCFS;AASHRAY;REVERSE_FCFS;RANDOM_1;RANDOM_2;RANDOM_3,0.9479174108737587,0.9479174108737587,0.9479174108737587,0.9479174108737587,0.9479174108737587,0.9479174108737587,0.0,0.0,false,1.0,1.0,1.0,0.9896844660194175,1.0,1.0,0.010315533980582492,0.003844372534131908,true
PILOT-0420,LOW,MEDIUM,HL_DOMINANT,8,0,6,FCFS;AASHRAY;REVERSE_FCFS;RANDOM_1;RANDOM_2;RANDOM_3,1.0,1.0,1.0,1.0,1.0,1.0,0.0,0.0,false,,,,,,,,,
PILOT-0421,MODERATE,MEDIUM,HL_DOMINANT,9,0,6,FCFS;AASHRAY;REVERSE_FCFS;RANDOM_1;RANDOM_2;RANDOM_3,0.9492400767301166,0.9492400767301166,0.9492400767301166,0.9492400767301166,0.9492400767301166,0.9492400767301166,0.0,0.0,false,,,,,,,,,
PILOT-0422,MODERATE,SMALL,LH_DOMINANT,3,0,6,FCFS;AASHRAY;REVERSE_FCFS;RANDOM_1;RANDOM_2;RANDOM_3,0.9389002036659878,0.9389002036659878,0.9389002036659878,0.9389002036659878,0.9389002036659878,0.9389002036659878,0.0,0.0,false,,,,,,,,,
PILOT-0423,HIGH,MEDIUM,MODERATE_MIXED,10,1,6,FCFS;AASHRAY;REVERSE_FCFS;RANDOM_1;RANDOM_2;RANDOM_3,0.606831648658069,0.606831648658069,0.606831648658069,0.606831648658069,0.606831648658069,0.606831648658069,0.0,0.0,false,0.0,1.0,1.0,0.0,1.0,1.0,1.0,0.4714045207910317,true
PILOT-0424,HIGH,SMALL,HH_DOMINANT,4,1,6,FCFS;AASHRAY;REVERSE_FCFS;RANDOM_1;RANDOM_2;RANDOM_3,0.48634550475606014,0.48634550475606014,0.48634550475606014,0.48634550475606014,0.48634550475606014,0.48634550475606014,0.0,0.0,false,1.0,1.0,0.2950138504155125,0.7839335180055401,0.3157894736842105,0.5761772853185596,0.7049861495844876,0.29019007769831595,true
PILOT-0425,MODERATE,MEDIUM,MODERATE_MIXED,9,1,6,FCFS;AASHRAY;REVERSE_FCFS;RANDOM_1;RANDOM_2;RANDOM_3,0.9866425175458456,0.9866425175458456,0.9866425175458456,0.9866425175458456,0.9866425175458456,0.9866425175458456,0.0,0.0,false,1.0,1.0,1.0,1.0,1.0,1.0,0.0,0.0,false
PILOT-0426,MODERATE,LARGE,LH_DOMINANT,24,2,6,FCFS;AASHRAY;REVERSE_FCFS;RANDOM_1;RANDOM_2;RANDOM_3,0.988810674511452,0.988810674511452,0.988810674511452,0.988810674511452,0.988810674511452,0.988810674511452,0.0,0.0,false,1.0,1.0,1.0,1.0,1.0,1.0,0.0,0.0,false
PILOT-0427,LOW,SMALL,LL_DOMINANT,3,0,6,FCFS;AASHRAY;REVERSE_FCFS;RANDOM_1;RANDOM_2;RANDOM_3,1.0,1.0,1.0,1.0,1.0,1.0,0.0,0.0,false,,,,,,,,,
PILOT-0428,MODERATE,SMALL,HH_DOMINANT,6,3,6,FCFS;AASHRAY;REVERSE_FCFS;RANDOM_1;RANDOM_2;RANDOM_3,0.9922118380062306,0.9922118380062306,0.9922118380062306,0.9922118380062306,0.9922118380062306,0.9922118380062306,0.0,0.0,false,1.0,1.0,1.0,1.0,1.0,1.0,0.0,0.0,false
PILOT-0429,MODERATE,LARGE,LL_DOMINANT,23,0,6,FCFS;AASHRAY;REVERSE_FCFS;RANDOM_1;RANDOM_2;RANDOM_3,0.9749465915711789,0.9749465915711789,0.9749465915711789,0.9749465915711789,0.9749465915711789,0.9749465915711789,0.0,0.0,false,,,,,,,,,
PILOT-0430,MODERATE,LARGE,HL_DOMINANT,27,0,6,FCFS;AASHRAY;REVERSE_FCFS;RANDOM_1;RANDOM_2;RANDOM_3,0.9966115208291808,0.9966115208291808,0.9966115208291808,0.9966115208291808,0.9966115208291808,0.9966115208291808,0.0,0.0,false,,,,,,,,,
PILOT-0431,LOW,LARGE,HL_DOMINANT,19,2,6,FCFS;AASHRAY;REVERSE_FCFS;RANDOM_1;RANDOM_2;RANDOM_3,1.0,1.0,1.0,1.0,1.0,1.0,0.0,0.0,false,1.0,1.0,1.0,1.0,1.0,1.0,0.0,0.0,false
PILOT-0432,HIGH,LARGE,HH_DOMINANT,20,7,6,FCFS;AASHRAY;REVERSE_FCFS;RANDOM_1;RANDOM_2;RANDOM_3,0.3998685939553219,0.3998685939553219,0.3998685939553219,0.3998685939553219,0.3998685939553219,0.3998685939553219,0.0,0.0,false,0.5785800240673887,1.0,0.13164861612515041,0.31215403128760527,0.5054151624548736,0.05318892900120337,0.9468110709987967,0.3155817674881071,true
PILOT-0433,HIGH,LARGE,HL_DOMINANT,21,2,6,FCFS;AASHRAY;REVERSE_FCFS;RANDOM_1;RANDOM_2;RANDOM_3,0.4027531688701104,0.4027531688701104,0.4027531688701104,0.4027531688701104,0.4027531688701104,0.4027531688701104,0.0,0.0,false,0.5584652862362972,1.0,0.4415347137637028,0.0,1.0,0.5121802679658952,1.0,0.3447857548540114,true
PILOT-0434,HIGH,LARGE,HH_DOMINANT,24,9,6,FCFS;AASHRAY;REVERSE_FCFS;RANDOM_1;RANDOM_2;RANDOM_3,0.5200264812975836,0.5200264812975836,0.5200264812975836,0.5200264812975836,0.5200264812975836,0.5200264812975836,0.0,0.0,false,0.6034043538675312,1.0,0.4910838351088467,0.4607457156090783,0.6259842519685039,0.44383974062065773,0.5561602593793422,0.18983441669828288,true
PILOT-0435,LOW,MEDIUM,HL_DOMINANT,12,1,6,FCFS;AASHRAY;REVERSE_FCFS;RANDOM_1;RANDOM_2;RANDOM_3,1.0,1.0,1.0,1.0,1.0,1.0,0.0,0.0,false,1.0,1.0,1.0,1.0,1.0,1.0,0.0,0.0,false
PILOT-0436,LOW,SMALL,LH_DOMINANT,6,2,6,FCFS;AASHRAY;REVERSE_FCFS;RANDOM_1;RANDOM_2;RANDOM_3,1.0,1.0,1.0,1.0,1.0,1.0,0.0,0.0,false,1.0,1.0,1.0,1.0,1.0,1.0,0.0,0.0,false
PILOT-0437,MODERATE,MEDIUM,LH_DOMINANT,13,1,6,FCFS;AASHRAY;REVERSE_FCFS;RANDOM_1;RANDOM_2;RANDOM_3,0.9981358499359199,0.9981358499359199,0.9981358499359199,0.9981358499359199,0.9981358499359199,0.9981358499359199,0.0,0.0,false,1.0,1.0,1.0,1.0,1.0,1.0,0.0,0.0,false
PILOT-0438,HIGH,MEDIUM,LL_DOMINANT,10,0,6,FCFS;AASHRAY;REVERSE_FCFS;RANDOM_1;RANDOM_2;RANDOM_3,0.39731735903112386,0.39731735903112386,0.39731735903112386,0.39731735903112386,0.39731735903112386,0.39731735903112386,0.0,0.0,false,,,,,,,,,
PILOT-0439,MODERATE,SMALL,LL_DOMINANT,5,0,6,FCFS;AASHRAY;REVERSE_FCFS;RANDOM_1;RANDOM_2;RANDOM_3,0.9818548387096774,0.9818548387096774,0.9818548387096774,0.9818548387096774,0.9818548387096774,0.9818548387096774,0.0,0.0,false,,,,,,,,,
PILOT-0440,MODERATE,MEDIUM,LL_DOMINANT,14,2,6,FCFS;AASHRAY;REVERSE_FCFS;RANDOM_1;RANDOM_2;RANDOM_3,0.9752260083449235,0.9752260083449235,0.9752260083449235,0.9752260083449235,0.9752260083449235,0.9752260083449235,0.0,0.0,false,1.0,1.0,1.0,1.0,1.0,1.0,0.0,0.0,false
PILOT-0441,MODERATE,LARGE,MODERATE_MIXED,24,1,6,FCFS;AASHRAY;REVERSE_FCFS;RANDOM_1;RANDOM_2;RANDOM_3,0.9640475946250897,0.9640475946250897,0.9640475946250897,0.9640475946250897,0.9640475946250897,0.9640475946250897,0.0,0.0,false,1.0,1.0,1.0,1.0,1.0,0.0,1.0,0.37267799624996495,true
PILOT-0442,MODERATE,MEDIUM,LL_DOMINANT,12,0,6,FCFS;AASHRAY;REVERSE_FCFS;RANDOM_1;RANDOM_2;RANDOM_3,0.9805709023941068,0.9805709023941068,0.9805709023941068,0.9805709023941068,0.9805709023941068,0.9805709023941068,0.0,0.0,false,,,,,,,,,
PILOT-0443,HIGH,LARGE,MODERATE_MIXED,22,0,6,FCFS;AASHRAY;REVERSE_FCFS;RANDOM_1;RANDOM_2;RANDOM_3,0.4909601254850161,0.4909601254850161,0.4909601254850161,0.4909601254850161,0.4909601254850161,0.4909601254850161,0.0,0.0,false,,,,,,,,,
PILOT-0444,HIGH,SMALL,MODERATE_MIXED,4,1,6,FCFS;AASHRAY;REVERSE_FCFS;RANDOM_1;RANDOM_2;RANDOM_3,0.5341750108837614,0.5341750108837614,0.5341750108837614,0.5341750108837614,0.5341750108837614,0.5341750108837614,0.0,0.0,false,0.0,0.9956236323851203,0.9956236323851203,0.0,0.7943107221006565,0.9956236323851203,0.9956236323851203,0.4512648339886267,true
PILOT-0445,HIGH,LARGE,MODERATE_MIXED,20,0,6,FCFS;AASHRAY;REVERSE_FCFS;RANDOM_1;RANDOM_2;RANDOM_3,0.5728535540121177,0.5728535540121177,0.5728535540121177,0.5728535540121177,0.5728535540121177,0.5728535540121177,0.0,0.0,false,,,,,,,,,
PILOT-0446,HIGH,SMALL,LL_DOMINANT,6,1,6,FCFS;AASHRAY;REVERSE_FCFS;RANDOM_1;RANDOM_2;RANDOM_3,0.4748679835712889,0.4748679835712889,0.4748679835712889,0.4748679835712889,0.4748679835712889,0.4748679835712889,0.0,0.0,false,0.2472345132743363,1.0,0.9585176991150443,0.24557522123893805,0.31526548672566373,0.896570796460177,0.754424778761062,0.34325850094976235,true
PILOT-0447,MODERATE,MEDIUM,MODERATE_MIXED,11,1,6,FCFS;AASHRAY;REVERSE_FCFS;RANDOM_1;RANDOM_2;RANDOM_3,0.9738994646044021,0.9738994646044021,0.9738994646044021,0.9738994646044021,0.9738994646044021,0.9738994646044021,0.0,0.0,false,1.0,1.0,1.0,0.9860935524652339,1.0,1.0,0.013906447534766109,0.005182627002211899,true
PILOT-0448,HIGH,MEDIUM,HL_DOMINANT,13,0,6,FCFS;AASHRAY;REVERSE_FCFS;RANDOM_1;RANDOM_2;RANDOM_3,0.5956553486673969,0.5956553486673969,0.5956553486673969,0.5956553486673969,0.5956553486673969,0.5956553486673969,0.0,0.0,false,,,,,,,,,
PILOT-0449,HIGH,SMALL,MODERATE_MIXED,5,1,6,FCFS;AASHRAY;REVERSE_FCFS;RANDOM_1;RANDOM_2;RANDOM_3,0.32731508444962143,0.32731508444962143,0.32731508444962143,0.32731508444962143,0.32731508444962143,0.32731508444962143,0.0,0.0,false,1.0,1.0,0.0,0.0,1.0,0.0,1.0,0.5,true
PILOT-0450,HIGH,LARGE,LH_DOMINANT,19,0,6,FCFS;AASHRAY;REVERSE_FCFS;RANDOM_1;RANDOM_2;RANDOM_3,0.5920608714378006,0.5920608714378006,0.5920608714378006,0.5920608714378006,0.5920608714378006,0.5920608714378006,0.0,0.0,false,,,,,,,,,
PILOT-0451,LOW,SMALL,MODERATE_MIXED,6,0,6,FCFS;AASHRAY;REVERSE_FCFS;RANDOM_1;RANDOM_2;RANDOM_3,1.0,1.0,1.0,1.0,1.0,1.0,0.0,0.0,false,,,,,,,,,
PILOT-0452,LOW,SMALL,MODERATE_MIXED,6,1,6,FCFS;AASHRAY;REVERSE_FCFS;RANDOM_1;RANDOM_2;RANDOM_3,1.0,1.0,1.0,1.0,1.0,1.0,0.0,0.0,false,1.0,1.0,1.0,1.0,1.0,1.0,0.0,0.0,false
PILOT-0453,HIGH,LARGE,HH_DOMINANT,21,4,6,FCFS;AASHRAY;REVERSE_FCFS;RANDOM_1;RANDOM_2;RANDOM_3,0.3446575038794059,0.3446575038794059,0.3446575038794059,0.3446575038794059,0.3446575038794059,0.3446575038794059,0.0,0.0,false,0.3298109010011123,1.0,0.12958843159065628,0.002224694104560623,0.18131256952169078,0.00778642936596218,0.9977753058954394,0.3426272188144436,true
PILOT-0454,MODERATE,LARGE,HH_DOMINANT,27,10,6,FCFS;AASHRAY;REVERSE_FCFS;RANDOM_1;RANDOM_2;RANDOM_3,1.0,1.0,1.0,1.0,1.0,1.0,0.0,0.0,false,1.0,1.0,1.0,1.0,1.0,1.0,0.0,0.0,false
PILOT-0455,HIGH,MEDIUM,LL_DOMINANT,11,0,6,FCFS;AASHRAY;REVERSE_FCFS;RANDOM_1;RANDOM_2;RANDOM_3,0.4843940008107013,0.4843940008107013,0.4843940008107013,0.4843940008107013,0.4843940008107013,0.4843940008107013,0.0,0.0,false,,,,,,,,,
PILOT-0456,LOW,LARGE,MODERATE_MIXED,30,1,6,FCFS;AASHRAY;REVERSE_FCFS;RANDOM_1;RANDOM_2;RANDOM_3,1.0,1.0,1.0,1.0,1.0,1.0,0.0,0.0,false,1.0,1.0,1.0,1.0,1.0,1.0,0.0,0.0,false
PILOT-0457,HIGH,SMALL,MODERATE_MIXED,3,0,6,FCFS;AASHRAY;REVERSE_FCFS;RANDOM_1;RANDOM_2;RANDOM_3,0.5088096261280619,0.5088096261280619,0.5088096261280619,0.5088096261280619,0.5088096261280619,0.5088096261280619,0.0,0.0,false,,,,,,,,,
PILOT-0458,HIGH,LARGE,HL_DOMINANT,29,0,6,FCFS;AASHRAY;REVERSE_FCFS;RANDOM_1;RANDOM_2;RANDOM_3,0.6280249000288577,0.6280249000288577,0.6280249000288577,0.6280249000288577,0.6280249000288577,0.6280249000288577,0.0,0.0,false,,,,,,,,,
PILOT-0459,HIGH,MEDIUM,HH_DOMINANT,12,6,6,FCFS;AASHRAY;REVERSE_FCFS;RANDOM_1;RANDOM_2;RANDOM_3,0.38068635275339185,0.38068635275339185,0.38068635275339185,0.38068635275339185,0.38068635275339185,0.38068635275339185,0.0,0.0,false,0.49889407716883755,0.8205947407225362,0.49913983779798476,0.6026050626689604,0.2757434259031703,0.5315802408454166,0.5448513148193659,0.16118967047046234,true
PILOT-0460,LOW,MEDIUM,LH_DOMINANT,9,0,6,FCFS;AASHRAY;REVERSE_FCFS;RANDOM_1;RANDOM_2;RANDOM_3,1.0,1.0,1.0,1.0,1.0,1.0,0.0,0.0,false,,,,,,,,,
PILOT-0461,MODERATE,MEDIUM,MODERATE_MIXED,8,2,6,FCFS;AASHRAY;REVERSE_FCFS;RANDOM_1;RANDOM_2;RANDOM_3,0.998537706287863,0.998537706287863,0.998537706287863,0.998537706287863,0.998537706287863,0.998537706287863,0.0,0.0,false,1.0,1.0,1.0,1.0,1.0,1.0,0.0,0.0,false
PILOT-0462,LOW,SMALL,MODERATE_MIXED,3,0,6,FCFS;AASHRAY;REVERSE_FCFS;RANDOM_1;RANDOM_2;RANDOM_3,1.0,1.0,1.0,1.0,1.0,1.0,0.0,0.0,false,,,,,,,,,
PILOT-0463,HIGH,SMALL,LH_DOMINANT,3,0,6,FCFS;AASHRAY;REVERSE_FCFS;RANDOM_1;RANDOM_2;RANDOM_3,0.6428571428571429,0.6428571428571429,0.6428571428571429,0.6428571428571429,0.6428571428571429,0.6428571428571429,0.0,0.0,false,,,,,,,,,
PILOT-0464,MODERATE,SMALL,MODERATE_MIXED,6,0,6,FCFS;AASHRAY;REVERSE_FCFS;RANDOM_1;RANDOM_2;RANDOM_3,1.0,1.0,1.0,1.0,1.0,1.0,0.0,0.0,false,,,,,,,,,
PILOT-0465,LOW,LARGE,HL_DOMINANT,29,1,6,FCFS;AASHRAY;REVERSE_FCFS;RANDOM_1;RANDOM_2;RANDOM_3,1.0,1.0,1.0,1.0,1.0,1.0,0.0,0.0,false,1.0,1.0,1.0,1.0,1.0,1.0,0.0,0.0,false
PILOT-0466,LOW,MEDIUM,HL_DOMINANT,13,0,6,FCFS;AASHRAY;REVERSE_FCFS;RANDOM_1;RANDOM_2;RANDOM_3,1.0,1.0,1.0,1.0,1.0,1.0,0.0,0.0,false,,,,,,,,,
PILOT-0467,HIGH,LARGE,LH_DOMINANT,19,2,6,FCFS;AASHRAY;REVERSE_FCFS;RANDOM_1;RANDOM_2;RANDOM_3,0.5158812880574908,0.5158812880574908,0.5158812880574908,0.5158812880574908,0.5158812880574908,0.5158812880574908,0.0,0.0,false,0.16776677667766776,1.0,1.0,0.323982398239824,0.8261826182618262,0.29812981298129815,0.8322332233223322,0.3476714125373083,true
PILOT-0468,LOW,SMALL,HL_DOMINANT,5,0,6,FCFS;AASHRAY;REVERSE_FCFS;RANDOM_1;RANDOM_2;RANDOM_3,1.0,1.0,1.0,1.0,1.0,1.0,0.0,0.0,false,,,,,,,,,
PILOT-0469,MODERATE,MEDIUM,LH_DOMINANT,12,1,6,FCFS;AASHRAY;REVERSE_FCFS;RANDOM_1;RANDOM_2;RANDOM_3,0.9437056737588653,0.9437056737588653,0.9437056737588653,0.9437056737588653,0.9437056737588653,0.9437056737588653,0.0,0.0,false,1.0,1.0,1.0,0.9615931721194879,1.0,1.0,0.038406827880512084,0.014313379656826532,true
PILOT-0470,MODERATE,SMALL,LH_DOMINANT,4,0,6,FCFS;AASHRAY;REVERSE_FCFS;RANDOM_1;RANDOM_2;RANDOM_3,0.9984935977906101,0.9984935977906101,0.9984935977906101,0.9984935977906101,0.9984935977906101,0.9984935977906101,0.0,0.0,false,,,,,,,,,
PILOT-0471,LOW,LARGE,LL_DOMINANT,27,2,6,FCFS;AASHRAY;REVERSE_FCFS;RANDOM_1;RANDOM_2;RANDOM_3,1.0,1.0,1.0,1.0,1.0,1.0,0.0,0.0,false,1.0,1.0,1.0,1.0,1.0,1.0,0.0,0.0,false
PILOT-0472,HIGH,SMALL,LL_DOMINANT,6,0,6,FCFS;AASHRAY;REVERSE_FCFS;RANDOM_1;RANDOM_2;RANDOM_3,0.4135213604313563,0.4135213604313563,0.4135213604313563,0.4135213604313563,0.4135213604313563,0.4135213604313563,0.0,0.0,false,,,,,,,,,
PILOT-0473,LOW,SMALL,LL_DOMINANT,5,1,6,FCFS;AASHRAY;REVERSE_FCFS;RANDOM_1;RANDOM_2;RANDOM_3,1.0,1.0,1.0,1.0,1.0,1.0,0.0,0.0,false,1.0,1.0,1.0,1.0,1.0,1.0,0.0,0.0,false
PILOT-0474,MODERATE,LARGE,HL_DOMINANT,21,0,6,FCFS;AASHRAY;REVERSE_FCFS;RANDOM_1;RANDOM_2;RANDOM_3,0.9784164358264081,0.9784164358264081,0.9784164358264081,0.9784164358264081,0.9784164358264081,0.9784164358264081,0.0,0.0,false,,,,,,,,,
PILOT-0475,HIGH,SMALL,HL_DOMINANT,4,0,6,FCFS;AASHRAY;REVERSE_FCFS;RANDOM_1;RANDOM_2;RANDOM_3,0.44029544521953223,0.44029544521953223,0.44029544521953223,0.44029544521953223,0.44029544521953223,0.44029544521953223,0.0,0.0,false,,,,,,,,,
PILOT-0476,MODERATE,SMALL,HH_DOMINANT,3,2,6,FCFS;AASHRAY;REVERSE_FCFS;RANDOM_1;RANDOM_2;RANDOM_3,0.9111111111111111,0.9111111111111111,0.9111111111111111,0.9111111111111111,0.9111111111111111,0.9111111111111111,0.0,0.0,false,0.9421052631578948,1.0,0.8842105263157894,0.8842105263157894,1.0,0.8842105263157894,0.11578947368421055,0.05196211656006979,true
PILOT-0477,MODERATE,LARGE,HH_DOMINANT,26,9,6,FCFS;AASHRAY;REVERSE_FCFS;RANDOM_1;RANDOM_2;RANDOM_3,0.9488253386558472,0.9488253386558472,0.9488253386558472,0.9488253386558472,0.9488253386558472,0.9488253386558472,0.0,0.0,false,1.0,1.0,1.0,0.8926892950391645,0.8759791122715405,0.9892950391644909,0.12402088772845954,0.05361552735025482,true
PILOT-0478,LOW,MEDIUM,HH_DOMINANT,12,4,6,FCFS;AASHRAY;REVERSE_FCFS;RANDOM_1;RANDOM_2;RANDOM_3,1.0,1.0,1.0,1.0,1.0,1.0,0.0,0.0,false,1.0,1.0,1.0,1.0,1.0,1.0,0.0,0.0,false
PILOT-0479,HIGH,SMALL,LH_DOMINANT,6,0,6,FCFS;AASHRAY;REVERSE_FCFS;RANDOM_1;RANDOM_2;RANDOM_3,0.6146007604562738,0.6146007604562738,0.6146007604562738,0.6146007604562738,0.6146007604562738,0.6146007604562738,0.0,0.0,false,,,,,,,,,
PILOT-0480,MODERATE,MEDIUM,HH_DOMINANT,12,5,6,FCFS;AASHRAY;REVERSE_FCFS;RANDOM_1;RANDOM_2;RANDOM_3,1.0,1.0,1.0,1.0,1.0,1.0,0.0,0.0,false,1.0,1.0,1.0,1.0,1.0,1.0,0.0,0.0,false
PILOT-0481,MODERATE,MEDIUM,LH_DOMINANT,14,2,6,FCFS;AASHRAY;REVERSE_FCFS;RANDOM_1;RANDOM_2;RANDOM_3,0.9550884955752212,0.9550884955752212,0.9550884955752212,0.9550884955752212,0.9550884955752212,0.9550884955752212,0.0,0.0,false,1.0,1.0,1.0,1.0,1.0,1.0,0.0,0.0,false
PILOT-0482,HIGH,LARGE,HL_DOMINANT,20,2,6,FCFS;AASHRAY;REVERSE_FCFS;RANDOM_1;RANDOM_2;RANDOM_3,0.4082649306538353,0.4082649306538353,0.4082649306538353,0.4082649306538353,0.4082649306538353,0.4082649306538353,0.0,0.0,false,0.7965,1.0,0.0,0.0,0.6775,0.332,1.0,0.3854369454124616,true
PILOT-0483,LOW,MEDIUM,HH_DOMINANT,11,3,6,FCFS;AASHRAY;REVERSE_FCFS;RANDOM_1;RANDOM_2;RANDOM_3,1.0,1.0,1.0,1.0,1.0,1.0,0.0,0.0,false,1.0,1.0,1.0,1.0,1.0,1.0,0.0,0.0,false
PILOT-0484,LOW,MEDIUM,MODERATE_MIXED,11,1,6,FCFS;AASHRAY;REVERSE_FCFS;RANDOM_1;RANDOM_2;RANDOM_3,1.0,1.0,1.0,1.0,1.0,1.0,0.0,0.0,false,1.0,1.0,1.0,1.0,1.0,1.0,0.0,0.0,false
PILOT-0485,HIGH,MEDIUM,HH_DOMINANT,8,2,6,FCFS;AASHRAY;REVERSE_FCFS;RANDOM_1;RANDOM_2;RANDOM_3,0.525626423690205,0.525626423690205,0.525626423690205,0.525626423690205,0.525626423690205,0.525626423690205,0.0,0.0,false,0.05443658138268917,1.0,0.9994556341861731,0.7180185084376701,0.130647795318454,0.2819814915623299,0.9455634186173109,0.3923841752117787,true
PILOT-0486,LOW,SMALL,HL_DOMINANT,5,0,6,FCFS;AASHRAY;REVERSE_FCFS;RANDOM_1;RANDOM_2;RANDOM_3,1.0,1.0,1.0,1.0,1.0,1.0,0.0,0.0,false,,,,,,,,,
PILOT-0487,MODERATE,SMALL,MODERATE_MIXED,4,0,6,FCFS;AASHRAY;REVERSE_FCFS;RANDOM_1;RANDOM_2;RANDOM_3,1.0,1.0,1.0,1.0,1.0,1.0,0.0,0.0,false,,,,,,,,,
PILOT-0488,HIGH,MEDIUM,HH_DOMINANT,9,2,6,FCFS;AASHRAY;REVERSE_FCFS;RANDOM_1;RANDOM_2;RANDOM_3,0.46467426923581073,0.46467426923581073,0.46467426923581073,0.46467426923581073,0.46467426923581073,0.46467426923581073,0.0,0.0,false,0.16429056347589951,1.0,0.8357094365241005,1.0,0.12763068567549218,0.23625254582484725,0.8723693143245078,0.38977659762766276,true
PILOT-0489,HIGH,MEDIUM,LH_DOMINANT,8,1,6,FCFS;AASHRAY;REVERSE_FCFS;RANDOM_1;RANDOM_2;RANDOM_3,0.4180385535387646,0.4180385535387646,0.4180385535387646,0.4180385535387646,0.4180385535387646,0.4180385535387646,0.0,0.0,false,0.0,0.9733700642791552,0.8089990817263545,0.9352617079889807,0.9733700642791552,0.559228650137741,0.9733700642791552,0.3478714624931256,true
PILOT-0490,LOW,SMALL,MODERATE_MIXED,3,0,6,FCFS;AASHRAY;REVERSE_FCFS;RANDOM_1;RANDOM_2;RANDOM_3,1.0,1.0,1.0,1.0,1.0,1.0,0.0,0.0,false,,,,,,,,,
PILOT-0491,MODERATE,LARGE,LL_DOMINANT,22,3,6,FCFS;AASHRAY;REVERSE_FCFS;RANDOM_1;RANDOM_2;RANDOM_3,0.9797594447093732,0.9797594447093732,0.9797594447093732,0.9797594447093732,0.9797594447093732,0.9797594447093732,0.0,0.0,false,1.0,1.0,1.0,0.9301509301509302,1.0,1.0,0.0698490698490698,0.026031211391275174,true
PILOT-0492,MODERATE,SMALL,LH_DOMINANT,5,0,6,FCFS;AASHRAY;REVERSE_FCFS;RANDOM_1;RANDOM_2;RANDOM_3,0.9855225988700564,0.9855225988700564,0.9855225988700564,0.9855225988700564,0.9855225988700564,0.9855225988700564,0.0,0.0,false,,,,,,,,,
PILOT-0493,MODERATE,SMALL,MODERATE_MIXED,3,1,6,FCFS;AASHRAY;REVERSE_FCFS;RANDOM_1;RANDOM_2;RANDOM_3,0.9914163090128756,0.9914163090128756,0.9914163090128756,0.9914163090128756,0.9914163090128756,0.9914163090128756,0.0,0.0,false,0.9814471243042672,1.0,1.0,1.0,1.0,1.0,0.01855287569573283,0.0069142485389603854,true
PILOT-0494,HIGH,MEDIUM,LH_DOMINANT,14,0,6,FCFS;AASHRAY;REVERSE_FCFS;RANDOM_1;RANDOM_2;RANDOM_3,0.4897248922770965,0.4897248922770965,0.4897248922770965,0.4897248922770965,0.4897248922770965,0.4897248922770965,0.0,0.0,false,,,,,,,,,
PILOT-0495,HIGH,SMALL,LH_DOMINANT,4,0,6,FCFS;AASHRAY;REVERSE_FCFS;RANDOM_1;RANDOM_2;RANDOM_3,0.5919594808483697,0.5919594808483697,0.5919594808483697,0.5919594808483697,0.5919594808483697,0.5919594808483697,0.0,0.0,false,,,,,,,,,
PILOT-0496,LOW,LARGE,MODERATE_MIXED,24,2,6,FCFS;AASHRAY;REVERSE_FCFS;RANDOM_1;RANDOM_2;RANDOM_3,1.0,1.0,1.0,1.0,1.0,1.0,0.0,0.0,false,1.0,1.0,1.0,1.0,1.0,1.0,0.0,0.0,false
PILOT-0497,LOW,LARGE,LL_DOMINANT,25,1,6,FCFS;AASHRAY;REVERSE_FCFS;RANDOM_1;RANDOM_2;RANDOM_3,1.0,1.0,1.0,1.0,1.0,1.0,0.0,0.0,false,1.0,1.0,1.0,1.0,1.0,1.0,0.0,0.0,false
PILOT-0498,HIGH,LARGE,LH_DOMINANT,18,1,6,FCFS;AASHRAY;REVERSE_FCFS;RANDOM_1;RANDOM_2;RANDOM_3,0.4173633440514469,0.4173633440514469,0.4173633440514469,0.4173633440514469,0.4173633440514469,0.4173633440514469,0.0,0.0,false,0.0,1.0,1.0,0.0,1.0,0.0,1.0,0.5,true
PILOT-0499,HIGH,LARGE,LL_DOMINANT,18,2,6,FCFS;AASHRAY;REVERSE_FCFS;RANDOM_1;RANDOM_2;RANDOM_3,0.3732584736951549,0.3732584736951549,0.3732584736951549,0.3732584736951549,0.3732584736951549,0.3732584736951549,0.0,0.0,false,0.8886255924170616,1.0,0.0,0.11137440758293839,0.0,0.8886255924170616,1.0,0.4474040263565773,true
PILOT-0500,HIGH,SMALL,LL_DOMINANT,4,0,6,FCFS;AASHRAY;REVERSE_FCFS;RANDOM_1;RANDOM_2;RANDOM_3,0.4178794178794179,0.4178794178794179,0.4178794178794179,0.4178794178794179,0.4178794178794179,0.4178794178794179,0.0,0.0,false,,,,,,,,,
